input:a:0,output:b:0
95.68549289899624,191.3709857979925
34.192900980330656,68.38580196066131
55.52072907311467,111.04145814622935
15.677386979314424,31.354773958628847
18.75443614937742,37.50887229875484
26.29704095309523,52.59408190619046
37.575310342649736,75.15062068529947
89.16005824913695,178.3201164982739
0.09224214788853269,0.18448429577706538
74.43091567889634,148.86183135779268
35.64511038043644,71.29022076087288
75.45383814759269,150.90767629518538
0.28154737451416834,0.5630947490283367
73.47517099184472,146.95034198368944
11.590148839224955,23.18029767844991
39.630690951156645,79.26138190231329
68.49560500074766,136.99121000149532
2.6517616457772064,5.303523291554413
44.07124451975537,88.14248903951074
89.81937826884541,179.63875653769082
12.190106228075592,24.380212456151185
62.90204817659213,125.80409635318426
25.83273471870198,51.66546943740396
70.42702945942418,140.85405891884835
36.51296209677215,73.0259241935443
99.99378830083118,199.98757660166237
14.266889460624165,28.53377892124833
39.65732474378657,79.31464948757313
37.0299234434337,74.0598468868674
75.55064297657374,151.10128595314748
35.303325647114015,70.60665129422803
72.91033959029501,145.82067918059002
10.185833244178832,20.371666488357665
14.647614746055382,29.295229492110764
57.40438088729349,114.80876177458698
91.96695820849868,183.93391641699736
74.33725647947496,148.67451295894992
94.88404341105883,189.76808682211765
87.53701404041091,175.07402808082182
74.1013087308972,148.2026174617944
48.144119325786995,96.28823865157399
5.341752248119769,10.683504496239538
68.86031334233232,137.72062668466464
33.6158075649603,67.2316151299206
90.21811316990035,180.4362263398007
71.21874823027818,142.43749646055636
19.490132312581377,38.980264625162754
10.903247857706011,21.806495715412023
76.05153819312568,152.10307638625136
4.983288108376039,9.966576216752077
50.77727256453822,101.55454512907644
88.96395923766936,177.9279184753387
88.8845046812103,177.7690093624206
39.51043411234614,79.02086822469228
0.4993420364994061,0.9986840729988122
84.88820011363278,169.77640022726555
16.09274909437951,32.18549818875902
66.45778740020809,132.91557480041618
5.83807889259006,11.67615778518012
9.225970874394351,18.451941748788702
1.8167961236324581,3.6335922472649163
48.15057404366616,96.30114808733232
54.921723614603756,109.84344722920751
51.57108160483494,103.14216320966987
94.10587293619712,188.21174587239423
36.022415397977895,72.04483079595579
60.87030259178157,121.74060518356313
64.6111145768073,129.2222291536146
90.77979025465696,181.55958050931392
94.24996330666244,188.49992661332487
58.67078246243612,117.34156492487224
25.993190465030104,51.98638093006021
74.5663021330624,149.1326042661248
90.56679151166016,181.1335830233203
72.57647942221926,145.15295884443853
23.46867462149158,46.93734924298316
24.31353289006477,48.62706578012954
52.706509517069065,105.41301903413813
36.18966116596213,72.37932233192426
56.351462288630685,112.70292457726137
57.46368006021281,114.92736012042562
90.61918988817271,181.23837977634543
34.77638014414439,69.55276028828878
38.828271754128565,77.65654350825713
98.67694295105946,197.35388590211892
86.83350947048781,173.66701894097562
4.164754796887382,8.329509593774764
67.01179833370891,134.02359666741782
73.4212226490324,146.8424452980648
46.24388094981754,92.48776189963507
41.840050749408974,83.68010149881795
34.70965791381694,69.41931582763388
52.90463248247047,105.80926496494094
43.08538544262232,86.17077088524464
1.2076766663629557,2.4153533327259114
16.767104985615088,33.534209971230176
76.15904286782418,152.31808573564837
71.80675605864614,143.6135121172923
41.6035235203604,83.2070470407208
70.07780481902316,140.15560963804631
23.185217050777773,46.370434101555546
36.32742201798701,72.65484403597402
0.2937461568157662,0.5874923136315324
21.634202023067772,43.268404046135544
51.476150827526055,102.95230165505211
28.621992132059624,57.24398426411925
22.606048793775358,45.212097587550716
72.76658257985325,145.5331651597065
35.06271842839512,70.12543685679024
35.160863028641074,70.32172605728215
21.96828007287501,43.93656014575002
33.756235456379144,67.51247091275829
74.26091841089291,148.52183682178583
75.64102737219852,151.28205474439704
55.17919387084172,110.35838774168344
46.62919225731279,93.25838451462558
14.228023972701976,28.456047945403952
79.28239426844952,158.56478853689904
85.75883962801208,171.51767925602417
8.517523882335777,17.035047764671553
63.4640952103636,126.9281904207272
68.34018692646173,136.68037385292345
69.17587788866733,138.35175577733466
79.48280780038104,158.96561560076208
84.78768774382387,169.57537548764773
56.501313859402394,113.00262771880479
21.272028460067393,42.544056920134786
60.72385853409414,121.44771706818828
19.067979958610614,38.13595991722123
58.460906169645945,116.92181233929189
24.30363504783162,48.60727009566324
33.6566278199794,67.3132556399588
61.96234414915924,123.92468829831849
91.64487785638681,183.28975571277363
65.62704705645488,131.25409411290977
6.926959983629255,13.85391996725851
85.75592335549638,171.51184671099276
97.51533959370144,195.03067918740288
60.122554996967594,120.24510999393519
91.5944582725415,183.188916545083
62.93616260386771,125.87232520773541
60.78631803725734,121.57263607451468
91.31276050676709,182.62552101353418
94.18693611526459,188.37387223052917
8.519505499932311,17.039010999864622
41.663925493137846,83.32785098627569
6.051208800388697,12.102417600777393
60.91297593961138,121.82595187922276
37.724015498856076,75.44803099771215
87.6149290926012,175.2298581852024
56.0168301869198,112.0336603738396
89.23150045867055,178.4630009173411
14.603843179959487,29.207686359918974
96.13095176482068,192.26190352964136
16.14078619853043,32.28157239706086
35.16666091823751,70.33332183647502
63.13342773679095,126.2668554735819
10.374186118000651,20.748372236001302
48.918504719704515,97.83700943940903
50.678006255373106,101.35601251074621
63.655296380881886,127.31059276176377
5.254260848770165,10.50852169754033
79.5848588192607,159.1697176385214
9.11289224475581,18.22578448951162
99.30900394705891,198.61800789411782
83.5884717751688,167.1769435503376
38.04375126749123,76.08750253498246
37.46189895838804,74.92379791677608
37.876506880598924,75.75301376119785
16.53075704202802,33.06151408405604
69.66273520111638,139.32547040223275
2.5156995433268103,5.031399086653621
8.922448320124932,17.844896640249864
70.09304986056303,140.18609972112606
52.71639716633065,105.4327943326613
91.79181010896819,183.58362021793639
50.82705539719573,101.65411079439146
8.970033119511767,17.940066239023533
38.057140354692464,76.11428070938493
81.25568235368605,162.5113647073721
26.37769729617656,52.75539459235312
32.97562952167694,65.95125904335389
68.11268867281143,136.22537734562286
8.111312524464221,16.222625048928442
2.9629362311059615,5.925872462211923
9.063993238608925,18.12798647721785
39.136338069223164,78.27267613844633
28.961727169628094,57.92345433925619
44.255668527919426,88.51133705583885
14.711833183442192,29.423666366884383
96.74267985091065,193.4853597018213
8.753627436010325,17.50725487202065
49.82724039801615,99.6544807960323
85.56325779769345,171.1265155953869
2.4191952243738823,4.838390448747765
69.76042654796643,139.52085309593286
33.04486964109966,66.08973928219932
54.44777719576147,108.89555439152294
13.554617648945811,27.109235297891622
23.7291836884176,47.4583673768352
34.28527000918715,68.5705400183743
64.51929099386867,129.03858198773733
68.42809699574562,136.85619399149124
77.92402447450307,155.84804894900614
67.96895557558828,135.93791115117656
45.860752811208016,91.72150562241603
3.5609745441378515,7.121949088275703
52.76717029170832,105.53434058341664
68.71305083765587,137.42610167531174
15.408985564111632,30.817971128223263
14.59729262917795,29.1945852583559
38.570377468601144,77.14075493720229
60.41944787906218,120.83889575812437
95.69490322951751,191.38980645903501
44.52155265747167,89.04310531494335
75.81281537275963,151.62563074551926
38.997252836180394,77.99450567236079
60.718163825656625,121.43632765131325
51.165004450203945,102.33000890040789
5.430180926080785,10.86036185216157
14.94068353323289,29.88136706646578
43.43109118569508,86.86218237139016
26.924541993552197,53.84908398710439
8.485521429420107,16.971042858840214
5.012204692386534,10.024409384773069
41.05687953174062,82.11375906348124
94.8854246081947,189.7708492163894
31.918469833304663,63.836939666609325
84.41075530301553,168.82151060603107
21.48302923887583,42.96605847775166
2.4772671303640026,4.954534260728005
77.23001322165011,154.46002644330022
16.489983674004304,32.97996734800861
21.608234745054734,43.21646949010947
29.83296336602369,59.66592673204738
6.270124034470815,12.54024806894163
30.56303965267405,61.1260793053481
12.403054643754995,24.80610928750999
79.92477968242477,159.84955936484954
4.636804607306488,9.273609214612977
41.02654711091576,82.05309422183151
40.64931000586709,81.29862001173419
22.2822553330987,44.5645106661974
17.000336069626677,34.00067213925335
66.4447966007724,132.8895932015448
33.896821269507704,67.79364253901541
86.43233731988205,172.8646746397641
41.273284401330855,82.54656880266171
92.13663684994555,184.2732736998911
67.58163846874787,135.16327693749574
87.61417883645277,175.22835767290553
19.614516767498813,39.229033534997626
50.21575503453256,100.43151006906513
42.122380893877434,84.24476178775487
2.0736088756239335,4.147217751247867
53.879842079456886,107.75968415891377
27.511791648013308,55.023583296026615
47.9336874010659,95.8673748021318
24.02412232765695,48.0482446553139
49.38706776589006,98.77413553178012
62.259080040088556,124.51816008017711
99.07037562360176,198.14075124720353
11.984033989085496,23.968067978170993
11.460597990710063,22.921195981420126
28.056385049255837,56.112770098511675
67.25794600703001,134.51589201406003
27.625240004720897,55.250480009441794
14.376664311012366,28.753328622024732
24.723982924673805,49.44796584934761
33.63148039901527,67.26296079803053
56.76260620634077,113.52521241268154
88.15749779662768,176.31499559325536
70.58487872807808,141.16975745615616
78.446890928316,156.893781856632
29.24252184428123,58.48504368856246
60.7152960377798,121.4305920755596
7.369134498926034,14.738268997852067
95.58310131995461,191.16620263990922
9.767501839481675,19.53500367896335
26.39008385524566,52.78016771049132
1.2059789454481384,2.411957890896277
64.55284273267888,129.10568546535777
73.51051970757769,147.02103941515537
3.9241248137994678,7.8482496275989355
16.100400681146642,32.200801362293284
6.187863853562758,12.375727707125517
62.0818205997005,124.163641199401
4.374403892254386,8.748807784508772
6.482674511209574,12.965349022419147
50.800167530095386,101.60033506019077
47.21952066762236,94.43904133524472
52.08084894007736,104.16169788015472
63.80401579941185,127.6080315988237
4.063476673141109,8.126953346282217
7.473119151678009,14.946238303356019
63.35982308778484,126.71964617556968
40.7620308079272,81.5240616158544
76.13769432684109,152.27538865368217
80.75333717408341,161.50667434816683
39.64524623745641,79.29049247491282
74.53709705284088,149.07419410568176
91.22619169512066,182.45238339024132
42.496728187800606,84.99345637560121
62.01985583264526,124.03971166529053
24.486934553757354,48.97386910751471
13.359253817216176,26.718507634432353
34.43336939916477,68.86673879832954
75.95339066551745,151.9067813310349
21.640007322046294,43.28001464409259
74.05956819568736,148.11913639137472
97.80044955505025,195.6008991101005
29.575419790364556,59.15083958072911
63.07822391840864,126.15644783681728
81.56628832474009,163.13257664948017
40.74469785986019,81.48939571972038
13.19858626259901,26.39717252519802
8.91559047639543,17.83118095279086
13.398071632828156,26.796143265656312
82.2147303993717,164.4294607987434
23.107176007748677,46.214352015497354
0.14011769669555196,0.2802353933911039
17.735117633578877,35.470235267157754
17.787556374052215,35.57511274810443
33.353352244777135,66.70670448955427
91.53404133700856,183.06808267401712
93.28776561102609,186.57553122205218
33.18277038380217,66.36554076760434
51.52853700945133,103.05707401890265
50.21716527128852,100.43433054257704
97.84635042145881,195.69270084291762
62.537671814794784,125.07534362958957
10.770455467463657,21.540910934927314
78.23592261402361,156.47184522804721
47.022587686148476,94.04517537229695
45.85026795459505,91.7005359091901
89.08585678986414,178.17171357972828
85.74404107461181,171.48808214922363
35.74984500184407,71.49969000368814
61.75030991275909,123.50061982551819
20.875535607288974,41.75107121457795
35.972234134891636,71.94446826978327
56.3115884033684,112.6231768067368
77.64861738972006,155.29723477944012
92.58571851647433,185.17143703294866
15.119600623383034,30.23920124676607
36.324483382853664,72.64896676570733
13.928160460932748,27.856320921865496
89.20467144529346,178.4093428905869
64.22433576215393,128.44867152430785
99.0344663065426,198.0689326130852
67.21970833677187,134.43941667354375
70.96348984382162,141.92697968764324
59.981914167284025,119.96382833456805
18.03457919596152,36.06915839192304
75.87508466412244,151.75016932824488
67.78210401878775,135.5642080375755
50.348627836177194,100.69725567235439
78.92780387736111,157.85560775472223
74.11331849053802,148.22663698107604
66.35268923730374,132.70537847460747
95.59227594794599,191.18455189589199
29.595429117805626,59.19085823561125
56.499793299027075,112.99958659805415
19.5110361999702,39.0220723999404
18.212316959942378,36.424633919884755
29.881345957354377,59.76269191470875
4.7647928232734005,9.529585646546801
22.489865637815498,44.979731275630996
44.22641304723193,88.45282609446386
2.713271614585555,5.42654322917111
11.22186483121409,22.44372966242818
89.01225956605185,178.0245191321037
98.8177464589389,197.6354929178778
20.390944772366403,40.781889544732806
41.852962350209424,83.70592470041885
7.165219073553796,14.330438147107593
69.70602763150808,139.41205526301616
95.94347302683109,191.88694605366217
97.47150393493135,194.9430078698627
14.466940338380653,28.933880676761305
33.46194996525289,66.92389993050578
20.83845479172428,41.67690958344856
70.69733761273382,141.39467522546764
22.018058606058467,44.036117212116935
16.21117096147745,32.4223419229549
89.73121372474347,179.46242744948694
33.79563720893252,67.59127441786504
66.25700005405838,132.51400010811676
7.786431463952892,15.572862927905785
38.472938907066464,76.94587781413293
22.62455269203172,45.24910538406344
61.74705488175266,123.49410976350532
16.353637534065957,32.70727506813191
48.86322351902549,97.72644703805098
37.055627173220465,74.11125434644093
38.164285050715776,76.32857010143155
28.0449934858665,56.089986971733
11.497299855996168,22.994599711992336
62.24942291599768,124.49884583199535
91.1509755742052,182.3019511484104
97.65536576911606,195.31073153823212
53.91242515622636,107.82485031245272
49.356481134407794,98.71296226881559
43.33322315012826,86.66644630025652
31.18575199704149,62.37150399408298
82.02995251784596,164.0599050356919
93.57138233746518,187.14276467493036
52.996281251512556,105.99256250302511
29.713182825917638,59.426365651835276
95.93049788719661,191.86099577439322
25.806489948699106,51.61297989739821
63.930985822328815,127.86197164465763
45.04643156730371,90.09286313460743
92.39897252712306,184.79794505424613
69.75145020830114,139.50290041660227
40.55416365912684,81.10832731825369
3.835693383222427,7.671386766444854
28.902456205062187,57.80491241012437
22.973006820004716,45.94601364000943
32.38597260855243,64.77194521710486
89.25810530045028,178.51621060090056
48.65375803580281,97.30751607160562
63.289857855705655,126.57971571141131
0.6488587784157285,1.297717556831457
6.962635186544574,13.925270373089148
40.352046152766505,80.70409230553301
60.23063840528423,120.46127681056846
67.87752536611389,135.75505073222777
17.76733799415824,35.53467598831648
7.841514461208465,15.68302892241693
4.779342737737624,9.558685475475247
47.737884011734636,95.47576802346927
26.62985473026085,53.2597094605217
8.262959447423391,16.525918894846782
47.538087637256986,95.07617527451397
37.1719590794103,74.3439181588206
80.43627083849807,160.87254167699615
96.85691092808732,193.71382185617463
40.151632308912944,80.30326461782589
59.40351223987802,118.80702447975604
77.46476598382051,154.92953196764103
76.03632991601296,152.07265983202592
90.12492613272559,180.24985226545118
27.82307614795464,55.64615229590928
92.12676079033866,184.25352158067733
13.272492653103473,26.544985306206947
37.66116306895548,75.32232613791096
32.18643030270425,64.3728606054085
11.202317329787693,22.404634659575386
34.43344812966234,68.86689625932468
18.71135807916381,37.42271615832762
13.686407247221988,27.372814494443976
16.442210814713654,32.88442162942731
38.28759784165799,76.57519568331598
65.89410642945026,131.78821285890052
58.626749440787705,117.25349888157541
99.41401762517371,198.82803525034743
11.84309593301477,23.68619186602954
61.695342134728115,123.39068426945623
4.4769669386851,8.9539338773702
16.30049485330852,32.60098970661704
77.90969973942867,155.81939947885735
17.366898757992434,34.73379751598487
94.94477260333029,189.88954520666059
26.79140677300277,53.58281354600554
51.81811433811559,103.63622867623118
18.74684083041347,37.49368166082694
50.628387258183,101.256774516366
53.861166484391696,107.72233296878339
53.22366318342585,106.4473263668517
91.19266574248527,182.38533148497055
20.14235851974596,40.28471703949192
57.244981380345074,114.48996276069015
70.82659641051269,141.65319282102539
67.63452156411978,135.26904312823956
42.668764930616476,85.33752986123295
61.478897839366866,122.95779567873373
49.4610425816144,98.9220851632288
60.299778735024134,120.59955747004827
60.78028869229297,121.56057738458594
77.73685470691638,155.47370941383275
39.446533204336674,78.89306640867335
89.95060632836436,179.90121265672872
43.17812835112703,86.35625670225406
44.07781678986608,88.15563357973215
39.19808631201218,78.39617262402436
83.87987814161086,167.75975628322172
58.681188952835285,117.36237790567057
72.56267647681253,145.12535295362505
6.897841377677983,13.795682755355966
3.6634777116530293,7.3269554233060585
90.70848186848913,181.41696373697826
59.38973088307351,118.77946176614702
78.09146538382072,156.18293076764144
5.018224449635012,10.036448899270024
24.74595372388818,49.49190744777636
14.351026554130975,28.70205310826195
46.090454319244586,92.18090863848917
83.98057990162495,167.9611598032499
83.66003312827884,167.32006625655768
25.157137267916806,50.31427453583361
83.15218109726213,166.30436219452426
12.70880883360298,25.41761766720596
95.71435757837227,191.42871515674454
9.336299843960727,18.672599687921455
60.06677481596131,120.13354963192262
46.22891479133828,92.45782958267657
48.2733561790485,96.546712358097
5.9685218112838445,11.937043622567689
46.9776275477616,93.9552550955232
46.442564873552946,92.88512974710589
57.904095436773595,115.80819087354719
24.25189582119549,48.50379164239098
96.74692663145504,193.49385326291008
72.4558520048842,144.9117040097684
85.75845627688075,171.5169125537615
64.91545478913253,129.83090957826505
67.68592167627475,135.3718433525495
20.268802721887667,40.537605443775334
84.53907787222172,169.07815574444345
69.50125210088376,139.00250420176752
52.59804383586235,105.1960876717247
65.3919547943726,130.7839095887452
39.57982371541402,79.15964743082804
25.074558295463913,50.149116590927825
9.884132642921994,19.768265285843988
9.56287933287805,19.1257586657561
22.452317619312023,44.904635238624046
11.800593204746013,23.601186409492026
9.682740680192136,19.365481360384273
99.09961513601596,198.1992302720319
26.121154010273262,52.242308020546524
96.16702311047648,192.33404622095296
30.250971173140673,60.501942346281346
63.54197846764392,127.08395693528784
35.31374238044008,70.62748476088017
14.178889488288082,28.357778976576164
51.87464583860664,103.74929167721328
7.426795673995845,14.85359134799169
47.309259730749254,94.61851946149851
6.501765298312067,13.003530596624135
48.67577218249819,97.35154436499639
46.569445391126486,93.13889078225297
20.284880763727177,40.569761527454354
18.20662542940311,36.41325085880622
3.0577939633857243,6.115587926771449
11.337421566524842,22.674843133049684
82.07510738686462,164.15021477372923
22.049550687186215,44.09910137437243
89.24002133184167,178.48004266368335
82.25654064647705,164.5130812929541
67.09726161952064,134.19452323904127
92.57583720760086,185.1516744152017
10.54233781219608,21.08467562439216
84.31192413127316,168.62384826254632
6.8557367808843805,13.711473561768761
81.6597457349166,163.3194914698332
69.4522450452515,138.904490090503
92.69998815017259,185.39997630034517
94.95501651385614,189.91003302771227
47.62410770773112,95.24821541546224
15.20338458353896,30.40676916707792
51.469778135715735,102.93955627143147
20.60853283215223,41.21706566430446
50.095637835965235,100.19127567193047
17.24486329828676,34.48972659657352
91.0667206562376,182.1334413124752
10.789444139274629,21.578888278549258
13.342674179151992,26.685348358303983
50.88567066656658,101.77134133313317
39.50504806652254,79.01009613304508
95.51708066256892,191.03416132513783
99.15404610434096,198.30809220868193
86.98231882709266,173.9646376541853
55.06725885424284,110.13451770848567
19.884660215692808,39.769320431385616
59.03130500949542,118.06261001899084
35.60924887111084,71.21849774222169
70.69114484316748,141.38228968633496
14.581094593129794,29.16218918625959
60.21093143224601,120.42186286449201
69.3266029903591,138.6532059807182
5.498457220126152,10.996914440252304
61.60604537865726,123.21209075731451
79.30150378336909,158.60300756673817
11.165530761465249,22.331061522930497
16.910592583051255,33.82118516610251
73.06913450555452,146.13826901110903
59.43589730270842,118.87179460541684
39.3061451274158,78.6122902548316
43.805934051409245,87.61186810281849
84.12596612855046,168.25193225710092
5.7108533170365465,11.421706634073093
51.81040612094557,103.62081224189114
55.20125412687694,110.40250825375388
31.069167246652242,62.138334493304484
38.160218650042886,76.32043730008577
54.56224059932067,109.12448119864133
4.538076974176142,9.076153948352284
29.536015769379432,59.072031538758864
75.79753188235901,151.59506376471802
49.628510042970184,99.25702008594037
0.21136421379583936,0.4227284275916787
83.14359311833502,166.28718623667004
36.78040680061907,73.56081360123814
40.16539276743578,80.33078553487157
31.74951104680779,63.49902209361558
21.821103826961487,43.64220765392297
76.82988196433138,153.65976392866276
54.314356843127854,108.62871368625571
2.2067477490784193,4.413495498156839
80.22361912718625,160.4472382543725
35.65682405920894,71.31364811841787
29.41524420095587,58.83048840191174
25.64996964455155,51.2999392891031
74.018700508065,148.03740101613
71.62358450388213,143.24716900776426
40.8132724027908,81.6265448055816
96.74135031147189,193.48270062294378
74.8888460833404,149.7776921666808
14.011151136487,28.022302272974
94.45516156051869,188.91032312103738
43.809762425395334,87.61952485079067
80.29667971209588,160.59335942419176
34.57294108537178,69.14588217074356
78.15290651790026,156.30581303580053
34.025703166666275,68.05140633333255
36.73471066405358,73.46942132810716
29.996308981136742,59.992617962273485
28.783590212901757,57.567180425803514
58.665235739109946,117.33047147821989
6.507002778560633,13.014005557121266
97.44560212801068,194.89120425602135
92.74700657997185,185.4940131599437
36.57002985635886,73.14005971271772
82.32623773652791,164.65247547305583
47.291736659809615,94.58347331961923
30.486547618514614,60.97309523702923
53.42495882025672,106.84991764051344
21.438857770092522,42.877715540185044
27.185886935018456,54.37177387003691
97.30296301937797,194.60592603875594
64.26499606147699,128.52999212295398
39.26846384858611,78.53692769717222
1.5983997018203966,3.196799403640793
43.61487693254655,87.2297538650931
17.00854258965898,34.01708517931796
87.28636563222683,174.57273126445367
4.879053483927853,9.758106967855706
46.469765697050114,92.93953139410023
65.47761451275666,130.95522902551332
94.56572074913707,189.13144149827414
63.42895557068561,126.85791114137122
22.31439912608819,44.62879825217638
89.25948717375776,178.51897434751552
16.841631942881506,33.68326388576301
99.73373298184688,199.46746596369377
38.74413187916497,77.48826375832994
4.297247377476287,8.594494754952574
70.94414624154821,141.88829248309642
94.47567708082632,188.95135416165263
2.097485437367519,4.194970874735038
12.18529814196846,24.37059628393692
12.564083168843421,25.128166337686842
82.0125991723106,164.0251983446212
47.65930208206755,95.3186041641351
0.8031834844280494,1.6063669688560989
37.62892545476618,75.25785090953237
89.93776060927722,179.87552121855444
19.15611847239399,38.31223694478798
19.166372856065973,38.332745712131945
33.79066717214829,67.58133434429658
18.027822346594125,36.05564469318825
53.45721989027786,106.91443978055572
20.249796181612645,40.49959236322529
57.71541735706499,115.43083471412999
20.126714486302046,40.25342897260409
11.879231119142608,23.758462238285215
8.838326441812939,17.676652883625877
11.007551433018936,22.01510286603787
40.123788346795365,80.24757669359073
77.74935443774275,155.4987088754855
8.823560228626182,17.647120457252363
46.10930677214341,92.21861354428682
96.62042897880305,193.2408579576061
19.691702000765666,39.38340400153133
32.738095362143504,65.47619072428701
66.94581788675104,133.8916357735021
41.282595578232836,82.56519115646567
7.0436789292017465,14.087357858403493
82.07188388192053,164.14376776384105
35.15070767881586,70.30141535763173
88.36812276348397,176.73624552696793
45.13800045771371,90.27600091542742
61.72407343304588,123.44814686609176
95.87063642187478,191.74127284374956
84.98541044617608,169.97082089235215
71.8764836941222,143.7529673882444
29.081307890176046,58.16261578035209
12.633015590622232,25.266031181244465
57.70351683734655,115.4070336746931
3.109800490509529,6.219600981019058
94.92622815204531,189.85245630409062
70.68292527446575,141.3658505489315
17.14332079832125,34.2866415966425
82.28999358498868,164.57998716997736
55.047912318876726,110.09582463775345
54.939763150964936,109.87952630192987
33.8630253097255,67.726050619451
24.941471497164226,49.88294299432845
69.9286650150441,139.8573300300882
73.51529248628422,147.03058497256845
4.234373073638309,8.468746147276619
74.3043183372784,148.6086366745568
14.783087898737069,29.566175797474138
90.17106924660484,180.3421384932097
22.760019206069316,45.52003841213863
94.22003394798482,188.44006789596963
40.13030345276343,80.26060690552686
99.37299517439926,198.74599034879853
51.74840797882677,103.49681595765354
35.30997775620076,70.61995551240152
1.7402966825084132,3.4805933650168264
75.69277910663837,151.38555821327674
11.445483039824268,22.890966079648535
73.00053358183813,146.00106716367625
27.525722889634185,55.05144577926837
10.496401148063372,20.992802296126744
19.269721623557658,38.539443247115315
46.56466894910982,93.12933789821965
84.26374070715289,168.52748141430578
46.205930037758506,92.41186007551701
49.46705892023443,98.93411784046886
72.58832296801671,145.17664593603342
21.105180849607073,42.21036169921415
48.955437414445804,97.91087482889161
94.06844587637562,188.13689175275124
74.74475831335383,149.48951662670765
45.361404700035614,90.72280940007123
54.56204650267097,109.12409300534193
19.303898668761676,38.60779733752335
89.60666299963312,179.21332599926623
38.95000780436562,77.90001560873124
52.66550454174953,105.33100908349905
7.436500060734119,14.873000121468237
23.59853033242635,47.1970606648527
26.538973138510478,53.077946277020956
22.779309858666075,45.55861971733215
55.45934521309787,110.91869042619574
3.625654042613713,7.251308085227426
72.43580878442076,144.87161756884151
59.24478728076203,118.48957456152407
72.95629202708403,145.91258405416806
55.14978659922875,110.2995731984575
73.42948306847427,146.85896613694854
65.39529158523122,130.79058317046244
32.4827507836997,64.9655015673994
46.89500875534288,93.79001751068576
18.170524829845746,36.34104965969149
90.57085075044206,181.14170150088412
61.00899827950524,122.01799655901048
72.73367950824311,145.46735901648623
39.95418844690134,79.90837689380268
53.10942644144655,106.2188528828931
91.92914813124139,183.85829626248278
81.32926804763743,162.65853609527485
73.11583436629404,146.23166873258808
49.31435219687366,98.62870439374731
36.00889472186378,72.01778944372757
92.24985328453036,184.49970656906072
96.21231380274658,192.42462760549316
83.7656239001049,167.5312478002098
83.35165268082217,166.70330536164434
48.49552872041234,96.99105744082468
50.44303695545451,100.88607391090902
61.0929825160219,122.1859650320438
70.12298243047611,140.24596486095223
50.214997820590526,100.42999564118105
96.5296684513257,193.0593369026514
70.60445774185699,141.20891548371398
45.03616367131915,90.0723273426383
53.98515971797478,107.97031943594956
93.90608908091872,187.81217816183744
36.04079121714939,72.08158243429878
64.69953468639034,129.39906937278067
40.787153136546884,81.57430627309377
34.728646776564155,69.45729355312831
34.659005739677355,69.31801147935471
58.664155725933,117.328311451866
32.36788011525847,64.73576023051695
85.73858786954492,171.47717573908983
24.109629021106215,48.21925804221243
99.14744584655908,198.29489169311816
52.11664441184796,104.23328882369591
98.80550487893683,197.61100975787366
87.67042661038276,175.34085322076552
21.70842537064447,43.41685074128894
86.80756396515096,173.61512793030192
28.81852549688395,57.6370509937679
37.001630517562404,74.00326103512481
16.768926475871382,33.537852951742764
54.562572839072374,109.12514567814475
22.10226085668463,44.20452171336926
62.62535915142304,125.25071830284608
33.52133715268945,67.0426743053789
14.511897542117435,29.02379508423487
65.51035789858456,131.02071579716912
14.105274908529008,28.210549817058016
15.834428167498228,31.668856334996455
61.04240495243596,122.08480990487192
62.00777981035957,124.01555962071915
43.252023465134506,86.50404693026901
25.56766296283296,51.13532592566592
89.50385554429849,179.00771108859698
53.23127646858974,106.46255293717948
50.996937048732825,101.99387409746565
49.08718274427123,98.17436548854246
55.20304521822834,110.40609043645668
58.10641420489464,116.21282840978928
30.155449469669506,60.31089893933901
73.7664999071947,147.5329998143894
54.22306348439005,108.4461269687801
73.81608488296114,147.63216976592227
66.0237226225626,132.0474452451252
23.332379324707418,46.664758649414836
49.62659390059078,99.25318780118155
54.47097131011418,108.94194262022836
79.15266560613586,158.3053312122717
49.106655182092396,98.21331036418479
18.683147154577373,37.366294309154746
19.03894099909228,38.07788199818456
69.54992364657842,139.09984729315684
79.32809395270624,158.65618790541248
34.06388158504803,68.12776317009606
84.09271688210893,168.18543376421786
33.55159038884724,67.10318077769448
85.88581053195156,171.77162106390313
97.62560179518258,195.25120359036515
88.10344091096024,176.2068818219205
72.70346773839991,145.40693547679982
87.7917662287035,175.583532457407
36.30967624476559,72.61935248953118
32.18752048301222,64.37504096602444
84.75815490258837,169.51630980517675
73.94009835660003,147.88019671320006
50.79670158885436,101.59340317770872
9.909105313203748,19.818210626407495
75.08143604822133,150.16287209644267
61.13967890573957,122.27935781147914
43.52480834932819,87.04961669865638
52.873906785227135,105.74781357045427
89.29115477972228,178.58230955944455
61.2355688862652,122.4711377725304
81.06196901568954,162.12393803137908
42.72981164188806,85.45962328377612
0.7970621681925527,1.5941243363851054
17.326745851012525,34.65349170202505
71.16319386882759,142.32638773765518
16.871074229695527,33.74214845939105
33.44911282323051,66.89822564646101
49.86695593235626,99.73391186471252
16.97377477312734,33.94754954625468
75.06858955823984,150.13717911647967
72.02257082083993,144.04514164167986
71.16164414701396,142.32328829402792
41.35704408765955,82.7140881753191
69.32491169107907,138.64982338215813
70.75761197253932,141.51522394507865
92.1815021104757,184.3630042209514
21.590518134746905,43.18103626949381
0.7234436424254809,1.4468872848509617
94.31131202309336,188.62262404618673
73.13276477000505,146.2655295400101
30.655380201005656,61.31076040201131
43.4310554173171,86.8621108346342
2.0642774612650294,4.128554922530059
57.640632279675664,115.28126455935133
42.69399694201058,85.38799388402116
67.92144148566545,135.8428829713309
31.1449179392831,62.2898358785662
3.4352048977296823,6.870409795459365
78.06100463110596,156.12200926221192
29.11193921996318,58.22387843992636
44.64282248334035,89.2856449666807
38.80842943493822,77.61685886987644
75.66547518965042,151.33095037930084
32.70067615751703,65.40135231503406
9.92239889184291,19.84479778368582
57.24243439546587,114.48486879093174
13.153973492407333,26.307946984814667
6.431698022559718,12.863396045119435
83.02011362788502,166.04022725577005
63.01387520321631,126.02775040643262
55.99563092887391,111.99126185774782
64.26883507496515,128.5376701499303
49.45529750174278,98.91059500348555
84.00670882437946,168.01341764875892
39.83011146387005,79.6602229277401
30.905227134259395,61.81045426851879
52.22910261352123,104.45820522704246
23.885741569965933,47.77148313993187
26.51056472201938,53.02112944403876
70.85185996008686,141.7037199201737
37.090517092102225,74.18103418420445
57.63903892981562,115.27807785963124
43.512722509101984,87.02544501820397
95.99523716972794,191.9904743394559
34.29361526802186,68.58723053604372
46.79707385391414,93.59414770782828
70.63640303412284,141.27280606824567
47.742465184661896,95.48493036932379
75.27157519491212,150.54315038982423
73.48175575388582,146.96351150777164
28.535168948454594,57.07033789690919
82.61671846412132,165.23343692824264
69.05591062723401,138.11182125446803
45.72050704248076,91.44101408496152
98.11299980465434,196.22599960930867
26.64224668030656,53.28449336061312
1.6299664944495973,3.2599329888991946
15.90428393041563,31.80856786083126
95.54713158137135,191.0942631627427
56.83091253702636,113.66182507405271
98.82998824451238,197.65997648902476
7.1395569627159645,14.279113925431929
18.574303259062795,37.14860651812559
84.36329886282401,168.72659772564802
84.6186287115405,169.237257423081
21.438304983178856,42.87660996635771
3.736784880365984,7.473569760731968
34.16558390876743,68.33116781753486
93.38740036769313,186.77480073538626
17.638944742413255,35.27788948482651
46.69101832413388,93.38203664826776
80.67388993756774,161.34777987513547
9.943053318425232,19.886106636850464
58.95353605054697,117.90707210109395
34.83326110651128,69.66652221302256
82.40715620881089,164.81431241762178
37.50411902132325,75.0082380426465
80.17650561317902,160.35301122635803
64.68244359183262,129.36488718366525
13.385946108993995,26.77189221798799
86.2446651677385,172.489330335477
12.146814569624166,24.29362913924833
85.39867432207902,170.79734864415803
56.7287454690642,113.4574909381284
31.354681381839722,62.709362763679444
64.27882645834528,128.55765291669056
64.62907498544523,129.25814997089046
59.96048701818001,119.92097403636002
55.33152126110128,110.66304252220256
93.15113474441605,186.3022694888321
40.348625330937104,80.69725066187421
75.45840363579927,150.91680727159854
27.531278011589798,55.062556023179596
50.5947724239819,101.1895448479638
30.40119355280676,60.80238710561352
84.25508620837664,168.51017241675328
98.69858492034069,197.39716984068139
75.00109121540412,150.00218243080823
3.362843763382928,6.725687526765856
36.533428303543324,73.06685660708665
30.628051913765162,61.256103827530325
82.20200031242071,164.40400062484142
4.6359551012254645,9.271910202450929
90.67264110576929,181.34528221153857
60.12695406754075,120.2539081350815
52.45690769239457,104.91381538478915
75.40324607075864,150.80649214151728
35.87567245234439,71.75134490468878
76.9483888964988,153.8967777929976
72.2907793833505,144.581558766701
40.587675841411894,81.17535168282379
64.67961237827582,129.35922475655164
89.66292175856562,179.32584351713123
13.097073644444501,26.194147288889003
58.47757529530504,116.95515059061007
21.4651907379091,42.9303814758182
51.36104390089007,102.72208780178013
28.579843230432655,57.15968646086531
62.15915201587626,124.31830403175252
35.74582017888527,71.49164035777054
89.23955334020168,178.47910668040336
97.66508622021031,195.33017244042063
81.38305428750748,162.76610857501495
80.02835129140607,160.05670258281214
41.64626759013561,83.29253518027122
41.59903427460241,83.19806854920482
85.28158934197256,170.56317868394513
10.683120369692611,21.366240739385223
25.86061638592979,51.72123277185958
84.4969580522072,168.9939161044144
28.377999138193655,56.75599827638731
64.77790640871152,129.55581281742303
75.39624039235476,150.7924807847095
14.62232169243437,29.24464338486874
57.44678122921214,114.89356245842428
27.1888213941333,54.3776427882666
59.73163996610619,119.46327993221237
43.53969669408353,87.07939338816706
55.43347891508046,110.86695783016091
84.80790814071783,169.61581628143566
17.065926444254963,34.131852888509925
54.4076194775055,108.815238955011
37.89343058376395,75.7868611675279
68.69075833224795,137.3815166644959
65.60147184058678,131.20294368117356
20.09594744022959,40.19189488045918
90.54076949054527,181.08153898109055
62.44627024862809,124.89254049725618
73.1400317648781,146.2800635297562
51.09567871191973,102.19135742383946
19.28827834188328,38.57655668376656
97.3624889304542,194.7249778609084
72.53305116029912,145.06610232059825
67.5638844673919,135.1277689347838
19.87711210278246,39.75422420556492
22.71985056732322,45.43970113464644
28.901403146677996,57.80280629335599
22.507692870658957,45.015385741317914
22.35168421652246,44.70336843304492
35.60206745449827,71.20413490899654
20.765435519848317,41.530871039696635
70.7601958055428,141.5203916110856
54.6145593289403,109.2291186578806
68.13121378920076,136.2624275784015
38.94629759253152,77.89259518506304
35.69720637599734,71.39441275199468
3.682345406997678,7.364690813995356
42.13886340350308,84.27772680700616
71.37884175877993,142.75768351755985
7.465004921973362,14.930009843946724
39.62903156416016,79.25806312832032
63.45179946625063,126.90359893250125
16.393480699991812,32.786961399983625
36.25806382033754,72.51612764067508
84.77092905073184,169.54185810146367
10.115976454446407,20.231952908892815
64.10534757321838,128.21069514643676
60.73118001967532,121.46236003935064
68.76008144966329,137.52016289932658
80.95445763863466,161.90891527726933
68.14230011114448,136.28460022228896
90.26826715883867,180.53653431767734
26.835684027132388,53.671368054264775
47.06714468230876,94.13428936461752
1.4204626278251475,2.840925255650295
89.07845886842443,178.15691773684887
51.66045694672414,103.32091389344828
14.310453391129807,28.620906782259613
63.80078963967408,127.60157927934816
68.88982861347455,137.7796572269491
41.15254015870702,82.30508031741404
11.227066228105166,22.45413245621033
86.30555440519245,172.6111088103849
8.615758093378679,17.231516186757357
4.33116243542746,8.66232487085492
12.497751566689686,24.995503133379373
83.65534585435324,167.31069170870649
23.61964561223341,47.23929122446682
27.138929677457902,54.277859354915805
86.41437465433769,172.82874930867538
70.3679070560023,140.7358141120046
35.70715063377714,71.41430126755428
31.965668224426835,63.93133644885367
92.61384615459338,185.22769230918675
45.70738151781937,91.41476303563874
13.56008080131863,27.12016160263726
50.664055595238246,101.32811119047649
4.530433146906998,9.060866293813996
72.22989105656302,144.45978211312604
57.76847347402448,115.53694694804896
70.7502227148329,141.5004454296658
56.255579074721105,112.51115814944221
77.6536632965593,155.3073265931186
83.79489606569044,167.58979213138088
28.360470567056893,56.72094113411379
81.22431458939955,162.4486291787991
97.73931780048461,195.47863560096923
15.16491010851656,30.32982021703312
76.40026907548815,152.8005381509763
88.28871827725858,176.57743655451716
54.12227881179721,108.24455762359442
65.86524820323616,131.73049640647233
82.8982191198418,165.7964382396836
77.48042307381719,154.96084614763438
41.16256871793057,82.32513743586114
94.83633607775289,189.67267215550578
38.13397585229244,76.26795170458487
86.05122155606956,172.10244311213913
69.72884802027242,139.45769604054485
89.27702329763272,178.55404659526545
20.266704685040914,40.53340937008183
66.81546858437082,133.63093716874164
17.379584077238054,34.75916815447611
35.908006541230584,71.81601308246117
28.700582262045693,57.401164524091385
94.09081526115209,188.18163052230418
49.93674955367445,99.8734991073489
44.8691840093796,89.7383680187592
4.1133340042887045,8.226668008577409
95.22380689949705,190.4476137989941
55.89597234249011,111.79194468498022
69.34950502909729,138.69901005819457
39.996479980050005,79.99295996010001
25.236809474471546,50.47361894894309
96.15559281396938,192.31118562793876
16.161008511258068,32.322017022516135
24.631406677444755,49.26281335488951
93.44095568000003,186.88191136000006
71.44239302344845,142.8847860468969
59.67145493404511,119.34290986809022
56.381208205338105,112.76241641067621
44.53211559704562,89.06423119409124
16.9422127870254,33.8844255740508
41.19960282937737,82.39920565875474
91.32896755765479,182.65793511530958
77.43401332861019,154.86802665722038
84.79091854777148,169.58183709554297
59.43168031147541,118.86336062295082
42.36512983929632,84.73025967859265
46.79997004361598,93.59994008723196
41.432074932481214,82.86414986496243
77.09747979586614,154.19495959173227
52.481944431544804,104.96388886308961
62.75794714895869,125.51589429791738
13.566026955650589,27.132053911301178
80.78287381937331,161.56574763874661
26.057433480530424,52.11486696106085
29.416503452083063,58.833006904166126
21.695069772823583,43.390139545647166
61.473589939907,122.947179879814
30.071878155115538,60.143756310231076
19.503231021373256,39.00646204274651
37.590858839232645,75.18171767846529
57.53528623168962,115.07057246337924
98.79811565946616,197.59623131893233
58.246659214638164,116.49331842927633
34.392303012235324,68.78460602447065
99.44611502653487,198.89223005306974
9.451680912557014,18.90336182511403
47.15600430908409,94.31200861816818
82.9361954985943,165.8723909971886
66.37296249961582,132.74592499923165
25.750737836400294,51.50147567280059
20.881524886383986,41.76304977276797
35.09278871141039,70.18557742282078
58.0896609554714,116.1793219109428
93.50957490582377,187.01914981164754
0.5989700589978497,1.1979401179956994
78.99841601138367,157.99683202276734
11.916225599958164,23.832451199916328
85.77328392528109,171.54656785056218
68.58192520040896,137.16385040081792
22.8661361894019,45.7322723788038
45.17662539325945,90.3532507865189
99.30007945724579,198.60015891449157
43.63041960973234,87.26083921946469
81.4677622389607,162.9355244779214
60.33283911593652,120.66567823187304
99.56690943336066,199.13381886672133
34.586219163158205,69.17243832631641
89.03148021895308,178.06296043790616
16.580272222573456,33.16054444514691
36.95030490929946,73.90060981859892
55.03375229548655,110.0675045909731
17.037130987337346,34.07426197467469
86.82891794262007,173.65783588524013
96.44872324685194,192.89744649370388
28.81296575037383,57.62593150074766
17.792190363484984,35.58438072696997
82.55565554049178,165.11131108098357
0.7291085095893934,1.4582170191787869
33.67447648099032,67.34895296198064
52.28444975429083,104.56889950858167
2.973047361873493,5.946094723746986
76.23080757958547,152.46161515917095
43.94390492446705,87.8878098489341
44.844138111306705,89.68827622261341
89.96738919772851,179.93477839545702
1.4925084752820728,2.9850169505641455
0.30721003434108773,0.6144200686821755
90.56043444973878,181.12086889947756
23.790806137929287,47.581612275858575
87.97368537271186,175.9473707454237
1.3293483536374384,2.658696707274877
49.212528911941135,98.42505782388227
60.60579593427754,121.21159186855508
11.358267789123788,22.716535578247576
63.310836525256434,126.62167305051287
97.42651636827107,194.85303273654213
2.3539232685754974,4.707846537150995
79.6596233593738,159.3192467187476
3.704644254819256,7.409288509638512
2.9700871696206166,5.940174339241233
28.639285541615813,57.278571083231625
79.44057450453496,158.88114900906993
95.04282026221682,190.08564052443364
6.0942328804497015,12.188465760899403
87.37800596117921,174.75601192235843
73.57520883023118,147.15041766046235
87.92727358575735,175.8545471715147
39.27144721879503,78.54289443759006
1.6290508412692417,3.2581016825384834
45.49096504722535,90.9819300944507
28.18302551638414,56.36605103276828
64.73263509376415,129.4652701875283
8.244608080549243,16.489216161098486
32.15307178454766,64.30614356909533
50.054424763262226,100.10884952652445
86.91747438906523,173.83494877813047
33.70116807446193,67.40233614892387
35.35841464994532,70.71682929989063
29.717972271111613,59.435944542223226
65.95536785010616,131.9107357002123
71.95472203618688,143.90944407237376
19.004302862229483,38.00860572445897
17.19757071593404,34.39514143186808
59.84996981273925,119.6999396254785
18.459694065502674,36.91938813100535
83.52676356791126,167.05352713582252
80.01674185092526,160.0334837018505
81.09118008874844,162.1823601774969
37.659132619397795,75.31826523879559
20.697889417056448,41.395778834112896
65.84288839860962,131.68577679721923
36.89720499985787,73.79440999971574
18.966229498051167,37.93245899610233
27.117162889606828,54.234325779213655
28.711896842992267,57.423793685984535
16.562849228413768,33.125698456827536
1.181050786023241,2.362101572046482
74.19496880111787,148.38993760223573
80.13206725917519,160.26413451835037
63.222789035539236,126.44557807107847
79.43374761275417,158.86749522550835
13.341555552792418,26.683111105584835
94.51099900290417,189.02199800580834
58.61949573952319,117.23899147904638
59.3543954304112,118.7087908608224
14.883879468395678,29.767758936791356
82.1317193532877,164.2634387065754
23.654688250262513,47.309376500525026
21.129880683544698,42.259761367089396
38.63132651029938,77.26265302059876
31.03190810910896,62.06381621821792
99.83811153148112,199.67622306296224
5.889329314069968,11.778658628139937
65.97947463270134,131.95894926540268
11.60593658663922,23.21187317327844
45.21566001717775,90.4313200343555
15.860190556481824,31.720381112963647
28.27745094297043,56.55490188594086
19.274295207811498,38.548590415622996
18.500440834403655,37.00088166880731
15.203358433798709,30.406716867597417
13.913429304418223,27.826858608836446
87.53714536301787,175.07429072603574
88.62836337484707,177.25672674969414
71.89791510842292,143.79583021684584
64.57316319778403,129.14632639556805
81.34012048793525,162.6802409758705
42.2342791992086,84.4685583984172
74.89393618324553,149.78787236649106
96.01672324811015,192.0334464962203
1.9082933773904354,3.8165867547808707
6.37180547259949,12.74361094519898
88.85128951127763,177.70257902255526
69.43340845533031,138.86681691066062
0.201669849054531,0.403339698109062
60.75335319067522,121.50670638135044
5.061826438806227,10.123652877612454
78.52634105674466,157.0526821134893
71.03450546410058,142.06901092820115
68.9296813565195,137.859362713039
69.32489302177459,138.64978604354917
45.744529741451935,91.48905948290387
69.01050411311738,138.02100822623476
48.286891182969796,96.57378236593959
56.10661502884348,112.21323005768696
44.99218443777626,89.98436887555252
4.450881577807175,8.90176315561435
2.286157786499743,4.572315572999486
61.03040504791589,122.06081009583178
16.680734084401116,33.36146816880223
86.83619533770485,173.6723906754097
4.673651839121917,9.347303678243835
91.33361473704889,182.66722947409778
66.09165933415173,132.18331866830346
11.088801208858733,22.177602417717466
9.05669190144759,18.11338380289518
7.533764721321223,15.067529442642446
92.14495113457684,184.28990226915369
47.14636027589992,94.29272055179985
69.84234005174758,139.68468010349517
27.374186542895963,54.748373085791926
85.79907970784,171.59815941568
79.80399623712357,159.60799247424714
76.10167478795191,152.20334957590381
97.07498765752757,194.14997531505514
54.978550191285635,109.95710038257127
54.9585843586161,109.9171687172322
98.65554006104206,197.31108012208412
87.5070128200085,175.014025640017
84.07481096370464,168.14962192740927
48.78395025028065,97.5679005005613
17.52585075004126,35.05170150008252
75.0551912112854,150.1103824225708
58.50547120499149,117.01094240998297
43.25343622042652,86.50687244085304
7.465731549415377,14.931463098830754
53.71427822044752,107.42855644089504
61.426882240566684,122.85376448113337
72.91854269751956,145.8370853950391
77.38282707509912,154.76565415019823
17.31431605809299,34.62863211618598
53.32266864736097,106.64533729472194
25.467540934730827,50.935081869461655
59.937461423609776,119.87492284721955
73.05130916386167,146.10261832772335
53.425996300366506,106.85199260073301
20.938076628876534,41.87615325775307
29.855358027854784,59.71071605570957
54.72193169852731,109.44386339705461
68.92077414535689,137.84154829071377
59.922107888233434,119.84421577646687
70.57537469356483,141.15074938712965
55.968314802089644,111.93662960417929
57.28583295827718,114.57166591655437
63.10415939752747,126.20831879505494
27.758410914963584,55.51682182992717
15.632592619472941,31.265185238945882
29.538212462749435,59.07642492549887
20.731066764828466,41.46213352965693
37.29370426919926,74.58740853839852
46.83832241831932,93.67664483663864
60.17062543060002,120.34125086120004
32.27155415498013,64.54310830996026
92.13455423203919,184.26910846407839
48.671525569102,97.343051138204
96.81825936457594,193.63651872915187
50.17399734195451,100.34799468390902
13.831705949240048,27.663411898480096
89.14702754213133,178.29405508426265
77.77793004985935,155.5558600997187
85.4317695325992,170.8635390651984
48.78645308476097,97.57290616952194
29.954619199971035,59.90923839994207
66.00794177805788,132.01588355611577
42.90542791745621,85.81085583491242
61.75525096001029,123.51050192002057
73.33595347723943,146.67190695447886
88.92186625695429,177.84373251390858
32.47353773149164,64.94707546298328
89.96458955353548,179.92917910707095
66.74013441336531,133.48026882673062
39.89362748661265,79.7872549732253
34.88100551249761,69.76201102499522
31.323352379685645,62.64670475937129
86.04315334502566,172.08630669005132
55.57917219480718,111.15834438961436
91.8182918225213,183.6365836450426
98.30977378499318,196.61954756998637
35.03888694603725,70.0777738920745
27.016741823834344,54.03348364766869
61.88332662497598,123.76665324995196
73.27379891565691,146.54759783131382
39.772337378175806,79.54467475635161
63.340228143721966,126.68045628744393
84.33946268163214,168.67892536326428
33.18932483462477,66.37864966924954
33.892449338097954,67.78489867619591
36.11425720516649,72.22851441033298
74.16787220109424,148.33574440218848
71.79915453902181,143.59830907804363
39.740576604239465,79.48115320847893
86.97785257801128,173.95570515602256
65.03057613288418,130.06115226576836
47.379452321844454,94.75890464368891
65.64659855902453,131.29319711804905
21.272275100589543,42.544550201179085
37.37935791370654,74.75871582741308
22.79027591619075,45.5805518323815
98.94165098844583,197.88330197689166
38.746494075925185,77.49298815185037
41.23797405883123,82.47594811766245
18.27728143663927,36.55456287327854
18.28114216807214,36.56228433614428
31.647487867442404,63.29497573488481
74.16995316942969,148.33990633885938
90.4378728302448,180.8757456604896
80.82858547938575,161.6571709587715
90.70478743167664,181.40957486335327
98.12265847950424,196.24531695900848
64.44318158472197,128.88636316944394
14.448273441878657,28.896546883757313
52.712479841010506,105.42495968202101
60.405489010867775,120.81097802173555
16.20010516294067,32.40021032588134
32.64310658523888,65.28621317047777
71.82797969962694,143.65595939925387
81.13354139135036,162.26708278270073
55.611351054033385,111.22270210806677
3.4433281098645407,6.8866562197290815
91.54813871551679,183.09627743103357
98.90522146715162,197.81044293430324
86.40981310578465,172.8196262115693
84.81255409939888,169.62510819879776
22.750422642215728,45.500845284431456
64.88671602227639,129.77343204455278
51.97775879636617,103.95551759273233
97.56168631864955,195.1233726372991
72.65083925029172,145.30167850058345
34.737359633990664,69.47471926798133
26.864962264074286,53.72992452814857
64.41949239224166,128.83898478448333
74.6478656670793,149.2957313341586
58.37260383800803,116.74520767601607
10.857141160705098,21.714282321410195
31.202316749759206,62.40463349951841
33.84671956148529,67.69343912297057
43.97876536228773,87.95753072457546
32.110061714539576,64.22012342907915
65.49055111476963,130.98110222953926
25.182759770100816,50.36551954020163
56.77083823015282,113.54167646030564
24.790751843002912,49.581503686005824
5.5307749963729,11.0615499927458
58.65323695629257,117.30647391258513
50.43693867559473,100.87387735118946
99.3842206114734,198.7684412229468
13.20846522656386,26.41693045312772
29.072975918005028,58.145951836010056
71.00467335111439,142.00934670222878
54.11919893219833,108.23839786439666
30.971201138462014,61.94240227692403
76.61490037875318,153.22980075750635
76.25502612723753,152.51005225447506
43.33197335389875,86.6639467077975
82.65667288380246,165.31334576760491
11.311485475148597,22.622970950297194
5.702277555071622,11.404555110143244
11.689352298072109,23.378704596144217
66.25423782010348,132.50847564020697
57.78154172758524,115.56308345517049
62.4561717371015,124.912343474203
24.21824370058986,48.43648740117972
89.36055461050496,178.72110922100993
98.27433574001331,196.54867148002663
98.87493217610366,197.7498643522073
82.02645323695951,164.05290647391902
49.65113433565104,99.30226867130207
78.3981922240707,156.7963844481414
9.371803559154534,18.74360711830907
56.56063731763271,113.12127463526542
13.821794643186792,27.643589286373583
74.7181321989469,149.4362643978938
85.16019549728438,170.32039099456875
64.07084311474271,128.14168622948543
91.912570295125,183.82514059025
78.21279384864587,156.42558769729175
84.18393736926552,168.36787473853104
37.11510605231007,74.23021210462014
72.34545415976147,144.69090831952295
52.533670130761536,105.06734026152307
69.85795680499827,139.71591360999653
73.33670364597076,146.67340729194152
70.53678284518145,141.0735656903629
14.417489532887318,28.834979065774636
27.6250069984574,55.2500139969148
8.918745462465372,17.837490924930744
39.92408670879748,79.84817341759496
14.167580932941014,28.33516186588203
82.32131784837034,164.64263569674068
48.561677910866244,97.12335582173249
11.781722504988256,23.563445009976512
15.97684013018209,31.95368026036418
29.714622428641547,59.429244857283095
60.5572732506089,121.1145465012178
87.66009791884602,175.32019583769204
84.09097408077506,168.1819481615501
10.0847249515727,20.1694499031454
83.62300201515954,167.24600403031909
16.046476452006665,32.09295290401333
56.62380464321271,113.24760928642542
66.5279587505283,133.0559175010566
0.30959653836515333,0.6191930767303067
24.04476841116502,48.08953682233004
98.8558881383069,197.7117762766138
4.166418044370013,8.332836088740025
95.43558872235289,190.87117744470578
85.6025238837008,171.2050477674016
47.096701543113504,94.19340308622701
26.313310573222804,52.62662114644561
99.59002577618826,199.1800515523765
24.71749674754724,49.43499349509448
6.294253071681776,12.588506143363553
94.95530112739809,189.91060225479617
85.57994561153592,171.15989122307184
75.00367835090103,150.00735670180205
95.61937524859651,191.23875049719302
92.30667221178692,184.61334442357384
96.81206894847602,193.62413789695205
42.445750417326,84.891500834652
52.835470839489304,105.67094167897861
54.30169871756954,108.60339743513909
16.93555814852108,33.87111629704216
18.804341423144965,37.60868284628993
22.911244383079588,45.822488766159175
48.30385394109189,96.60770788218377
41.20992358057233,82.41984716114466
31.53051402808964,63.06102805617928
96.17001101614738,192.34002203229477
24.105644632758427,48.211289265516854
98.50852919362711,197.01705838725422
12.488057234725991,24.976114469451982
74.99056828610384,149.98113657220767
9.62360414054243,19.24720828108486
36.45503043893288,72.91006087786576
85.76943452746424,171.53886905492848
24.210505768453782,48.421011536907564
18.402796740882643,36.805593481765285
21.799136167761812,43.598272335523625
50.57740206488658,101.15480412977315
1.7782509848445205,3.556501969689041
9.580866351087082,19.161732702174163
12.777679325405277,25.555358650810554
71.72270505943277,143.44541011886554
17.64354640957453,35.28709281914906
74.41837840742195,148.8367568148439
40.78157392127293,81.56314784254586
46.29003707310241,92.58007414620482
20.468861841958475,40.93772368391695
7.490696706186128,14.981393412372256
19.12211981144517,38.24423962289034
61.996909268906904,123.99381853781381
47.00002346638901,94.00004693277802
30.453033244423743,60.906066488847486
22.800968086564833,45.601936173129666
66.00590125772798,132.01180251545597
82.56210755396036,165.12421510792072
73.00575928302897,146.01151856605793
94.12414639077676,188.24829278155352
43.25379576580227,86.50759153160455
32.44906194381285,64.8981238876257
76.89785605277947,153.79571210555895
1.0508408375721978,2.1016816751443956
44.835728976270204,89.67145795254041
43.219638698960715,86.43927739792143
40.271589763609285,80.54317952721857
40.128020507729566,80.25604101545913
92.07773111904413,184.15546223808826
94.95654170055367,189.91308340110734
17.834054077563366,35.66810815512673
38.29789021172958,76.59578042345916
30.63301618092831,61.26603236185662
82.38738769247865,164.7747753849573
71.59836966531779,143.19673933063558
76.10163222462236,152.20326444924473
19.682227652463126,39.36445530492625
62.123334506275654,124.24666901255131
9.37786238879924,18.75572477759848
76.76211061496434,153.52422122992868
11.844809628283548,23.689619256567095
89.36953620439316,178.7390724087863
94.87433727847997,189.74867455695994
98.02791094789926,196.05582189579852
53.92972029718061,107.85944059436122
71.6075014658467,143.2150029316934
35.154863336953156,70.30972667390631
12.385498245464532,24.770996490929065
46.10397337999071,92.20794675998143
27.457917090623752,54.915834181247504
8.825666221962969,17.651332443925938
89.17813317211967,178.35626634423934
32.94900380803873,65.89800761607746
7.048462403446177,14.096924806892353
71.04648222184818,142.09296444369636
35.672241534619985,71.34448306923997
96.24592911986812,192.49185823973625
83.16753706788835,166.3350741357767
31.731921642748297,63.463843285496594
74.44790346762468,148.89580693524937
39.67028152462725,79.3405630492545
50.429314967202835,100.85862993440567
21.479114162882507,42.95822832576501
46.18711048959669,92.37422097919338
12.730344901271096,25.46068980254219
10.932472966300999,21.864945932601998
39.92209702587448,79.84419405174896
2.2172581340689224,4.434516268137845
35.47742867599774,70.95485735199549
20.776965870827436,41.55393174165487
99.46154595384105,198.9230919076821
8.79772232761894,17.59544465523788
70.98623750838622,141.97247501677245
77.76250071230176,155.52500142460352
9.145695277303789,18.291390554607577
44.071660498793385,88.14332099758677
50.06414376681666,100.12828753363333
74.13849528227166,148.27699056454333
55.947868667476676,111.89573733495335
41.07239849559752,82.14479699119504
0.1381661091272357,0.2763322182544714
52.422622699617975,104.84524539923595
59.0384298503037,118.0768597006074
91.98079929780121,183.96159859560242
0.7673807060794346,1.5347614121588693
53.34627318617843,106.69254637235686
0.3328003539202373,0.6656007078404746
38.331635642789585,76.66327128557917
53.13315353402742,106.26630706805484
29.813708975213693,59.627417950427386
26.841245507008093,53.682491014016186
55.883713245743216,111.76742649148643
74.11155695334784,148.2231139066957
49.26152531606059,98.52305063212118
88.34529226656433,176.69058453312866
16.534534359089548,33.069068718179096
58.306159408367044,116.61231881673409
47.31341189741136,94.62682379482273
66.50891109776246,133.01782219552493
24.392073595404952,48.784147190809904
40.36389641800615,80.7277928360123
38.80664788778895,77.6132957755779
3.762775344212599,7.525550688425198
64.04300713634306,128.08601427268613
4.954133295904118,9.908266591808236
54.467620786098855,108.93524157219771
47.36885953296781,94.73771906593562
68.42295362455536,136.84590724911072
65.3702965445578,130.7405930891156
45.65509928334445,91.3101985666889
20.107167345012865,40.21433469002573
15.853755986909501,31.707511973819003
19.166236027660098,38.332472055320196
70.36962996258528,140.73925992517056
28.46047783489952,56.92095566979904
47.97908198831134,95.95816397662269
45.88961255320558,91.77922510641116
68.69229685241281,137.38459370482562
6.302050827997108,12.604101655994215
71.7087585939789,143.4175171879578
28.27540556671504,56.55081113343008
96.78005022136966,193.56010044273933
78.94490513869098,157.88981027738197
12.14234887494875,24.2846977498975
66.78568610423245,133.5713722084649
27.8433600078975,55.686720015795
75.55647903678752,151.11295807357504
66.9205709397215,133.841141879443
72.96934191416776,145.9386838283355
89.6012364311541,179.2024728623082
96.32204107606444,192.64408215212887
64.0960947892752,128.1921895785504
80.72496264685759,161.44992529371518
69.68252140141598,139.36504280283197
78.0454097443673,156.0908194887346
85.50819484405275,171.0163896881055
10.559915541171684,21.119831082343367
5.991067145892193,11.982134291784385
65.29292891870631,130.58585783741262
83.48503399949504,166.9700679989901
82.79143560884107,165.58287121768214
68.18197871696765,136.3639574339353
91.49291559218847,182.98583118437693
56.515805208458914,113.03161041691783
15.198203420177004,30.396406840354008
74.04263333159882,148.08526666319764
68.12116053388836,136.24232106777671
56.29308699510586,112.58617399021172
80.59523420283871,161.19046840567742
41.892985850591856,83.78597170118371
33.786623538987136,67.57324707797427
52.52909024338661,105.05818048677322
59.019436054121854,118.03887210824371
65.47854149607302,130.95708299214604
59.684086340563795,119.36817268112759
38.822558204775305,77.64511640955061
73.36811412116138,146.73622824232277
56.22464917476021,112.44929834952042
28.03263599611817,56.06527199223634
25.13695595871259,50.27391191742518
32.46439878865345,64.9287975773069
94.07843058017498,188.15686116034996
37.73058110326832,75.46116220653664
72.91001240816226,145.82002481632452
79.8587902458202,159.7175804916404
54.06577545752606,108.13155091505212
63.28632147150608,126.57264294301216
75.48016638852076,150.96033277704151
81.33567760237668,162.67135520475335
98.68702773559546,197.37405547119093
54.31713360955008,108.63426721910017
63.60390843293033,127.20781686586066
69.89936146359013,139.79872292718025
34.30742318251706,68.61484636503413
81.73762756557747,163.47525513115494
22.270375580225465,44.54075116045093
20.617343760245,41.23468752049
41.319565949854685,82.63913189970937
71.62260849074522,143.24521698149044
7.238461668805607,14.476923337611215
69.80221787710109,139.60443575420217
37.121789199640496,74.24357839928099
78.77450268244756,157.54900536489512
56.17242272586678,112.34484545173356
14.603788496787706,29.20757699357541
57.44009789870368,114.88019579740735
6.404589286726258,12.809178573452517
63.654175281558224,127.30835056311645
93.94749751761927,187.89499503523854
64.72504359595627,129.45008719191253
39.296630951257384,78.59326190251477
62.955791644587734,125.91158328917547
36.049500427652944,72.09900085530589
88.33307086926658,176.66614173853316
45.36196769169916,90.72393538339831
95.98176887543066,191.96353775086132
42.51917984096221,85.03835968192442
18.967337687178276,37.93467537435655
9.276282804053015,18.55256560810603
66.0606161177267,132.1212322354534
55.090126066431225,110.18025213286245
53.360834401391145,106.72166880278229
78.70837280744566,157.4167456148913
92.67737669489782,185.35475338979563
48.24585944307578,96.49171888615156
45.55264806401501,91.10529612803002
35.185648260365674,70.37129652073135
65.24400785152604,130.48801570305207
95.68253810156236,191.36507620312472
51.33382605848432,102.66765211696864
68.77558752027257,137.55117504054513
25.93079912862375,51.8615982572475
46.03253985456695,92.0650797091339
94.25885951417659,188.51771902835318
47.22079597860166,94.44159195720331
5.614371754176039,11.228743508352078
58.31433160902591,116.62866321805183
31.658035030507758,63.316070061015516
10.511879692421966,21.02375938484393
54.7741614522277,109.5483229044554
56.834899558753314,113.66979911750663
83.45859561019331,166.91719122038663
80.91468051604515,161.8293610320903
46.261690373376,92.523380746752
32.974593792799745,65.94918758559949
17.679078445259222,35.358156890518444
82.07558094511649,164.15116189023297
66.08467829838672,132.16935659677344
61.458103762373526,122.91620752474705
55.6210277079196,111.2420554158392
32.768947685425076,65.53789537085015
72.28770979647679,144.57541959295358
50.86687407737135,101.7337481547427
20.46361050995148,40.92722101990296
0.0010483025322471917,0.0020966050644943834
98.97167086934627,197.94334173869254
5.183372653953455,10.36674530790691
58.6613167848138,117.3226335696276
29.271745913209735,58.54349182641947
92.73727213980766,185.47454427961532
80.98605552546965,161.9721110509393
71.56150678806664,143.12301357613327
38.73103296788079,77.46206593576159
66.60418841597233,133.20837683194466
53.441973408961964,106.88394681792393
6.321742584438706,12.643485168877412
69.51546285568266,139.0309257113653
13.188774818901805,26.37754963780361
65.66541071748796,131.33082143497592
54.99600174589682,109.99200349179364
94.9131358434145,189.826271686829
31.99440021342331,63.98880042684662
78.24038133009113,156.48076266018225
81.74995056515642,163.49990113031285
7.864624732904247,15.729249465808493
99.62568764248265,199.2513752849653
37.748799790992,75.497599581984
41.434926003529405,82.86985200705881
17.36412395464325,34.7282479092865
30.277389156630484,60.55477831326097
0.9626119055089477,1.9252238110178954
98.91887349939012,197.83774699878023
84.7978276751578,169.5956553503156
49.90344504136811,99.80689008273622
94.67745024315737,189.35490048631473
82.21799568104139,164.43599136208277
31.570307546878386,63.14061509375677
78.59679113534754,157.1935822706951
85.51310862331711,171.02621724663422
73.67192496569456,147.34384993138912
55.47038101278847,110.94076202557694
87.68060350501659,175.36120701003318
51.29678997928641,102.59357995857282
50.209146957428544,100.41829391485709
12.907981917522493,25.815963835044986
70.47960523347699,140.95921046695398
51.57359832182375,103.1471966436475
84.95802825650799,169.91605651301597
18.9851795217429,37.9703590434858
94.05038788962987,188.10077577925975
91.79036674444615,183.5807334888923
51.17230633603999,102.34461267207998
20.05616374385788,40.11232748771576
5.376660497893903,10.753320995787806
39.73557509119938,79.47115018239876
69.85806560948673,139.71613121897346
62.73208533838643,125.46417067677287
54.67722805685842,109.35445611371684
6.014819907415514,12.029639814831029
21.584036561660714,43.16807312332143
6.838605810745135,13.67721162149027
48.101980401461695,96.20396080292339
26.531292867822888,53.062585735645776
14.59945628815248,29.19891257630496
20.280571860949404,40.56114372189881
93.74974702280558,187.49949404561116
94.898249855244,189.796499710488
90.64226308087449,181.28452616174897
9.712764673977814,19.425529347955628
74.92261258386573,149.84522516773146
81.04660078517992,162.09320157035984
0.04105691029970826,0.08211382059941652
62.20645036355465,124.4129007271093
31.547317483034533,63.094634966069066
74.74116553534738,149.48233107069476
71.54574456096786,143.09148912193572
27.938440332291957,55.876880664583915
82.86054343167487,165.72108686334974
0.8632289641646529,1.7264579283293058
44.15724036025671,88.31448072051342
54.09893137849715,108.1978627569943
90.40734088311228,180.81468176622457
48.03312870432252,96.06625740864504
93.41749664893723,186.83499329787446
79.61391314551798,159.22782629103597
18.903718859662177,37.807437719324355
8.814272109186572,17.628544218373143
71.83450426746565,143.6690085349313
88.46884983923854,176.9376996784771
60.90521842744746,121.81043685489492
84.40657775205796,168.8131555041159
17.513990539954637,35.027981079909274
48.86129904766177,97.72259809532353
99.61831679590834,199.23663359181668
21.860736342629338,43.721472685258675
34.567801116975915,69.13560223395183
78.66076643354359,157.32153286708717
98.28979733014786,196.57959466029573
40.69361751739694,81.38723503479387
3.1288344527404144,6.257668905480829
31.546718944404127,63.09343788880825
33.293442515437654,66.58688503087531
16.939191856133085,33.87838371226617
25.338212551965867,50.676425103931734
69.00037810855454,138.00075621710909
83.93505712756948,167.87011425513896
22.177017723317384,44.35403544663477
39.21471420000253,78.42942840000507
78.65405355627671,157.30810711255342
38.60408920525641,77.20817841051282
96.08991409594528,192.17982819189055
6.857624602765478,13.715249205530956
82.9359822435082,165.8719644870164
81.8559650013366,163.7119300026732
92.9210171058879,185.8420342117758
31.70708182478119,63.41416364956238
82.96803243512656,165.93606487025312
6.223518950078699,12.447037900157397
71.61905501625445,143.2381100325089
72.84898057241821,145.69796114483643
31.022144345797376,62.04428869159475
91.18422639602437,182.36845279204874
72.30366444015019,144.60732888030037
17.336468659557248,34.672937319114496
10.909848253635445,21.81969650727089
77.98580627123931,155.97161254247862
45.25282866501191,90.50565733002382
58.02082021304689,116.04164042609378
54.23595027826356,108.47190055652712
67.5132480075471,135.0264960150942
86.13523677524502,172.27047355049004
91.0542648956984,182.1085297913968
89.99461936706999,179.98923873413997
8.31462294736307,16.62924589472614
11.971264447427178,23.942528894854355
44.97880572474505,89.9576114494901
70.72900205396297,141.45800410792594
20.42942708145663,40.85885416291326
42.76564583295964,85.53129166591928
65.66201742255787,131.32403484511573
99.93357488366375,199.8671497673275
92.27367770463688,184.54735540927376
3.6134786948277764,7.226957389655553
95.04338098082083,190.08676196164166
24.753846736781306,49.50769347356261
34.01063979031099,68.02127958062198
78.67675898534276,157.35351797068552
93.87001725471073,187.74003450942146
86.61901244032035,173.2380248806407
63.02778777004603,126.05557554009206
93.32170016027064,186.64340032054128
18.415624967767297,36.83124993553459
6.396611095683147,12.793222191366294
33.60912836712651,67.21825673425302
1.2758377858649084,2.5516755717298167
66.49653374601053,132.99306749202105
28.23543657330916,56.47087314661832
70.62897226254351,141.25794452508703
5.270375363227153,10.540750726454306
85.6157360902575,171.231472180515
16.9085246036488,33.8170492072976
43.954674779100685,87.90934955820137
56.41482782660457,112.82965565320914
46.822872886419944,93.64574577283989
53.202133331450085,106.40426666290017
94.52554429544684,189.05108859089367
87.2250276327296,174.4500552654592
65.92185638280866,131.8437127656173
43.12586876546841,86.25173753093682
22.583082295490296,45.16616459098059
40.37913166731934,80.75826333463868
88.16207856342972,176.32415712685943
84.79249593098534,169.58499186197068
43.83455300953257,87.66910601906514
67.1125359081936,134.2250718163872
96.58859251879197,193.17718503758394
52.18820859369254,104.37641718738509
35.65699644156286,71.31399288312572
26.550905683573045,53.10181136714609
65.80516338223953,131.61032676447905
80.19952591658725,160.3990518331745
57.53223996771779,115.06447993543559
58.517157432869304,117.03431486573861
51.05972440184525,102.1194488036905
84.88661174908692,169.77322349817385
99.71655477042806,199.43310954085612
21.87177778831678,43.74355557663356
82.40715773934116,164.81431547868232
90.84784112220187,181.69568224440374
41.05162150701659,82.10324301403318
8.159366649959065,16.31873329991813
41.41933391019775,82.8386678203955
9.58737647766993,19.17475295533986
61.904296513626925,123.80859302725385
5.488229604153894,10.976459208307787
84.53682614357061,169.07365228714121
55.57767574871596,111.15535149743192
80.7164920973625,161.432984194725
64.94701677573191,129.89403355146382
56.43602761036435,112.8720552207287
65.56431672669463,131.12863345338926
89.91225294104261,179.82450588208522
35.84089497412115,71.6817899482423
11.582741795867369,23.165483591734738
15.438489166429559,30.876978332859117
56.457345233754644,112.91469046750929
18.999668560674156,37.99933712134831
76.59200822120569,153.18401644241138
74.57233154225162,149.14466308450324
50.006242596480696,100.01248519296139
84.1607355695129,168.3214711390258
31.679595980749287,63.359191961498574
38.41019532883351,76.82039065766702
81.96931945298877,163.93863890597754
11.956535232102617,23.913070464205234
54.204346698930465,108.40869339786093
11.002081242927463,22.004162485854927
3.431678116907655,6.86335623381531
51.4534220799309,102.9068441598618
6.603972993026175,13.20794598605235
98.86633825599203,197.73267651198407
80.95910692918702,161.91821385837403
14.170138740720816,28.340277481441632
51.50476075200344,103.00952150400688
11.260499101504617,22.520998203009235
59.91678451903203,119.83356903806406
51.63525063358328,103.27050126716657
62.514411252877814,125.02882250575563
16.914153850889658,33.828307701779316
45.896505308781386,91.79301061756277
37.90444364147145,75.8088872829429
88.41974379581823,176.83948759163647
58.192990408935785,116.38598081787157
68.99383542090985,137.9876708418197
32.423201225915854,64.84640245183171
9.433319741363755,18.86663948272751
69.25338409652214,138.50676819304428
8.246439230883528,16.492878461767056
58.40174004576877,116.80348009153754
12.15396642420844,24.30793284841688
82.74351945523219,165.48703891046438
11.634314905893117,23.268629811786234
98.27653408009046,196.5530681601809
12.660812376369835,25.32162475273967
26.12176402680332,52.24352805360664
17.55301106891428,35.10602213782856
39.92562787642782,79.85125575285564
57.444951792832164,114.88990358566433
63.90650723590382,127.81301447180763
88.18718387061483,176.37436774122966
52.86836576636181,105.73673153272362
75.73773614678196,151.4754722935639
26.681515915076794,53.36303183015359
58.048157003860176,116.09631400772035
99.14519048618351,198.29038097236702
16.022734100930258,32.045468201860515
80.60794042481493,161.21588084962985
19.014321127406618,38.028642254813235
36.319454335507864,72.63890867101573
19.414504248275144,38.82900849655029
49.98852645456233,99.97705290912467
67.09511166576031,134.19022333152063
94.19155222161014,188.38310444322028
4.538106772925687,9.076213545851374
66.17305024060595,132.3461004812119
21.83422544950876,43.66845089901752
26.383823731355626,52.76764746271125
75.27026090408691,150.54052180817382
89.85278113239214,179.70556226478428
4.117265390120128,8.234530780240256
88.40922862510935,176.8184572502187
90.33490089739227,180.66980179478455
39.27036255790011,78.54072511580021
74.65040516624664,149.30081033249328
26.492007990896273,52.984015981792545
75.64651181496717,151.29302362993434
9.05651001597726,18.11302003195452
35.644480180650426,71.28896036130085
16.672274529799523,33.344549059599046
15.811195226681473,31.622390453362947
82.66263536301024,165.32527072602048
95.46813775754318,190.93627551508635
27.659396837834493,55.318793675668985
5.42640503489733,10.85281006979466
22.68787785408808,45.37575570817616
82.86520738444831,165.73041476889662
14.381578590795973,28.763157181591946
43.307690341297636,86.61538068259527
7.601584680091511,15.203169360183022
99.79210996762033,199.58421993524067
65.1244884652005,130.248976930401
28.73063114737,57.46126229474
37.48794548211839,74.97589096423678
82.48442783065983,164.96885566131965
22.572893026199015,45.14578605239803
78.88243914912101,157.76487829824202
30.75118442988023,61.50236885976046
74.53967458292114,149.07934916584227
34.12441618321028,68.24883236642056
1.1298182278522528,2.2596364557045057
44.427197412175104,88.85439482435021
37.41642990727209,74.83285981454418
77.70294166164653,155.40588332329307
51.55178317335375,103.1035663467075
83.76740908038005,167.5348181607601
67.11169140065188,134.22338280130376
39.270010308265356,78.54002061653071
95.52623828557205,191.0524765711441
31.504745979931247,63.009491959862494
55.20352694306511,110.40705388613021
88.71470655182802,177.42941310365603
55.18839340104955,110.3767868020991
53.39537910597964,106.79075821195929
72.49252521636922,144.98505043273843
91.3880557185643,182.7761114371286
69.91683138508446,139.83366277016893
63.103391206265,126.20678241253
36.18899103519739,72.37798207039478
31.73512577719537,63.47025155439074
67.30187485329996,134.60374970659993
70.3574611810494,140.7149223620988
58.90659231212205,117.8131846242441
48.95786102639583,97.91572205279166
51.32397633544144,102.64795267088289
70.03906109950428,140.07812219900856
24.983845195298215,49.96769039059643
32.042387443768575,64.08477488753715
97.06823599129152,194.13647198258303
71.06402832707303,142.12805665414606
39.44501382089577,78.89002764179153
58.232868656765646,116.46573731353129
30.26895515741943,60.53791031483886
54.01230400760102,108.02460801520203
0.2620685996635119,0.5241371993270239
76.18278209550728,152.36556419101456
28.865052310830595,57.73010462166119
7.6185348265567,15.2370696531134
67.03112412196006,134.06224824392012
44.17781572176678,88.35563144353355
51.63840771219831,103.27681542439662
80.07209354337263,160.14418708674526
51.924601266795214,103.84920253359043
80.42810312168504,160.85620624337008
54.07822121334852,108.15644242669704
41.00827545417004,82.01655090834008
38.713315868672574,77.42663173734515
41.66728211753321,83.33456423506642
85.59607501441907,171.19215002883814
47.67797615487432,95.35595230974864
52.342743536539885,104.68548707307977
11.525816794954768,23.051633589909535
65.55690550824919,131.11381101649837
69.48551992729968,138.97103985459935
24.604992889878385,49.20998577975677
75.1708131699125,150.341626339825
49.85863620781944,99.71727241563887
1.08946464048999,2.17892928097998
80.83942810743909,161.67885621487818
26.06386815205981,52.12773630411962
86.84561524582537,173.69123049165074
29.360403080924492,58.720806161848984
73.19612794667343,146.39225589334686
79.60351139891398,159.20702279782796
85.55302494558254,171.10604989116507
6.289961962008295,12.57992392401659
88.16130511641282,176.32261023282564
41.82648910037203,83.65297820074406
35.169592163715805,70.33918432743161
38.008861306284594,76.01772261256919
9.20446152217771,18.40892304435542
33.62884642045809,67.25769284091618
73.19493565703128,146.38987131406256
62.85927522270476,125.71855044540952
98.57378069877498,197.14756139754996
41.794720426936216,83.58944085387243
15.500066955351743,31.000133910703486
55.31127860480065,110.6225572096013
50.24603145239388,100.49206290478776
70.45972632312211,140.91945264624422
56.280351047815444,112.56070209563089
62.62921133558381,125.25842267116762
5.8423960615715975,11.684792123143195
72.24099909912862,144.48199819825723
45.626533998340044,91.25306799668009
36.53905520539935,73.0781104107987
82.67262826452027,165.34525652904054
50.60161529085596,101.20323058171192
25.27127835063212,50.54255670126424
57.29829924140106,114.59659848280212
24.203195382186117,48.40639076437223
81.2623009091671,162.5246018183342
16.60908376752044,33.21816753504088
25.94172652405743,51.88345304811486
83.68996776780368,167.37993553560736
52.73333316880793,105.46666633761586
14.680974957251902,29.361949914503803
10.59666035086817,21.19332070173634
5.707257378729924,11.414514757459848
80.31592291165309,160.63184582330618
91.41492286943634,182.82984573887268
0.4884468754738136,0.9768937509476272
33.7456691798278,67.4913383596556
40.83578157295241,81.67156314590483
82.32282005401147,164.64564010802295
95.1711700606401,190.3423401212802
23.05737605538516,46.11475211077032
76.2180048358118,152.4360096716236
31.475460079107176,62.95092015821435
3.1968352294434066,6.393670458886813
85.99457621057111,171.98915242114222
70.48793440989611,140.97586881979223
86.76429881514466,173.5285976302893
92.21592550986372,184.43185101972745
88.04544069800527,176.09088139601053
78.43278501077441,156.86557002154882
53.54877775573297,107.09755551146594
50.65619923754132,101.31239847508265
98.99343755458993,197.98687510917986
60.05198948771844,120.10397897543687
22.112174271187456,44.22434854237491
50.08855064060719,100.17710128121438
28.60654737037196,57.21309474074392
76.61246467573605,153.2249293514721
7.67463331397974,15.34926662795948
19.83431478952138,39.66862957904276
77.10968073675491,154.21936147350982
19.947061749756255,39.89412349951251
12.046351021816415,24.09270204363283
0.05142859610159922,0.10285719220319844
60.24359146892168,120.48718293784336
98.73529077849258,197.47058155698517
68.2602478862327,136.5204957724654
10.285896061748312,20.571792123496625
35.58072184112695,71.1614436822539
45.947621497175085,91.89524299435017
77.7969699252465,155.593939850493
75.95272277593666,151.90544555187333
12.373178057447143,24.746356114894287
93.96753956410413,187.93507912820826
86.73396021326147,173.46792042652294
17.095025147362996,34.19005029472599
11.936933449476294,23.87386689895259
76.69363380797516,153.38726761595032
16.327167999489177,32.654335998978354
1.2444378474924522,2.4888756949849045
81.58273228723675,163.1654645744735
99.31567861215984,198.6313572243197
35.40823697815833,70.81647395631666
33.097287035020564,66.19457407004113
8.832790413441638,17.665580826883275
39.109012804178,78.218025608356
71.01079227256209,142.02158454512417
87.6175856348,175.2351712696
30.667899944257073,61.335799888514146
5.065587829485175,10.13117565897035
85.92390082804468,171.84780165608936
96.95563670740488,193.91127341480976
26.64179680740828,53.28359361481656
56.9793503942142,113.9587007884284
78.69496796469086,157.38993592938172
30.576294830643945,61.15258966128789
35.18159729894248,70.36319459788496
90.13995333515282,180.27990667030565
0.7272386389331476,1.454477277866295
75.46881770316732,150.93763540633464
20.495599471873895,40.99119894374779
22.350909083717962,44.701818167435924
11.394119568362937,22.788239136725874
4.778412821509526,9.556825643019051
97.01007889684108,194.02015779368216
3.625810792239048,7.251621584478096
38.95120109674237,77.90240219348475
53.09053453942322,106.18106907884643
48.83207592538387,97.66415185076774
56.696138965964934,113.39227793192987
21.853122035888962,43.706244071777924
23.60651377980536,47.21302755961072
26.14866710830447,52.29733421660894
10.337136371333566,20.67427274266713
21.15500934561766,42.31001869123532
54.22690572151776,108.45381144303552
13.95603300888274,27.91206601776548
8.089922154281625,16.17984430856325
92.13077166694073,184.26154333388146
19.290925875382182,38.581851750764365
38.32352439716846,76.64704879433692
99.15433296039336,198.30866592078672
58.61961541287546,117.23923082575092
46.055309760053134,92.11061952010627
15.334623021524141,30.669246043048283
23.786582592899485,47.57316518579897
39.27657710599408,78.55315421198816
4.7549955091203415,9.509991018240683
52.81485763739847,105.62971527479694
41.72577324832945,83.4515464966589
19.93249977421406,39.86499954842812
83.74432092450394,167.48864184900788
70.10679829518175,140.2135965903635
69.14308741470965,138.2861748294193
50.193229191526115,100.38645838305223
31.971325079969315,63.94265015993863
0.2098792558617668,0.4197585117235336
30.33593576452779,60.67187152905558
18.328662990001966,36.65732598000393
97.80333768669578,195.60667537339157
65.39241512287889,130.78483024575777
15.230595968447425,30.46119193689485
44.96694997026695,89.9338999405339
90.92484885443271,181.84969770886542
33.280244453267386,66.56048890653477
8.452047826251752,16.904095652503504
82.62141390385914,165.24282780771827
72.56786906435129,145.13573812870257
19.759561033394736,39.51912206678947
3.0679494614990865,6.135898922998173
25.125537995794645,50.25107599158929
57.12950615169491,114.25901230338982
10.154327200403024,20.30865440080605
97.86957984023317,195.73915968046634
67.07971776921902,134.15943553843803
95.14346231827072,190.28692463654144
85.15155337825863,170.30310675651725
47.82118052632228,95.64236105264456
23.06324126646895,46.1264825329379
74.46603197969483,148.93206395938967
44.75353102063363,89.50706204126726
72.71708180042101,145.43416360084203
11.400174094670456,22.800348189340912
49.464800577800396,98.92960115560079
76.91324638892597,153.82649277785194
5.053365715248637,10.106731430497273
77.26838468578447,154.53676937156894
15.829926422229246,31.65985284445849
11.895706672806627,23.791413345613254
49.4767104388228,98.9534208776456
6.278652883054658,12.557305766109316
55.75292612493019,111.50585224986038
99.99468558964395,199.9893711792879
23.17620830814915,46.3524166162983
36.544379970940156,73.08875994188031
58.59945616090169,117.19891232180338
81.40631800020137,162.81263600040273
25.398607071146863,50.797214142293726
66.48930418238815,132.9786083647763
39.936497102988156,79.87299420597631
37.274933742443,74.549867484886
67.52203491434877,135.04406982869753
85.40382506782147,170.80765013564294
24.86420061563036,49.72840123126072
64.97967458898383,129.95934917796765
9.148917723603113,18.297835447206225
50.1213831255205,100.242766251041
24.36305964588191,48.72611929176382
40.402055743050035,80.80411148610007
34.58651603735837,69.17303207471674
30.92977196717247,61.85954393434494
3.645670685803115,7.29134137160623
49.68199473834317,99.36398947668634
47.60587718339028,95.21175436678055
13.498578434047348,26.997156868094695
29.178303205162738,58.356606410325476
54.34212170342002,108.68424340684004
35.74091006913386,71.48182013826772
6.319391656647266,12.638783313294532
75.53110282673401,151.06220565346803
50.798636218402414,101.59727243680483
65.41218624263527,130.82437248527054
54.5310393192734,109.0620786385468
37.819664183269374,75.63932836653875
84.50838095831375,169.0167619166275
25.67410776740784,51.34821553481568
77.34259663063662,154.68519326127324
95.73198798838494,191.4639759767699
85.79080707007796,171.58161414015592
59.820135886004024,119.64027177200805
78.42134301246091,156.84268602492182
41.80209840591207,83.60419681182414
58.8071143156636,117.6142286313272
57.988223853879894,115.97644770775979
48.377478714033096,96.75495742806619
49.82369117474654,99.64738234949309
49.90580235206691,99.81160470413381
67.1859689803383,134.3719379606766
4.1667222165536195,8.333444433107239
36.52568224663993,73.05136449327986
99.91918665418909,199.83837330837818
89.77445808872729,179.54891617745457
8.666854578181681,17.333709156363362
3.0906697385852833,6.1813394771705665
21.197150912332894,42.39430182466579
42.508159548106605,85.01631909621321
98.16742179053068,196.33484358106136
5.069074700045084,10.138149400090168
34.853895185526376,69.70779037105275
61.83393959255423,123.66787918510846
85.2783529894477,170.5567059788954
28.152462611136986,56.30492522227397
4.675081573799145,9.35016314759829
25.644993110291892,51.289986220583785
73.58269571685906,147.16539143371813
82.45320999367154,164.90641998734307
69.76891029533546,139.53782059067092
18.53960281048491,37.07920562096982
64.28400590839564,128.56801181679128
44.45590445817301,88.91180891634602
89.83361328880346,179.66722657760693
37.20484752776385,74.4096950555277
64.16360574386712,128.32721148773425
79.32465697104566,158.6493139420913
12.631712211467615,25.26342442293523
33.644181184090996,67.28836236818199
52.43885960812346,104.87771921624692
22.500385607372454,45.00077121474491
42.51054633508122,85.02109267016245
65.26938817006788,130.53877634013577
83.12083797803906,166.24167595607813
28.7736235026098,57.5472470052196
6.544011107644653,13.088022215289307
67.71205377223637,135.42410754447275
78.65007577512856,157.3001515502571
53.35480650340795,106.7096130068159
33.667208953124515,67.33441790624903
38.071343715951464,76.14268743190293
79.31717572557046,158.63435145114093
55.930209320863376,111.86041864172675
65.81244195278474,131.62488390556948
99.2640105368809,198.5280210737618
54.81114781819167,109.62229563638334
22.11918941599348,44.23837883198696
2.221745612286785,4.44349122457357
3.2904455832457935,6.580891166491587
60.33484000229718,120.66968000459435
98.67718856815628,197.35437713631256
20.288519601196864,40.57703920239373
39.71053187061393,79.42106374122785
1.1473395975289402,2.2946791950578804
33.6492583948572,67.2985167897144
79.45954424978238,158.91908849956477
39.16432144593098,78.32864289186196
36.97117800423611,73.94235600847222
73.05095378144804,146.1019075628961
88.57940804782946,177.15881609565892
38.43437590330261,76.86875180660522
78.43023212758384,156.86046425516767
59.67369008729953,119.34738017459907
4.233545856623577,8.467091713247154
92.23289183524325,184.4657836704865
37.679632782186815,75.35926556437363
67.58057801419959,135.16115602839918
56.86901537926051,113.73803075852102
24.122329415903042,48.244658831806085
50.75882850330259,101.51765700660518
79.29569491610272,158.59138983220544
68.72332150315582,137.44664300631163
85.95789608710311,171.91579217420622
86.27744488560874,172.5548897712175
90.56667378750946,181.13334757501892
79.88249322510487,159.76498645020973
79.62691347583701,159.25382695167403
32.246101595916166,64.49220319183233
64.36886180474416,128.7377236094883
56.274362303727074,112.54872460745415
10.063738531570687,20.127477063141374
87.23105686131755,174.4621137226351
94.70000124052346,189.40000248104693
59.19525926986899,118.39051853973798
22.770853402576876,45.54170680515375
11.025463215220555,22.05092643044111
11.424274218764586,22.84854843752917
55.39495433021134,110.78990866042268
32.60869756978253,65.21739513956506
43.37164401529044,86.74328803058089
58.75389547331055,117.5077909466211
22.275323169306038,44.550646338612076
83.96165590402326,167.92331180804652
51.43441560465064,102.86883120930128
30.580142379222263,61.160284758444526
70.715874441912,141.431748883824
28.112216130363176,56.22443226072635
95.44040304316587,190.88080608633175
71.66595363867161,143.33190727734322
89.2178192537201,178.4356385074402
61.29954870448018,122.59909740896036
76.77340666578635,153.5468133315727
98.53490355750164,197.06980711500327
97.9733832815283,195.9467665630566
3.9300566583932994,7.860113316786599
65.44092540106557,130.88185080213114
83.32987787515736,166.65975575031473
97.31744110756374,194.63488221512748
36.804319708537626,73.60863941707525
62.22444835416776,124.44889670833552
71.15114510507767,142.30229021015535
10.14946894303489,20.29893788606978
70.65333585711481,141.30667171422962
9.346630717910532,18.693261435821064
65.43420269680634,130.86840539361268
11.118591590870153,22.237183181740306
55.107352458776596,110.21470491755319
44.4892036499538,88.9784072999076
72.80910438771924,145.6182087754385
71.35012290405194,142.7002458081039
13.596069018128343,27.192138036256686
31.86508570873956,63.73017141747912
49.49499926751535,98.9899985350307
89.24919075267962,178.49838150535925
87.40363879143203,174.80727758286406
88.92601108657072,177.85202217314145
18.546380735945757,37.092761471891514
1.8813907234878413,3.7627814469756826
87.87199728741672,175.74399457483344
77.33666702230224,154.67333404460447
62.01511190451103,124.03022380902206
49.445760433595,98.89152086719
38.9654768089718,77.9309536179436
32.88683238977717,65.77366477955434
43.52392311043093,87.04784622086186
69.06357475084938,138.12714950169877
31.257742901371245,62.51548580274249
23.684145414967862,47.368290829935724
37.439798570697306,74.87959714139461
50.12686396668783,100.25372793337566
43.896890349302865,87.79378069860573
91.88876571604789,183.77753143209577
2.7160735916199275,5.432147183239855
18.8735248226793,37.7470496453586
70.14175624549938,140.28351249099876
32.72777785671902,65.45555571343805
89.17161537326206,178.3432307465241
18.811449187155095,37.62289837431019
68.15120891351765,136.3024178270353
7.743686929073834,15.487373858147668
92.78280034758536,185.56560069517073
81.99225376322845,163.9845075264569
63.32116931158036,126.64233862316073
85.22717731504211,170.45435463008423
18.82794003393927,37.65588006787854
56.925105135663934,113.85021027132787
79.57075071977808,159.14150143955615
14.392123949557966,28.784247899115933
95.7429986315191,191.4859972630382
87.70294072914231,175.40588145828463
60.57164914095156,121.14329828190311
10.34315971743216,20.68631943486432
65.37529970569534,130.75059941139068
64.6543875902032,129.3087751804064
75.0876193302599,150.1752386605198
85.07238653753161,170.14477307506323
49.70583751217064,99.41167502434128
21.161981096744363,42.323962193488725
18.32168513962571,36.64337027925142
59.594535245044256,119.18907049008851
48.61405797528464,97.22811595056928
6.719628791142274,13.439257582284547
82.61916070838868,165.23832141677735
14.12921678469794,28.25843356939588
27.688492911458905,55.37698582291781
54.31094774869004,108.62189549738008
39.64118358249817,79.28236716499634
46.150157611347794,92.30031522269559
91.90936060441189,183.81872120882377
65.53959301228785,131.0791860245757
60.09557492168298,120.19114984336596
93.77769910813414,187.5553982162683
66.1153242649083,132.2306485298166
35.77441444449793,71.54882888899586
2.2961618782578186,4.592323756515637
76.9951668809676,153.9903337619352
20.273601997486722,40.547203994973444
80.25016434815933,160.50032869631866
3.271758477093256,6.543516954186512
68.79248101480184,137.58496202960367
42.47534943854725,84.9506988770945
23.443716638557355,46.88743327711471
34.19243323022103,68.38486646044205
90.07444688593426,180.14889377186853
93.31858266368798,186.63716532737595
71.44236250561246,142.88472501122493
93.78100588440923,187.56201176881845
85.57262751888263,171.14525503776525
67.30505188024817,134.61010376049634
19.12937235322132,38.25874470644264
76.35884713883378,152.71769427766756
60.27005697937059,120.54011395874117
12.914060895425761,25.828121790851522
3.349990802297298,6.699981604594596
60.7623917368022,121.5247834736044
5.400461460732242,10.800922921464483
36.87302900450052,73.74605800900105
78.04894313409339,156.09788626818678
57.79253495430374,115.58506990860748
12.850598161854244,25.701196323708487
42.43780769847576,84.87561539695152
23.862574818950023,47.725149637900046
4.412392394427611,8.824784788855222
0.12791504697108325,0.2558300939421665
62.022998281076255,124.04599656215251
72.97641005228283,145.95282010456566
11.843876152426013,23.687752304852026
69.81076600051911,139.62153200103822
47.650121294407974,95.30024258881595
21.483736593132363,42.967473186264726
83.74931308935265,167.4986261787053
65.74274491086992,131.48548982173983
7.4759608524087025,14.951921704817405
5.538388150937557,11.076776301875114
19.31124149000283,38.62248298000566
86.87680006414396,173.75360012828793
8.596103530986133,17.192207061972265
85.5221609640664,171.0443219281328
50.62185375785616,101.24370751571232
88.68803791080231,177.37607582160462
2.9000065942577646,5.800013188515529
35.89817585248575,71.7963517049715
12.166251978724185,24.33250395744837
77.794927609828,155.589855219656
69.35501187911687,138.71002375823375
65.44035966768408,130.88071933536816
25.96582606698342,51.93165213396684
15.85735307389049,31.71470614778098
86.56680616196074,173.13361232392148
63.28855402356678,126.57710804713356
87.47997784319091,174.95995568638182
30.324834466060004,60.64966893212001
32.71240721921094,65.42481443842188
19.73727670056098,39.47455340112196
16.29772978577285,32.5954595715457
7.9151572039047435,15.830314407809487
85.40183649933427,170.80367299866853
82.077817616231,164.155635232462
58.52267368154058,117.04534736308116
51.65335140964924,103.30670281929848
81.07304750864401,162.14609501728802
17.45665762982084,34.91331525964168
90.45133090618252,180.90266181236504
29.167017186665934,58.33403437333187
32.710796701055486,65.42159340211097
33.708016256019334,67.41603251203867
68.66959810266134,137.33919620532268
98.6216259164421,197.2432518328842
38.38130705416265,76.7626141083253
41.848596922124855,83.69719384424971
18.594774677422834,37.18954935484567
29.03220805546276,58.06441611092552
42.38265523883338,84.76531047766676
50.482442578763234,100.96488515752647
82.43714136214521,164.87428272429042
70.67182302161585,141.3436460432317
36.296389030957776,72.59277806191555
22.140134028139435,44.28026805627887
60.29480614347003,120.58961228694007
16.443624619360296,32.88724923872059
39.93501454837459,79.87002909674918
46.944577649357335,93.88915529871467
20.28825007997804,40.57650015995608
45.79897876194469,91.59795752388938
72.19440815847929,144.38881631695858
69.72372702232664,139.44745404465328
61.551850459728016,123.10370091945603
45.97911131554011,91.95822263108022
84.01641504186628,168.03283008373256
73.12404309900688,146.24808619801377
70.42522375135736,140.85044750271473
57.76959457364102,115.53918914728204
44.43148160826978,88.86296321653955
19.038014678300907,38.076029356601815
38.30434889875636,76.60869779751272
5.4891131721346635,10.978226344269327
23.58619173034664,47.17238346069328
22.02780013335972,44.05560026671944
1.5491234984956082,3.0982469969912163
3.8935542852894356,7.787108570578871
95.70052844180418,191.40105688360836
82.5848232647825,165.169646529565
42.05231569211728,84.10463138423457
96.71359182294708,193.42718364589416
74.66836994433996,149.33673988867992
59.23134470088901,118.46268940177802
91.23640814547868,182.47281629095735
56.29954478827569,112.59908957655138
5.843703899182162,11.687407798364324
4.017963150424942,8.035926300849884
65.87541278282018,131.75082556564035
19.19134052764032,38.38268105528064
19.182134805631147,38.364269611262294
8.726035797926956,17.452071595853912
71.64293457450643,143.28586914901285
87.5335867806022,175.0671735612044
40.79056413212723,81.58112826425446
44.0401221689614,88.0802443379228
25.9220385504224,51.8440771008448
71.81350075246401,143.62700150492802
13.242400504699404,26.484801009398808
12.438569199661808,24.877138399323616
79.21781674973055,158.4356334994611
35.078198118086625,70.15639623617325
81.60915149626643,163.21830299253287
54.64384123747944,109.28768247495888
67.64998364648193,135.29996729296386
43.00961438833981,86.01922877667963
50.731357649794084,101.46271529958817
89.9987415211499,179.9974830422998
39.88981037632073,79.77962075264146
13.71567069498717,27.43134138997434
11.446919667260113,22.893839334520226
93.9705678351368,187.9411356702736
26.21713631095659,52.43427262191318
86.61477706527826,173.22955413055652
23.671060773232444,47.34212154646489
33.8133828636576,67.6267657273152
56.634100030561754,113.26820006112351
55.609087253978885,111.21817450795777
12.612631922345653,25.225263844691305
40.43003160111402,80.86006320222803
94.33851012818899,188.67702025637797
2.5831906691085926,5.166381338217185
59.4814627729116,118.9629255458232
27.971371660794365,55.94274332158873
34.38391973086389,68.76783946172777
23.51562804254428,47.03125608508856
57.02505149589668,114.05010299179337
92.4483014861301,184.8966029722602
35.057326148417246,70.11465229683449
93.12914594891585,186.2582918978317
10.68494426008485,21.3698885201697
38.68527076026032,77.37054152052065
4.972210829029445,9.94442165805889
84.77904791027385,169.5580958205477
51.11024058873013,102.22048117746026
55.57914919407562,111.15829838815124
26.391380506202612,52.782761012405224
10.773382466241099,21.546764932482198
91.52383250019314,183.04766500038627
4.490580337799777,8.981160675599554
14.703984921665757,29.407969843331514
52.26047321425838,104.52094642851677
95.5275030087541,191.0550060175082
97.59424332144502,195.18848664289004
96.11194013577045,192.2238802715409
46.900579744058554,93.80115948811711
92.36803175522668,184.73606351045336
3.701109474903852,7.402218949807704
88.23376175218046,176.4675235043609
39.657601979048195,79.31520395809639
94.01451934758816,188.02903869517633
68.03458506112437,136.06917012224875
21.661822869546153,43.323645739092306
79.20583227913399,158.41166455826797
54.185013459416,108.370026918832
1.8109727862825609,3.6219455725651217
55.394477107598675,110.78895421519735
66.92162724446042,133.84325448892085
59.855506898041675,119.71101379608335
50.08675545064288,100.17351090128577
65.4424199609334,130.8848399218668
35.68095692534195,71.3619138506839
94.98227756357488,189.96455512714977
55.49892211661478,110.99784423322956
75.91057160237263,151.82114320474525
10.655089788009375,21.31017957601875
32.84778930960559,65.69557861921118
22.696030509240817,45.392061018481634
8.6238463875288,17.2476927750576
69.71653235174986,139.43306470349972
95.68322029190777,191.36644058381555
61.02434598015532,122.04869196031063
78.87435902725012,157.74871805450024
77.88151261203696,155.7630252240739
64.49688167115698,128.99376334231397
64.62812471738908,129.25624943477817
73.02742274259157,146.05484548518314
63.14631870230279,126.29263740460559
64.6708354253145,129.341670850629
14.884451006697164,29.768902013394328
8.505940331701733,17.011880663403467
67.64238867788177,135.28477735576354
19.912948489643455,39.82589697928691
64.38114529492599,128.76229058985197
87.60532445274961,175.21064890549923
47.79528425887576,95.59056851775152
0.6815841919729615,1.363168383945923
92.42567882845472,184.85135765690944
14.160770348887585,28.32154069777517
80.25700692286918,160.51401384573836
18.00137315988367,36.00274631976734
47.190904037196354,94.38180807439271
79.38019177175508,158.76038354351016
99.23998062536661,198.47996125073323
10.309134775913996,20.618269551827993
82.07548572265388,164.15097144530776
0.1899573446013325,0.379914689202665
56.41596154106332,112.83192308212664
45.722729385248975,91.44545877049795
56.14960704094879,112.29921408189757
31.2281042223336,62.4562084446672
52.36836251626702,104.73672503253404
28.77849700923821,57.55699401847642
23.464220658264278,46.928441316528556
34.1388595949846,68.2777191899692
79.41968153083515,158.8393630616703
14.004689034864349,28.009378069728697
23.83705454666536,47.67410909333072
58.05553049104658,116.11106098209316
11.601038318799716,23.202076637599433
28.657029813697342,57.314059627394684
69.88623873082194,139.7724774616439
60.2199800940723,120.4399601881446
26.8908407594433,53.7816815188866
45.2589394002742,90.5178788005484
9.3252484206784,18.6504968413568
88.16284926039971,176.32569852079942
78.30798300274434,156.61596600548867
72.51119039776475,145.0223807955295
71.80310243318446,143.60620486636893
4.736382913667459,9.472765827334918
23.061507424495844,46.12301484899169
77.25130714107674,154.50261428215347
50.078122255884125,100.15624451176825
86.52530551240798,173.05061102481596
62.84158618202118,125.68317236404236
52.997028210004295,105.99405642000859
94.56741671869112,189.13483343738224
3.8519258683817337,7.703851736763467
8.097579392648925,16.19515878529785
28.459200143958398,56.918400287916796
64.54465313376116,129.08930626752232
32.55315719744756,65.10631439489512
6.687444770093743,13.374889540187485
73.52879337140959,147.05758674281918
63.478426398080444,126.95685279616089
26.296222735900876,52.59244547180175
71.40666049751175,142.8133209950235
55.57060869981062,111.14121739962124
63.51333638615473,127.02667277230945
74.2770017385533,148.5540034771066
62.822857541505925,125.64571508301185
94.58402264643055,189.1680452928611
47.42509829764283,94.85019659528567
53.15039635164233,106.30079270328466
83.45551094568965,166.9110218913793
6.411235961009753,12.822471922019506
28.06311886818378,56.12623773636756
32.85106331072358,65.70212662144716
32.241730775360125,64.48346155072025
1.1771118604213426,2.3542237208426853
25.187840110251592,50.375680220503185
78.03132229711828,156.06264459423656
83.92962145126424,167.85924290252848
90.49555533998603,180.99111067997205
43.828889945363656,87.65777989072731
63.94834102717917,127.89668205435834
38.475969495560506,76.95193899112101
57.82317249772857,115.64634499545714
6.390226478237482,12.780452956474964
1.5926872532122216,3.185374506424443
84.59207239552546,169.18414479105093
39.86991959222256,79.73983918444512
18.24927496546811,36.49854993093622
43.83297276589755,87.6659455317951
2.4875179324443053,4.975035864888611
0.013881165202389578,0.027762330404779156
79.44922297324904,158.89844594649807
78.86532178054797,157.73064356109595
1.5344282844966584,3.0688565689933167
65.48302310352298,130.96604620704596
13.762397250170544,27.524794500341088
43.96985165093255,87.9397033018651
10.497227653602192,20.994455307204383
69.12096952851189,138.24193905702379
38.91507951157705,77.8301590231541
97.78209632460515,195.5641926492103
60.4903621673919,120.9807243347838
85.5115050873446,171.0230101746892
50.668857402294776,101.33771480458955
39.337446808515395,78.67489361703079
56.46145725263526,112.92291450527053
31.104868739725255,62.20973747945051
81.46650335884338,162.93300671768677
93.7000586085329,187.4001172170658
97.05280054315513,194.10560108631026
40.919422139259375,81.83884427851875
32.94057045073038,65.88114090146075
68.26953084705521,136.53906169411042
91.98191725247665,183.9638345049533
91.37500712125653,182.75001424251306
57.71347347151744,115.42694694303488
51.79530552502097,103.59061105004194
58.627147155599125,117.25429431119825
68.52415234941515,137.0483046988303
32.45403201607906,64.90806403215812
37.949465463015784,75.89893092603157
27.671385599664923,55.342771199329846
66.68260153832767,133.36520307665535
29.87592348336848,59.75184696673696
76.32442425764204,152.64884851528407
86.82760162833414,173.65520325666827
68.39201584924919,136.78403169849838
72.81435873964448,145.62871747928895
11.292786198128358,22.585572396256715
53.94245500952996,107.88491001905992
63.14579159429488,126.29158318858975
13.310366853029565,26.62073370605913
39.698171926952305,79.39634385390461
12.873231792864448,25.746463585728897
27.92581624376661,55.85163248753322
40.30758467800738,80.61516935601476
49.62796390204856,99.25592780409713
14.783648020903462,29.567296041806923
92.28194931422995,184.5638986284599
47.742245206108805,95.48449041221761
83.55926436525742,167.11852873051484
74.15333346746544,148.3066669349309
19.78119598428617,39.56239196857234
85.41081871850113,170.82163743700227
15.437239921337742,30.874479842675484
88.56724845163542,177.13449690327084
21.67671709657816,43.35343419315632
10.524064817566202,21.048129635132405
18.580123796037118,37.160247592074235
44.6524934701116,89.3049869402232
38.650432769115525,77.30086553823105
77.49600129689759,154.99200259379518
22.33074326256148,44.66148652512296
5.497757894824263,10.995515789648525
59.0726750343514,118.1453500687028
37.41809011990873,74.83618023981747
37.1233692823808,74.2467385647616
43.58478158133363,87.16956316266726
64.05208702440726,128.1041740488145
74.54898835442376,149.0979767088475
25.53796597261294,51.07593194522588
43.95237904188287,87.90475808376574
13.652970332634428,27.305940665268857
27.440077671601635,54.88015534320327
45.61892146257447,91.23784292514894
57.941775221105495,115.88355044221099
54.368803040088224,108.73760608017645
91.91337309575812,183.82674619151624
95.28259013558778,190.56518027117556
92.81188151357298,185.62376302714597
75.26312586399128,150.52625172798255
5.538890927783879,11.077781855567759
99.14745651885347,198.29491303770695
10.684822022222395,21.36964404444479
85.64505631686646,171.29011263373292
57.966076868364034,115.93215373672807
96.17722135985758,192.35444271971517
86.50076819567535,173.0015363913507
92.61174657031428,185.22349314062856
67.57950332481354,135.1590066496271
87.12583711728689,174.25167423457378
8.929283450796554,17.858566901593107
35.739384194859845,71.47876838971969
57.19009964574688,114.38019929149377
30.44399791969965,60.8879958393993
66.54822993424023,133.09645986848045
95.74917381845674,191.49834763691348
86.57642702204546,173.15285404409093
90.59511550516369,181.19023101032738
30.92609281091083,61.85218562182166
84.49385642136413,168.98771284272826
93.78506507046114,187.5701301409223
23.173018817777013,46.346037635554026
78.21319438905624,156.42638877811248
73.92556834170162,147.85113668340324
94.6986794148709,189.3973588297418
27.73104135134865,55.4620827026973
37.788443954208105,75.57688790841621
35.19896867317587,70.39793734635174
84.47563541997344,168.9512708399469
6.1975375276123845,12.395075055224769
63.07297301754209,126.14594603508418
18.74445816787984,37.48891633575968
68.50854286069539,137.01708572139077
74.22177481914449,148.44354963828897
41.02536921628693,82.05073843257387
24.02533920087746,48.05067840175492
41.066153608981345,82.13230721796269
82.10033603992738,164.20067207985477
58.36937095726569,116.73874191453137
31.98280887884516,63.96561775769032
89.48705590387308,178.97411180774617
95.00916435865125,190.0183287173025
7.339820912406536,14.679641824813071
13.934469149359563,27.868938298719126
83.14303544320649,166.28607088641297
65.50447903318614,131.0089580663723
79.64986280065312,159.29972560130625
0.2454397653318674,0.4908795306637348
2.20232001626145,4.4046400325229
54.36433202293941,108.72866404587882
48.02979611490592,96.05959222981184
65.00343868068231,130.00687736136462
65.78579248190528,131.57158496381055
9.402618451511946,18.805236903023893
14.079220451337072,28.158440902674144
96.66988213978172,193.33976427956344
97.48599868384693,194.97199736769386
42.11598630430596,84.23197260861193
70.30327748667057,140.60655497334113
9.223589360398144,18.447178720796288
53.88718681695015,107.7743736339003
56.69807985453066,113.39615970906132
89.65922345925925,179.3184469185185
89.2639297274571,178.5278594549142
47.137523402908165,94.27504680581633
33.9075871217383,67.8151742434766
25.612947279068756,51.22589455813751
31.175921178070777,62.35184235614155
29.590739023730826,59.18147804746165
65.95039802925638,131.90079605851275
35.669355058281624,71.33871011656325
45.18034420151774,90.36068840303548
97.42101867560908,194.84203735121815
87.74930114712079,175.49860229424158
19.270204975205253,38.540409950410506
13.857519593440115,27.71503918688023
95.92744242552267,191.85488485104534
30.614361550609736,61.22872310121947
75.06993386468925,150.1398677293785
27.35125398115844,54.70250796231688
39.94616280949348,79.89232561898696
41.52910419188516,83.05820838377032
21.47090998941631,42.94181997883262
80.23955228364952,160.47910456729903
48.34391719675422,96.68783439350844
57.46785896528191,114.93571793056383
88.87794088234078,177.75588176468156
76.73254832120875,153.4650966424175
70.79309167126127,141.58618334252253
74.7629624983049,149.5259249966098
89.2139575066119,178.4279150132238
33.975648195098785,67.95129639019757
24.854536278839312,49.709072557678624
91.17209938923166,182.34419877846332
75.31534163280615,150.6306832656123
3.298360003284495,6.59672000656899
89.86597461388467,179.73194922776935
27.355280783481973,54.710561566963946
30.43217584469794,60.86435168939588
4.797621955146381,9.595243910292762
54.687307829155465,109.37461565831093
95.0480874622117,190.0961749244234
81.93513072248672,163.87026144497344
30.521152405538075,61.04230481107615
70.13954395056788,140.27908790113577
27.6736960972911,55.3473921945822
84.75874119334676,169.51748238669353
64.60999887056535,129.2199977411307
28.4210738379577,56.8421476759154
23.253398989728204,46.50679797945641
3.4207907142325022,6.8415814284650045
53.516603680494555,107.03320736098911
30.00039767661248,60.00079535322496
93.92566296908201,187.85132593816402
93.4593653414472,186.9187306828944
31.425602052250255,62.85120410450051
94.83623828916512,189.67247657833025
41.63630392510114,83.27260785020228
91.895472098338,183.790944196676
92.09432084521522,184.18864169043044
14.961063168394473,29.922126336788946
60.514482551881564,121.02896510376313
75.67212431462151,151.34424862924303
36.54978456222502,73.09956912445004
79.44437372442835,158.8887474488567
43.81384663963273,87.62769327926546
98.91200354906776,197.82400709813552
77.57996375447979,155.15992750895958
2.4965644788188635,4.993128957637727
0.6295113484662829,1.2590226969325657
18.78905068519647,37.57810137039294
36.733244345285684,73.46648869057137
25.420857954645104,50.84171590929021
9.210017020850048,18.420034041700095
53.03750052322016,106.07500104644032
19.115246262025533,38.230492524051066
85.11915633035944,170.2383126607189
14.834966789279381,29.669933578558762
47.853667573786495,95.70733514757299
45.24244029350798,90.48488058701597
20.744476026079962,41.488952052159924
24.958959399041404,49.91791879808281
24.304297568855795,48.60859513771159
70.61276211531332,141.22552423062663
89.595829124292,179.191658248584
74.1770573559177,148.3541147118354
6.529558743475128,13.059117486950257
16.42601141269312,32.85202282538624
3.836944902431383,7.673889804862766
73.21895485860605,146.4379097172121
40.381811786677666,80.76362357335533
78.58054448762343,157.16108897524686
12.774726049467288,25.549452098934577
25.960461167203995,51.92092233440799
8.966953593580529,17.933907187161058
25.989439503702005,51.97887900740401
45.07258453275789,90.14516906551577
21.491361826708268,42.982723653416535
32.84061821857013,65.68123643714026
83.7429677376431,167.4859354752862
40.6373938425594,81.2747876851188
93.02469564083165,186.0493912816633
51.17747236981008,102.35494473962017
89.68021021255126,179.36042042510252
11.551874996953659,23.103749993907318
3.5482526074664733,7.096505214932947
66.30016096742132,132.60032193484264
30.79501391363553,61.59002782727106
5.590231178615735,11.18046235723147
25.33606593393436,50.67213186786872
35.806227978539994,71.61245595707999
46.15940352824383,92.31880705648766
82.36318577162032,164.72637154324065
77.28712938189666,154.57425876379332
50.01153677601962,100.02307355203924
25.09228185435908,50.18456370871816
43.66771885327363,87.33543770654725
22.084727628100186,44.16945525620037
63.99750935086288,127.99501870172575
99.36206777018825,198.7241355403765
32.912880796278124,65.82576159255625
27.99407040656806,55.98814081313612
8.732781409269098,17.465562818538196
37.557539931084506,75.11507986216901
9.839261181065972,19.678522362131943
3.1678739203366835,6.335747840673367
97.1209650931926,194.2419301863852
23.866719640314248,47.733439280628495
59.18595794912582,118.37191589825164
86.70702836018329,173.41405672036657
4.14278865079366,8.28557730158732
41.87631910845454,83.75263821690908
14.51433487537167,29.02866975074334
63.3161955960731,126.6323911921462
60.301572040411386,120.60314408082277
24.576943283215723,49.153886566431446
61.57598588725571,123.15197177451142
90.1056223308224,180.2112446616448
35.21262908662576,70.42525817325152
68.01702340539629,136.03404681079257
34.55908126404433,69.11816252808866
63.78975662689423,127.57951325378846
83.48940342408191,166.97880684816383
93.95746413694039,187.91492827388078
14.637683047526984,29.27536609505397
81.53162570307182,163.06325140614365
50.81613581725909,101.63227163451818
8.279510580533412,16.559021161066823
33.75201554370205,67.5040310874041
82.73036804322493,165.46073608644986
31.75019328028066,63.50038656056132
71.96415077607006,143.9283015521401
54.6660600745249,109.3321201490498
73.90926738087343,147.81853476174686
41.96825018548438,83.93650037096876
43.39606078198581,86.79212156397162
96.37523767250914,192.7504753450183
90.7632429412804,181.5264858825608
5.457749844991566,10.915499689983132
96.32160279789774,192.64320559579548
68.68993508428323,137.37987016856647
70.48247768039965,140.9649553607993
84.9402558649044,169.8805117298088
83.21716317376334,166.43432634752668
74.36473339049414,148.72946678098828
79.96404921792461,159.92809843584922
81.53418818667325,163.0683763733465
33.66094561135814,67.32189122271627
81.19547729731777,162.39095459463553
6.897656741164393,13.795313482328787
98.81944373969893,197.63888747939785
23.070788807887887,46.14157761577577
93.58096102440861,187.16192204881722
63.63887775354352,127.27775550708704
99.4154582622186,198.8309165244372
84.31368973485108,168.62737946970216
48.93256481425742,97.86512962851484
46.00122250856013,92.00244501712027
1.5809353340211385,3.161870668042277
83.8066152762347,167.6132305524694
27.456787304842344,54.91357460968469
22.62859079391466,45.25718158782932
9.906963854947815,19.81392770989563
75.68505783709654,151.37011567419307
75.64645219481339,151.29290438962678
37.56856689970325,75.1371337994065
95.271982097225,190.54396419445
45.83069428841786,91.66138857683572
36.22595356995119,72.45190713990237
31.89931714838807,63.79863429677614
3.814386866088315,7.62877373217663
72.83369855212906,145.66739710425813
70.695484691224,141.390969382448
69.43672872214938,138.87345744429877
2.7195247552165625,5.439049510433125
57.8826067004618,115.7652134009236
42.673269343922534,85.34653868784507
85.62320943106818,171.24641886213635
42.064085259636826,84.12817051927365
80.21599892412158,160.43199784824316
28.098733665214947,56.197467330429895
78.34318372107971,156.68636744215942
32.325301544979254,64.65060308995851
7.874527898859462,15.749055797718924
77.51155457420836,155.02310914841672
1.914145802507139,3.828291605014278
98.060143717436,196.120287434872
74.81037844285598,149.62075688571196
95.49928459405427,190.99856918810855
93.34956563968495,186.6991312793699
11.216759191282822,22.433518382565644
36.39484311508937,72.78968623017875
14.72401733505827,29.44803467011654
97.20100066012822,194.40200132025643
7.068657082190977,14.137314164381953
19.12711614535215,38.2542322907043
18.51805055657113,37.03610111314226
57.63373087151658,115.26746174303317
52.15644448698461,104.31288897396922
13.581333414176932,27.162666828353863
12.809070953892409,25.618141907784818
47.186179603958536,94.37235920791707
98.23790407241012,196.47580814482023
58.33148010145541,116.66296020291082
93.54278713046294,187.08557426092588
58.00857119573938,116.01714239147876
14.839564824636087,29.679129649272173
3.2203931961100496,6.440786392220099
44.91905098656132,89.83810197312263
30.15268341655689,60.30536683311378
10.292102559611516,20.584205119223032
32.307627832785926,64.61525566557185
28.16290969328704,56.32581938657408
27.509016700151967,55.018033400303935
56.28038968642788,112.56077937285576
26.68498232231029,53.36996464462058
9.24897176735332,18.49794353470664
28.20731738557877,56.41463477115754
98.16653656513095,196.3330731302619
16.33346449605817,32.66692899211634
68.55131122477255,137.1026224495451
21.29320944186215,42.5864188837243
94.61028182879878,189.22056365759755
33.17232836098497,66.34465672196994
38.28783264841377,76.57566529682754
81.26016779213788,162.52033558427576
38.68546630478501,77.37093260957002
6.541571281800939,13.083142563601879
53.39096366746793,106.78192733493586
50.34107881981473,100.68215763962947
62.547242986794046,125.09448597358809
11.489147134284494,22.978294268568987
70.00955821654804,140.0191164330961
12.508148673996056,25.01629734799211
13.237110047684252,26.474220095368505
59.28755787415623,118.57511574831246
99.93200375555318,199.86400751110637
67.03181051778951,134.06362103557902
90.67746989626578,181.35493979253155
22.422557482677476,44.84511496535495
4.1976229282532085,8.395245856506417
25.429426712108828,50.858853424217656
30.436639516112372,60.873279032224744
19.213868842635197,38.427737685270394
77.28910660191215,154.5782132038243
30.387071047589377,60.77414209517875
51.8306127693805,103.661225538761
15.847300875878133,31.694601751756267
47.70790908021788,95.41581816043576
94.22434925795142,188.44869851590283
46.755252299606276,93.51050459921255
24.076364200769383,48.152728401538766
29.542168021447935,59.08433604289587
60.06800290428359,120.13600580856718
81.97699724635234,163.95399449270468
71.69468935675252,143.38937871350504
74.16113341777844,148.3222668355569
58.01903656656342,116.03807313312684
87.18754429573448,174.37508859146897
47.41148145504213,94.82296291008426
53.6631549214971,107.3263098429942
44.58673925081773,89.17347850163546
38.07143343873437,76.14286687746873
95.89654104227057,191.79308208454114
29.987705066324754,59.97541013264951
57.64300418956273,115.28600837912546
9.135418362379665,18.27083672475933
14.302507845728584,28.60501569145717
24.751241434801308,49.502482869602616
51.99120011844768,103.98240023689536
83.23964144901112,166.47928289802223
56.46889567772718,112.93779135545437
39.18195487793666,78.36390975587332
91.52885187323012,183.05770374646025
80.95414969911118,161.90829939822237
11.405611506613889,22.811223013227778
22.892791704381587,45.78558340876317
77.80372964433215,155.6074592886643
64.76803307223247,129.53606614446494
93.93579068161249,187.87158136322498
12.557613829654436,25.11522765930887
1.291841571018082,2.583683142036164
21.20957147362802,42.41914294725604
99.76757711421529,199.53515422843057
85.8212811706132,171.6425623412264
39.71746396084293,79.43492792168585
52.54159592035814,105.08319184071628
6.389478808802929,12.778957617605858
82.87446991746685,165.7489398349337
46.774072002115076,93.54814400423015
38.654451286906266,77.30890257381253
32.93024082540401,65.86048165080803
94.31991270581459,188.63982541162918
18.994280237784842,37.988560475569685
58.25487533894989,116.50975067789977
35.74009636386396,71.48019272772792
11.023268805095976,22.04653761019195
3.8897915176839493,7.7795830353678985
38.57186446195999,77.14372892391998
90.4120512822146,180.8241025644292
74.40040779651001,148.80081559302002
14.619795287197457,29.239590574394914
53.30710758402514,106.61421516805028
50.14195364231927,100.28390728463854
96.32185453763925,192.6437090752785
22.932196429185325,45.86439285837065
72.64160650979733,145.28321301959465
10.087920503436953,20.175841006873906
52.9129589923,105.8259179846
47.10027932352639,94.20055864705277
64.07564785817817,128.15129571635634
83.55166515865623,167.10333031731247
90.66611834938793,181.33223669877586
87.66153787054859,175.32307574109717
69.71680008297318,139.43360016594636
51.04630055880034,102.09260111760068
0.5894766170427945,1.178953234085589
29.261460122737137,58.522920245474275
38.788538785545526,77.57707757109105
86.48531270847346,172.97062541694692
51.41047998951239,102.82095997902478
12.538072001379884,25.07614400275977
95.84797420551709,191.69594841103418
95.65773786243467,191.31547572486934
46.46870349370893,92.93740698741786
45.72114791220686,91.44229582441372
74.40716601504754,148.81433203009507
62.46735077693567,124.93470155387134
60.20085381576338,120.40170763152676
42.944330008807604,85.88866001761521
3.740068612613845,7.48013722522769
19.891109814537188,39.782219629074376
63.77500388943101,127.55000777886202
13.914630434405971,27.829260868811943
32.22584388436732,64.45168776873464
97.5375606293297,195.0751212586594
13.257873692862866,26.51574738572573
26.429018875700894,52.85803775140179
12.454044069807724,24.908088139615447
44.26775404432652,88.53550808865305
68.39566761968034,136.79133523936068
67.00380565077947,134.00761130155894
10.720763695202118,21.441527390404236
56.92110321202447,113.84220642404894
74.81153396165175,149.6230679233035
0.45614044559559863,0.9122808911911973
56.37607947627742,112.75215895255484
64.193775041907,128.387550083814
4.396749686248236,8.793499372496472
95.84122780086543,191.68245560173085
56.36646663972434,112.73293327944867
38.60375322903884,77.20750645807767
58.234889627270825,116.46977925454165
0.9903320854660502,1.9806641709321005
98.73241418619736,197.46482837239472
81.36734899123606,162.7346979824721
71.81689056716614,143.63378113433228
51.669374446609865,103.33874889321973
49.90687983088847,99.81375966177694
61.27054051513562,122.54108103027124
16.10394144857006,32.20788289714012
54.78110120731717,109.56220241463434
14.765680774785682,29.531361549571365
19.837326716692537,39.674653433385075
67.91864977193647,135.83729954387294
82.69870646691933,165.39741293383867
14.867796925539988,29.735593851079976
95.65631837752727,191.31263675505454
63.28455722303134,126.56911444606268
60.52762003598473,121.05524007196946
18.233800009752954,36.46760001950591
15.477605646677905,30.95521129335581
33.44589687543148,66.89179375086296
15.051463091141704,30.102926182283408
58.632818459818495,117.26563691963699
28.63516591846459,57.27033183692918
14.06652402639229,28.13304805278458
74.43548008323889,148.87096016647777
23.13759187414647,46.27518374829294
98.06176899543743,196.12353799087487
87.32689148599796,174.65378297199592
85.00889119405348,170.01778238810695
88.75142404822579,177.50284809645157
61.31782723472669,122.63565446945339
32.85493014689151,65.70986029378302
59.81278692606892,119.62557385213783
28.37282862064464,56.74565724128928
52.878839296152144,105.75767859230429
20.739646808019817,41.479293616039634
41.12858606781889,82.25717213563777
74.34385104324744,148.68770208649488
9.332606559542,18.665213119084
80.11482864071915,160.2296572814383
5.024542186565906,10.049084373131812
10.088275237690569,20.176550475381138
38.536211843661675,77.07242368732335
79.52703223922923,159.05406447845846
77.91998128078949,155.83996256157897
4.520635640923332,9.041271281846663
81.51744826145094,163.03489652290187
6.311742205062942,12.623484410125885
92.05965585642207,184.11931171284414
36.32899383431095,72.6579876686219
21.88333891527887,43.76667783055774
27.265380106655268,54.530760213310536
4.021359578963624,8.042719157927248
63.57898916234907,127.15797832469813
39.7323049824665,79.464609964933
67.194086438255,134.38817287651
7.576365877244928,15.152731754489857
83.28193923290918,166.56387846581836
19.19839441521497,38.39678883042994
59.276231011988415,118.55246202397683
47.28155501539478,94.56311003078956
0.31075043125997626,0.6215008625199525
15.747797769991244,31.49559553998249
67.80754263818673,135.61508527637346
1.106854121792511,2.213708243585022
30.247023501946067,60.494047003892135
7.0305597001238285,14.061119400247657
74.7397814169059,149.4795628338118
76.18616151076633,152.37232302153265
86.7321517247592,173.4643034495184
93.99630629593018,187.99261259186036
32.57583723830243,65.15167447660485
92.66490733194517,185.32981466389035
49.99843299716489,99.99686599432978
4.846033271189453,9.692066542378907
25.385590319879313,50.771180639758626
84.41325109501972,168.82650219003943
38.593341255485015,77.18668251097003
69.7103693249617,139.4207386499234
48.80759488358961,97.61518976717922
83.02103448688115,166.0420689737623
75.64751420169425,151.2950284033885
47.29110787214271,94.58221574428542
42.06519122292281,84.13038244584563
81.62392165202027,163.24784330404054
30.985352974792146,61.97070594958429
51.99510859864475,103.9902171972895
98.27210319213732,196.54420638427464
33.052135754153475,66.10427150830695
70.60024588036293,141.20049176072587
97.73603661460494,195.47207322920988
40.99865059456208,81.99730118912416
83.0475768517459,166.0951537034918
40.721162256768004,81.44232451353601
94.50648088095129,189.01296176190257
52.36384158537473,104.72768317074946
89.97318166353226,179.94636332706452
3.530136330708211,7.060272661416422
32.94366655360557,65.88733310721113
57.66469966000363,115.32939932000725
14.739755689254263,29.479511378508526
77.6687661535476,155.3375323070952
54.851485886023724,109.70297177204745
43.70551092498044,87.41102184996087
20.843135039234372,41.686270078468745
96.25198370017569,192.50396740035137
90.10667030954777,180.21334061909553
42.250958915939016,84.50191783187803
28.29863516919212,56.59727033838424
25.15576576941627,50.31153153883254
62.394511210927675,124.78902242185535
68.24326204771552,136.48652409543104
32.16537519189071,64.33075038378142
78.65911338026443,157.31822676052886
97.079508846185,194.15901769237
73.80566508332015,147.6113301666403
44.17342019510614,88.34684039021228
40.2898395184515,80.579679036903
56.59974316354671,113.19948632709342
19.971290415355515,39.94258083071103
59.1484698540923,118.2969397081846
52.840041690291606,105.68008338058321
18.41852784715482,36.83705569430964
83.20666837758378,166.41333675516756
1.9435583100347098,3.8871166200694196
72.42162862031377,144.84325724062754
94.07012529349058,188.14025058698115
43.30652673903794,86.61305347807588
55.22051346848147,110.44102693696294
40.466397257117706,80.93279451423541
31.957519176504555,63.91503835300911
33.68857416651472,67.37714833302944
95.40005601993956,190.8001120398791
20.64474589295613,41.28949178591226
94.86755110261893,189.73510220523787
50.25796263894944,100.51592527789887
51.64829977499075,103.2965995499815
33.07505552931068,66.15011105862136
88.75093424311594,177.50186848623187
40.39146148321328,80.78292296642655
91.44576412833516,182.8915282566703
31.988148143220684,63.97629628644137
32.62097139442576,65.24194278885152
97.62196147432873,195.24392294865746
82.80093952496861,165.60187904993722
47.65822655811505,95.3164531162301
88.17035108539085,176.3407021707817
77.31537768895672,154.63075537791343
54.86968132878872,109.73936265757744
35.06295926974824,70.12591853949648
41.55885166658979,83.11770333317958
83.3976827388984,166.7953654777968
49.272016198529215,98.54403239705843
13.165636551307735,26.33127310261547
13.32392182788833,26.64784365577666
95.29681903543661,190.59363807087323
96.41860478311186,192.83720956622372
99.99199328199724,199.98398656399448
71.81414904534347,143.62829809068694
97.00020628632677,194.00041257265354
94.42693811501486,188.85387623002973
58.75957133039812,117.51914266079623
71.4469709065895,142.893941813179
55.075216046842336,110.15043209368467
69.53845619723113,139.07691239446225
57.16492550044303,114.32985100088607
5.716024581022339,11.432049162044677
89.04041731638154,178.08083463276307
34.78181275577479,69.56362551154957
4.690674720602306,9.381349441204613
55.60224029575199,111.20448059150398
59.576299399203826,119.15259879840765
34.16247472045249,68.32494944090497
58.71905730212193,117.43811460424386
55.987582973615865,111.97516594723173
84.29343197815984,168.5868639563197
25.63325255970582,51.26650511941164
83.99706001611513,167.99412003223026
70.26465490488997,140.52930980977993
93.76006127350755,187.5201225470151
52.76038339831977,105.52076679663953
7.616081399074892,15.232162798149783
47.290003023701864,94.58000604740373
29.255413164249454,58.51082632849891
27.35115166428225,54.7023033285645
84.9016529800451,169.8033059600902
10.13069322925444,20.26138645850888
94.32685684251202,188.65371368502403
78.89339420534145,157.7867884106829
78.89805345864599,157.79610691729198
59.05005572816538,118.10011145633077
66.14490530766382,132.28981061532764
64.12626552525099,128.25253105050197
92.16092546366717,184.32185092733434
16.362157100123675,32.72431420024735
53.88898332883193,107.77796665766385
41.86745484937562,83.73490969875124
5.715922163088882,11.431844326177764
57.42986255239829,114.85972510479658
96.65457192599635,193.3091438519927
34.93725068734975,69.8745013746995
7.7598066763218565,15.519613352643713
42.26649897253739,84.53299794507478
17.73956598593721,35.47913197187442
87.474429650841,174.948859301682
87.77869272549088,175.55738545098177
23.191482173900045,46.38296434780009
26.6610077105916,53.3220154211832
46.986605375241,93.973210750482
75.1008672007688,150.2017344015376
27.94055849228213,55.88111698456426
79.46562232702719,158.93124465405438
54.70875375646439,109.41750751292878
40.00914228124076,80.01828456248153
48.01640038508433,96.03280077016866
86.9860014722119,173.9720029444238
39.98738217455826,79.97476434911653
53.375144657070415,106.75028931414083
96.75685336394015,193.5137067278803
6.417587337354824,12.835174674709648
30.800090774556963,61.60018154911393
57.728603988989,115.457207977978
73.19215081780428,146.38430163560855
47.63489798340511,95.26979596681022
26.393473374604337,52.786946749208674
38.69134291350128,77.38268582700256
14.806272659874352,29.612545319748705
9.150492205963712,18.300984411927423
37.787336765516244,75.57467353103249
30.947895555176874,61.89579111035375
94.1981865756527,188.3963731513054
62.02368651179879,124.04737302359759
15.924768187448946,31.84953637489789
81.9294723561979,163.8589447123958
91.74673524826332,183.49347049652664
67.58285638040307,135.16571276080614
48.17353323911434,96.34706647822868
57.00534630918141,114.01069261836282
81.3159853263135,162.631970652627
96.18902028812256,192.37804057624513
82.20983930083776,164.4196786016755
40.828784856052366,81.65756971210473
57.69178549517845,115.3835709903569
59.84063161302549,119.68126322605097
21.43563720136553,42.87127440273106
56.70925911081118,113.41851822162236
68.10759741156664,136.2151948231333
21.760427578889008,43.520855157778016
69.43802512161434,138.8760502432287
30.730285392829682,61.460570785659364
93.35506014059635,186.7101202811927
10.841386087810644,21.682772175621288
12.073430697108678,24.146861394217357
76.32309168390259,152.64618336780518
43.76025535929017,87.52051071858034
32.62170911776753,65.24341823553506
76.69373201231119,153.38746402462237
32.59074407169938,65.18148814339877
76.2512770825173,152.5025541650346
25.419264904414195,50.83852980882839
43.52246326490069,87.04492652980139
11.79899989490939,23.59799978981878
50.2573936794346,100.5147873588692
13.304594752590958,26.609189505181917
45.68399310475202,91.36798620950404
55.83104482871332,111.66208965742663
33.93285306849173,67.86570613698346
54.22527056003066,108.45054112006132
71.06038178891308,142.12076357782615
41.14608270821151,82.29216541642302
76.05561320444548,152.11122640889096
78.60991267784124,157.21982535568247
59.32429520239343,118.64859040478686
49.93602995568403,99.87205991136805
23.15871645659061,46.31743291318122
55.14516518310389,110.29033036620778
25.946173419095775,51.89234683819155
24.584113137214093,49.168226274428186
53.284706924570166,106.56941384914033
98.80974491103561,197.61948982207122
61.2314660082575,122.462932016515
4.652996456362102,9.305992912724204
70.41921968561137,140.83843937122273
16.519661044771127,33.03932208954225
41.70018427975194,83.40036855950387
36.80486589880143,73.60973179760286
68.53291291744118,137.06582583488236
45.00367285808016,90.00734571616032
38.9726845214153,77.9453690428306
73.96774905198623,147.93549810397246
19.066018629151106,38.13203725830221
0.6981017446085258,1.3962034892170516
88.66515416848453,177.33030833696907
51.49938749772707,102.99877499545414
67.6851044713746,135.3702089427492
33.79935365360481,67.59870730720962
98.5954666123564,197.1909332247128
24.614224310361767,49.22844862072353
82.87559807622995,165.7511961524599
71.41384498874885,142.8276899774977
23.239626821699787,46.47925364339957
87.92295539783083,175.84591079566167
88.61774863011284,177.23549726022569
85.60029570275947,171.20059140551894
62.45849868757626,124.91699737515252
14.96856079934873,29.93712159869746
82.16568676400682,164.33137352801364
3.326333611115073,6.652667222230146
8.83754477687263,17.67508955374526
95.24977511729719,190.49955023459438
74.94546292391236,149.89092584782472
61.29295304389544,122.58590608779087
19.38568378630786,38.77136757261572
83.18864109490369,166.37728218980737
22.115032498163178,44.230064996326355
63.048705283867214,126.09741056773443
92.76569394647503,185.53138789295005
93.59435429849401,187.18870859698802
14.846302556575674,29.692605113151348
55.27375436708558,110.54750873417116
81.07500394429809,162.15000788859618
88.59803416538713,177.19606833077427
52.26479135187449,104.52958270374899
52.5297467009896,105.0594934019792
51.10029264299075,102.2005852859815
86.80847714183912,173.61695428367824
37.83643429889552,75.67286859779104
84.61556168502078,169.23112337004156
29.37342204940646,58.74684409881292
22.746411172514215,45.49282234502843
96.442754378097,192.885508756194
17.899781717424823,35.799563434849645
42.154755592075496,84.30951118415099
91.55529613156534,183.11059226313068
9.802154614461356,19.604309228922713
42.991066567627065,85.98213313525413
5.215104970309071,10.430209940618141
13.902436464526014,27.804872929052028
83.4710336118919,166.9420672237838
28.945704925495285,57.89140985099057
78.51779404015726,157.0355880803145
36.6299528192878,73.2599056385756
5.372075927841102,10.744151855682205
94.27648863506015,188.5529772701203
24.650168752043022,49.300337504086045
98.71625239584468,197.43250479168935
92.43653534653802,184.87307069307604
66.22231624523532,132.44463249047064
54.524932267392046,109.04986453478409
32.30269280964947,64.60538561929894
26.64891002817492,53.29782005634984
53.20884030051973,106.41768060103946
44.315606329397696,88.63121265879539
67.33202085185816,134.66404170371632
83.25929172490929,166.51858344981858
3.165354447855828,6.330708895711656
30.84456720412473,61.68913440824946
80.95235578841177,161.90471157682353
89.73421143024143,179.46842286048286
21.12595098951293,42.25190197902586
66.51974671606801,133.03949343213603
48.08617501560318,96.17235003120636
30.545114485223777,61.090228970447555
2.481394774720991,4.962789549441982
15.255594629112734,30.511189258225468
5.769161293477898,11.538322586955797
0.09604528944496815,0.1920905788899363
19.136166879088577,38.272333758177155
33.529454982154924,67.05890996430985
36.20415607645198,72.40831215290396
95.64659031097932,191.29318062195864
28.425740473412485,56.85148094682497
31.444573804136066,62.88914760827213
8.175313630714754,16.35062726142951
85.79099757789203,171.58199515578406
35.96776744867185,71.9355348973437
16.207980725555327,32.415961451110654
36.365573188019,72.731146376038
21.87946253286984,43.75892506573968
83.98400421090557,167.96800842181113
82.01527518706358,164.03055037412716
51.815519697676116,103.63103939535223
10.542717400120527,21.085434800241053
19.832148918689242,39.664297837378484
5.467546995354644,10.935093990709287
36.95276702933653,73.90553405867306
75.10988531316727,150.21977062633454
27.942182716734553,55.88436543346911
93.0157164027795,186.031432805559
14.402704179224857,28.805408358449714
65.35324568107195,130.7064913621439
4.316806573722132,8.633613147444263
67.92472651449147,135.84945302898294
35.33274684226294,70.66549368452588
48.4795011262368,96.9590022524736
40.17815574652291,80.35631149304582
62.54819513636587,125.09639027273174
32.568380795506734,65.13676159101347
37.83604011907866,75.67208023815732
25.433629459208575,50.86725891841715
16.28046776811235,32.5609355362247
28.516253216495702,57.032506432991404
50.20330866126162,100.40661732252325
46.208976472065956,92.41795294413191
3.6254784936920026,7.250956987384005
10.606105875130002,21.212211750260003
76.64691961327338,153.29383922654677
28.31271888046877,56.62543776093754
54.10925463880298,108.21850927760596
0.15058873082044455,0.3011774616408891
98.0736028786489,196.1472057572978
93.50911092597983,187.01822185195965
87.01016878956392,174.02033757912784
94.77185767712344,189.54371535424687
26.7308721998061,53.4617443996122
42.80873691937654,85.61747383875309
97.49409063837093,194.98818127674187
15.40052492755758,30.80104985511516
58.25911511005023,116.51823022010046
89.02288048514815,178.0457609702963
76.47515322512851,152.95030645025702
77.20301989227664,154.4060397845533
52.28646851542177,104.57293703084353
29.29167057952158,58.58334115904316
66.28857290206047,132.57714580412093
91.09116487329005,182.1823297465801
43.564417675773015,87.12883535154603
83.63436411022961,167.26872822045922
20.357082290883355,40.71416458176671
90.81165348276551,181.62330696553101
1.9468278442695164,3.8936556885390328
37.242884079274496,74.48576815854899
66.86826285335215,133.7365257067043
12.558729361222088,25.117458722444177
11.081688874596507,22.163377749193014
83.70818822791034,167.41637645582068
30.28588453629151,60.57176907258302
86.53809238340934,173.07618476681867
76.69682491062633,153.39364982125267
53.42990953237609,106.85981906475217
67.03597497360066,134.07194994720132
10.235251339932383,20.470502679864765
5.315379082852001,10.630758165704002
94.06334092416353,188.12668184832705
61.30016092625782,122.60032185251563
29.122591409625763,58.245182819251525
4.554833652983126,9.109667305966251
60.25241137233889,120.50482274467778
58.341623786628546,116.68324757325709
63.585903130255204,127.17180626051041
44.53221034444831,89.06442068889662
37.404028360882,74.808056721764
4.682026259012528,9.364052518025057
67.71579758070304,135.43159516140608
30.744135308674693,61.488270617349386
41.18471746261879,82.36943492523758
7.450079531563025,14.90015906312605
56.76319124702237,113.52638249404474
7.71707282221038,15.43414564442076
74.79237993595478,149.58475987190957
83.88457352434534,167.76914704869068
53.29830594436835,106.5966118887367
19.53701684749385,39.0740336949877
17.792500560796498,35.585001121592995
9.096184329027214,18.192368658054427
85.60093532647693,171.20187065295386
17.958814837672954,35.91762967534591
59.533985025318756,119.06797005063751
13.958487523830577,27.916975047661154
98.76803320452342,197.53606640904684
52.138605588722534,104.27721117744507
83.42405331954491,166.84810663908982
48.44565772041385,96.8913154408277
93.80592076260714,187.6118415252143
56.26764036672887,112.53528073345774
86.81144349484723,173.62288698969445
79.32792724520226,158.65585449040452
85.39214892016199,170.78429784032397
69.30107463048624,138.60214926097248
90.60920411992778,181.21840823985556
49.21069350413553,98.42138700827105
21.53433866956763,43.06867733913526
32.62255336385134,65.24510672770268
83.00023267197597,166.00046534395193
42.379070593708036,84.75814118741607
26.06492901541766,52.12985803083532
58.13279784783359,116.26559569566717
24.12161990237516,48.24323980475032
38.51591187966078,77.03182375932155
77.87967018635379,155.75934037270758
29.70143047859616,59.40286095719232
65.05353050807192,130.10706101614383
25.93681983309387,51.87363966618774
68.47716757236154,136.95433514472307
14.282597461611356,28.565194923222712
8.662609083954608,17.325218167909217
95.28985038725475,190.5797007745095
3.1824154823148043,6.364830964629609
68.33808303014709,136.67616606029418
38.18255247535344,76.36510495070688
61.98475353273209,123.96950706546419
11.782781961634125,23.56556392326825
34.81117217422868,69.62234434845736
98.4026855189916,196.8053710379832
86.5220605915828,173.0441211831656
26.900091084147913,53.80018216829583
74.22543420364828,148.45086840729655
61.81490930804422,123.62981861608844
52.74559771610948,105.49119543221896
20.451267959823028,40.902535919646056
13.909858647916007,27.819717295832014
50.48007148278689,100.96014296557378
52.836501290405124,105.67300258081025
37.83426737780082,75.66853475560164
32.60539352521974,65.21078705043948
91.73288140249552,183.46576280499104
93.64928147998803,187.29856295997607
74.71751577304799,149.43503154609598
55.96853135947638,111.93706271895276
12.381422266773479,24.762844533546957
60.982911207158786,121.96582241431757
41.87054442537139,83.74108885074278
90.13854877714962,180.27709755429925
55.8774690756929,111.7549381513858
46.22340733234728,92.44681466469456
16.30875470185068,32.61750940370136
30.90003205835271,61.80006411670542
81.49587210116866,162.99174420233732
85.419369618948,170.838739237896
33.01089444159325,66.0217888831865
58.52844387688846,117.05688775377692
55.320434001943205,110.64086800388641
73.95357268051625,147.9071453610325
84.79675914356842,169.59351828713685
73.70221583106012,147.40443166212023
53.68467714408517,107.36935428817034
24.85758546815514,49.71517093631028
84.91864376946053,169.83728753892106
37.5575280637586,75.1150561275172
6.610408555582925,13.22081711116585
10.991010367192045,21.98202073438409
74.29499580374255,148.5899916074851
79.16833749247397,158.33667498494793
73.05253128698894,146.10506257397788
8.305764967111816,16.611529934223633
50.89557796170689,101.79115592341378
8.893010529706824,17.78602105941365
75.67036643806145,151.3407328761229
70.9920024919065,141.984004983813
68.32194175267018,136.64388350534037
90.2851887296208,180.5703774592416
59.63574915224882,119.27149830449764
43.04009626468406,86.08019252936812
1.234436036085551,2.468872072171102
23.823400326224174,47.64680065244835
85.60159734295632,171.20319468591265
78.64840572246725,157.2968114449345
45.4170441805136,90.8340883610272
69.14421651710258,138.28843303420516
23.958144008713333,47.916288017426666
25.885686934237217,51.771373868474434
94.64688823528637,189.29377647057274
19.99192350406238,39.98384700812476
37.72790371504754,75.45580743009508
40.280103686323166,80.56020737264633
60.72101772646368,121.44203545292736
40.54621190785588,81.09242381571175
40.554571925175054,81.10914385035011
21.011891737634002,42.023783475268004
21.31305370551104,42.62610741102208
89.02673966307431,178.05347932614862
48.74032315648225,97.4806463129645
86.6489064399768,173.2978128799536
23.15609418546173,46.31218837092346
11.372175465330702,22.744350930661405
54.004833173300845,108.00966634660169
57.72074051466956,115.44148102933912
86.4895517524479,172.9791035048958
18.96438824796849,37.92877649593698
18.752013879240593,37.504027758481186
88.90016783853059,177.80033567706118
76.26998062055405,152.5399612411081
82.55177097020773,165.10354194041545
7.470318186369351,14.940636372738702
5.784440076821163,11.568880153642326
7.261468105351232,14.522936210702465
22.720080327661872,45.440160655323744
3.005091675390603,6.010183350781206
31.28781283035145,62.5756256607029
72.19271815351021,144.38543630702043
78.29246711076172,156.58493422152344
32.79666072482209,65.59332144964418
48.23726051378433,96.47452102756866
64.17430441305326,128.34860882610653
45.1716776252083,90.3433552504166
31.49972452240174,62.99944904480348
5.170824515940097,10.341649031880195
84.52430352318783,169.04860704637565
6.586119691718817,13.172239383437635
13.343260965743731,26.686521931487462
54.2387993585136,108.4775987170272
17.55367055928939,35.10734111857878
50.08439783282227,100.16879566564454
61.44323515078282,122.88647030156564
79.33165281493456,158.66330562986911
64.75912733688583,129.51825467377165
46.06187032548947,92.12374065097895
66.70371753280868,133.40743506561736
21.002631034734197,42.005262069468394
1.9978615409529832,3.9957230819059664
89.64263688857824,179.28527377715648
12.52521790372889,25.05043580745778
57.336922806052456,114.67384561210491
97.35679255835981,194.71358511671963
19.8062258190431,39.6124516380862
11.64902541566255,23.2980508313251
59.20788768831837,118.41577537663674
70.73698085973652,141.47396171947304
40.977530080009394,81.95506016001879
22.198687984832343,44.39737596966469
33.45296284290351,66.90592568580702
15.378346539603061,30.756693079206123
80.4747078756966,160.9494157513932
49.08443072176287,98.16886144352574
60.806474029905985,121.61294805981197
19.514993087038622,39.029986174077244
70.26692438620692,140.53384877241385
59.47946613606918,118.95893227213836
42.85630962087209,85.71261924174418
1.6792703259703612,3.3585406519407224
64.14489853708515,128.2897970741703
26.8023066974055,53.604613394811
5.896331881174066,11.792663762348132
85.04057500053489,170.08115000106977
99.91645140482483,199.83290280964965
40.77337860249752,81.54675720499505
85.56170594013577,171.12341188027153
49.317163228808184,98.63432645761637
2.4014966257095205,4.802993251419041
58.85906727037597,117.71813454075193
39.11995307104548,78.23990614209096
32.263743609042095,64.52748721808419
89.06869481877973,178.13738963755947
50.812500441501676,101.62500088300335
98.03952910254384,196.07905820508768
83.79241826917263,167.58483653834526
64.49964872313585,128.9992974462717
6.162200303896981,12.324400607793962
50.918987023487375,101.83797404697475
94.15527731973059,188.31055463946117
91.627926507182,183.255853014364
63.53298861082132,127.06597722164264
73.3140193834127,146.6280387668254
11.430619313955292,22.861238627910584
55.2779965794966,110.5559931589932
0.38501014173837333,0.7700202834767467
23.86654913018147,47.73309826036294
71.57831482920608,143.15662965841216
89.72345695381159,179.44691390762318
49.403699979663905,98.80739995932781
67.43226606803927,134.86453213607854
76.6611012471486,153.3222024942972
96.06468862989651,192.12937725979302
70.38644918807006,140.77289837614012
60.94978725600295,121.8995745120059
68.91074193722933,137.82148387445866
20.05435309175889,40.10870618351778
75.5967541521039,151.1935083042078
12.892092492479568,25.784184984959136
92.3698578897582,184.7397157795164
76.48601462472361,152.97202924944722
69.10200866391362,138.20401732782724
36.86543804675887,73.73087609351774
17.067792396975634,34.13558479395127
93.40012578467905,186.8002515693581
59.06577762715912,118.13155525431824
10.260798815833338,20.521597631666676
81.52947776352505,163.0589555270501
43.85728190336052,87.71456380672105
62.057262299204154,124.11452459840831
28.9019277995469,57.8038555990938
78.27244305398033,156.54488610796065
19.859731948494254,39.71946389698851
89.22580676636032,178.45161353272064
32.357052968574884,64.71410593714977
78.4233651101779,156.8467302203558
81.59177945764135,163.1835589152827
91.85333295786663,183.70666591573325
45.125609028223245,90.25121805644649
76.13881378448816,152.27762756897633
61.02083713619999,122.04167427239997
0.992226196628121,1.984452393256242
74.85430556998473,149.70861113996946
54.07228206694496,108.14456413388992
69.02966376012371,138.05932752024742
86.22097420005544,172.44194840011087
24.92501554256573,49.85003108513146
72.95528163986627,145.91056327973254
99.75616339429216,199.51232678858432
0.8602350252005841,1.7204700504011683
58.62167485336992,117.24334970673983
58.10404409613875,116.2080881922775
34.38747850393534,68.77495700787068
44.09234644223239,88.18469288446478
92.5251238777379,185.0502477554758
66.03400443826145,132.0680088765229
21.83369471291797,43.66738942583594
31.226559303296497,62.453118606592994
74.3509478657421,148.7018957314842
58.80365660269948,117.60731320539897
4.192514455109631,8.385028910219262
98.03879936728252,196.07759873456504
35.39632912124748,70.79265824249497
34.94037183592384,69.88074367184768
54.76957376936342,109.53914753872684
75.08838600670387,150.17677201340774
83.5154443724747,167.0308887449494
11.552096924648048,23.104193849296095
82.66942600939842,165.33885201879684
83.77759772114027,167.55519544228054
81.47596951279935,162.9519390255987
61.7774167013482,123.5548334026964
75.78926789395067,151.57853578790133
99.74980491329494,199.49960982658988
53.42232426506648,106.84464853013296
6.185870312495245,12.37174062499049
29.909112019022977,59.818224038045955
76.90914664295956,153.8182932859191
55.4041259527735,110.808251905547
86.79071141386669,173.58142282773338
41.39162871783778,82.78325743567557
60.72489904522459,121.44979809044918
94.95103619191501,189.90207238383002
36.93845347059632,73.87690694119264
26.895611430848497,53.791222861696994
13.199747093288982,26.399494186577964
96.99452809659779,193.98905619319558
98.17926604535285,196.3585320907057
77.78474941311325,155.5694988262265
84.63879566507369,169.27759133014737
8.030884311777386,16.061768623554773
11.727621966775203,23.455243933550406
1.5517506801525416,3.103501360305083
88.35195643659407,176.70391287318813
3.231393116201564,6.462786232403128
69.70005355545621,139.40010711091242
98.2348670721343,196.4697341442686
31.80968421541398,63.61936843082796
88.91060468505815,177.8212093701163
55.68734071013879,111.37468142027758
31.706923888303006,63.41384777660601
51.1509176117479,102.3018352234958
3.7559599671093347,7.511919934218669
5.155316557002898,10.310633114005796
92.37088289687104,184.74176579374208
10.184862600264822,20.369725200529643
0.6697772786918188,1.3395545573836376
36.51062553933899,73.02125107867798
82.83511689289625,165.6702337857925
39.86186549247608,79.72373098495216
56.251799921900925,112.50359984380185
47.55268188177578,95.10536376355157
25.985851038123,51.971702076246
69.09586009333275,138.1917201866655
45.056310278560495,90.11262055712099
89.32810348184097,178.65620696368194
4.840227417424248,9.680454834848495
74.66081103565814,149.32162207131628
58.0053875916286,116.0107751832572
64.45327670000862,128.90655340001723
74.22237454594142,148.44474909188284
87.60400138765804,175.2080027753161
65.24558838379556,130.49117676759113
40.77510815491182,81.55021630982364
32.85108717128779,65.70217434257557
43.95222827919254,87.90445655838508
89.12225260252488,178.24450520504976
89.64225821456141,179.28451642912282
42.275927789299274,84.55185557859855
38.916737305196634,77.83347461039327
97.52211063779383,195.04422127558766
37.46558677188939,74.93117354377878
57.823255680682365,115.64651136136473
61.28140174258769,122.56280348517538
93.06268707413945,186.1253741482789
4.2716280818074654,8.543256163614931
91.30791791098109,182.61583582196218
26.706697223867216,53.41339444773443
83.45826283671917,166.91652567343834
12.705895126728628,25.411790253457255
93.81754568571743,187.63509137143487
1.0067737152061218,2.0135474304122436
89.76627113635067,179.53254227270133
70.5679539437937,141.1359078875874
27.24034705917776,54.48069411835552
24.06309659803848,48.12619319607696
81.49998645078253,162.99997290156506
56.23780385807736,112.47560771615473
53.58185547135073,107.16371094270146
64.17612737763413,128.35225475526826
40.79062449506987,81.58124899013974
22.61041022155461,45.22082044310922
34.8111155533415,69.622231106683
75.83937528335582,151.67875056671164
85.54932347771464,171.09864695542927
84.9637374170837,169.9274748341674
1.8683955735216307,3.7367911470432613
1.1475538681340103,2.2951077362680206
86.56252268529944,173.12504537059888
92.79403685407912,185.58807370815825
42.724494834158044,85.44898966831609
76.10382259641642,152.20764519283284
11.004367090554968,22.008734181109936
94.76079611804215,189.5215922360843
29.4819217144455,58.963843428891
90.44956889226734,180.89913778453467
23.203520205432483,46.407040410864965
87.4456129909657,174.8912259819314
33.3902906672364,66.7805813344728
25.8687218313173,51.7374436626346
4.9625766119215875,9.925153223843175
49.734407449691695,99.46881489938339
82.35384951776766,164.7076990355353
6.703355768431363,13.406711536862726
82.30380677041693,164.60761354083385
20.965536852042412,41.931073704084824
29.359089460261277,58.718178920522554
47.504561328805394,95.00912265761079
14.421186004181086,28.842372008362172
83.85489815890136,167.70979631780273
19.774538078525982,39.549076157051964
38.95909409317893,77.91818818635787
91.82209290280323,183.64418580560647
70.8735167161146,141.7470334322292
88.71005982234293,177.42011964468585
79.68181923366247,159.36363846732493
55.465215197712226,110.93043039542445
85.7196453886406,171.4392907772812
31.02150720601936,62.04301441203872
32.17007546835564,64.34015093671128
18.916236549229726,37.83247309845945
43.114507446253135,86.22901489250627
11.959012575040784,23.91802515008157
23.247329049503108,46.494658099006216
5.229275865485416,10.458551730970832
71.00050402222554,142.00100804445108
10.2725743520785,20.545148704157
50.45557080631542,100.91114161263084
13.584802495230264,27.169604990460527
43.243521426608176,86.48704285321635
77.17968339228607,154.35936678457213
88.24106557907854,176.48213115815707
69.99804015887312,139.99608031774625
16.95046340725176,33.90092681450352
40.63779114210308,81.27558228420617
41.0852287666784,82.1704575333568
18.051979813295826,36.10395962659165
20.89862847106685,41.7972569421337
36.229635690096714,72.45927138019343
18.17582816379808,36.35165632759616
24.999365401235718,49.998730802471435
1.4503686352879464,2.9007372705758927
16.152510307199798,32.305020614399595
44.95859873443314,89.91719746886628
19.30128902317635,38.6025780463527
11.601909304157754,23.20381860831551
69.880221583303,139.760443166606
51.10135244295122,102.20270488590243
7.017070533750502,14.034141067501004
89.28853132183418,178.57706264366837
80.00952916188446,160.01905832376892
79.20308478327891,158.40616956655782
94.53225721011009,189.06451442022018
49.199752368574856,98.39950473714971
43.21538367080643,86.43076734161286
9.526421454430633,19.052842908861265
61.3575581276077,122.7151162552154
19.470302363162762,38.940604726325525
66.40519141008893,132.81038282017786
35.75578242760685,71.5115648552137
73.01518841672357,146.03037683344715
97.46343562298021,194.92687124596043
18.973764332530873,37.947528665061746
52.037718215966734,104.07543643193347
26.298640624172045,52.59728124834409
91.52682230160974,183.05364460321948
66.13735543542619,132.27471087085237
52.00608249551869,104.01216499103738
18.643517699571298,37.287035399142596
2.602027393340478,5.204054786680956
30.149888561163518,60.299777122327036
99.3949930561421,198.7899861122842
57.858763613219054,115.71752722643811
85.71183123384212,171.42366246768424
58.60321459109462,117.20642918218924
86.30583962124973,172.61167924249946
46.86228585544697,93.72457171089394
31.577166031737914,63.15433206347583
75.93996544817769,151.87993089635538
70.05021027257135,140.1004205451427
86.37988772216515,172.7597754443303
70.80574218617622,141.61148437235244
96.48467166645975,192.9693433329195
5.6373065119881165,11.274613023976233
70.05220686044824,140.10441372089647
84.39761217573962,168.79522435147925
60.37256248421809,120.74512496843619
31.218365046025774,62.43673009205155
73.98168241404662,147.96336482809323
19.54822787786592,39.09645575573184
78.72411883894542,157.44823767789083
56.18309971651227,112.36619943302453
51.53639522998517,103.07279045997034
56.40207397845782,112.80414795691564
26.538155167599832,53.076310335199665
28.812237147195287,57.62447429439057
56.55971526017255,113.1194305203451
57.842278633063735,115.68455726612747
76.33781859722475,152.6756371944495
21.147715363005982,42.295430726011965
64.60735857262445,129.2147171452489
33.22943153703958,66.45886307407916
80.1272251412885,160.254450282577
53.752830310470415,107.50566062094083
0.449507755307188,0.899015510614376
80.74688256973245,161.4937651394649
67.14694270675555,134.2938854135111
30.86746525184977,61.73493050369954
13.38777480518436,26.77554961036872
26.063879734089713,52.12775946817943
44.98541273307093,89.97082546614186
16.449739141413733,32.89947828282747
22.92878301738973,45.85756603477946
77.09125538900355,154.1825107780071
52.10264963849966,104.20529927699933
42.4517124299557,84.9034248599114
13.824250784030301,27.648501568060603
36.88220395931646,73.76440791863293
10.75741549117113,21.51483098234226
48.487076759331195,96.97415351866239
56.4290904204396,112.8581808408792
17.691137746141973,35.382275492283945
17.50224437365836,35.00448874731672
64.89511892690403,129.79023785380807
63.7161408522619,127.4322817045238
83.7465532885591,167.4931065771182
61.92938007709865,123.8587601541973
2.857859109052241,5.715718218104482
12.640649506887492,25.281299013774984
76.78376110530075,153.5675222106015
44.885707521069115,89.77141504213823
20.597668211863795,41.19533642372759
22.367088847742355,44.73417769548471
5.537197369708746,11.074394739417492
60.354410149199055,120.70882029839811
66.1802091888877,132.3604183777754
57.471901162723306,114.94380232544661
94.38996691447045,188.7799338289409
17.68137884761234,35.36275769522468
70.68620606374913,141.37241212749825
81.25954882360055,162.5190976472011
52.48718691923374,104.97437383846749
13.432950029863555,26.86590005972711
83.77619601010944,167.5523920202189
19.017828933080537,38.035657866161074
79.44320509554954,158.8864101910991
8.511407058495502,17.022814116991004
45.93917436587424,91.87834873174847
87.13763035610675,174.2752607122135
57.39025551630084,114.78051103260168
5.176119107969712,10.352238215939424
44.91676621280354,89.83353242560707
62.846137284026305,125.69227456805261
24.107250280080695,48.21450056016139
60.83159800480049,121.66319600960098
71.82999020083489,143.65998040166977
0.9289152175902204,1.8578304351804409
91.74299132022136,183.48598264044273
11.498924093231844,22.99784818646369
49.48748997708143,98.97497995416286
82.59163748926292,165.18327497852584
91.17045692293924,182.34091384587848
54.68885412714025,109.3777082542805
57.43069404072221,114.86138808144442
71.3197232794473,142.6394465588946
35.28538093005839,70.57076186011678
38.921017162808106,77.84203432561621
79.00936869065251,158.01873738130502
23.613536083618214,47.22707216723643
32.34731854852879,64.69463709705758
90.12485842905276,180.24971685810553
82.55971763183035,165.1194352636607
44.531273439959065,89.06254687991813
39.7990349220852,79.5980698441704
30.231199949713204,60.46239989942641
63.27332801171609,126.54665602343218
40.110470043122625,80.22094008624525
79.1573897457019,158.3147794914038
70.5682232543537,141.1364465087074
37.64442452514986,75.28884905029972
45.58127754421283,91.16255508842566
89.90938683837909,179.81877367675818
54.44228387041403,108.88456774082806
59.71344879370525,119.4268975874105
82.80843323729341,165.61686647458683
76.23805429081312,152.47610858162625
50.771112791053085,101.54222558210617
7.844354013816346,15.688708027632693
97.7723144361128,195.5446288722256
93.19888557336635,186.3977711467327
64.83253351575368,129.66506703150736
71.97678237951001,143.95356475902003
83.4192579354424,166.8385158708848
54.30862863895874,108.61725727791747
82.35801772016846,164.71603544033692
54.94144880528563,109.88289761057126
4.13532250314641,8.27064500629282
26.652987043469135,53.30597408693827
87.95606032705716,175.91212065411432
63.37679269457056,126.75358538914112
23.906840543029706,47.81368108605941
59.9426793368163,119.8853586736326
52.350425103124444,104.70085020624889
41.7656267420722,83.5312534841444
78.46611109266736,156.93222218533472
77.17620690011633,154.35241380023265
74.28895107804763,148.57790215609526
71.86446797480718,143.72893594961437
32.45674499158122,64.91348998316244
5.990641267717722,11.981282535435444
62.13993869303125,124.2798773860625
71.81682360729252,143.63364721458504
21.81028299347787,43.62056598695574
73.01395372655898,146.02790745311796
31.417653755526064,62.83530751105213
41.09154579729868,82.18309159459736
68.38695008558254,136.77390017116508
49.80380684561929,99.60761369123858
89.27602053200751,178.55204106401501
61.76280013334379,123.52560026668758
18.015866135578896,36.03173227115779
59.083249575964345,118.16649915192869
13.509942287134514,27.019884574269028
58.62220110287577,117.24440220575154
6.41647080519755,12.8329416103951
14.978222825164067,29.956445650328135
49.73105301576252,99.46210603152504
56.20652614559678,112.41305229119357
90.55972772903125,181.1194554580625
86.95775001925402,173.91550003850804
5.220412220386805,10.44082444077361
55.549671567041415,111.09934313408283
41.961622334067414,83.92324466813483
21.11988390070311,42.23976780140622
45.025646492579654,90.05129298515931
12.417203892767448,24.834407785534896
80.59043349770738,161.18086699541476
90.07454154251359,180.14908308502717
91.7586005348766,183.5172010697532
97.30996330596324,194.61992661192647
64.50239477238112,129.00478954476225
6.867147992616241,13.734295985232482
57.83490230363342,115.66980460726684
46.85208073391176,93.70416146782352
36.70295554006727,73.40591108013454
76.21040169617807,152.42080339235613
83.46035998692322,166.92071997384645
4.195066582226515,8.39013316445303
68.04626112960146,136.09252225920292
0.06814024116954531,0.13628048233909063
26.11357573908467,52.22715147816934
1.164136183020248,2.328272366040496
76.29858333153753,152.59716666307506
68.200114135519,136.400228271038
38.249807819931526,76.49961563986305
95.99852531885539,191.99705063771077
22.221121693576972,44.442243387153944
89.18562630727074,178.37125261454148
58.8158079495749,117.6316158991498
85.41355384779543,170.82710769559085
31.430812122192798,62.861624244385595
14.238259642958596,28.476519285917192
58.45342491879304,116.90684983758608
10.49596319348426,20.99192638696852
4.132973422145869,8.265946844291738
56.6344547813346,113.2689095626692
97.93826450212876,195.87652900425752
93.00523281789916,186.0104656357983
89.11051581783988,178.22103163567976
52.77303384487959,105.54606768975918
21.677121912161525,43.35424382432305
7.945845264910945,15.89169052982189
39.984270606908154,79.96854121381631
63.440770195559224,126.88154039111845
51.268209609034024,102.53641921806805
82.38766211368942,164.77532422737883
66.58783724363323,133.17567448726646
37.05836343301713,74.11672686603426
36.28998829380785,72.5799765876157
29.872183507515725,59.74436701503145
41.44123322240241,82.88246644480482
48.679638223003266,97.35927644600653
31.74746984411917,63.49493968823834
61.301012378859156,122.60202475771831
53.08738165289638,106.17476330579277
19.295575237356367,38.591150474712734
57.011882969489946,114.02376593897989
4.6210034769682,9.2420069539364
57.11482521675295,114.2296504335059
35.36958058323032,70.73916116646063
48.95565562457406,97.91131124914811
59.137771810147974,118.27554362029595
28.14358107234558,56.28716214469116
27.173995021440376,54.34799004288075
20.345811820818625,40.69162364163725
57.91544118295059,115.83088236590118
63.519871654141625,127.03974330828325
60.0894066619061,120.1788133238122
28.939045435467527,57.878090870935054
39.60517801979777,79.21035603959554
62.178701434113805,124.35740286822761
51.065808003935885,102.13161600787177
88.85327836016522,177.70655672033044
87.06866023227462,174.13732046454925
16.21874613687414,32.43749227374828
64.2154349922004,128.4308699844008
71.4871579929061,142.9743159858122
2.616144049824054,5.232288099648108
83.55181757930933,167.10363515861866
91.42103460047267,182.84206920094533
27.04806493089017,54.09612986178034
11.589913510779404,23.179827021558808
20.52041755492864,41.04083510985728
21.591330390760067,43.182660781520134
69.07777332944819,138.15554665889638
0.1865382147832273,0.3730764295664546
22.284142361669335,44.56828472333867
29.118424742030026,58.23684948406005
61.739617525044174,123.47923505008835
86.18477762426785,172.3695552485357
80.874031235882,161.748062471764
53.96251072992831,107.92502145985662
47.17238192571701,94.34476385143402
2.747633943825001,5.495267887650002
85.09042128122977,170.18084256245953
4.364318477509343,8.728636955018686
51.58012087373777,103.16024174747554
65.67594188480514,131.35188376961028
3.692075277404394,7.384150554808788
0.6636681880780815,1.327336376156163
96.59802322580269,193.19604645160538
91.82890016346695,183.6578003269339
91.82592950443656,183.65185900887312
70.39094481641011,140.78188963282022
3.7268654067743268,7.4537308135486535
27.343017065984466,54.68603413196893
74.02956925779067,148.05913851558134
86.93133122006252,173.86266244012504
95.36182947673915,190.7236589534783
64.67483769240984,129.34967538481968
74.7070757036004,149.4141514072008
30.63535952127844,61.27071904255688
39.04747128495584,78.09494256991168
17.379403048404317,34.758806096808634
88.62322445605594,177.24644891211187
71.3751021875674,142.7502043751348
75.93448385974068,151.86896771948136
79.78784318968015,159.5756863793603
3.135589804501049,6.271179609002098
91.65518889131451,183.31037778262902
55.10884744043854,110.21769488087708
28.999581240906757,57.999162481813514
63.066386965521204,126.13277393104241
96.05347707051578,192.10695414103157
99.7748757397188,199.5497514794376
6.414182205683683,12.828364411367366
32.51868980191094,65.03737960382188
28.82488125365592,57.64976250731184
4.996124971888005,9.99224994377601
71.5234600484275,143.046920096855
89.89336556346966,179.78673112693932
74.264576660702,148.529153321404
89.31365927388822,178.62731854777644
26.925152380844175,53.85030476168835
4.024489154353484,8.048978308706968
65.09727667319397,130.19455334638795
88.44101929099887,176.88203858199773
38.96112134806874,77.92224269613747
46.986650216655455,93.97330043331091
89.93083172349233,179.86166344698466
22.50344070192719,45.00688140385438
58.14495705124841,116.28991410249682
44.46442066861034,88.92884133722067
21.46032290488118,42.92064580976236
21.605124578329892,43.210249156659785
65.59526794540919,131.19053589081838
43.77899819081793,87.55799638163586
71.21647335347376,142.43294670694752
77.46802429883066,154.9360485976613
79.0919380330837,158.1838760661674
8.159328854033843,16.318657708067686
54.931938025165614,109.86387605033123
59.88512542321382,119.77025084642764
75.23441300230246,150.46882600460492
31.144495942295126,62.28899188459025
59.580024252763266,119.16004850552653
20.371456674379473,40.74291334875895
61.9387054822332,123.8774109644664
22.476393253212223,44.952786506424445
17.51966571375767,35.03933142751534
4.142323591886809,8.284647183773618
15.87874480861423,31.75748961722846
96.04072776784476,192.0814555356895
32.539956331457134,65.07991266291427
68.70403336944965,137.4080667388993
48.34773843627459,96.69547687254918
14.097855542045124,28.19571108409025
78.99400394292313,157.98800788584626
68.84030254686485,137.6806050937297
17.330808640061125,34.66161728012225
73.66586642720246,147.33173285440492
80.49274836921437,160.98549673842874
33.81127420359446,67.62254840718892
44.448398486998485,88.89679697399697
42.22808793017777,84.45617586035554
57.923176464027115,115.84635292805423
62.976541224563796,125.95308244912759
16.618348884900414,33.23669776980083
61.821229531550806,123.64245906310161
58.24868624129203,116.49737248258405
24.421745990156364,48.84349198031273
74.35879346931729,148.71758693863458
29.913198847727497,59.82639769545499
18.304361498388346,36.60872299677669
46.9590491264144,93.9180982528288
12.535753055017596,25.07150611003519
16.021470380328207,32.042940760656414
27.39612286951656,54.79224573903312
31.73144983458762,63.46289966917524
19.390278723031575,38.78055744606315
31.76208628742948,63.52417257485896
15.012858044164567,30.025716088329133
27.1054697160953,54.2109394321906
82.0533841060189,164.1067682120378
99.99417606295961,199.98835212591922
38.29645448804452,76.59290897608903
99.3949659380604,198.7899318761208
69.89702250917789,139.79404501835577
27.920022365066977,55.840044730133954
88.91568104063215,177.8313620812643
55.144379847126125,110.28875969425225
8.814060185025397,17.628120370050794
64.63399064453739,129.26798128907478
72.9397062727537,145.8794125455074
53.88032916881974,107.76065833763948
28.921570316203503,57.84314063240701
1.4316884444728561,2.8633768889457123
34.30325076932322,68.60650153864644
14.851220418057787,29.702440836115574
72.12460772345956,144.24921544691912
26.378439700581136,52.75687940116227
99.11386176575819,198.22772353151638
77.40339875098539,154.80679750197078
11.05096735925285,22.1019347185057
70.12024281702118,140.24048563404236
11.530477048582144,23.060954097164288
77.8836251797605,155.767250359521
74.53056135114123,149.06112270228246
11.766764110759553,23.533528221519106
41.04522969524734,82.09045939049469
83.77151306444914,167.54302612889828
53.60174775908406,107.20349551816813
70.36891942314205,140.7378388462841
16.448109344118556,32.89621868823711
49.1020609537837,98.2041219075674
76.82226653887415,153.6445330777483
85.04550015594617,170.09100031189234
34.14386159357527,68.28772318715053
55.315054757094316,110.63010951418863
59.04167449080315,118.0833489816063
80.74225393378237,161.48450786756473
21.524975767541232,43.049951535082464
13.490486153652004,26.980972307304008
53.8980894447077,107.7961788894154
59.02623605675803,118.05247211351606
70.60928798626472,141.21857597252944
41.77206595117703,83.54413190235405
51.08729327293911,102.17458654587821
56.70933937431752,113.41867874863505
91.47204576068718,182.94409152137436
24.671366725562393,49.342733451124786
72.82404385496835,145.6480877099367
1.6742017007441379,3.3484034014882758
27.99953888780817,55.99907777561634
24.619242902217863,49.238485804435726
55.175121142519416,110.35024228503883
87.52618595603717,175.05237191207434
47.700101255683656,95.40020251136731
82.16639086704042,164.33278173408084
93.71783870804909,187.43567741609817
50.01629531620221,100.03259063240442
10.958802152101367,21.917604304202733
92.76073025016586,185.52146050033173
86.05534085963045,172.1106817192609
27.48258778389102,54.96517556778204
33.986208439626076,67.97241687925215
12.095812885006907,24.191625770013815
20.991636179826823,41.98327235965365
16.507355988745832,33.014711977491665
62.90876499898664,125.81752999797328
46.23867520663306,92.47735041326612
78.81329228944803,157.62658457889606
27.03758962252992,54.07517924505984
2.7490329377710787,5.498065875542157
18.681397842671544,37.36279568534309
25.44474912936363,50.88949825872726
65.82831444591662,131.65662889183324
81.1515438554139,162.3030877108278
50.27866600994806,100.55733201989612
74.26277917090154,148.52555834180308
49.0849664757803,98.1699329515606
63.28338135971174,126.56676271942348
22.340560977512435,44.68112195502487
61.747890579131635,123.49578115826327
31.46517709402549,62.93035418805098
67.65020876461712,135.30041752923424
92.45095296852658,184.90190593705316
74.13570655539249,148.27141311078498
33.104932527415386,66.20986505483077
96.48299866137997,192.96599732275993
32.61171025566688,65.22342051133376
12.317701467153242,24.635402934306484
20.03816836884279,40.07633673768558
3.4321663249293755,6.864332649858751
40.082652800536486,80.16530560107297
67.19984167178232,134.39968334356465
19.12405982777978,38.24811965555956
73.07405896089602,146.14811792179205
24.022696948725873,48.045393897451746
50.377102740309276,100.75420548061855
70.45698939022607,140.91397878045214
73.8329792876935,147.665958575387
88.09540342289168,176.19080684578336
66.4591100028066,132.9182200056132
5.847549540111374,11.695099080222748
47.057166557969865,94.11433311593973
92.78380621740696,185.56761243481392
53.114865486846405,106.22973097369281
10.747751111948078,21.495502223896157
54.71175923556051,109.42351847112101
76.93867037202872,153.87734074405745
80.24804756153812,160.49609512307623
87.4273501404407,174.8547002808814
89.58754442793982,179.17508885587964
47.32202939320192,94.64405878640385
76.5610799021402,153.1221598042804
89.18506991662002,178.37013983324005
90.93976307855748,181.87952615711495
15.385755175206128,30.771510350412257
79.98988365924446,159.9797673184889
38.9040681373536,77.8081362747072
96.81033452282922,193.62066904565845
70.6526488726819,141.3052977453638
93.78366327384211,187.56732654768422
49.27174143894811,98.54348287789622
31.52982282645269,63.05964565290538
10.872522784005255,21.74504556801051
42.922999457412025,85.84599891482405
35.58017845317835,71.1603569063567
52.840892188308096,105.68178437661619
48.07434937745754,96.14869875491507
24.828586910762883,49.65717382152577
44.2206750950911,88.4413501901822
60.43490592408459,120.86981184816918
21.988027299486255,43.97605459897251
53.95272496793183,107.90544993586366
71.1359792151671,142.2719584303342
27.14617669872611,54.29235339745222
78.69497225376183,157.38994450752367
29.194737616251587,58.38947523250317
11.97885558484324,23.95771116968648
48.69282708575812,97.38565417151624
74.83652440892547,149.67304881785094
62.973172621390326,125.94634524278065
70.08060767230968,140.16121534461936
63.478973233324,126.957946466648
13.330860344222739,26.661720688445477
37.60939886736201,75.21879773472402
14.556773123118772,29.113546246237544
34.22756870276727,68.45513740553454
20.200701877754746,40.40140375550949
54.929819865275185,109.85963973055037
61.80366385419741,123.60732770839482
4.650500275442992,9.301000550885984
80.65841143072781,161.31682286145562
57.678020028597466,115.35604005719493
50.559927788154454,101.11985557630891
3.5550831818584427,7.1101663637168855
40.99013413712381,81.98026827424762
52.16021752792014,104.32043505584028
3.5817650099050136,7.163530019810027
98.02297279607147,196.04594559214294
50.731270381603075,101.46254076320615
96.10003528923126,192.20007057846252
63.22861557212006,126.45723114424013
93.36150555026926,186.7230111005385
92.45111300192778,184.90222600385556
41.21704414461935,82.4340882892387
8.701197016875106,17.402394033750213
56.16932972940574,112.33865945881148
87.51516904969407,175.03033809938813
5.672449085426557,11.344898170853114
24.584922192614446,49.16984438522889
35.65501830183971,71.31003660367942
27.28145740094263,54.56291480188526
51.276024845291914,102.55204969058383
6.79960523281371,13.59921046562742
57.05281694999439,114.10563389998877
8.468079980816235,16.93615996163247
15.646162934992935,31.29232586998587
79.06923888609818,158.13847777219635
92.95442898585367,185.90885797170733
82.84113501221411,165.68227002442822
34.45279111046595,68.9055822209319
12.378969642607075,24.75793928521415
97.2881324158938,194.5762648317876
31.504557468767057,63.009114937534115
84.33464205297784,168.66928410595568
88.61095149027123,177.22190298054247
50.829101190694615,101.65820238138923
80.82775697964541,161.65551395929083
87.90982254739895,175.8196450947979
85.6270103883485,171.254020776697
92.89350575435145,185.7870115087029
31.05168460274378,62.10336920548756
0.3266233186263401,0.6532466372526802
11.77092548964106,23.54185097928212
86.06912228915017,172.13824457830034
22.883694902531815,45.76738980506363
34.69747243297697,69.39494486595395
42.915689269594296,85.83137853918859
24.226617719238597,48.45323543847719
66.84764572396156,133.69529144792313
89.78850553493412,179.57701106986823
89.74098475615844,179.48196951231688
15.524337445210467,31.048674890420934
96.09998525881794,192.19997051763588
40.86820589766075,81.7364117953215
72.63807168041866,145.27614336083732
12.199398189984368,24.398796379968736
10.217835710087165,20.43567142017433
58.13962608094953,116.27925216189907
63.792925637252054,127.58585127450411
2.310824625759378,4.621649251518756
13.478659112332458,26.957318224664917
80.1538245409828,160.3076490819656
63.443340454503094,126.88668090900619
19.70034714264559,39.40069428529118
44.87634548144188,89.75269096288376
10.983302002587724,21.966604005175448
24.411710880911475,48.82342176182295
94.49152721948106,188.9830544389621
65.83706240124106,131.6741248024821
12.714691877657991,25.429383755315982
24.56766256373477,49.13532512746954
44.94800267942403,89.89600535884806
20.89441728185335,41.7888345637067
86.64807665588478,173.29615331176956
41.760885242688815,83.52177048537763
24.836771448620574,49.67354289724115
38.49334878926665,76.9866975785333
6.2765326079015304,12.553065215803061
12.887070858450656,25.774141716901312
57.036938159365825,114.07387631873165
48.448455135683844,96.89691027136769
95.67440007364631,191.34880014729262
61.954864066229085,123.90972813245817
58.168779309578035,116.33755861915607
49.488971930487935,98.97794386097587
98.86839961846772,197.73679923693544
78.37337043975991,156.74674087951982
64.87925834621385,129.7585166924277
99.83919116679914,199.67838233359828
88.42202615081574,176.84405230163148
28.476379537590958,56.952759075181916
58.4303923139028,116.8607846278056
85.29443115962647,170.58886231925294
44.374176638023634,88.74835327604727
82.08774712457063,164.17549424914125
53.472085869952465,106.94417173990493
12.68103847529144,25.36207695058288
45.173748772487876,90.34749754497575
39.42652466756039,78.85304933512079
65.20046886504437,130.40093773008874
87.54573857314828,175.09147714629657
71.65662644268643,143.31325288537286
88.12062063512501,176.24124127025001
43.645394865500464,87.29078973100093
50.97693492305031,101.95386984610062
51.86569746070185,103.7313949214037
45.59474469427786,91.18948938855571
83.63339676979216,167.2667935395843
20.024858507153308,40.049717014306616
52.322707600854116,104.64541520170823
46.94167424958942,93.88334849917884
65.98269115046806,131.9653823009361
51.72213184119292,103.44426368238584
36.90728421104846,73.81456842209693
51.72002293416143,103.44004586832285
59.572865377485506,119.14573075497101
12.896600720552144,25.793201441104287
24.057418122557618,48.114836245115235
60.44286052484142,120.88572104968284
44.21676759781652,88.43353519563304
70.24070664230192,140.48141328460383
12.50756092285461,25.01512184570922
7.458859538159324,14.917719076318647
35.512522597775366,71.02504519555073
7.7057414853239585,15.411482970647917
0.9668058330094986,1.9336116660189973
0.848951744516746,1.697903489033492
91.91826981239252,183.83653962478505
19.997286317977736,39.99457263595547
32.65372668160791,65.30745336321581
6.2025302473547095,12.405060494709419
17.025266079148803,34.05053215829761
19.812888051744505,39.62577610348901
93.93380300593168,187.86760601186336
15.47179283442619,30.94358566885238
78.78810093080375,157.5762018616075
27.368281931639483,54.73656386327897
84.09228034700405,168.1845606940081
46.70472905736944,93.40945811473888
51.327567353486195,102.65513470697239
55.39431628371824,110.78863256743648
79.22297738292995,158.4459547658599
75.41327616255413,150.82655232510825
59.17784250262083,118.35568500524165
82.75689312710503,165.51378625421006
68.93131017539675,137.8626203507935
11.942102320421167,23.884204640842334
48.475581103326185,96.95116220665237
94.86897119548173,189.73794239096347
98.47512214595812,196.95024429191625
6.0822827973338605,12.164565594667721
50.56182741084986,101.12365482169972
43.20904309598848,86.41808619197695
47.71176533744366,95.42353067488732
71.10785716540077,142.21571433080155
23.01649731952611,46.03299463905222
0.2684289030328024,0.5368578060656048
70.93057076707872,141.86114153415744
53.53343242265902,107.06686484531804
6.556511680639576,13.113023361279152
3.7876426016842157,7.5752852033684315
23.426531364555725,46.85306272911145
19.708700494768884,39.41740098953777
39.62901296526496,79.25802593052993
79.44017744390757,158.88035488781514
80.87980857438455,161.7596171487691
48.20911299898283,96.41822599796566
64.49144410814053,128.98288821628105
27.115212401791656,54.23042480358331
11.720186269341859,23.440372538683718
34.3069305774596,68.6138611549192
83.03336750073586,166.06673500147173
24.315228702090586,48.63045740418117
73.28932153013501,146.57864306027002
77.97657970524206,155.95315941048412
95.1724538301205,190.344907660241
86.1436433887284,172.2872867774568
35.02468719637915,70.0493743927583
97.89211807479859,195.78423614959718
10.334706538707072,20.669413077414145
33.853303427775494,67.70660685555099
7.883264908366927,15.766529816733854
50.377824997039596,100.75564999407919
19.870784998297232,39.741569996594464
41.06424262603356,82.12848525206712
54.126441667995806,108.25288333599161
37.231779542308175,74.46355908461635
19.047689607437313,38.095379214874626
48.076021097444446,96.15204219488889
93.0871518511887,186.1743037023774
32.70101429674433,65.40202859348867
87.527577635023,175.055155270046
68.3769441258452,136.7538882516904
57.92753405944505,115.8550681188901
42.25518359971391,84.51036719942782
19.561813452374675,39.12362690474935
84.20246110953642,168.40492221907283
51.11796624586069,102.23593249172139
31.2140694497975,62.428138899595
44.97972187115779,89.95944374231559
49.94420588326501,99.88841176653003
88.08225113239399,176.16450226478798
56.39456689087405,112.7891337817481
10.590636895154992,21.181273790309984
71.01015591986031,142.02031183972062
87.22439119697994,174.44878239395987
35.4984930025777,70.9969860051554
52.918667133498545,105.83733426699709
55.72274969677156,111.44549939354312
32.56156308491095,65.1231261698219
71.832564366682,143.665128733364
14.404816978383838,28.809633956767676
21.01703700634384,42.03407401268768
36.12314182714831,72.24628365429662
30.921767686870194,61.84353537374039
57.942294050010226,115.88458810002045
77.85897264420194,155.71794528840388
74.56823550403391,149.13647100806782
89.1176013642539,178.2352027285078
29.20926978756293,58.41853957512586
30.0074923883609,60.0149847767218
92.30615026675507,184.61230053351014
5.451696787307336,10.903393574614672
37.591923036579765,75.18384607315953
15.13079227127745,30.2615845425549
75.28392438216233,150.56784876432465
4.361944070445878,8.723888140891756
64.01275920729962,128.02551841459925
44.22726716931291,88.45453433862582
42.04460392715171,84.08920785430342
20.09518511268341,40.19037022536682
43.3622326167442,86.7244652334884
78.21738706641447,156.43477413282895
42.53630039742553,85.07260079485106
28.316062633152217,56.632125266304435
18.222104465932098,36.444208931864196
54.18538603509787,108.37077207019574
37.55143337042004,75.10286674084008
4.229583668912584,8.459167337825168
60.88851193995711,121.77702387991422
13.140449466567905,26.28089893313581
47.65373465657077,95.30746931314154
71.32547228873814,142.65094457747628
95.31782742372967,190.63565484745934
44.22370396636441,88.44740793272882
47.76300717131754,95.52601434263508
79.9319070028881,159.8638140057762
58.94222798260606,117.88445596521213
52.28798581005958,104.57597162011916
9.54563803229529,19.09127606459058
54.96389207056037,109.92778414112074
45.763978485228094,91.52795697045619
59.81003952715973,119.62007905431946
76.93086596660224,153.86173193320448
54.82450352906659,109.64900705813318
88.0063506548393,176.0127013096786
36.59460083689313,73.18920167378626
16.93743138851882,33.87486277703764
62.03168087218859,124.06336174437718
93.90860560825578,187.81721121651157
44.476335838027694,88.95267167605539
84.50108227484722,169.00216454969444
58.26155206376408,116.52310412752816
36.98664680426338,73.97329360852676
22.07388488126916,44.14776976253832
54.65320303080823,109.30640606161646
85.32970252526701,170.65940505053402
41.41343045815968,82.82686091631936
17.788146276213435,35.57629255242687
90.95478356436007,181.90956712872014
76.13130358400883,152.26260716801767
15.522748606550474,31.045497213100948
63.78638206122337,127.57276412244674
70.8164786357577,141.6329572715154
67.72395189436695,135.4479037887339
29.34128704333807,58.68257408667614
7.791313509967179,15.582627019934359
17.118165747744772,34.236331495489544
17.496428778725925,34.99285755745185
92.21200976618455,184.4240195323691
69.16103163812971,138.32206327625943
71.3763689228242,142.7527378456484
27.13681228199667,54.27362456399334
25.552006734916542,51.104013469833085
78.57031146173776,157.14062292347552
50.15944321398147,100.31888642796294
44.82111605985567,89.64223211971134
68.84164384366593,137.68328768733187
40.56577489977674,81.13154979955348
11.767711450637785,23.53542290127557
64.55866126796373,129.11732253592746
28.347893178769635,56.69578635753927
88.01817743751225,176.0363548750245
32.29728294174342,64.59456588348684
32.28130145230064,64.56260290460128
86.87630473478708,173.75260946957417
90.94586857804843,181.89173715609687
87.48770059526886,174.97540119053772
48.49811203354991,96.99622406709982
46.188171439363046,92.37634287872609
22.291522450752876,44.58304490150575
73.79232774520908,147.58465549041816
5.525829408218019,11.051658816436039
91.478953910587,182.957907821174
67.66509658368624,135.33019316737247
72.70070914980295,145.4014182996059
81.38167187132493,162.76334374264985
80.29478374147284,160.58956748294568
8.552548395026916,17.10509679005383
80.80290569728685,161.6058113945737
76.74054311979293,153.48108623958586
29.33168956969473,58.66337913938946
48.48398734169257,96.96797468338514
23.694780077495636,47.38956015499127
74.53366520269539,149.06733040539078
54.54823910303841,109.09647820607682
89.07795175738576,178.15590351477152
61.91022053424744,123.82044106849489
33.97768716944171,67.95537433888342
34.49284068962998,68.98568137925996
54.75423909335247,109.50847818670493
57.76229399601682,115.52458799203364
24.3528741192221,48.7057482384442
92.9761362122777,185.9522724245554
77.69560257831112,155.39120515662225
85.9534029592953,171.9068059185906
89.76003728107351,179.52007456214702
0.8741340073574522,1.7482680147149043
57.25167720222905,114.5033544044581
68.3571070829921,136.7142141659842
3.1211963959346223,6.242392791869245
86.1711509017301,172.3423018034602
2.2137112654592728,4.4274225309185455
59.381292116341086,118.76258423268217
14.955130215592227,29.910260431184454
85.33374416305651,170.66748832611302
92.79087302170534,185.58174604341067
10.652265156764996,21.30453031352999
25.72465228804045,51.4493045760809
44.32526986952796,88.65053973905592
72.10130880960747,144.20261761921495
76.1835565658685,152.367113131737
51.40739047431189,102.81478094862378
77.4679493071588,154.9358986143176
46.14495968111141,92.28991936222282
82.35550327625208,164.71100655250416
43.669368438032976,87.33873687606595
56.00990653373808,112.01981306747616
92.10279529574326,184.20559059148653
72.52887765177664,145.05775530355328
78.81934873265966,157.63869746531932
63.3951043682536,126.7902087365072
60.71082186025393,121.42164372050786
34.6386722302051,69.2773444604102
24.560021850584135,49.12004370116827
39.21444723848059,78.42889447696118
7.798466376136181,15.596932752272362
69.13139861978806,138.26279723957612
69.8203925765891,139.6407851531782
54.11206007042972,108.22412014085944
83.24097285892921,166.48194571785842
53.02754621826189,106.05509243652378
20.97235488728424,41.94470977456848
33.401756033861915,66.80351206772383
62.44835218207352,124.89670436414704
18.407255714315262,36.814511428630524
34.60652717019654,69.21305434039309
94.16973307276119,188.33946614552238
35.069231391441434,70.13846278288287
78.56239714477779,157.12479428955558
97.68009544193671,195.36019088387343
0.6473823962775627,1.2947647925551253
25.813420324443626,51.62684064888725
98.18631088510361,196.37262177020722
88.38887163835015,176.7777432767003
9.081833964978458,18.163667929956915
50.62010420626948,101.24020841253896
76.04764313292354,152.09528626584708
28.38999961830889,56.77999923661778
19.570535346602203,39.141070693204405
57.03536692512131,114.07073385024262
78.92258772350476,157.84517544700952
46.10802877421062,92.21605754842123
17.74971189287009,35.49942378574018
42.1451955396067,84.2903910792134
78.95384807704431,157.90769615408863
47.74203799703761,95.48407599407523
88.27819398030805,176.5563879606161
74.85409717422958,149.70819434845916
97.4467429676305,194.893485935261
22.07044961040261,44.14089922080522
5.034007873236868,10.068015746473735
30.366336200859877,60.73267240171975
20.726045700146003,41.452091400292005
83.6568028207269,167.3136056414538
29.323398308621528,58.646796617243055
55.436996440489196,110.87399288097839
92.44524425349924,184.89048850699848
9.665100525373727,19.330201050747455
41.52858991093571,83.05717982187142
65.23582408826486,130.47164817652973
49.152877032722046,98.30575406544409
73.94798233820379,147.89596467640757
7.633401729291556,15.266803458583112
41.90311474121615,83.8062294824323
19.74288838905246,39.48577677810492
28.367318207422464,56.73463641484493
33.07845106536216,66.15690213072432
11.280070293407407,22.560140586814814
4.540279282911531,9.080558565823061
11.034492492310067,22.068984984620133
52.92487996108623,105.84975992217247
58.408990735185284,116.81798147037057
5.460230374049813,10.920460748099625
40.419790642400756,80.83958128480151
73.35936301787174,146.7187260357435
57.03610694684408,114.07221389368816
11.612994825546096,23.225989651092192
14.747834396153747,29.495668792307494
67.12755381797086,134.25510763594173
64.2731296030194,128.5462592060388
82.03834863244145,164.0766972648829
8.50030329747884,17.00060659495768
6.981288064118518,13.962576128237036
1.0978447986563333,2.1956895973126667
35.71875575447496,71.43751150894992
68.285392771432,136.570785542864
23.036166401603097,46.072332803206194
92.97938491329548,185.95876982659095
34.53614734401847,69.07229468803693
98.38807705363844,196.77615410727688
82.42980320868922,164.85960641737844
80.68390860798604,161.36781721597208
15.1222061118378,30.2444122236756
74.96186826303544,149.92373652607088
7.186470140970491,14.372940281940982
99.58492030473904,199.1698406094781
36.0881948417193,72.1763896834386
8.296091654080872,16.592183308161744
95.46798950038965,190.9359790007793
21.515612584042167,43.03122516808433
72.43782740487161,144.87565480974322
9.272603772310074,18.545207544620148
24.013371819425434,48.02674363885087
90.58993032070252,181.17986064140504
25.856248791916247,51.712497583832494
6.078254257819182,12.156508515638365
2.912740260954161,5.825480521908322
36.16798457844769,72.33596915689537
78.76129382482758,157.52258764965515
0.5631525083248268,1.1263050166496535
15.169725393183441,30.339450786366882
19.58051612688435,39.1610322537687
7.926643049584181,15.853286099168361
93.50794325996029,187.01588651992057
89.17576950065545,178.3515390013109
48.62346235740712,97.24692471481424
79.05486702255851,158.10973404511702
17.09975838122395,34.1995167624479
10.748144077930522,21.496288155861045
70.36591241331747,140.73182482663495
45.82232750477011,91.64465500954022
21.215746554383617,42.431493108767235
73.83298191990559,147.66596383981118
94.27012526608763,188.54025053217526
97.36514059732568,194.73028119465135
14.31092874469867,28.62185748939734
87.3983521036364,174.7967042072728
34.49086750815884,68.98173501631769
99.1781388101533,198.3562776203066
27.042006098616987,54.084012197233974
22.2821471800711,44.5642943601422
48.64020053010136,97.28040106020272
61.50701471272584,123.01402942545168
74.23334998931632,148.46669997863265
82.09760695250142,164.19521390500284
67.02242874440347,134.04485748880694
27.316160427639414,54.63232085527883
12.416868639973744,24.83373727994749
32.43198969726748,64.86397939453497
57.36449971051295,114.7289994210259
20.881051011754103,41.762102023508206
77.19442907225752,154.38885814451504
3.3411520801416628,6.6823041602833255
43.74356207122509,87.48712414245018
28.18296200069389,56.36592400138778
71.50232372405702,143.00464744811404
52.1725166482715,104.345033296543
77.57005993579988,155.14011987159975
25.502286006712815,51.00457201342563
45.43354032668804,90.86708065337608
98.11398056822713,196.22796113645427
53.10382671110596,106.20765342221192
98.98014597636421,197.96029195272843
69.90539655610982,139.81079311221964
60.9515644961303,121.9031289922606
32.21636777409034,64.43273554818067
93.64608928774516,187.2921785754903
32.09289070476397,64.18578140952793
9.65870998545716,19.31741997091432
51.95660957449818,103.91321914899636
65.11828205213348,130.23656410426696
21.897222376830182,43.794444753660365
54.95844683240224,109.91689366480448
46.95556859699682,93.91113719399364
38.42352564300606,76.84705128601212
82.38327506212956,164.7665501242591
53.95053454497803,107.90106908995605
68.1259172206706,136.2518344413412
84.77863639583173,169.55727279166345
86.73492581557095,173.4698516311419
76.5144946095621,153.0289892191242
49.64441395329329,99.28882790658658
9.473785226275355,18.94757045255071
96.1181285690066,192.2362571380132
24.345205333942708,48.690410667885416
76.54542489654553,153.09084979309105
98.08651894469946,196.17303788939893
32.20651699152888,64.41303398305776
84.84366567700621,169.68733135401243
73.73284085381202,147.46568170762404
31.93950402635317,63.87900805270634
73.9799103371924,147.9598206743848
72.23708908222363,144.47417816444727
43.80681169432991,87.61362338865982
71.24795790196367,142.49591580392735
77.79845650499297,155.59691300998594
57.47930811369446,114.95861622738892
32.48369790200769,64.96739580401538
27.909103979224426,55.81820795844885
5.875326658292113,11.750653316584225
90.47054461400602,180.94108922801203
54.04278080185324,108.08556160370648
8.67096545175735,17.3419309035147
72.56271304378629,145.12542608757258
88.67580108078681,177.35160216157362
25.075679016691343,50.151358033382685
88.93923352582122,177.87846705164245
88.99312723013931,177.98625446027862
52.52792373993227,105.05584747986454
3.2730918517805407,6.5461837035610815
29.305796455038035,58.61159291007607
42.481147078677836,84.96229415735567
84.15828732780196,168.31657465560392
47.60332074420389,95.20664148840778
25.053574271482514,50.10714854296503
52.41824259841831,104.83648519683662
54.222275638868034,108.44455127773607
0.6890267519571891,1.3780535039143782
7.3050529391475605,14.610105878295121
79.97895155650005,159.9579031130001
79.11768272802409,158.23536545604819
7.711204894274171,15.422409788548341
92.6544053964669,185.3088107929338
61.8041177754846,123.6082355509692
89.86641898557296,179.73283797114593
85.80802436969964,171.61604873939928
48.19868042541848,96.39736085083696
84.01515363961481,168.03030727922962
3.0393232282833305,6.078646456566661
57.313532004273156,114.62706400854631
60.12697543595961,120.25395087191922
65.13754870607919,130.27509741215837
74.5556058362822,149.1112116725644
28.90477949871538,57.80955899743076
10.82180269658599,21.64360539317198
96.60497450957625,193.2099490191525
52.14765762888442,104.29531525776883
82.43168989098936,164.86337978197872
4.441896262534106,8.883792525068213
76.23582855887821,152.47165711775642
73.01430305393122,146.02860610786243
48.1801936339276,96.3603872678552
91.81153514507902,183.62307029015804
1.7121632487249405,3.424326497449881
39.85394898277972,79.70789796555944
22.32312301284284,44.64624602568568
46.82438351389857,93.64876702779713
1.573606201402633,3.147212402805266
97.23704841290085,194.4740968258017
3.2334189279744074,6.466837855948815
0.40159658314167235,0.8031931662833447
89.38246785439692,178.76493570879384
96.69205362988687,193.38410725977374
91.42901204544344,182.8580240908869
42.57021589778386,85.14043179556772
33.95060766940768,67.90121533881536
50.797435688900414,101.59487137780083
73.2668364535198,146.5336729070396
43.694232664883415,87.38846532976683
33.720952726419654,67.44190545283931
20.777887031662967,41.555774063325934
42.69545397261284,85.39090794522568
6.374449735455934,12.748899470911867
17.797353278411787,35.594706556823574
10.516344809276312,21.032689618552624
99.87215805281713,199.74431610563425
9.932563312413766,19.865126624827532
59.28623958816869,118.57247917633738
88.73897721339577,177.47795442679154
56.38706197482467,112.77412394964934
84.38846939431482,168.77693878862965
7.420602093819351,14.841204187638702
20.335156001034992,40.670312002069984
62.99065485068122,125.98130970136243
52.46450744684179,104.92901489368359
48.25671574056945,96.5134314811389
6.712264807584245,13.42452961516849
38.70027522667061,77.40055045334122
61.26708675957744,122.53417351915488
62.11671817485621,124.23343634971242
56.95201884726452,113.90403769452904
20.341275242353383,40.682550484706766
74.7715000993762,149.5430001987524
49.39938704809891,98.79877409619782
98.32503032862657,196.65006065725314
34.781170157006066,69.56234031401213
71.40580507733634,142.81161015467268
97.51874960116898,195.03749920233795
12.627178087163449,25.254356174326897
91.00771966384208,182.01543932768416
64.51069912384368,129.02139824768736
41.20674853388606,82.41349706777213
43.7828544826115,87.565708965223
75.62716897114821,151.25433794229642
25.44058921198139,50.88117842396278
40.1589957964543,80.3179915929086
4.221359407137948,8.442718814275896
5.447651201703629,10.895302403407259
77.34194693151821,154.68389386303642
38.848110301402194,77.69622060280439
51.50876635366636,103.01753270733272
78.22501049185708,156.45002098371415
10.505205337435497,21.010410674870993
10.120793304034992,20.241586608069984
86.84667267739201,173.69334535478401
28.585931367456052,57.171862734912104
62.99193588571781,125.98387177143562
24.040107343852913,48.080214687705826
4.014502632226624,8.029005264453248
41.04978582029247,82.09957164058494
17.45632216162335,34.9126443232467
19.915089608484827,39.830179216969654
63.72280152552213,127.44560305104426
19.637232328881925,39.27446465776385
16.19674444800997,32.39348889601994
35.10188427107275,70.2037685421455
16.876740702331595,33.75348140466319
64.68899764643774,129.37799529287548
14.472787952808886,28.945575905617773
63.20018584470577,126.40037168941154
69.06347727081376,138.12695454162753
68.81052795891986,137.62105591783973
41.06458338627763,82.12916677255527
6.737978364314334,13.475956728628669
86.6437095514732,173.2874191029464
92.69451807247985,185.3890361449597
40.01488397994617,80.02976795989234
40.102899846709484,80.20579969341897
21.175652890292195,42.35130578058439
88.33259481884267,176.66518963768533
53.877966310039284,107.75593262007857
45.742579200084755,91.48515840016951
0.46890726243657976,0.9378145248731595
52.57143000370432,105.14286000740864
33.969404439101446,67.93880887820289
5.558458905643948,11.116917811287896
16.434076634971618,32.868153269943235
69.53219582793619,139.06439165587238
75.6405810062192,151.2811620124384
82.79617476873253,165.59234953746505
52.574976692532026,105.14995338506405
90.15959308585566,180.31918617171132
70.16824905559916,140.33649811119832
38.35059885197345,76.7011977039469
78.02232252489738,156.04464504979475
31.10339554404685,62.2067910880937
31.41108010944106,62.82216021888212
87.42542837653761,174.85085675307522
88.29750602000934,176.59501204001867
17.22988917995778,34.45977835991556
81.19436918996577,162.38873837993154
90.84529897361541,181.69059794723083
46.044605301017874,92.08921060203575
99.82468805532714,199.6493761106543
22.394819371020414,44.78963874204083
63.00346343414125,126.0069268682825
42.88922462860777,85.77844925721554
49.46031864344055,98.9206372868811
64.4489646792852,128.8979293585704
8.011893233037648,16.023786466075297
12.441694404494118,24.883388808988236
2.2079405138774155,4.415881027754831
2.6351249656321962,5.2702499312643925
21.94457927260788,43.88915854521576
91.00265520349183,182.00531040698365
98.74689891602074,197.49379783204148
94.92658625567587,189.85317251135174
16.842434166407592,33.684868332815185
0.9767259105928017,1.9534518211856033
29.04250321211993,58.08500642423986
60.64209098700205,121.2841819740041
31.143807303939553,62.28761460787911
73.75183795329406,147.50367590658811
97.60873088718401,195.21746177436802
71.37342242655468,142.74684485310937
88.43881753129288,176.87763506258577
12.242169850669926,24.484339701339852
6.261471779012107,12.522943558024213
44.43164666386197,88.86329332772394
56.610883043198044,113.22176608639609
63.700150361575446,127.40030072315089
5.2139112521093045,10.427822504218609
98.12932429096077,196.25864858192153
40.192854923980136,80.38570984796027
80.66748091255343,161.33496182510686
74.97076964667964,149.94153929335928
36.8619541227189,73.7239082454378
18.560883210308642,37.121766420617284
51.76195020079823,103.52390040159646
65.76570124930402,131.53140249860803
36.32796639218443,72.65593278436886
79.62654570072269,159.25309140144537
2.3059316024274246,4.611863204854849
94.66899828112811,189.33799656225622
24.380228556404127,48.760457112808254
80.27801835018897,160.55603670037794
61.40751967005684,122.81503934011369
72.96764481953689,145.93528963907377
25.7537597853008,51.5075195706016
81.36388975344722,162.72777950689445
80.29236738377912,160.58473476755825
41.86658170139245,83.7331634027849
23.782333686417477,47.564667372834954
4.505893286596974,9.011786573193948
12.632008222935143,25.264016445870286
75.13489685109138,150.26979370218277
36.972024834860264,73.94404966972053
2.202374992584233,4.404749985168466
18.839332879980276,37.67866575996055
11.955457324987584,23.91091464997517
17.08328552932583,34.16657105865166
64.927788405764,129.855576811528
86.36154510303604,172.72309020607207
43.62598591310207,87.25197182620414
93.97833150495194,187.95666300990388
67.86646235045633,135.73292470091266
29.45585944058726,58.91171888117452
28.693312295340277,57.386624590680555
93.56608292243409,187.13216584486818
24.455653407188393,48.911306814376786
67.01287992645273,134.02575985290545
21.157092271307132,42.314184542614264
55.26513727443915,110.5302745488783
30.667871417547243,61.335742835094486
89.29074933666514,178.5814986733303
89.07390911032125,178.1478182206425
52.49581033231115,104.9916206646223
79.59426302516424,159.18852605032848
63.77395127690701,127.54790255381403
76.74308975745322,153.48617951490644
2.1096670351387736,4.219334070277547
30.805884997971955,61.61176999594391
33.472585239148714,66.94517047829743
33.219021827453965,66.43804365490793
15.61028828025518,31.22057656051036
74.8265433920875,149.653086784175
32.74983179115997,65.49966358231994
31.319775300631157,62.639550601262314
87.08463944428543,174.16927888857086
34.458810653822134,68.91762130764427
55.39091662410267,110.78183324820534
89.33572967488243,178.67145934976486
17.302188880326742,34.604377760653485
78.47872813003207,156.95745626006413
80.53426992250444,161.06853984500887
3.0920309108563027,6.184061821712605
16.515276350295604,33.03055270059121
88.20399705530166,176.4079941106033
0.7166752727294279,1.4333505454588558
82.3169461818336,164.6338923636672
6.262841664007713,12.525683328015425
43.449033961609814,86.89806792321963
86.14370576102738,172.28741152205475
93.40544410237331,186.81088820474662
5.348662233383394,10.697324466766789
30.765635146794278,61.531270293588555
79.79780975583836,159.59561951167672
57.31624709149775,114.6324941829955
7.457701088599233,14.915402177198466
53.78242912788432,107.56485825576864
47.65404070718401,95.30808141436802
47.637669665867236,95.27533933173447
98.913650845854,197.827301691708
19.718048391672106,39.43609678334421
28.112584466968016,56.22516893393603
95.15271038010398,190.30542076020797
98.52044650701579,197.04089301403158
39.174685956905655,78.34937191381131
47.641461534218045,95.28292306843609
33.972310509930324,67.94462101986065
43.227248470507554,86.45449694101511
41.354024689605794,82.70804937921159
86.68565323151498,173.37130646302995
77.47648991830154,154.95297983660308
13.886086414857324,27.77217282971465
49.7482553897777,99.4965107795554
95.08412291499192,190.16824582998385
86.65240694331133,173.30481388662267
26.64003583283009,53.28007166566018
36.05519610812321,72.11039221624642
98.61928276577943,197.23856553155886
49.466314410293236,98.93262882058647
93.91027437210369,187.82054874420737
4.6060801404510965,9.212160280902193
75.58146677359589,151.16293354719178
33.467451685227644,66.93490337045529
57.73568855525342,115.47137711050684
58.30918170176399,116.61836340352798
70.29864055936362,140.59728111872724
56.126891215892236,112.25378243178447
24.02800822365848,48.05601644731696
3.93198312598384,7.86396625196768
8.812767543130395,17.62553508626079
13.836302495799313,27.672604991598625
44.79601525901643,89.59203051803286
10.196633716083426,20.39326743216685
10.29187070605625,20.5837414121125
65.78534032338781,131.57068064677563
97.24025251102437,194.48050502204873
36.69771729491905,73.3954345898381
54.63077876627368,109.26155753254736
97.21467408444504,194.42934816889007
82.44234357385419,164.88468714770838
76.60456838215796,153.20913676431593
8.360886149740809,16.721772299481618
65.33404901932083,130.66809803864166
22.229789684370804,44.45957936874161
67.81669362782942,135.63338725565885
98.85041062840982,197.70082125681964
70.12179547659534,140.24359095319068
32.37057114960918,64.74114229921835
96.1994093079597,192.3988186159194
67.54415092387995,135.0883018477599
39.82325449223234,79.64650898446467
5.42130547817834,10.84261095635668
99.31449384630905,198.6289876926181
67.73266994149647,135.46533988299294
6.183388351070429,12.366776702140857
85.936761024351,171.873522048702
61.109042244885934,122.21808448977187
43.94690028919278,87.89380057838557
85.06486976069013,170.12973952138026
41.67199843217141,83.34399686434281
96.35178908633556,192.70357817267111
42.02584990918902,84.05169981837804
70.96400554471937,141.92801108943874
42.88006239526231,85.76012479052461
65.43359704031647,130.86719408063294
45.782923879195714,91.56584775839143
86.40287657001015,172.8057531400203
72.07532457369003,144.15064914738005
8.253864553057555,16.50772910611511
27.851730298424016,55.70346059684803
15.513384223009052,31.026768446018103
11.01234449272469,22.02468898544938
1.8790062186872403,3.7580124373744805
17.553564747851823,35.107129495703646
29.315645713131865,58.63129142626373
41.21745493788803,82.43490987577606
31.316524729443916,62.63304945888783
39.84982416253621,79.69964832507242
91.20099508508437,182.40199017016874
91.93227636803559,183.86455273607118
81.67458083880622,163.34916167761244
49.08821870318529,98.17643740637058
47.48604607686868,94.97209215373736
77.4000735411032,154.8001470822064
54.7536666216843,109.5073332433686
22.197262047886536,44.39452409577307
54.334246596402814,108.66849319280563
89.0598251014471,178.1196502028942
75.50034050460465,151.0006810092093
97.10319033168766,194.2063806633753
10.40576427088481,20.81152854176962
90.85688645812111,181.71377291624222
85.89613268566882,171.79226537133763
21.47798633514203,42.95597267028406
21.520141478533926,43.04028295706785
9.874713683413649,19.749427366827298
95.42897870357426,190.85795740714852
22.796082704072873,45.592165408145746
64.66882427767973,129.33764855535946
11.945490823755112,23.890981647510223
28.619775221252052,57.239550442504104
94.31653039727476,188.63306079454952
9.155967590929126,18.311935181858253
93.89710393901835,187.7942078780367
18.65674432425045,37.3134886485009
97.89186502309713,195.78373004619425
61.33319087293943,122.66638174587887
86.38932320436115,172.7786464087223
33.12349308490127,66.24698616980254
51.5957990277476,103.1915980554952
78.9756058015562,157.9512116031124
95.01758496143687,190.03516992287373
35.8669211403738,71.7338422807476
13.772050296249017,27.544100592498033
88.3534230151351,176.7068460302702
79.31524421431078,158.63048842862156
42.028977930979025,84.05795586195805
48.46491142688764,96.92982285377528
47.653824310436555,95.30764862087311
70.48406180511604,140.96812361023208
10.953515306278018,21.907030612556035
50.28322903244642,100.56645806489284
23.356471559580317,46.712943119160634
7.921265022192392,15.842530044384784
42.41190116860828,84.82380233721656
5.386544974309171,10.773089948618342
8.082290783129388,16.164581566258775
80.35164491723312,160.70328983446623
81.3768822730535,162.753764546107
16.29461981521503,32.58923963043006
12.830799753142996,25.66159950628599
80.66208774411261,161.32417548822522
51.00942709953069,102.01885419906138
54.93584488950095,109.8716897790019
69.47385572522204,138.94771145044407
84.5028365731735,169.005673146347
54.206830937071516,108.41366187414303
26.198369180671587,52.396738361343175
90.83196753637151,181.66393507274302
30.70998699781399,61.41997399562798
39.76171705116661,79.52343410233323
30.335337855115874,60.67067571023175
45.38122257301712,90.76244514603424
60.5958198353096,121.1916396706192
19.2772163943709,38.5544327887418
48.407660003944805,96.81532000788961
14.74684629584151,29.49369259168302
99.10592913071207,198.21185826142414
69.23433825123581,138.46867650247162
70.68435440040945,141.3687088008189
10.395930945669086,20.791861891338172
27.89109205198962,55.78218410397924
34.934949322763245,69.86989864552649
61.45368778395303,122.90737556790606
64.80751229923705,129.6150245984741
5.9148841452082435,11.829768290416487
79.47260543852994,158.94521087705988
67.11207772195884,134.22415544391768
14.709394911019412,29.418789822038825
72.42881068759209,144.85762137518418
66.04616042725594,132.09232085451188
75.53625473866077,151.07250947732155
37.134093941412836,74.26818788282567
52.61362521523839,105.22725043047679
20.495387868339787,40.99077573667957
89.06441530470389,178.12883060940777
72.09065625033534,144.18131250067069
91.57167846705867,183.14335693411735
34.145134946118915,68.29026989223783
34.50970398677439,69.01940797354878
5.5210924034520215,11.042184806904043
16.15119216355333,32.30238432710666
86.53594008624201,173.07188017248401
90.93699133362432,181.87398266724864
43.86946240974603,87.73892481949206
75.99077679114595,151.9815535822919
95.80742443241427,191.61484886482853
58.59489721711334,117.18979443422668
11.899871834384612,23.799743668769224
11.367570259789971,22.735140519579943
55.95391733214207,111.90783466428414
53.41606842420716,106.83213684841432
31.732462753458247,63.464925506916494
25.62657178949843,51.25314357899686
92.65320299740402,185.30640599480805
16.335567769169145,32.67113553833829
92.04121722500193,184.08243445000386
52.561263805702616,105.12252761140523
12.970136456188241,25.940272912376482
81.45045313545897,162.90090627091794
89.6193689742775,179.238737948555
19.066413332267864,38.13282666453573
14.605367016735194,29.210734033470388
46.413389914945846,92.82677982989169
48.20802684921024,96.41605369842048
11.607123443313904,23.21424688662781
65.7477254302642,131.4954508605284
98.5640843556487,197.1281687112974
33.717166868363094,67.43433373672619
6.656307294397901,13.312614588795801
4.069772058112042,8.139544116224084
89.42681847776596,178.85363695553193
57.731749554099366,115.46349910819873
94.85013585353741,189.70027170707482
66.65626970258255,133.3125394051651
96.60839218124126,193.2167843624825
85.7641898461921,171.5283796923842
51.55023785347683,103.10047570695366
20.667240084294512,41.334480168589025
78.7924286795409,157.5848573590818
32.94690309554268,65.89380619108536
88.71918698991847,177.43837397983694
92.3814033690792,184.7628067381584
36.22526839158834,72.45053678317667
45.31890538868535,90.6378107773707
94.91337929799963,189.82675859599925
85.62898936313704,171.25797872627408
68.31611733390211,136.63223466780423
37.983642192826885,75.96728438565377
52.11944180204468,104.23888360408937
98.80002132067546,197.6000426413509
58.38961292893019,116.77922585786038
50.638266151490086,101.27653230298017
78.67137021788136,157.34274043576272
13.933290936756059,27.866581873512118
24.302479419756594,48.60495883951319
96.50937202453264,193.01874404906528
31.764049309684772,63.528098619369544
8.302784121622375,16.60556824324475
59.80261316879351,119.60522633758703
39.917171556728526,79.83434311345705
16.416770406926553,32.833540813853105
43.805684461102764,87.61136892220553
13.434468358331863,26.868936716663725
61.857430956755444,123.71486191351089
2.8968799776630583,5.7937599553261165
51.01983189140663,102.03966378281326
2.27350904052247,4.54701808104494
43.09245504798712,86.18491009597425
96.11284638400915,192.2256927680183
48.41975428155217,96.83950856310435
48.330787568648034,96.66157513729607
85.8430945946137,171.6861891892274
62.74555824044422,125.49111648088844
75.56664319913318,151.13328639826636
12.129823323107624,24.25964664621525
18.43813856408535,36.8762771281707
6.954421650599352,13.908843301198704
87.04857417440097,174.09714834880194
76.93757541185462,153.87515082370925
67.9002248624955,135.800449724991
91.38520527923882,182.77041055847764
54.39587097523698,108.79174195047396
84.52351914313013,169.04703828626026
45.60410307527732,91.20820615055464
66.18237118085193,132.36474236170386
18.874606715676556,37.74921343135311
16.564156589749814,33.12831317949963
39.864294456672624,79.72858891334525
49.13606856910192,98.27213713820385
49.20033995046599,98.40067990093198
31.971238698337345,63.94247739667469
68.19432193625377,136.38864387250754
12.47514703806184,24.95029407612368
2.6108089816390567,5.2216179632781135
48.99791785348998,97.99583570697996
44.68252287653137,89.36504575306274
90.68593599193724,181.37187198387448
32.64166155137489,65.28332310274978
28.06735300243728,56.13470600487456
63.13568797156526,126.27137594313052
38.239842307720885,76.47968461544177
22.64854229272203,45.29708458544406
41.700964100892456,83.40192820178491
98.30217475745933,196.60434951491865
25.195775024498033,50.391550048996066
48.48975462863273,96.97950925726546
23.598630179048264,47.19726035809653
54.514485439868466,109.02897087973693
48.07828392821565,96.1565678564313
81.04892889808603,162.09785779617206
61.72021956061094,123.44043912122189
90.86712801263897,181.73425602527794
18.65325762375717,37.30651524751434
85.80883487134759,171.61766974269517
13.842041757400803,27.684083514801607
24.468973814883054,48.93794762976611
77.38041344920858,154.76082689841715
58.361866410235685,116.72373282047137
15.526344556686988,31.052689113373976
50.732573087164056,101.46514617432811
4.70327754956309,9.40655509912618
11.654430374929003,23.308860749858006
3.667288219067666,7.334576438135332
65.7093170660802,131.4186341321604
77.5253802460639,155.0507604921278
26.716090124245362,53.432180248490724
96.94339805341858,193.88679610683715
60.06879585725478,120.13759171450955
62.252048602260466,124.50409720452093
33.223493200569024,66.44698640113805
27.59042460612755,55.1808492122551
28.05270219394491,56.10540438788982
11.151803833030115,22.30360766606023
55.31671241718515,110.6334248343703
79.06992047584764,158.13984095169528
30.366737820693512,60.733475641387024
56.82320268122116,113.64640536244232
59.92298343693626,119.84596687387253
68.29192132482038,136.58384264964076
32.89400731775305,65.7880146355061
64.77603511424891,129.55207022849783
24.344018729396844,48.68803745879369
75.094727637485,150.18945527497
1.5930079859745594,3.186015971949119
68.21643796263285,136.4328759252657
79.13346674255547,158.26693348511094
82.44954487895522,164.89908975791045
94.78299825234858,189.56599650469715
45.81497172278704,91.62994344557409
92.1306678321448,184.2613356642896
30.035984405089668,60.071968810179335
75.79068581540544,151.58137163081088
23.104303557555216,46.20860711511043
44.2900826149095,88.580165229819
95.89965615718425,191.7993123143685
5.380487053734817,10.760974107469634
7.644694413463826,15.289388826927652
98.63841253471251,197.27682506942503
6.217497280255547,12.434994560511093
83.49048980213242,166.98097960426483
43.489077767463414,86.97815553492683
52.07109168156732,104.14218336313463
89.65971368962066,179.31942737924132
62.991342835670714,125.98268567134143
62.434504128752245,124.86900825750449
66.85999756153593,133.71999512307187
69.35652531589035,138.7130506317807
47.043929961787136,94.08785992357427
21.902927838746912,43.805855677493824
19.82779227400965,39.6555845480193
52.285738726363654,104.57147745272731
25.290339480466383,50.580678960932765
98.19613885420367,196.39227770840733
8.667128597640861,17.334257195281722
49.83415317979044,99.66830635958088
62.04581991284457,124.09163982568914
59.32605328262321,118.65210656524641
1.8854254227719358,3.7708508455438716
56.61429211449388,113.22858422898776
19.00213557951539,38.00427115903078
94.32177402652269,188.64354805304538
12.477718021080486,24.955436042160972
2.9347300137076315,5.869460027415263
21.861610793041674,43.72322158608335
38.70804693974333,77.41609387948667
32.543023777348445,65.08604755469689
8.882808562410439,17.765617124820878
70.46062985355847,140.92125970711695
51.20521737558623,102.41043475117246
25.837797646877547,51.675595293755094
42.041152883159086,84.08230576631817
74.89658230033638,149.79316460067275
72.20663317794238,144.41326635588476
31.6974536945411,63.3949073890822
1.3629473836132555,2.725894767226511
49.903951370819,99.807902741638
81.3246943976696,162.6493887953392
74.56517413716959,149.13034827433918
84.8975106581576,169.7950213163152
1.5118799037271202,3.0237598074542404
49.258927356630636,98.51785471326127
80.72607211582455,161.4521442316491
86.59222262672208,173.18444525344415
91.33878876500701,182.67757753001402
52.57417135713121,105.14834271426243
2.5822225103994345,5.164445020798869
69.05035410988226,138.10070821976453
58.27539141787511,116.55078283575023
21.9909367471828,43.9818734943656
80.79861618751768,161.59723237503536
69.9312421107082,139.8624842214164
56.46574387859643,112.93148775719285
47.159048030850705,94.31809606170141
29.615126140984437,59.23025228196887
30.411490752471437,60.822981504942874
42.11481840257437,84.22963680514874
2.268553551921204,4.537107103842408
7.596185981920522,15.192371963841044
89.40725885034846,178.8145177006969
26.651050658145426,53.30210131629085
65.48744863450418,130.97489726900835
82.40567258415885,164.8113451683177
98.31403098817403,196.62806197634805
77.53588401389648,155.07176802779296
18.789068751842475,37.57813750368495
70.02403476363762,140.04806952727523
62.366850983753054,124.73370196750611
61.907773649522305,123.81554729904461
80.38064784898904,160.76129569797808
58.99625304682915,117.9925060936583
86.39247191847082,172.78494383694164
0.9727785430377001,1.9455570860754001
60.984456187566224,121.96891237513245
78.28782193725789,156.57564387451578
92.68974005496045,185.3794801099209
69.51155176749518,139.02310353499036
19.454365416121778,38.908730832243556
80.13801644290355,160.2760328858071
26.26710267999578,52.53420535999156
21.128834521573825,42.25766904314765
90.97179046081864,181.94358092163728
93.56385720211388,187.12771440422776
73.37959621536189,146.75919243072377
44.8204118806519,89.6408237613038
46.26836949443403,92.53673898886807
8.117445124286649,16.234890248573297
60.507159350958474,121.01431870191695
91.47185378506573,182.94370757013147
9.053430911457882,18.106861822915764
41.541003419627565,83.08200683925513
0.05743576014303198,0.11487152028606396
32.57470307082754,65.14940614165508
59.2076481341187,118.4152962682374
65.05587630043169,130.11175260086338
0.9336564001643843,1.8673128003287687
88.48705642278131,176.97411284556262
11.877118531115382,23.754237062230764
36.525765833847124,73.05153166769425
28.093821675160857,56.187643350321714
79.7108771399859,159.4217542799718
98.88843438980395,197.7768687796079
93.01294049014433,186.02588098028866
69.25633518987978,138.51267037975956
30.828654713391078,61.657309426782156
45.11694486893635,90.2338897378727
83.85936280486965,167.7187256097393
50.41135558741754,100.82271117483508
20.48845290353941,40.97690580707882
10.38102962842088,20.76205925684176
66.74715527703887,133.49431055407774
47.08530526154377,94.17061052308755
32.68862749358053,65.37725498716107
95.50295810339661,191.00591620679322
22.216483193054714,44.43296638610943
40.92321913222523,81.84643826445046
15.210581888899878,30.421163777799755
15.960328600179885,31.92065720035977
35.92419710801885,71.8483942160377
82.46294039525132,164.92588079050265
6.762320747927708,13.524641495855416
14.046123922405418,28.092247844810835
92.15203268012392,184.30406536024785
50.07736299590915,100.1547259918183
13.325894185306442,26.651788370612884
82.74926019861677,165.49852039723353
19.74971603932011,39.49943207864022
66.4732267464891,132.9464534929782
41.711447282937655,83.42289456587531
48.098602381978374,96.19720476395675
46.45392548968332,92.90785097936664
84.80991618871909,169.61983237743817
57.43123383189567,114.86246766379134
52.683635329933544,105.36727065986709
28.825038019229787,57.650076038459574
42.47639020282854,84.95278040565708
22.386817998769683,44.773635997539365
30.439243130348636,60.87848626069727
6.041698191894174,12.083396383788347
15.89749822481763,31.79499644963526
76.89232098474479,153.78464196948957
53.85397004168859,107.70794008337718
14.368760019197001,28.737520038394003
18.876367040504437,37.752734081008875
80.18530852960704,160.37061705921408
88.09617222483446,176.19234444966892
58.117755397231285,116.23551079446257
35.70537227621917,71.41074455243835
57.30112151689163,114.60224303378325
42.57456216527833,85.14912433055666
0.35737346389239644,0.7147469277847929
77.12372398731114,154.24744797462228
45.95298229430891,91.90596458861782
66.12803932292694,132.25607864585388
60.424794920686686,120.84958984137337
78.02437079823518,156.04874159647036
18.812186954763842,37.624373909527684
97.12126990446522,194.24253980893045
40.257773667076734,80.51554733415347
81.73557909318299,163.47115818636598
90.64867663271625,181.2973532654325
59.07953067369025,118.1590613473805
15.409108423582762,30.818216847165523
52.44720512779849,104.89441025559698
37.45162358002282,74.90324716004564
53.6209182498954,107.2418364997908
69.19292112761828,138.38584225523655
27.565392553046497,55.13078510609299
42.2805470827306,84.5610941654612
31.94830302864917,63.89660605729834
61.93259152646756,123.86518305293512
69.0660864594149,138.1321729188298
1.5054506556880343,3.0109013113760685
10.864519131725514,21.729038263451027
67.97427959619462,135.94855919238924
75.72235502578218,151.44471005156436
14.416432893823671,28.832865787647343
91.68696912527444,183.3739382505489
67.18615295185263,134.37230590370527
1.1106995036727185,2.221399007345437
52.8732716359265,105.746543271853
80.41521841773502,160.83043683547004
57.81184668246201,115.62369336492402
56.24587894520131,112.49175789040262
2.6044803141388573,5.2089606282777146
92.00542892791009,184.01085785582018
49.20379074651493,98.40758149302987
83.08696134275789,166.17392268551578
71.05326591734888,142.10653183469776
35.677268507096485,71.35453701419297
64.14411724451526,128.28823448903051
81.13776040215176,162.2755208043035
4.5506597210943855,9.101319442188771
68.3207890471218,136.6415780942436
71.45344739101266,142.90689478202532
20.07275266648292,40.14550533296584
18.577194009889553,37.154388019779105
34.823171649967435,69.64634329993487
80.93385485447125,161.8677097089425
72.03288262708428,144.06576525416855
25.875043959759925,51.75008791951985
66.19268920577026,132.38537841154053
72.54760827054587,145.09521654109173
77.71795136008191,155.43590272016382
38.34726604296969,76.69453208593939
43.19313110846994,86.38626221693988
5.800591582726478,11.601183165452955
57.41762819248084,114.83525638496168
95.42229862172597,190.84459724345194
82.3304344177715,164.660868835543
79.51965113560692,159.03930227121384
9.864083977882188,19.728167955764377
96.69314735411123,193.38629470822247
77.51925373316566,155.0385074663313
16.907221304039865,33.81444260807973
33.479996549681545,66.95999309936309
10.058059725051649,20.116119450103298
15.130842724470195,30.26168544894039
26.447032275948544,52.89406455189709
0.5341983900421177,1.0683967800842353
90.06606320456247,180.13212640912494
67.90478207989952,135.80956415979904
21.407159349749726,42.81431869949945
3.160371167975895,6.32074233595179
48.337916637843946,96.67583327568789
71.94653297748661,143.89306595497322
0.5217431539132455,1.043486307826491
12.251233594743505,24.50246718948701
56.08269367621062,112.16538735242123
55.956248750300745,111.91249750060149
41.45477990416463,82.90955980832926
18.620771597101083,37.241543194202166
88.61982966085802,177.23965932171603
44.31357277648706,88.62714555297411
66.07446453144165,132.1489290628833
62.96478235923134,125.92956471846269
41.00106378996905,82.0021275799381
38.59190723857166,77.18381447714332
10.0974087262794,20.1948174525588
87.07488872752282,174.14977745504564
34.51807335507798,69.03614671015596
54.56687631470991,109.13375262941982
48.65750837351336,97.31501674702672
77.17323089455537,154.34646178911075
58.40655976130993,116.81311952261986
5.699553165285631,11.399106330571263
15.999724925034876,31.99944985006975
24.936921388462086,49.87384277692417
26.859689045146684,53.71937809029337
9.741035445037149,19.482070890074297
2.568688783232953,5.137377566465906
90.1446300003857,180.2892600007714
64.48817548450823,128.97635096901647
34.64506102826947,69.29012205653893
48.37542784214372,96.75085568428744
25.907843265907783,51.815686531815565
69.82376703004662,139.64753406009325
63.1435399991288,126.2870799982576
31.362515562814963,62.725031125629926
7.688321098096451,15.376642196192902
25.152347197185808,50.304694394371616
20.12410229146727,40.24820458293454
3.022525138086829,6.045050276173658
29.018964992550266,58.03792998510053
65.58477426320157,131.16954852640313
18.87197100369632,37.74394200739264
29.1755131168564,58.3510262337128
52.43393501588742,104.86787003177484
22.353334156959605,44.70666831391921
74.95132719724857,149.90265439449715
89.38556746518938,178.77113493037876
34.17348369680393,68.34696739360786
57.247545580709634,114.49509116141927
60.80589865292485,121.6117973058497
83.12597482331354,166.25194964662708
9.939796782123322,19.879593564246644
57.919472441754905,115.83894488350981
24.42218346611169,48.84436693222338
9.861345974741276,19.722691949482552
36.27834146469279,72.55668292938557
22.210628891660868,44.421257783321735
74.22105959397774,148.44211918795548
48.67155837420747,97.34311674841494
62.63500463080604,125.27000926161207
16.356248386258954,32.71249677251791
51.65043585239029,103.30087170478058
77.99453552366656,155.9890710473331
13.953322013776981,27.906644027553963
37.004028279171266,74.00805655834253
43.93110202007261,87.86220404014522
74.83631045575714,149.6726209115143
24.459453045073044,48.91890609014609
93.75532712731253,187.51065425462505
37.74150224678065,75.4830044935613
16.03427022472248,32.06854044944496
49.91388461007813,99.82776922015626
25.446665345355648,50.893330690711295
35.415063575859826,70.83012715171965
95.37953279916903,190.75906559833805
57.496150055399944,114.99230011079989
2.489313205865029,4.978626411730058
26.036382310447735,52.07276462089547
38.67126156112896,77.34252312225792
38.9473596166704,77.8947192333408
19.726281895024535,39.45256379004907
86.79365725477514,173.58731450955028
19.784432526107487,39.568865052214974
41.72191303362515,83.4438260672503
62.26568614635012,124.53137229270024
14.782330759107943,29.564661518215885
98.16756963827281,196.33513927654562
23.041989412376175,46.08397882475235
85.38750928867901,170.77501857735803
19.92437136839199,39.84874273678398
49.14256733424849,98.28513466849698
42.58232149719875,85.1646429943975
60.98341578038661,121.96683156077322
46.20319750918921,92.40639501837842
38.65788472624519,77.31576945249039
75.34723367111393,150.69446734222785
36.999991782188026,73.99998356437605
45.46864029678518,90.93728059357036
68.14715073807244,136.29430147614488
1.7509459429698837,3.5018918859397674
45.422708802399434,90.84541760479887
72.90070341720777,145.80140683441553
90.5437574515582,181.0875149031164
9.561901187631827,19.123802375263654
55.66116189818222,111.32232379636444
63.786264048413564,127.57252809682713
57.14830758423227,114.29661516846454
47.356690279226285,94.71338055845257
81.973243211214,163.946486422428
84.41349745300018,168.82699490600035
51.82962307038016,103.65924614076032
0.5859708628578875,1.171941725715775
62.62742968737943,125.25485937475887
57.34960517506272,114.69921035012544
44.49222151585602,88.98444303171205
65.68247459624419,131.36494919248838
24.476860534054946,48.95372106810989
85.95304796098819,171.90609592197637
24.58993571299454,49.17987142598908
43.49067835330253,86.98135670660506
57.391437045431914,114.78287409086383
37.979416748117856,75.95883349623571
37.75981318620051,75.51962637240102
69.0092460807238,138.0184921614476
45.115637907981444,90.23127581596289
53.23237753392909,106.46475506785818
29.858814684352996,59.71762936870599
51.98933190982314,103.97866381964629
60.9315652900275,121.863130580055
99.2817756510632,198.5635513021264
78.20689864136054,156.41379728272108
42.23270512154963,84.46541024309926
54.03624024906976,108.07248049813953
49.57233791395341,99.14467582790682
69.86589805539444,139.73179611078888
32.330906319595485,64.66181263919097
69.00397876953224,138.00795753906448
19.03810610022465,38.0762122004493
33.01487559718519,66.02975119437038
55.06306875371732,110.12613750743463
80.66982159302104,161.33964318604208
81.27329386410317,162.54658772820633
93.32636069102466,186.65272138204932
8.574403216626514,17.14880643325303
9.109578427465836,18.219156854931672
34.33435142957889,68.66870285915778
30.565837702344922,61.131675404689844
22.893552218011294,45.78710443602259
87.36510113457075,174.7302022691415
45.80459263038586,91.60918526077172
25.455862809443698,50.911725618887395
34.29215605777555,68.5843121155511
40.90632480303192,81.81264960606384
52.06722817157945,104.1344563431589
72.36712046662588,144.73424093325175
37.71237569129936,75.42475138259871
3.1728095396793,6.3456190793586
23.6464483309902,47.2928966619804
27.795556600348835,55.59111320069767
63.97747398000511,127.95494796001022
52.21562952770803,104.43125905541606
59.087428469995686,118.17485693999137
68.09513052541625,136.1902610508325
32.72966069839301,65.45932139678602
61.48696652965244,122.97393305930488
76.82145106536112,153.64290213072223
23.25755865260123,46.51511730520246
96.41111375137355,192.8222275027471
89.04106329012309,178.08212658024618
67.61323477373156,135.22646954746313
66.73876509552402,133.47753019104803
99.98261908427688,199.96523816855375
75.85720246381837,151.71440492763674
97.73411950463843,195.46823900927686
78.67044767989012,157.34089535978023
58.97970346598025,117.9594069319605
91.15123305441783,182.30246610883566
99.87739063604229,199.75478127208459
18.896024867757642,37.792049735515285
36.16022344292129,72.32044688584259
65.50867778679121,131.01735557358242
78.4934733088167,156.9869466176334
7.7321856916115035,15.464371383223007
60.28636939483222,120.57273878966444
43.48767639684715,86.9753527936943
17.32469969624787,34.64939939249574
0.2416172756564139,0.4832345513128278
94.66652428448951,189.33304856897902
90.76116546589013,181.52233093178026
1.536801151779832,3.073602303559664
56.62372782560517,113.24745565121034
63.66202771818671,127.32405543637341
24.444039969554986,48.88807993910997
9.713481427836946,19.426962855673892
14.370886500819225,28.74177300163845
78.37415731550685,156.7483146310137
92.97733410144198,185.95466820288397
1.5152261297858405,3.030452259571681
73.55190600205952,147.10381200411905
25.060794553824948,50.121589107649896
98.0975228291487,196.1950456582974
64.03343310184741,128.06686620369481
87.12402036868367,174.24804073736735
88.548369281008,177.096738562016
94.19078872083398,188.38157744166796
94.43954019038188,188.87908038076375
20.444601852514786,40.88920370502957
16.180305367693805,32.36061073538761
39.134998342498875,78.26999668499775
79.0231413898331,158.0462827796662
25.516718167236206,51.03343633447241
75.77779461824579,151.55558923649158
77.29774328647633,154.59548657295267
47.27960740929682,94.55921481859365
68.09875802018773,136.19751604037546
32.75549888686133,65.51099777372266
73.56910991700757,147.13821983401513
64.11648595658545,128.2329719131709
92.08126564679577,184.16253129359154
22.00036866393338,44.00073732786676
25.48691708972305,50.9738341794461
41.55377847550172,83.10755695100345
12.981222618401356,25.96244523680271
86.425649202801,172.851298405602
88.23289544074639,176.46579088149278
79.58888463533131,159.17776927066262
63.51921069470704,127.03842138941408
44.1678505273455,88.335701054691
56.258878984286355,112.51775796857271
60.91393181127972,121.82786362255943
20.083574131373204,40.16714826274641
80.11525490400388,160.23050980800775
3.4030654995504728,6.8061309991009455
2.876177467296126,5.752354934592252
66.04294646335283,132.08589292670567
78.90311514962653,157.80623029925306
67.0848209001459,134.1696418002918
73.74511527038375,147.4902305407675
1.7878029244754678,3.5756058489509357
54.34536694523746,108.69073389047492
91.21870700374478,182.43741400748956
59.25149981960487,118.50299963920973
19.690865425339332,39.381730850678665
32.12371533605075,64.2474306721015
66.59298417668616,133.18596835337232
70.73495416071385,141.4699083214277
82.60205402335012,165.20410804670024
64.12416807626727,128.24833615253453
96.44819475065599,192.89638950131197
0.7880992419491917,1.5761984838983834
6.987142252630074,13.974284505260147
81.61122610375214,163.2224522075043
99.53183287071687,199.06366574143374
80.1560397986206,160.3120795972412
44.55639942460677,89.11279884921353
1.669702652457139,3.339405304914278
82.76920499788565,165.5384099957713
5.273929249593956,10.547858499187912
46.98709681812204,93.97419363624408
65.76584925931223,131.53169851862447
12.172647349439469,24.345294698878938
5.100640472019946,10.201280944039892
89.47863840776783,178.95727681553566
11.094168756647004,22.18833751329401
63.91601637552253,127.83203275104506
89.80247637003902,179.60495274007803
19.056922435107605,38.11384487021521
17.706152414686205,35.41230482937241
74.30272303811532,148.60544607623063
66.28741487424257,132.57482974848514
97.01454815558591,194.02909631117183
21.552096333406865,43.10419266681373
89.6124200943588,179.2248401887176
77.35489011920946,154.70978023841892
54.193227276331925,108.38645455266385
17.72419798676983,35.44839597353966
91.66525781408998,183.33051562817997
65.98082137687162,131.96164275374323
39.50380504839451,79.00761009678902
43.35860457476962,86.71720914953924
68.5889187842832,137.1778375685664
39.38207160418917,78.76414320837834
38.18689100138377,76.37378200276754
34.784307920032965,69.56861584006593
61.65011504973235,123.3002300994647
2.611292853584335,5.22258570716867
70.22555140436553,140.45110280873106
99.91405148350728,199.82810296701456
23.78995183706656,47.57990367413312
70.00393159284546,140.00786318569092
79.74174464356358,159.48348928712716
36.81057714278033,73.62115428556066
3.1970296180600877,6.394059236120175
6.734525507741496,13.469051015482991
18.83587504590305,37.6717500918061
20.35720837553068,40.71441675106136
76.60120194895454,153.20240389790908
68.97512764465507,137.95025528931015
47.086099216293164,94.17219843258633
88.56894347945303,177.13788695890605
65.00218487049413,130.00436974098827
21.629011236081887,43.25802247216377
26.375586392934235,52.75117278586847
30.76685599084057,61.53371198168114
58.25201399078478,116.50402798156956
41.21150961021964,82.42301922043929
76.88106917271725,153.7621383454345
62.33844766528708,124.67689533057415
20.01382497074492,40.02764994148984
4.840844599267536,9.681689198535071
85.13626679195347,170.27253358390695
55.23939619149255,110.4787923829851
83.07367128093985,166.1473425618797
78.48441766131269,156.96883532262538
71.84239672842124,143.68479345684247
61.87115547954731,123.74231095909462
60.71926180576632,121.43852361153264
97.18236363223063,194.36472726446127
67.25808555893886,134.51617111787772
20.249788599591724,40.49957719918345
23.785256503836383,47.570513007672766
38.767160665799075,77.53432133159815
91.54183077282309,183.08366154564618
71.76155158303806,143.5231031660761
46.8788519296794,93.7577038593588
76.63627468217227,153.27254936434454
6.559677157495369,13.119354314990739
47.435721987011334,94.87144397402267
9.667521679375602,19.335043358751204
67.35479552186881,134.70959104373762
75.15135619565055,150.3027123913011
69.91454550313372,139.82909100626745
58.32259910947857,116.64519821895713
18.86030327409515,37.7206065481903
59.259419670934,118.518839341868
34.70393727100542,69.40787454201084
98.54137167872032,197.08274335744065
4.289551075652199,8.579102151304397
82.38851908500666,164.77703817001333
35.24630889852441,70.49261779704882
17.034766199519634,34.06953239903927
78.07490094956239,156.14980189912478
43.147788775811016,86.29557755162203
36.60683446632659,73.21366893265318
27.19117734644987,54.38235469289974
38.80734936782522,77.61469873565044
27.390190524186785,54.78038104837357
79.58637606987557,159.17275213975114
36.52194679580572,73.04389359161144
63.34858597210978,126.69717194421956
17.80414635283689,35.60829270567378
29.09515246628095,58.1903049325619
76.28126333983917,152.56252667967834
68.58688472510643,137.17376945021286
5.019722342412647,10.039444684825295
63.267832135673665,126.53566427134733
0.7720921841979478,1.5441843683958956
32.870648876310895,65.74129775262179
41.47562361897352,82.95124723794704
24.09914499919591,48.19828999839182
27.923894528867677,55.847789057735355
28.072762143773268,56.145524287546536
31.98696728046835,63.9739345609367
26.407636321327022,52.815272642654044
15.723561379293082,31.447122758586165
65.81336603526381,131.62673207052762
80.2797111024629,160.5594222049258
73.98816568971917,147.97633137943834
23.96139926458375,47.9227985291675
52.24090505195632,104.48181010391264
19.657471325339138,39.314942650678276
16.559109944426563,33.118219888853126
91.82911352516412,183.65822705032824
68.10243550715207,136.20487101430413
84.61094665716638,169.22189331433276
0.0758678658040024,0.1517357316080048
0.542157907427232,1.084315814854464
8.466869896522978,16.933739793045955
99.2755805539119,198.5511611078238
52.79767152448818,105.59534304897636
13.764719190934894,27.529438381869788
28.66196152822281,57.32392305644562
0.3962071462828787,0.7924142925657573
69.25058893960065,138.5011778792013
80.75035848232915,161.5007169646583
53.167025064010986,106.33405012802197
47.54207583109361,95.08415166218722
21.037041680316648,42.074083360633296
27.03766165400151,54.07532330800302
34.92831381244217,69.85662762488434
70.94737882599173,141.89475765198347
95.55172123781668,191.10344247563336
75.08174993860378,150.16349987720756
69.6293947235,139.258789447
86.98664487810102,173.97328975620204
41.56468117866705,83.1293623573341
75.2187136857959,150.4374273715918
40.51466621610772,81.02933243221544
14.457100252489862,28.914200504979725
92.57863115990239,185.15726231980477
12.782564071660197,25.565128143320393
53.72389771985807,107.44779543971615
84.34519078100323,168.69038156200645
7.948599008289625,15.89719801657925
11.584135553990171,23.168271107980342
15.806559698577106,31.61311939715421
60.61952815131689,121.23905630263378
2.5929053080284703,5.185810616056941
88.9483337052453,177.8966674104906
20.005573853430867,40.011147706861735
42.17681933387411,84.35363866774821
74.2515275367565,148.503055073513
40.167392126982925,80.33478425396585
15.971381850212452,31.942763700424905
77.01293261371741,154.02586522743482
90.24722595382323,180.49445190764646
79.53338255233079,159.06676510466158
82.17095938618698,164.34191877237396
8.38936592550188,16.77873185100376
53.48635270573905,106.9727054114781
90.60523961782417,181.21047923564834
35.00230490992601,70.00460981985202
46.97903026617305,93.9580605323461
35.03738123676775,70.0747624735355
82.648937142467,165.297874284934
36.102715832716235,72.20543166543247
69.84163786975535,139.6832757395107
81.25758324793925,162.5151664958785
22.79189175405445,45.5837835081089
82.36293523981576,164.7258704796315
67.06090720788819,134.12181441577638
22.775662495246063,45.55132499049213
92.25333955460884,184.50667910921769
63.06838359363817,126.13676718727633
1.558218803319733,3.116437606639466
26.122796327825824,52.24559265565165
69.5281457910198,139.0562915820396
54.33847495617822,108.67694991235643
55.567498338928864,111.13499667785773
21.788465663334634,43.57693132666927
55.83812301746068,111.67624603492136
31.554340354562026,63.10868070912405
87.02356111266376,174.0471222253275
19.168496250715084,38.33699250143017
94.26141688561952,188.52283377123905
33.166157627410676,66.33231525482135
70.11563090461318,140.23126180922637
80.67079873224678,161.34159746449356
81.40090269853532,162.80180539707064
69.18815531686066,138.37631063372132
0.6273098106567732,1.2546196213135463
7.382094383407834,14.764188766815668
67.63285151001261,135.26570302002523
93.45933627708717,186.91867255417435
65.12745346809807,130.25490693619614
49.14188494761088,98.28376989522177
47.340466815428364,94.68093363085673
51.43479683875212,102.86959367750424
87.37328610917737,174.74657221835474
81.60250347616174,163.2050069523235
60.381584800286646,120.76316960057329
96.44836951069047,192.89673902138094
11.736387733607923,23.472775467215847
56.45726659450045,112.9145331890009
4.683799125583898,9.367598251167797
0.6954896745148265,1.390979349029653
75.35507565984602,150.71015131969205
52.335975513514185,104.67195102702837
73.17167375041002,146.34334750082004
55.224247046013964,110.44849409202793
95.00714619496861,190.01429238993722
67.27715277241744,134.55430554483488
7.35907676196883,14.71815352393766
31.975250530449394,63.95050106089879
61.87930670936667,123.75861341873335
31.07299304426734,62.14598608853468
81.81401760896473,163.62803521792947
69.83181328722272,139.66362657444543
0.8496358814338523,1.6992717628677045
76.2360181011955,152.472036202391
15.977715502946399,31.955431005892798
22.83273774839103,45.66547549678206
28.778086683328617,57.556173366657234
31.860581927921306,63.72116385584261
84.4725184362762,168.9450368725524
16.91208565622908,33.82417131245816
49.11501339057308,98.23002678114617
26.034208572178585,52.06841714435717
3.42984667693923,6.85969335387846
39.46202889437343,78.92405778874686
91.08488064576251,182.16976129152502
94.98726799780931,189.97453599561862
75.68655398390891,151.37310796781782
47.42162254814486,94.84324509628972
23.41513174784816,46.83026349569632
51.31331827304414,102.62663654608828
58.60959684734619,117.21919369469238
20.172333675355603,40.344667350711205
98.53118892846491,197.06237785692983
1.1869389647657935,2.373877929531587
65.31557256030959,130.63114512061918
75.91996559420268,151.83993118840536
54.023567607303534,108.04713521460707
58.243631964262974,116.48726392852595
46.39728945616465,92.7945789123293
1.1896637789264974,2.379327557852995
11.754310689849968,23.508621379699935
77.18276314757311,154.36552629514622
60.562212413886876,121.12442482777375
34.86513589088553,69.73027178177107
21.26400984772373,42.52801969544746
76.32169486950839,152.64338973901678
69.90560586681976,139.8112117336395
88.41779054531445,176.8355810906289
43.23824291190675,86.4764858238135
91.04706679675036,182.09413359350071
85.2881751282925,170.576350256585
66.27655246390155,132.5531049278031
28.698768911419435,57.39753782283887
60.1691066653004,120.3382133306008
13.58269326308693,27.16538652617386
82.73522012841264,165.47044025682527
54.70854991923214,109.41709983846428
99.05365910452505,198.1073182090501
77.68384180873869,155.36768361747738
52.00378979122383,104.00757958244766
88.9380906555671,177.8761813111342
70.87987344369003,141.75974688738006
8.01680671593229,16.03361343186458
32.89502314157635,65.7900462831527
65.82740488501963,131.65480977003926
48.97218577160562,97.94437154321125
70.73174032494698,141.46348064989397
30.092041810245483,60.184083620490966
12.887671441524295,25.77534288304859
13.38467605882695,26.7693521176539
35.51272794656944,71.02545589313888
0.39494885014129677,0.7898977002825935
23.809387130679017,47.618774261358034
47.058586824618445,94.11717364923689
91.07761762884574,182.1552352576915
47.92351451545485,95.8470290309097
74.45041449330573,148.90082898661146
83.41318586835294,166.82637173670588
93.69373274265025,187.3874654853005
43.45920581074849,86.91841162149699
23.160951929246508,46.321903858493016
62.93473757755423,125.86947515510846
88.39415576889019,176.78831153778037
74.12078821635353,148.24157643270706
79.99774870958178,159.99549741916357
73.32088262111576,146.64176524223151
81.25983304478686,162.51966608957372
26.585032817296515,53.17006563459303
32.80892257764291,65.61784515528582
4.6429446153179015,9.285889230635803
66.00528277676486,132.01056555352972
51.50932593974507,103.01865187949014
84.12231210215049,168.24462420430098
50.32296271462133,100.64592542924267
56.516896652133575,113.03379330426715
69.59457062454165,139.1891412490833
41.82539822194291,83.65079644388582
44.82291001302276,89.64582002604551
29.394512670258678,58.789025340517355
1.294796503845519,2.589593007691038
69.30033361436881,138.60066722873762
98.11692799804658,196.23385599609315
61.42938801783677,122.85877603567354
42.62016687981084,85.24033375962168
10.320875206213287,20.641750412426575
7.838811795960399,15.677623591920797
19.312450498822308,38.624900997644616
76.42321172962096,152.84642345924192
91.58044544928681,183.16089089857363
92.40546124751124,184.81092249502248
47.76458322974744,95.52916645949487
6.385995757902297,12.771991515804594
96.43715591479437,192.87431182958875
84.95544182033566,169.91088364067133
67.03479609135206,134.06959218270413
78.99892595573256,157.99785191146512
67.59213323470962,135.18426646941924
34.10956729733101,68.21913459466202
25.029322527819218,50.058645055638436
14.408834971323747,28.817669942647495
69.87360350152694,139.7472070030539
87.90667358187208,175.81334716374417
90.98496320402323,181.96992640804646
98.36353664817909,196.72707329635818
30.68242767751458,61.36485535502916
3.1770617870289786,6.354123574057957
78.3374929598569,156.6749859197138
88.10339675359677,176.20679350719354
43.15931414278863,86.31862828557726
96.52301607994698,193.04603215989397
58.19622720650707,116.39245441301414
95.15337492553641,190.30674985107282
42.672646398434125,85.34529279686825
8.317362332315314,16.634724664630628
80.47569097643674,160.95138195287348
13.572615452772785,27.14523090554557
36.726279596476544,73.45255919295309
95.15138152596447,190.30276305192893
19.666298624778268,39.332597249556535
97.13587694664531,194.27175389329062
32.20064810917356,64.40129621834711
63.81884460782721,127.63768921565442
74.803580596794,149.607161193588
12.84304591238704,25.68609182477408
51.52533446257013,103.05066892514026
93.79228244272151,187.58456488544303
23.674754163373855,47.34950832674771
23.979036509248242,47.958073018496485
5.145721764423394,10.291443528846788
24.66166104002986,49.32332208005972
49.74292589287202,99.48585178574405
38.77133308643928,77.54266617287855
61.33513298819715,122.6702659763943
0.3121304355514498,0.6242608711028996
69.46613524590009,138.93227049180018
47.25793325441408,94.51586650882815
56.82286172123776,113.64572344247551
22.12143887922997,44.24287775845994
34.101269163488205,68.20253832697641
72.64906186767868,145.29812373535736
68.37529579687852,136.75059159375704
87.87424039248306,175.74848078496612
0.9712625759072613,1.9425251518145226
91.8576016891418,183.7152033782836
77.69708579132498,155.39417158264996
75.80239938206465,151.6047987641293
72.2364366999993,144.4728733999986
13.485415952198753,26.970831904397507
64.68439016500798,129.36878033001597
78.50824218462218,157.01648436924435
69.78112605587764,139.56225211175527
66.3351100967235,132.670220193447
53.21980637959437,106.43961275918873
41.38166325125834,82.76332650251668
7.6915108504725715,15.383021700945143
40.79521022837312,81.59042045674624
44.990711847418766,89.98142369483753
13.932959320653794,27.865918641307587
50.033218151167766,100.06643630233553
58.16504342543149,116.33008685086298
2.252358833915491,4.504717667830982
58.29841103823814,116.59682207647629
85.82513458684272,171.65026917368544
59.21300441485785,118.4260088297157
16.966381053430048,33.932762106860096
59.64570147572397,119.29140295144794
26.741623818369398,53.483247636738795
73.15021202453057,146.30042404906115
50.24771875527685,100.4954375105537
84.72997966229647,169.45995932459294
51.918779024140406,103.83755804828081
43.928690045117925,87.85738009023585
79.9927984605273,159.9855969210546
97.384318454848,194.768636909696
39.21654486177339,78.43308972354679
26.84791828318539,53.69583656637078
1.6890441147531576,3.3780882295063153
86.41937108979623,172.83874217959246
45.601718398254306,91.20343679650861
31.477094169920882,62.954188339841764
73.22795211251162,146.45590422502323
78.19144232805724,156.38288465611447
12.869525891541112,25.739051783082225
75.40609870382511,150.81219740765022
58.61899591334606,117.23799182669212
73.81301049930399,147.62602099860797
83.60827631000201,167.21655262000402
82.88879380565258,165.77758761130517
28.381866438316028,56.763732876632055
76.57497874168273,153.14995748336545
44.734335660049005,89.46867132009801
87.77699554348698,175.55399108697395
7.443853296995584,14.887706593991169
86.50230526899297,173.00461053798594
88.4836638586681,176.9673277173362
35.77392194914676,71.54784389829352
99.79942385468775,199.5988477093755
48.59062872041484,97.18125744082968
95.77547070512404,191.55094141024807
51.602017294016335,103.20403458803267
79.4445504431945,158.889100886389
93.19584162910955,186.3916832582191
92.67929960902129,185.35859921804257
24.29677015275159,48.59354030550318
92.11379351890604,184.22758703781207
31.43655640538442,62.87311281076884
1.8338351342652381,3.6676702685304763
32.843535942959456,65.68707188591891
68.10044358854134,136.20088717708268
87.44580339559747,174.89160679119493
33.50578804399965,67.0115760879993
8.503542914459706,17.00708582891941
72.26169058151855,144.5233811630371
45.7325054340033,91.4650108680066
0.959579095001073,1.919158190002146
91.53414277898911,183.06828555797821
79.52264672134743,159.04529344269486
90.59410693792658,181.18821387585317
67.12940126035917,134.25880252071835
7.938958180220079,15.877916360440159
17.627349907475164,35.25469981495033
20.102960309786834,40.20592061957367
8.280657279436909,16.561314558873818
74.02287297437329,148.04574594874657
52.83688449486517,105.67376898973033
21.357972189146246,42.71594437829249
82.5424928416055,165.084985683211
15.025849999029916,30.05169999805983
65.35814804498887,130.71629608997773
83.96032359495572,167.92064718991145
97.57133164584776,195.14266329169553
51.81811343750313,103.63622687500626
17.089486466605884,34.17897293321177
81.49450963646115,162.9890192729223
39.818070469945695,79.63614093989139
24.813301877679706,49.62660375535941
62.977833486575655,125.95566697315131
67.10151371506893,134.20302743013787
38.162476127520804,76.32495225504161
3.146209973174774,6.292419946349548
90.44491041078474,180.8898208215695
23.99297900317804,47.98595800635608
41.83454405072191,83.66908810144382
6.87551028943364,13.75102057886728
74.1968917019403,148.3937834038806
46.39517790022422,92.79035580044844
35.769115267133714,71.53823053426743
2.8438799212032073,5.687759842406415
59.08074098681001,118.16148197362001
64.02915330359926,128.05830660719852
43.272931592901685,86.54586318580337
41.2216679608592,82.4433359217184
6.168615110291187,12.337230220582374
84.29494802720514,168.58989605441027
96.65782143138418,193.31564286276836
4.608669255723374,9.217338511446748
31.066330407169186,62.13266081433837
49.49769930003335,98.9953986000667
51.72971673849577,103.45943347699153
70.64545531545853,141.29091063091707
16.339718618992872,32.679437237985745
78.48410415341456,156.96820830682913
57.883540986315694,115.76708197263139
38.898375843114486,77.79675168622897
96.63534664068581,193.27069328137162
20.214183104969653,40.428366209939306
73.34273497881303,146.68546995762605
97.1138044317056,194.2276088634112
53.44340937706738,106.88681875413477
64.8655024174009,129.7310048348018
35.53106798675786,71.06213597351572
48.422365909286114,96.84473181857223
85.24791779638633,170.49583559277266
89.66004568386518,179.32009136773036
1.4719161871780906,2.943832374356181
53.82889953595675,107.6577990719135
71.69106657334487,143.38213314668974
41.42413270571082,82.84826541142164
29.295043754941787,58.590087509883574
45.157546940944506,90.31509388188901
3.2021922569379857,6.404384513875971
15.319932266595771,30.639864533191542
93.12598257090825,186.2519651418165
4.589531471746233,9.179062943492466
27.48257092198063,54.96514184396126
61.07012669149231,122.14025338298462
47.79616083762031,95.59232167524063
19.226648679500446,38.45329735900089
70.78113064178169,141.56226128356337
18.139436705617108,36.278873411234215
60.914867310332575,121.82973462066515
24.801443156621804,49.60288631324361
35.569380003770554,71.13876000754111
73.42901290092124,146.85802580184247
15.375503182218065,30.75100636443613
90.8890240385854,181.7780480771708
2.346513647186954,4.693027294373908
77.05488872127316,154.10977744254632
35.716211794105725,71.43242358821145
68.093915750652,136.187831501304
42.8359513708886,85.6719027417772
64.702983728427,129.405967456854
12.51514539015236,25.03029078030472
67.14946138396036,134.29892276792071
82.3333682560718,164.6667365121436
17.35161049536722,34.70322099073444
75.44286085240417,150.88572170480833
93.67409194950237,187.34818389900474
69.01644888332605,138.0328977666521
26.702644387492715,53.40528877498543
98.68759270111724,197.37518540223448
65.87185122124846,131.74370244249693
39.00884915017825,78.0176983003565
75.4620023737179,150.9240047474358
65.06579004949528,130.13158009899055
20.64428356635817,41.28856713271634
26.659433443874057,53.318866887748115
80.1158019797712,160.2316039595424
85.1746385897668,170.3492771795336
42.89728487631407,85.79456975262814
85.10626488686272,170.21252977372544
91.2180472711746,182.4360945423492
44.134509429056635,88.26901885811327
8.641130233641626,17.28226046728325
8.89274406586783,17.78548813173566
88.35417570574336,176.70835141148672
93.59940955264369,187.19881910528738
53.3975700134252,106.7951400268504
59.10821685116312,118.21643370232624
3.555565218838308,7.111130437676616
29.34741584821009,58.69483169642018
59.60835219722196,119.21670439444392
82.4576659724536,164.9153319449072
87.5117832208372,175.0235664416744
98.7223478675407,197.4446957350814
95.28998022332526,190.57996044665052
92.96898516556631,185.93797033113262
21.79839204198425,43.5967840839685
67.0872638854014,134.1745277708028
15.441948555437035,30.88389711087407
24.27147343575281,48.54294687150562
53.034465547014875,106.06893109402975
19.202513583119828,38.405027166239655
82.48962222534654,164.97924445069307
7.343522889784715,14.68704577956943
10.531514694260757,21.063029388521514
81.39459975821465,162.7891995164293
18.76131084759348,37.52262169518696
98.66256266895925,197.3251253379185
52.89755069885064,105.79510139770127
63.35753183116722,126.71506366233444
23.64020491626566,47.28040983253132
20.701960373232154,41.40392074646431
57.41173406084271,114.82346812168542
41.78532311336872,83.57064622673744
50.21016018453648,100.42032036907295
93.9570033193713,187.9140066387426
77.73627485280899,155.47254970561798
40.21275089168782,80.42550178337564
33.40438070996019,66.80876141992039
54.72336134305436,109.44672268610871
0.7442220086059104,1.4884440172118207
74.35423781309916,148.70847562619832
72.65109643934576,145.30219287869153
5.984332380557166,11.968664761114333
10.478155047325888,20.956310094651776
62.89443487260573,125.78886974521146
85.4924472938821,170.9848945877642
5.582330931613033,11.164661863226065
5.570330944307889,11.140661888615778
13.225599297075142,26.451198594150284
97.17520781917834,194.35041563835668
87.40111484879287,174.80222969758574
78.68713454866213,157.37426909732426
13.116265691167095,26.23253138233419
8.326513704524851,16.653027409049702
19.74431292617934,39.48862585235868
86.93774955996415,173.8754991199283
38.00776036528859,76.01552073057718
0.5828662382638461,1.1657324765276922
3.6733023643468754,7.346604728693751
71.24221684880533,142.48443369761065
36.31889488090189,72.63778976180377
19.14294415472797,38.28588830945594
26.64317556257103,53.28635112514206
37.81049122379583,75.62098244759166
16.391563653169918,32.783127306339836
86.96121371348853,173.92242742697707
19.029593375045927,38.059186750091854
21.282092639654326,42.56418527930865
29.120565000685104,58.24113000137021
21.31251461924448,42.62502923848896
34.50862737580945,69.0172547516189
5.736543033110653,11.473086066221306
81.62564863552967,163.25129727105934
14.633784852634369,29.267569705268738
67.13129181853222,134.26258363706444
18.39148553609833,36.78297107219666
72.62428146142243,145.24856292284485
67.90219011405787,135.80438022811575
99.81761460798887,199.63522921597774
93.83623359420824,187.67246718841648
55.8965213133352,111.7930426266704
85.52287906884065,171.0457581376813
82.162666769412,164.325333538824
63.10681463645986,126.21362927291972
49.58843441558142,99.17686883116284
91.71589773058395,183.4317954611679
2.309629071645858,4.619258143291716
19.20508304655051,38.41016609310102
11.716926407293204,23.43385281458641
13.71603015206021,27.43206030412042
18.974760513841193,37.94952102768239
11.88141415558862,23.76282831117724
66.43180345711201,132.86360691422402
80.25892085052858,160.51784170105716
69.26680466286885,138.5336093257377
47.185927713400844,94.37185542680169
36.026656513178814,72.05331302635763
26.103569858997588,52.207139717995176
94.09666403242294,188.19332806484587
2.708176293339415,5.41635258667883
70.28561180712146,140.5712236142429
61.43161619203889,122.86323238407778
29.81894627399184,59.63789254798368
89.54257450075166,179.0851490015033
50.440653212579,100.881306425158
79.16677652861878,158.33355305723757
11.257456354424411,22.514912708848822
65.60373581983897,131.20747163967795
16.730947891544833,33.461895783089666
92.02373903614532,184.04747807229063
27.707029124139126,55.41405824827825
67.29080752721825,134.5816150544365
72.88974389122482,145.77948778244965
3.8596509561878767,7.719301912375753
37.16299353910244,74.32598707820488
18.47332595556367,36.94665191112734
35.99709902339575,71.9941980467915
79.22824904781014,158.45649809562028
0.4692148425767484,0.9384296851534968
3.5236587710904765,7.047317542180953
50.966775635702845,101.93355127140569
18.701154308401446,37.40230861680289
6.400927589830863,12.801855179661725
87.79138978862173,175.58277957724346
77.71268401538117,155.42536803076234
51.836964839722064,103.67392967944413
56.02217157127842,112.04434314255684
45.339259420944835,90.67851884188967
85.05212465382395,170.1042493076479
64.20450493465715,128.4090098693143
99.49171615496434,198.98343230992867
62.437352238147824,124.87470447629565
66.60107173672195,133.2021434734439
59.75690559703579,119.51381119407158
31.151858390220045,62.30371678044009
21.26164578257379,42.52329156514758
92.35124599548921,184.70249199097842
20.735872237367413,41.47174447473483
5.530854379995476,11.061708759990951
58.00117676633047,116.00235353266093
7.1155104385472345,14.231020877094469
24.171429758367825,48.34285951673565
12.304101203364205,24.60820240672841
42.34088622951092,84.68177245902184
28.846505926962173,57.69301185392435
56.84690629464051,113.69381258928102
63.63131713037538,127.26263426075076
7.437803438234369,14.875606876468739
40.65663194515863,81.31326389031726
62.39279509058132,124.78559018116265
23.80402690326282,47.60805380652564
20.947162170883548,41.894324341767096
40.53887382563912,81.07774765127824
43.57493867355857,87.14987734711714
45.330977153001605,90.66195430600321
21.546114417463137,43.092228834926274
28.87660157905,57.7532031581
12.48129292028537,24.96258584057074
43.58911695438382,87.17823390876764
96.38249010171401,192.76498020342802
78.90287655658902,157.80575311317804
5.722249994321505,11.44449998864301
48.56281869960153,97.12563739920306
70.66843514038703,141.33687028077406
0.2591774346006215,0.518354869201243
47.713800787969376,95.42760157593875
75.56224811857588,151.12449623715176
29.23782742829055,58.4756548565811
49.39138135512032,98.78276271024065
21.20928632734943,42.41857265469886
65.99380339492237,131.98760678984473
42.54177229968972,85.08354459937944
14.601401496218024,29.202802992436048
65.8442712236438,131.6885424472876
47.3268489618942,94.6536979237884
50.84546063649091,101.69092127298183
26.72719752246947,53.45439504493894
4.378553095638238,8.757106191276476
62.65177850989191,125.30355701978382
42.29853739912577,84.59707479825154
75.24800837713059,150.49601675426118
94.98959400719028,189.97918801438055
3.2696256743040886,6.539251348608177
27.631390517519826,55.26278103503965
91.40810922875467,182.81621845750934
5.030721113065018,10.061442226130035
33.028061565515685,66.05612313103137
79.72536282523609,159.45072565047218
4.00733827919888,8.01467655839776
59.37955581524741,118.75911163049481
64.02975229349482,128.05950458698965
47.35478006379187,94.70956012758374
44.52074607021122,89.04149214042243
0.05135197266925573,0.10270394533851146
88.71150340312981,177.42300680625962
85.6510364070953,171.3020728141906
15.384130845538657,30.768261691077313
59.732736287255264,119.46547257451053
7.661514117592105,15.32302823518421
16.758780149655806,33.51756029931161
93.21690695806242,186.43381391612485
26.149814024165362,52.299628048330725
94.37601940107281,188.75203880214562
31.38923144826743,62.77846289653486
91.15861965316829,182.31723930633657
67.27031806376861,134.54063612753723
14.927484593107687,29.854969186215374
78.54027892060981,157.08055784121962
50.507852697124086,101.01570539424817
34.252901478705,68.50580295741
97.20020162853903,194.40040325707807
89.70705308083336,179.41410616166672
47.29355124055551,94.58710248111102
70.78115800736026,141.56231601472052
27.8812612435849,55.7625224871698
1.488179576249804,2.976359152499608
22.959836691678415,45.91967338335683
89.7341313060833,179.4682626121666
22.441074704988228,44.882149409976456
14.479576609155876,28.95915321831175
32.103112573311506,64.20622514662301
45.70188657175852,91.40377314351704
69.35690736705753,138.71381473411506
75.94987168241266,151.89974336482533
52.23642096629501,104.47284193259001
56.060765479379135,112.12153095875827
42.457375356458726,84.91475071291745
79.6322529749052,159.2645059498104
45.42054272080052,90.84108544160104
3.901627271612673,7.803254543225346
9.624758481003193,19.249516962006386
36.06380682137322,72.12761364274644
36.95470228672103,73.90940457344206
4.992042674291442,9.984085348582884
91.45080701032329,182.90161402064658
1.3314167962044765,2.662833592408953
86.61369204419103,173.22738408838205
83.51994286168406,167.03988572336812
55.50034544691713,111.00069089383426
29.183044973992335,58.36608994798467
7.906392223583969,15.812784447167939
17.850933766595535,35.70186753319107
46.58342182760943,93.16684365521886
37.3143222185956,74.6286444371912
99.15884458270973,198.31768916541947
25.788205914993135,51.57641182998627
16.368929291879475,32.73785858375895
10.358967833542055,20.71793566708411
77.61860846559877,155.23721693119754
35.05093474517535,70.1018694903507
45.86276827325818,91.72553654651637
11.466275711173335,22.93255142234667
96.74234125122429,193.48468250244858
8.369717723540216,16.73943544708043
53.76465682531373,107.52931365062746
18.18815153760499,36.37630307520998
78.14772226113234,156.2954445222647
39.53299532096768,79.06599064193536
39.94670639413898,79.89341278827796
36.32953148121967,72.65906296243934
20.95181791294529,41.90363582589058
61.528878140007,123.057756280014
98.90210982406975,197.8042196481395
35.713134843210234,71.42626968642047
37.3187839200849,74.6375678401698
4.392076683664214,8.784153367328429
24.057101998270802,48.114203996541605
53.52613076553694,107.05226153107388
31.679180510455417,63.358361020910834
72.8693748809044,145.7387497618088
88.86405429905044,177.72810859810087
0.8241473291495827,1.6482946582991653
82.82547653003205,165.6509530600641
90.93001399395388,181.86002798790776
34.680740526488705,69.36148105297741
87.30744807672502,174.61489615345005
80.98359390265503,161.96718780531006
63.05937514621828,126.11875029243656
94.05264699695361,188.10529399390722
32.938783891629775,65.87756778325955
2.036546997380251,4.073093994760502
17.556053188459806,35.11210637691961
22.376767506019725,44.75353501203945
62.12629817659624,124.25259635319247
0.9259230887540215,1.851846177508043
29.324650348325598,58.649300696651196
55.71858355057356,111.43716710114712
87.84813880171221,175.69627760342442
55.26762953785376,110.53525907570751
11.97173875346932,23.94347750693864
50.21009287383505,100.4201857476701
34.99840446658441,69.99680893316882
71.56912965463779,143.13825930927558
34.93431817652121,69.86863635304242
89.34112765311521,178.68225530623042
12.097919298666515,24.19583859733303
21.369073666016934,42.73814733203387
88.49178317283946,176.98356634567892
10.560408600448646,21.120817200897292
34.383749917016196,68.76749983403239
94.14176315489203,188.28352630978407
56.111371327499896,112.22274265499979
86.11310182934415,172.2262036586883
51.85150519900997,103.70301039801994
78.38751937670891,156.77503875341782
31.313511828677242,62.627023657354485
89.12834848541826,178.25669697083651
37.39245419389621,74.78490838779241
30.43161250678087,60.86322501356174
75.16846428156715,150.3369285631343
67.2346059251455,134.469211850291
18.306351340751736,36.61270268150347
26.22807048278736,52.45614096557472
54.90616896475111,109.81233792950222
89.96383500512606,179.92767001025211
22.367187413066514,44.73437482613303
96.5732545564361,193.1465091128722
81.39086266341153,162.78172532682305
27.335207691947396,54.67041538389479
45.24448331821833,90.48896663643666
93.72722836557995,187.4544567311599
21.230074797003006,42.46014959400601
73.45304789100462,146.90609578200923
65.29657294313151,130.59314588626302
91.26437424799217,182.52874849598433
31.913755036381087,63.82751007276217
5.68971837299067,11.37943674598134
67.2527045296734,134.5054090593468
49.29256479489891,98.58512958979782
9.47424984831865,18.9484996966373
74.14951478194892,148.29902956389785
37.451138005551385,74.90227601110277
79.13471554268696,158.26943108537392
63.18554710514546,126.37109421029092
37.76960428717627,75.53920857435254
14.48348971799035,28.9669794359807
15.012921538030588,30.025843076061175
26.28132168215378,52.56264336430756
25.41491371071133,50.82982742142266
38.20476477722418,76.40952955444835
52.68458696920085,105.3691739384017
34.46373251946477,68.92746503892954
14.017532247298037,28.035064494596075
51.88218620481586,103.76437240963172
36.07388028726323,72.14776057452646
44.82482053207333,89.64964106414666
2.934709560435178,5.869419120870356
87.85924321187304,175.71848642374607
2.2200535999643667,4.440107199928733
75.8214705688321,151.6429411376642
63.38007342194272,126.76014684388544
76.59365046705666,153.18730093411332
49.28107794911807,98.56215589823614
37.13404747353331,74.26809494706661
45.17720652874667,90.35441305749335
62.98169727628532,125.96339455257063
12.94274348080453,25.88548696160906
88.42181158229812,176.84362316459624
22.68776384791671,45.37552769583342
81.22175860007762,162.44351720015524
10.503716841006517,21.007433682013033
60.0267950922933,120.0535901845866
85.76134340890866,171.52268681781732
73.0376816938074,146.0753633876148
62.241624746114475,124.48324949222895
12.744105768055658,25.488211536111315
38.33828754264147,76.67657508528293
62.30970420567202,124.61940841134404
70.14730255290308,140.29460510580617
80.66069801242278,161.32139602484557
40.27209082861993,80.54418165723986
58.14958471706076,116.29916943412152
16.97124566195114,33.94249132390228
24.313115161504584,48.62623032300917
65.15259993905632,130.30519987811263
66.88303252185814,133.76606504371628
6.340595543132032,12.681191086264064
8.911133898743506,17.82226779748701
57.54247435982691,115.08494871965382
28.0371015263869,56.0742030527738
58.05032130764127,116.10064261528254
78.47450752561087,156.94901505122175
88.76377434526145,177.5275486905229
89.96923197776569,179.93846395553138
3.8113307216928294,7.622661443385659
39.66929144873416,79.33858289746831
64.25154103456586,128.50308206913172
65.40859061140193,130.81718122280387
89.04797825005343,178.09595650010687
69.2646835217725,138.529367043545
46.924225141029595,93.84845028205919
75.17527962090975,150.3505592418195
41.62015460041116,83.24030920082232
24.80448174509626,49.60896349019252
21.017896291498094,42.03579258299619
82.60914938259374,165.21829876518748
50.59194438545684,101.18388877091368
32.353728537761924,64.70745707552385
17.211467863015116,34.42293572603023
79.1301983718168,158.2603967436336
57.52648000612099,115.05296001224198
45.42480907119142,90.84961814238284
24.13155147793549,48.26310295587098
91.41876391301699,182.83752782603398
0.3691682479153524,0.7383364958307048
7.821684260834571,15.643368521669142
90.36504665260843,180.73009330521685
15.333889454059735,30.66777890811947
95.59667261191895,191.1933452238379
1.8874591511445882,3.7749183022891764
79.82769329122267,159.65538658244535
4.801573998359543,9.603147996719086
8.49855566014951,16.99711132029902
82.41511170704504,164.83022341409009
9.804267048699966,19.608534097399932
65.57459152983323,131.14918305966646
54.22366862242628,108.44733724485256
82.6686661487327,165.3373322974654
92.54085017515791,185.08170035031583
1.568923922707377,3.137847845414754
40.18452419251661,80.36904838503322
78.22528477602316,156.45056955204632
22.306688019751686,44.61337603950337
51.786207915663226,103.57241583132645
25.398115875720805,50.79623175144161
64.14232023886923,128.28464047773846
98.70738594289794,197.4147718857959
68.76104998972488,137.52209997944976
96.2639995977593,192.5279991955186
66.46385630027291,132.92771260054582
65.33437282596724,130.66874565193447
93.92403584521674,187.84807169043347
45.69724105227375,91.3944821045475
26.295999065702624,52.59199813140525
3.6937453178171875,7.387490635634375
79.21641116788997,158.43282233577995
36.921072325482704,73.84214465096541
82.77209768171784,165.54419536343568
69.66952689428814,139.33905378857628
66.78252116856717,133.56504233713434
0.595945634319528,1.191891268639056
49.820827027514646,99.64165405502929
54.16165497265937,108.32330994531874
64.33131423870235,128.6626284774047
90.49804730891117,180.99609461782234
14.623356083578043,29.246712167156087
96.12210232675366,192.24420465350732
0.5660189456376585,1.132037891275317
37.238489498463665,74.47697899692733
46.33506774911898,92.67013549823795
87.85744285171585,175.7148857034317
61.81031556922939,123.62063113845878
46.53825611237457,93.07651222474914
56.25440752565333,112.50881505130666
42.58501651650373,85.17003303300746
6.273165802324598,12.546331604649197
52.629314588866684,105.25862917773337
0.5877243846540869,1.1754487693081739
27.235221162830946,54.47044232566189
0.8863038573082238,1.7726077146164476
70.0147905676101,140.0295811352202
71.59001494253354,143.18002988506709
67.17071420646128,134.34142841292257
67.11571437043028,134.23142874086057
59.34958116447234,118.69916232894468
14.644778226045151,29.289556452090302
87.61456003245192,175.22912006490384
13.315747088352204,26.631494176704408
76.19637392063385,152.3927478412677
88.97825840668692,177.95651681337384
15.52261432381159,31.04522864762318
9.243199859537032,18.486399719074065
75.37569147480994,150.75138294961988
47.819272424831475,95.63854484966295
94.93834196563455,189.8766839312691
5.317666243562991,10.635332487125982
12.14708894388793,24.29417788777586
30.311185321919808,60.622370643839616
12.857631423080463,25.715262846160925
81.67286469274248,163.34572938548496
1.2910368504630676,2.582073700926135
95.08480294294097,190.16960588588194
47.374259960973205,94.74851992194641
64.57363268803672,129.14726537607345
45.486612778147396,90.97322555629479
94.35877432198247,188.71754864396493
38.64234370828503,77.28468741657007
98.61180808844246,197.22361617688492
29.75961759783542,59.51923519567084
91.58731755677461,183.17463511354921
28.006308078850605,56.01261615770121
60.88799171928612,121.77598343857224
41.808496134616604,83.61699226923321
35.72975856878233,71.45951713756466
54.80498309259202,109.60996618518404
45.608377461451845,91.21675492290369
72.32940489184242,144.65880978368483
92.31190825978894,184.62381651957787
32.61807787411492,65.23615574822983
26.853103428090662,53.706206856181325
69.99856367218197,139.99712734436395
22.121706630315273,44.24341326063055
99.00195567447342,198.00391134894684
3.4710281220482475,6.942056244096495
57.614697235859424,115.22939447171885
91.61292443384492,183.22584886768985
76.36514480181398,152.73028960362797
29.83818642164662,59.67637284329324
90.5440031450293,181.0880062900586
96.14664015194518,192.29328030389036
35.172543721965745,70.34508744393149
1.6453609354447951,3.2907218708895902
70.46490476796158,140.92980953592317
2.4922401285188966,4.984480257037793
75.51602059804345,151.0320411960869
82.53942354241192,165.07884708482385
75.70432715942368,151.40865431884737
22.211752504917403,44.423505009834805
62.326939030301496,124.65387806060299
55.2709640416698,110.5419280833396
66.21377468434133,132.42754936868266
66.15036526685628,132.30073053371257
95.83729843675007,191.67459687350015
53.44110284721236,106.88220569442473
7.763669450409005,15.52733890081801
68.41456042918378,136.82912085836756
46.65177887266584,93.30355774533167
2.2656679419760017,4.5313358839520035
26.683810993733736,53.36762198746747
60.65450300643431,121.30900601286862
12.468734924242042,24.937469848484085
98.3795501142794,196.7591002285588
19.737966354275148,39.475932708550296
87.5409002981716,175.0818005963432
59.91208302706208,119.82416605412416
11.999735198164284,23.99947039632857
24.094617655629758,48.189235311259516
46.75970565747606,93.51941131495212
10.06882689630324,20.13765379260648
47.27181862211669,94.54363724423338
35.90812889758198,71.81625779516396
35.25876339377141,70.51752678754282
78.41261644878242,156.82523289756483
68.73529668964025,137.4705933792805
9.868001748076605,19.73600349615321
98.62966893504111,197.25933787008222
33.56598661487406,67.13197322974813
5.987212026726363,11.974424053452726
93.67452039392332,187.34904078784663
25.23956713099863,50.47913426199726
44.31515040638381,88.63030081276762
13.634718978779292,27.269437957558583
51.91550258738571,103.83100517477142
25.00831290211393,50.01662580422786
93.17290630626553,186.34581261253106
20.827236217347245,41.65447243469449
20.487976978996926,40.97595395799385
36.55721859694284,73.11443719388568
10.030416135520237,20.060832271040475
47.4547845595617,94.9095691191234
68.78519572062721,137.57039144125443
69.88226820742337,139.76453641484673
7.654823936794863,15.309647873589727
95.53198415880098,191.06396831760196
7.3080183309156554,14.616036661831311
5.877331962515974,11.754663925031949
90.77423043513511,181.54846087027022
90.45101990330757,180.90203980661514
69.65393822612535,139.3078764522507
94.20259066453846,188.40518132907692
75.44146154254267,150.88292308508534
21.159520481825112,42.319040963650224
57.105054004338605,114.21010800867721
28.93988760657258,57.87977521314516
95.79622692569819,191.59245385139639
55.29845064421387,110.59690128842774
69.26592712101017,138.53185424202033
28.575728166475066,57.15145633295013
65.45144089449022,130.90288178898044
15.558213186778946,31.116426373557893
92.93101906609259,185.86203813218518
43.33795169655815,86.6759033931163
92.9018788544362,185.8037577088724
62.12773750406105,124.2554750081221
80.22642527897179,160.45285055794358
46.453240517164915,92.90648103432983
32.16620249263538,64.33240498527076
40.40032598888084,80.80065197776167
9.001977943751937,18.003955887503874
19.388161685546724,38.77632337109345
41.42298613583715,82.8459722716743
11.669708437395343,23.339416874790686
30.757920687736373,61.515841375472746
70.62567788874057,141.25135577748114
25.852461766154743,51.704923532309486
38.76993147110183,77.53986294220365
11.449731823173547,22.899463646347094
19.81135279477494,39.62270558954988
61.39194921373179,122.78389842746358
92.11478909388066,184.22957818776132
57.26764305628072,114.53528611256144
67.30623859394854,134.61247718789707
77.68145187636128,155.36290375272256
62.381810692422754,124.76362138484551
34.04933089991672,68.09866179983344
41.15377641967511,82.30755283935022
91.66295355095815,183.3259071019163
52.48308849333105,104.9661769866621
35.4960274335958,70.9920548671916
11.413029646079275,22.82605929215855
77.92899538694576,155.85799077389152
81.1009826358506,162.2019652717012
36.43462005909576,72.86924011819151
46.597907296577354,93.19581459315471
28.418337681500827,56.83667536300165
68.64364945938165,137.2872989187633
92.75943977960742,185.51887955921484
63.47324752007319,126.94649504014637
98.26239300964328,196.52478601928655
24.48674197419661,48.97348394839322
56.52803416145835,113.0560683229167
12.09730866175306,24.19461732350612
14.507649712314807,29.015299424629614
42.15267414700881,84.30534829401762
2.5757749225278737,5.151549845055747
81.32775349848698,162.65550699697397
88.41120706112426,176.82241412224852
91.02492932157693,182.04985864315387
96.84460716679413,193.68921433358827
60.795134419720796,121.59026883944159
97.47645556120676,194.95291112241352
91.71305372871076,183.42610745742152
79.23630340822089,158.47260681644178
92.00476185782934,184.00952371565867
88.61921077842429,177.23842155684858
25.06017193105825,50.1203438621165
32.34745356043038,64.69490712086076
97.71338049913749,195.42676099827497
89.46347602378007,178.92695204756015
83.48338966489118,166.96677932978236
97.10433822016074,194.20867644032148
61.15650361177476,122.31300722354952
24.232020746339956,48.46404149267991
99.17667708063264,198.3533541612653
7.862565379195896,15.725130758391792
37.47153715194425,74.9430743038885
32.44255337763653,64.88510675527306
28.92025823574692,57.84051647149384
61.08200942129574,122.16401884259147
94.02096043088156,188.04192086176312
39.49326353778263,78.98652707556526
94.17632111573711,188.35264223147422
35.72352847172685,71.4470569434537
21.818744909204646,43.63748981840929
6.258959374388596,12.517918748777191
63.94821224586887,127.89642449173775
62.465583767383436,124.93116753476687
6.590359951961,13.180719903922
55.6665277669115,111.333055533823
52.20970717657192,104.41941435314384
83.77966946899562,167.55933893799124
72.92925595273225,145.8585119054645
49.612981383913066,99.22596276782613
26.33399718724172,52.66799437448344
64.92266382071557,129.84532764143114
15.989397661084082,31.978795322168164
34.80950161889359,69.61900323778718
84.77661720490823,169.55323440981647
40.983354858470314,81.96670971694063
52.1780121391756,104.3560242783512
72.17006517663938,144.34013035327877
58.43727349365425,116.8745469873085
27.139506571848738,54.279013143697476
91.36561959204288,182.73123918408575
53.96129808209159,107.92259616418318
67.10595846472934,134.21191692945868
53.7352543404242,107.4705086808484
36.97520253705998,73.95040507411996
19.094264571472763,38.18852914294553
42.50326540028705,85.0065308005741
73.61795384146289,147.23590768292578
49.77958554555918,99.55917109111836
11.826146999226971,23.652293998453942
77.28730245376856,154.57460490753712
28.488160257470806,56.97632051494161
77.42546612416825,154.8509322483365
10.611377423808865,21.22275484761773
47.58468772385176,95.16937544770352
28.5604950777152,57.1209901554304
5.087820709376512,10.175641418753024
21.985675789331204,43.97135157866241
88.53052383425963,177.06104766851925
30.251395754784337,60.502791509568674
47.899394662404084,95.79878932480817
22.27881795524185,44.5576359104837
88.46787903466628,176.93575806933256
3.7241519546269974,7.448303909253995
90.05635491921699,180.11270983843397
16.083715579590987,32.16743115918197
47.703602123294665,95.40720424658933
80.6491066226639,161.2982132453278
7.755214031095104,15.510428062190208
49.910109674749904,99.82021934949981
59.74595591218751,119.49191182437502
79.76762806329268,159.53525612658535
57.22743234501255,114.4548646900251
58.5099296738573,117.0198593477146
3.125535051017536,6.251070102035072
19.807124160818102,39.614248321636204
95.94455621036875,191.8891124207375
21.71786235027281,43.43572470054562
3.290868119597612,6.581736239195224
9.494241950677406,18.98848390135481
66.71149132005087,133.42298264010174
32.387037091318405,64.77407418263681
42.81833399305391,85.63666798610782
93.14596107966304,186.29192215932608
87.18907343435693,174.37814686871386
40.11355741440729,80.22711482881458
96.81305380719694,193.62610761439387
72.59626782721637,145.19253565443273
23.19187463359401,46.38374926718802
8.800617937227296,17.60123587445459
83.80672254561027,167.61344509122054
81.59325664014284,163.18651328028568
30.939896097333563,61.879792194667125
41.579163459703864,83.15832691940773
95.05524785436234,190.11049570872467
32.21487871579144,64.42975743158289
11.16200262378605,22.3240052475721
73.65746586606264,147.31493173212527
43.53075236384941,87.06150472769882
55.6584777885449,111.3169555770898
83.83705971357325,167.6741194271465
31.843452374987802,63.686904749975604
57.848664708319674,115.69732941663935
95.51003709873115,191.0200741974623
30.144336495137825,60.28867299027565
53.310491106414716,106.62098221282943
52.92994093736312,105.85988187472624
13.775719236538164,27.551438473076328
88.52390266837709,177.04780533675418
54.960752794460944,109.92150558892189
41.24582604295624,82.49165208591248
46.03594744326376,92.07189488652752
53.666678123130865,107.33335624626173
13.712887016429043,27.425774032858087
74.02521277487347,148.05042554974693
76.08667546206615,152.1733509241323
85.45127090457008,170.90254180914016
49.049738142597434,98.09947628519487
16.658920195098016,33.31784039019603
27.345008343511378,54.690016687022755
30.08081539191233,60.16163078382466
48.023863047244234,96.04772609448847
47.65927607779014,95.31855215558028
42.2996083934988,84.5992167869976
35.45607144077193,70.91214288154386
63.85698774230432,127.71397548460864
93.5109618433758,187.0219236867516
50.19815192995697,100.39630385991394
35.98472792020503,71.96945584041006
89.03569318867788,178.07138637735576
74.85628952090306,149.71257904180612
83.74319746263447,167.48639492526894
10.473049253867117,20.946098507734234
94.74074513309793,189.48149026619586
80.56996287733001,161.13992575466003
18.978715419610392,37.957430839220784
96.66012879953118,193.32025759906236
38.884615232800776,77.76923046560155
63.47812565938844,126.95625131877688
75.63896355122458,151.27792710244915
74.43646200445183,148.87292400890365
98.98415319332501,197.96830638665003
51.420529991710055,102.84105998342011
30.695864606040967,61.391729212081934
87.49216753340411,174.98433506680823
16.068219094596394,32.13643818919279
24.10088112274028,48.20176224548056
99.64775280109859,199.29550560219718
54.679350587944164,109.35870117588833
18.195775505584557,36.39155101116911
40.792328955414646,81.58465791082929
70.27708658167776,140.55417316335553
30.95262324508745,61.9052464901749
47.22894033992219,94.45788067984438
9.393384412880579,18.786768825761158
11.930888371589965,23.86177674317993
91.46815037316732,182.93630074633464
51.681932158766564,103.36386431753313
42.477259412946445,84.95451882589289
51.80719223791932,103.61438447583863
0.45825789257294414,0.9165157851458883
75.66183133172761,151.32366266345522
55.94859326054661,111.89718652109322
14.012621368444789,28.025242736889577
48.786838839689075,97.57367767937815
17.90636848999233,35.81273697998466
28.730407242065226,57.46081448413045
53.0355176261237,106.0710352522474
41.72386786608254,83.44773573216509
96.41659410773674,192.83318821547348
92.79327382948682,185.58654765897364
28.550278168874765,57.10055633774953
62.66362916401588,125.32725832803176
9.35495669578118,18.70991339156236
11.368507345908952,22.737014691817905
9.416639735479604,18.83327947095921
66.2470573022269,132.4941146044538
80.85975470252723,161.71950940505445
29.886304240350192,59.772608480700384
48.170684630984105,96.34136926196821
72.29302327700844,144.5860465540169
89.91798540207098,179.83597080414197
33.911655959083554,67.82331191816711
16.936267481874456,33.87253496374891
24.751448967598797,49.502897935197595
25.606315426427663,51.21263085285533
26.83337668363619,53.66675336727238
41.880221984548484,83.76044396909697
18.001931381207605,36.00386276241521
3.906337007877325,7.81267401575465
63.935048595398904,127.87009719079781
92.44309340170194,184.8861868034039
13.152971592384343,26.305943184768687
98.0371011938842,196.0742023877684
49.34375738585276,98.68751477170552
97.29770952531469,194.59541905062937
62.23708039816185,124.4741607963237
55.837702631858534,111.67540526371707
20.181923098516606,40.36384619703321
70.33045324162661,140.66090648325323
65.99301566381982,131.98603132763964
26.87283902264561,53.74567804529122
41.373654458138375,82.74730891627675
39.44314704515587,78.88629409031174
3.7707969465510693,7.541593893102139
43.82055092205548,87.64110184411096
61.03293286296464,122.06586572592929
13.746075409482895,27.49215081896579
36.85461069245497,73.70922138490994
7.514165763783021,15.028331527566042
38.823698434500685,77.64739686900137
30.650973505287126,61.30194701057425
66.16187466499872,132.32374932999744
2.3309032960431963,4.661806592086393
17.25528356663538,34.51056713327076
10.982482745111898,21.964965490223797
94.0195532194844,188.0391064389688
68.4736392676644,136.9472785353288
89.71228111052945,179.4245622210589
86.6910217349561,173.3820434699122
96.32731328912439,192.65462657824878
61.03655034894728,122.07310069789456
36.85919054373865,73.7183810874773
34.524770548731375,69.04954109746275
25.834324724196513,51.668649448393026
84.12895139128905,168.2579027825781
25.686876740100885,51.37375348020177
54.88751564162618,109.77503128325236
1.2126448964656422,2.4252897929312844
21.390355219609436,42.78071043921887
39.960498667542446,79.92099733508489
89.71259036877673,179.42518073755346
3.6312915965232784,7.262583193046557
82.89285566785213,165.78571133570426
25.626538271192366,51.25307654238473
99.37122909738234,198.74245819476468
93.20785534231783,186.41571068463566
65.64689488413894,131.2937897682779
7.771800026396081,15.543600052792161
10.755032763395622,21.510065526791244
74.2204112279677,148.4408224559354
12.687067350520842,25.374134701041683
69.13171327256389,138.26342654512777
83.28595289885476,166.57190579770952
87.72467132467025,175.4493426493405
66.20071409769058,132.40142819538116
14.990574274201041,29.981148548402082
65.3011486210497,130.6022972420994
33.9778956795779,67.9557913591558
65.773233452727,131.546466905454
75.25304654325991,150.50609308651983
18.073977895133485,36.14795579026697
83.37106061963644,166.74212123927288
14.427145881064263,28.854291762128526
89.74385135681723,179.48770271363446
28.703462507289768,57.406925014579535
43.45375947330089,86.90751894660178
22.647953997294113,45.29590799458823
34.579641918026994,69.15928383605399
33.06220245794872,66.12440491589744
67.73240274421272,135.46480548842544
13.077172739984988,26.154345479969976
32.552281505434976,65.10456301086995
87.2903358981922,174.5806717963844
73.06189244303975,146.1237848860795
53.96511291833621,107.93022583667242
11.865525958273004,23.731051916546008
88.04460988235036,176.08921976470072
92.85550089380358,185.71100178760716
73.99557087761744,147.99114175523488
20.2139870785917,40.4279741571834
2.889632192554603,5.779264385109206
81.27916245687948,162.55832491375895
65.17842352975386,130.35684705950771
45.97026838283589,91.94053676567178
60.860049485049906,121.72009897009981
18.51313627957475,37.0262725591495
51.082622609529714,102.16524521905943
28.32202509916342,56.64405019832684
76.45141860657715,152.9028372131543
61.44916786629936,122.89833573259872
82.87209603538815,165.7441920707763
49.23646104838293,98.47292209676586
38.56466766872162,77.12933533744324
80.69805604254677,161.39611208509353
96.95522507001225,193.9104501400245
78.57928915503743,157.15857831007486
58.816977878506016,117.63395575701203
81.43334119525348,162.86668239050695
15.178834689603015,30.35766937920603
17.373050689541248,34.746101379082496
4.672071175385673,9.344142350771346
5.815997703249054,11.631995406498108
16.14196962388913,32.28393924777826
73.80848546774716,147.61697093549432
19.174635864626854,38.34927172925371
28.98195531631328,57.96391063262656
75.80256604625036,151.60513209250072
5.467277392954939,10.934554785909878
67.71968240243838,135.43936480487676
21.189929117626548,42.379858235253096
24.985233864860156,49.97046772972031
75.42351738949112,150.84703477898225
12.111296708976493,24.222593417952986
9.56302771294939,19.12605542589878
5.512749809423035,11.02549961884607
65.28522298848439,130.57044597696878
27.87322975280202,55.74645950560404
36.96247536886826,73.92495073773652
56.43883161852064,112.87766323704128
43.509723279686696,87.01944655937339
26.067396013048672,52.134792026097344
5.499414613682441,10.998829227364881
61.42049268130524,122.84098536261048
61.395473502611644,122.79094700522329
81.40657584225444,162.81315168450888
56.4079779866843,112.8159559733686
49.82457655751566,99.64915311503133
6.530772344103964,13.061544688207928
58.41813138022294,116.83626276044588
12.971063180550557,25.942126361101113
82.26167343429904,164.52334686859808
79.26037191915415,158.5207438383083
6.112909760125406,12.225819520250813
39.05939912559502,78.11879825119004
25.6685441976226,51.3370883952452
25.96747423245397,51.93494846490794
42.20808283971673,84.41616567943346
38.868447714854504,77.73689542970901
22.114857701128678,44.229715402257355
39.749539958873925,79.49907991774785
3.96718949279683,7.93437898559366
15.41375787073449,30.82751574146898
89.84922543100062,179.69845086200124
75.78265382753385,151.5653076550677
52.59552159350909,105.19104318701818
20.122505783601575,40.24501156720315
86.62755766840806,173.25511533681612
55.71717879206317,111.43435758412635
18.509800338195582,37.019600676391164
47.49909247327848,94.99818494655696
12.112506168135173,24.225012336270346
97.52440425620144,195.04880851240287
34.981744950978126,69.96348990195625
64.82864564699169,129.65729129398338
12.399183469229857,24.798366938459715
95.93754234963758,191.87508469927516
16.395367692691142,32.790735385382284
49.677061592011576,99.35412318402315
54.161998953806304,108.32399790761261
50.12647717161814,100.25295434323628
34.725945398045674,69.45189079609135
75.73203664744635,151.4640732948927
39.67186854603381,79.34373709206761
77.7522735034471,155.5045470068942
71.56666563794441,143.13333127588882
72.4166042229209,144.8332084458418
91.37513793212698,182.75027586425395
91.86714310077745,183.7342862015549
71.46725683455296,142.9345136691059
13.465282264036171,26.930564528072342
89.30659148943005,178.6131829788601
20.755277307193797,41.510554614387594
16.84062904320435,33.6812580864087
56.6258183514117,113.2516367028234
18.615203867205278,37.230407734410555
19.732581024029948,39.465162048059895
77.63557362732067,155.27114725464133
28.87978178225343,57.75956356450686
59.45112186991259,118.90224373982518
12.053933470226319,24.107866940452638
53.397155558540156,106.79431111708031
49.735224335967054,99.47044867193411
91.26163767200192,182.52327534400385
75.44037962735787,150.88075925471574
95.68761778123348,191.37523556246697
56.37826580692313,112.75653161384626
89.80640555497078,179.61281110994156
60.37043754566987,120.74087509133975
31.722280641219736,63.44456128243947
70.90548663259271,141.81097326518542
64.05464560521767,128.10929121043534
5.452857840567605,10.90571568113521
58.99388650099648,117.98777300199296
38.99594030390329,77.99188060780658
49.69840870761012,99.39681741522024
86.35402936520174,172.70805873040348
81.0515454406555,162.103090881311
12.096389996715596,24.19277999343119
3.5978844080843064,7.195768816168613
30.719743685725,61.43948737145
42.81967398634442,85.63934797268884
82.55247993914816,165.1049598782963
18.386080614645017,36.772161229290035
78.56286644950121,157.12573289900243
57.19353011923416,114.38706023846832
25.93008128078055,51.8601625615611
78.31416795543132,156.62833591086263
95.0440946313723,190.0881892627446
18.306550178554602,36.613100357109204
15.359492610731218,30.718985221462436
41.308290027081284,82.61658005416257
42.18406409542217,84.36812819084435
58.370363139523654,116.74072627904731
25.38113358666013,50.76226717332026
14.272232991593803,28.544465983187607
45.863319870644226,91.72663974128845
95.23058221598446,190.4611644319689
12.658922043535192,25.317844087070384
11.835169643698574,23.670339287397148
43.470519710776024,86.94103942155205
73.62687805697507,147.25375611395015
96.53016406757318,193.06032813514636
58.229506734209416,116.45901346841883
78.03012443544199,156.06024887088398
46.17995554314472,92.35991108628944
28.25075091679642,56.50150183359284
58.68904045966508,117.37808091933016
64.62307752012782,129.24615504025564
88.16895650268334,176.3379130053667
35.646450394562635,71.29290078912527
92.30311487093958,184.60622974187916
25.878141536028,51.756283072056
0.1119518194386826,0.2239036388773652
6.230724778494334,12.461449556988669
6.3486240635753255,12.697248127150651
49.83761963403337,99.67523926806675
35.28810933917714,70.57621867835428
81.48216820851147,162.96433641702293
61.4047110420073,122.8094220840146
56.66533530708555,113.3306706141711
5.019459227388323,10.038918454776645
92.36149316777792,184.72298633555585
55.90910587713073,111.81821175426145
95.90439583139494,191.80879166278987
38.0236887870373,76.0473775740746
16.25536097721382,32.51072195442764
36.02494478582459,72.04988957164917
72.0613735367568,144.1227470735136
24.222103616664224,48.44420723332845
71.50566135969089,143.01132271938178
41.6101609882756,83.2203219765512
51.65526439357024,103.31052878714048
42.14934768356615,84.2986953671323
91.88577463895635,183.7715492779127
4.877073814224852,9.754147628449704
5.525434312339916,11.050868624679833
35.85268890500159,71.70537781000318
63.411033555041655,126.82206711008331
25.214329199594776,50.42865839918955
51.4162154050776,102.8324308101552
8.056343998522998,16.112687997045995
74.0125452598068,148.0250905196136
92.94240092153842,185.88480184307684
59.81877471770668,119.63754943541336
22.84717103442443,45.69434206884886
25.63344994118909,51.26689988237818
83.9712115925537,167.9424231851074
25.29737628326273,50.59475256652546
90.14552466475327,180.29104932950654
79.68266863405326,159.36533726810652
49.388500531996115,98.77700106399223
27.671953356127275,55.34390671225455
80.00188308563013,160.00376617126025
12.34798097321318,24.69596194642636
90.52969588089434,181.05939176178867
77.52100041766958,155.04200083533917
6.833664100150072,13.667328200300144
9.803861216824373,19.607722433648746
83.33494626412138,166.66989252824277
80.97765574964532,161.95531149929064
22.877698145796543,45.75539629159309
98.45522511669671,196.91045023339342
49.37682859980438,98.75365719960875
45.40400306791614,90.80800613583229
87.28954453801678,174.57908907603357
10.78096182067515,21.5619236413503
49.864891248670965,99.72978249734193
13.714102122195971,27.428204244391942
78.11848045765122,156.23696091530243
19.53534381994324,39.07068763988648
65.31171891399326,130.62343782798652
42.88671333774548,85.77342667549097
34.95851173057504,69.91702346115008
40.70434321797336,81.40868643594672
72.58721450199059,145.17442900398117
68.93944886046563,137.87889772093126
36.1221981231776,72.2443962463552
30.387706413241144,60.77541282648229
69.26887818404946,138.5377563680989
75.9228366325546,151.8456732651092
72.48953707103804,144.9790741420761
47.449254782536855,94.89850956507371
92.79121873816555,185.5824374763311
13.44761370116564,26.89522740233128
33.29343628690445,66.5868725738089
44.02679480448054,88.05358960896108
23.069106669669726,46.13821333933945
40.021243310688625,80.04248662137725
92.99717838642269,185.99435677284538
81.05649225293462,162.11298450586924
1.8693075482014376,3.7386150964028753
91.93615969669257,183.87231939338514
5.02975042625482,10.05950085250964
89.67059096745979,179.34118193491958
59.16428860463046,118.32857720926091
74.42416303436976,148.8483260687395
36.75400521211688,73.50801042423376
89.80810592302713,179.61621184605426
46.804098247010764,93.60819649402153
57.19972520113924,114.39945040227848
4.787653182830775,9.57530636566155
38.326038123186635,76.65207624637327
27.525734107698753,55.051468215397506
42.3852202954058,84.7704405908116
56.9999348528523,113.9998697057046
27.49200960378865,54.9840192075773
43.948189906788706,87.89637981357741
35.77008733084168,71.54017466168337
43.47218345144107,86.94436690288214
44.97982224513457,89.95964449026914
41.07985871548946,82.15971743097892
69.1470120016032,138.2940240032064
97.37710157320272,194.75420314640544
14.857807258051892,29.715614516103784
55.85773130098286,111.71546260196573
16.36619996057288,32.73239992114576
55.44622916362153,110.89245832724306
78.04157952428515,156.0831590485703
91.842802744642,183.685605489284
8.877777793641972,17.755555587283943
61.42478048889033,122.84956097778065
80.63997499710692,161.27994999421384
24.81181292760337,49.62362585520674
66.75347335231504,133.50694670463008
74.02861764100025,148.0572352820005
1.299708514853748,2.599417029707496
48.01047939012367,96.02095878024734
48.28477735359004,96.56955470718007
77.10565173342574,154.2113034668515
85.11364346709468,170.22728693418935
16.89100496149226,33.78200992298452
98.62186617658494,197.2437323531699
53.16824219020781,106.33648438041563
10.524184130090653,21.048368260181306
63.482095527842034,126.96419105568407
47.040728810593556,94.08145762118711
3.6738134428610514,7.347626885722103
1.5618968916031872,3.1237937832063745
34.15344937360467,68.30689874720935
4.916608174480974,9.833216348961948
79.27527095059587,158.55054190119174
41.94810303576555,83.8962060715311
86.94122072713438,173.88244145426876
65.62729455356295,131.2545891071259
87.65389638245861,175.30779276491722
57.22183857058505,114.4436771411701
45.23960335934055,90.4792067186811
34.46341387681703,68.92682775363406
6.953277299141214,13.906554598282428
36.79981551310073,73.59963102620146
70.15181921006044,140.30363842012088
30.213879696333855,60.42775939266771
99.31189621696099,198.62379243392198
33.40243287689935,66.8048657537987
74.14264636170662,148.28529272341325
53.46247399780226,106.92494799560453
44.59765694010961,89.19531388021922
28.045812416329074,56.09162483265815
49.14730205361671,98.29460410723343
16.00254014930996,32.00508029861992
8.408479255756818,16.816958511513636
53.06524035410406,106.13048070820813
15.518359951493432,31.036719902986864
18.356510835575513,36.713021671151026
36.90477622213285,73.8095524442657
9.164297847732616,18.328595695465232
37.8146138841192,75.6292277682384
12.58635544894451,25.17271089788902
26.727734503014855,53.45546900602971
23.022393256043514,46.04478651208703
89.12630401729909,178.25260803459818
21.385121003580544,42.77024200716109
83.06344354567888,166.12688709135776
95.68013637887407,191.36027275774813
13.743502493186243,27.487004986372487
50.90736615030328,101.81473230060656
57.92169870896713,115.84339741793426
60.515733313177364,121.03146662635473
67.64460957422878,135.28921914845756
75.20408467161668,150.40816934323337
53.037170123809595,106.07434024761919
6.209886700017464,12.419773400034927
39.22172425159841,78.44344850319682
77.4408150683123,154.8816301366246
91.67502504857524,183.35005009715047
15.602198710946213,31.204397421892427
40.158312691533226,80.31662538306645
46.53718058018459,93.07436116036918
7.620304619789298,15.240609239578596
15.273506263893966,30.54701252778793
71.31316574829701,142.62633149659402
72.18931648931573,144.37863297863146
50.05235157212512,100.10470314425024
17.750799678816865,35.50159935763373
81.9938703920682,163.9877407841364
34.45012462346405,68.9002492469281
19.62105200272706,39.24210400545412
24.061561143751685,48.12312228750337
51.049976102168856,102.09995220433771
24.603285939792663,49.206571879585326
1.5872083968419548,3.1744167936839096
68.08167537951887,136.16335075903774
15.414097457618848,30.828194915237695
17.175327668498642,34.350655336997285
70.37185915911112,140.74371831822225
38.414645997752785,76.82929199550557
37.1891015903041,74.3782031806082
9.736650978898066,19.47330195779613
17.349765350364233,34.69953070072847
31.279140567993345,62.55828113598669
67.92899645162859,135.85799290325718
54.37431683608539,108.74863367217078
36.099332049216116,72.19866409843223
27.8126296065166,55.6252592130332
78.77657868749202,157.55315737498404
43.40510728850918,86.81021457701836
61.01685255216873,122.03370510433746
36.44370720250739,72.88741440501478
14.799605094837142,29.599210189674285
41.52286593795158,83.04573187590316
25.5206762745803,51.0413525491606
52.63285485276188,105.26570970552376
71.38176384116429,142.76352768232857
93.14344815357633,186.28689630715266
10.341842351209507,20.683684702419015
46.9835361235183,93.9670722470366
18.13105822032415,36.2621164406483
97.11443528398874,194.22887056797748
95.5176588013595,191.035317602719
37.33057774487716,74.66115548975432
18.414567864820665,36.82913572964133
55.826116828853145,111.65223365770629
35.40533763027709,70.81067526055418
15.632485600608526,31.26497120121705
79.25213082804582,158.50426165609164
74.43839856413769,148.87679712827537
42.68655125954361,85.37310251908723
41.71872708951866,83.43745417903732
17.927034734866176,35.85406946973235
21.74482989320554,43.48965978641108
59.52380493272103,119.04760986544206
59.668771476060975,119.33754295212195
16.286647801874743,32.573295603749486
37.37044790166676,74.74089580333352
69.25712235967183,138.51424471934365
42.37844507786496,84.75689015572992
88.81714576385328,177.63429152770655
15.406687887660143,30.813375775320285
3.396566702275172,6.793133404550344
87.10261538151391,174.20523076302783
70.61036906295043,141.22073812590085
40.740104700797076,81.48020940159415
62.211901613322674,124.42380322664535
8.00860478387052,16.01720956774104
28.96032711098917,57.92065422197834
64.38827360505518,128.77654721011035
66.4953280103395,132.990656020679
53.98697167162459,107.97394334324918
43.851489144588015,87.70297828917603
56.2356895436899,112.4713790873798
53.02607685906652,106.05215371813304
62.098855769043524,124.19771153808705
20.26163221971534,40.52326443943068
81.96576227194414,163.9315245438883
98.41253220909383,196.82506441818765
96.44361881524242,192.88723763048483
0.27818198122718796,0.5563639624543759
49.12497545242659,98.24995090485318
27.65114945821212,55.30229891642424
61.84633260059918,123.69266520119837
44.985164952009036,89.97032990401807
63.53357609706101,127.06715219412202
42.276206166471134,84.55241233294227
40.306994931845566,80.61398986369113
30.782543353414816,61.56508670682963
45.817997676052215,91.63599535210443
91.805062881252,183.610125762504
99.05887709331365,198.1177541866273
29.91502824872956,59.83005649745912
98.05455651099425,196.1091130219885
1.4301810732802345,2.860362146560469
31.519913889054653,63.039827778109306
64.48545700553609,128.97091401107218
29.590169457342196,59.18033891468439
46.11653818770165,92.2330763754033
82.16282887889722,164.32565775779443
43.775026972024634,87.55005394404927
14.869084881323191,29.738169762646383
9.138334264093462,18.276668528186924
46.06361678194908,92.12723356389816
94.23587930421824,188.4717586084365
64.31369593114383,128.62739186228765
67.65029920532132,135.30059841064264
54.55187885400933,109.10375770801866
50.21031576614593,100.42063153229186
60.929346977109866,121.85869395421973
6.320070709366787,12.640141418733574
74.69188894016688,149.38377788033375
72.00057041958011,144.00114083916023
54.50582158916257,109.01164317832514
78.3924842043955,156.784968408791
69.73711410582007,139.47422821164014
91.41426227240855,182.8285245448171
67.96015291901337,135.92030583802674
12.591291151289107,25.182582302578215
3.656253767692419,7.312507535384838
26.29195269013276,52.58390538026552
55.35158221094255,110.7031644218851
57.62850215881086,115.25700431762172
75.0227725592729,150.0455451185458
81.06755328561624,162.13510657123248
91.81453951926434,183.6290790385287
59.621827073866115,119.24365414773223
52.42349355997682,104.84698711995364
18.075488015896024,36.15097603179205
88.95059185298005,177.9011837059601
32.547780347301604,65.09556069460321
22.44291957332285,44.8858391466457
20.33677366471255,40.6735473294251
74.45782200067002,148.91564400134004
98.9906350733443,197.9812701466886
34.35792487832647,68.71584975665294
67.96438708048733,135.92877416097465
78.62434319792567,157.24868639585134
91.19378649324969,182.38757298649938
46.247466857942435,92.49493371588487
2.186714784825383,4.373429569650766
33.43267958988605,66.8653591797721
74.47659423147131,148.95318846294262
19.984529069564072,39.969058139128144
88.00902596599418,176.01805193198837
90.20501460409896,180.41002920819793
72.88011146218099,145.76022292436198
26.450142906108898,52.900285812217795
87.21011265658127,174.42022531316255
23.316462980679574,46.63292596135915
58.79682184670949,117.59364369341898
29.589603938865295,59.17920787773059
60.552590709189694,121.10518141837939
15.259279755184929,30.518559510369858
80.60412098005672,161.20824196011344
58.24762063847084,116.49524127694168
20.47259953518993,40.94519907037986
7.140727278091152,14.281454556182304
35.9143841108119,71.8287682216238
37.97294779177549,75.94589558355098
76.49399054567735,152.9879810913547
20.29538476342537,40.59076952685074
94.76157790578922,189.52315581157845
97.15853415277945,194.3170683055589
10.193158514775092,20.386317029550185
78.38405551027314,156.76811102054629
45.9474614874749,91.8949229749498
58.5961339832453,117.1922679664906
40.06095202899633,80.12190405799267
4.276244580187239,8.552489160374478
10.842982362112163,21.685964724224327
10.033389424289108,20.066778848578217
55.335981343342326,110.67196268668465
47.81896303722105,95.6379260744421
29.783032830298495,59.56606566059699
37.684152307208805,75.36830461441761
54.627742838499124,109.25548567699825
78.65926733664247,157.31853467328494
95.98152627638392,191.96305255276783
68.18484094364572,136.36968188729145
6.7076605888889524,13.415321177777905
44.77953728061493,89.55907456122986
84.45095514653191,168.90191029306382
46.65093390851124,93.30186781702248
22.39891909925359,44.79783819850718
32.05208715831125,64.1041743166225
10.797992815040669,21.595985630081337
82.31199404056059,164.62398808112118
25.491146812874632,50.982293625749264
71.26977642500685,142.5395528500137
59.16312222396872,118.32624444793744
55.352297449936195,110.70459489987239
1.8625208279982597,3.7250416559965194
69.34706993131398,138.69413986262796
15.976074424919862,31.952148849839723
84.00834115456725,168.0166823091345
12.06815387931892,24.13630775863784
80.61296938987198,161.22593877974396
46.886246448194846,93.77249289638969
50.1070618389666,100.2141236779332
57.24421585702682,114.48843171405365
91.19625480000462,182.39250960000925
67.21869588520742,134.43739177041485
54.5051241758986,109.0102483517972
12.281091281701196,24.56218256340239
98.33998670931815,196.6799734186363
90.10578465467218,180.21156930934436
39.28532077574746,78.57064155149492
16.699266546859203,33.398533093718406
94.91003572824872,189.82007145649743
34.41528949949226,68.83057899898452
19.69473301637824,39.38946603275648
8.684215438070918,17.368430876141836
60.85329361320705,121.7065872264141
3.079867093940092,6.159734187880184
75.15875073658614,150.31750147317229
34.743938717737876,69.48787743547575
44.22537679379207,88.45075358758415
55.121456016713985,110.24291203342797
19.06590076559933,38.13180153119866
17.152339784012426,34.30467956802485
29.99613264282569,59.99226528565138
76.640968348532,153.281936697064
55.458218094887044,110.91643618977409
85.39888799848234,170.79777599696467
65.08382717990104,130.16765435980207
51.861435000974176,103.72287000194835
39.473284872873194,78.94656974574639
83.47490234400377,166.94980468800753
2.6181767248674603,5.236353449734921
61.587700150332516,123.17540030066503
20.93880990496245,41.8776198099249
33.00580237865748,66.01160475731496
35.26312894074144,70.52625788148288
55.55006175447507,111.10012350895013
98.82599448526778,197.65198897053557
60.060176368659846,120.12035273731969
8.624019064449062,17.248038128898123
13.032336943995382,26.064673887990764
66.89590564721958,133.79181129443916
12.309692198635213,24.619384397270426
22.382553221069614,44.76510644213923
28.348731986562335,56.69746397312467
44.77559783328846,89.55119566657692
83.76884476065456,167.53768952130912
48.90705331162183,97.81410662324366
98.1869942616049,196.3739885232098
17.2287546139966,34.4575092279932
9.380767311370718,18.761534622741436
9.630360318957887,19.260720637915774
64.88879933836219,129.77759867672438
47.62107570656438,95.24215141312877
44.44145458170641,88.88290916341282
83.24001226179428,166.48002452358855
26.551745766787672,53.103491533575344
51.61750581723899,103.23501163447798
90.13045870680946,180.26091741361893
20.589812205384007,41.179624410768014
1.6949455986825068,3.3898911973650137
22.594821859180357,45.18964371836071
0.7763750999267516,1.5527501998535032
40.00896552093294,80.01793104186588
53.512719693920886,107.02543938784177
8.910943213442357,17.821886426884713
72.5912758340454,145.1825516680908
20.605708318853665,41.21141663770733
0.7899447444345675,1.579889488869135
82.8134398975994,165.6268797951988
77.61328338023932,155.22656676047865
29.864251602928192,59.728503205856384
42.589775178879066,85.17955035775813
86.07612205097058,172.15224410194116
60.968703787861045,121.93740757572209
71.70088608200331,143.40177216400662
48.59285835884775,97.1857167176955
59.80549328102509,119.61098656205019
94.33530624035473,188.67061248070945
51.37873791736144,102.75747583472288
31.29771984627263,62.59543969254526
82.42338661059169,164.84677322118338
49.369813998827574,98.73962799765515
13.94843000105248,27.89686000210496
15.014358364180458,30.028716728360916
96.12670655107509,192.25341310215018
67.77877478000175,135.5575495600035
0.5462812250675908,1.0925624501351816
51.30398679083301,102.60797358166602
88.49168273123092,176.98336546246185
47.28529153139468,94.57058306278935
73.5189699755405,147.037939951081
68.11661706083736,136.2332341216747
83.69156751437271,167.38313502874541
29.697258047168063,59.394516094336126
37.253890456908735,74.50778091381747
35.549911769776756,71.09982353955351
12.65304608065968,25.30609216131936
78.56396252489762,157.12792504979524
44.84021332268993,89.68042664537985
56.44976695572063,112.89953391144125
57.76365690977233,115.52731381954466
11.689653960382273,23.379307920764546
9.077859590473148,18.155719180946296
88.70184283101892,177.40368566203784
18.28096000629913,36.56192001259826
10.022651140490623,20.045302280981247
91.271588641031,182.543177282062
56.848614358453666,113.69722871690733
46.581706169238956,93.16341233847791
14.357286250524181,28.714572501048362
94.86502285622164,189.73004571244329
90.71928922913379,181.43857845826759
24.082649319970695,48.16529863994139
44.40389560437051,88.80779120874102
28.656230950816365,57.31246190163273
97.89754940177747,195.79509880355494
9.189623524099888,18.379247048199776
41.46026585767808,82.92053171535616
86.83997605153388,173.67995210306776
16.626648131590095,33.25329626318019
30.42478156135424,60.84956312270848
93.0149935344506,186.0299870689012
96.70740087907022,193.41480175814044
58.6809283916874,117.3618567833748
71.57985874246509,143.15971748493018
81.52546229454774,163.05092458909547
77.57184220529003,155.14368441058005
49.73871769438867,99.47743538877734
83.1669059431329,166.3338118862658
0.3688660257083365,0.737732051416673
17.90791855134821,35.81583710269642
87.95306412930502,175.90612825861004
52.02945800806879,104.05891601613757
27.873541379102797,55.74708275820559
90.40741217882007,180.81482435764013
27.6342300617758,55.2684601235516
96.35306319751264,192.70612639502528
75.12260794711084,150.24521589422167
14.16715634696244,28.33431269392488
31.30170184314578,62.60340368629156
33.40341744972621,66.80683489945243
19.608381687278175,39.21676337455635
33.14781890702374,66.29563781404748
20.667961768733257,41.33592353746651
30.85133207853702,61.70266415707404
22.451284913965676,44.90256982793135
56.9122910600167,113.8245821200334
11.34156513727146,22.68313027454292
10.433422526800074,20.866845053600148
3.791491061261565,7.58298212252313
14.99595792959527,29.99191585919054
51.31471969504915,102.6294393900983
47.56059506808634,95.12119013617269
65.78258616604626,131.56517233209252
72.64193824349415,145.2838764869883
9.838871846134811,19.677743692269622
34.696086743651364,69.39217348730273
8.753218446322752,17.506436892645503
6.626815818797227,13.253631637594454
23.547391549043095,47.09478309808619
4.793253892068849,9.586507784137698
5.90465650592118,11.80931301184236
53.92265545765608,107.84531091531215
77.93836306336802,155.87672612673603
33.64310941647243,67.28621883294485
26.00555387154334,52.01110774308668
70.1083215326154,140.2166430652308
68.03563428220858,136.07126856441715
54.06559268753636,108.13118537507272
29.81044219315262,59.62088438630524
50.473564197063325,100.94712839412665
30.324976454856355,60.64995290971271
2.018362324005174,4.036724648010348
50.144195395570776,100.28839079114155
12.876047611025754,25.75209522205151
61.56750778357346,123.13501556714692
57.496909905125825,114.99381981025165
80.93745709754972,161.87491419509945
12.989051435736398,25.978102871472796
62.489393723204245,124.97878744640849
45.11885197442754,90.23770394885508
96.56466518510989,193.12933037021978
80.00376873439296,160.00753746878593
27.847925621173207,55.695851242346414
76.54339943480429,153.08679886960857
33.34537734388741,66.69075468777481
87.17627417715718,174.35254835431437
41.89270646126675,83.7854129225335
32.87785378483806,65.75570756967612
65.65729958027129,131.31459916054257
32.97309363568035,65.9461872713607
1.9569104453204478,3.9138208906408956
13.125323425074143,26.250646850148286
19.305971849365243,38.611943698730485
66.06271173414338,132.12542346828675
61.35274327965278,122.70548655930556
51.52365980482422,103.04731960964844
99.6005434447474,199.2010868894948
43.37857236026629,86.75714472053258
33.11491163185587,66.22982326371174
27.93897591841976,55.87795183683952
94.26572823613493,188.53145647226987
95.74334306623584,191.48668613247168
77.19704700974597,154.39409401949194
1.113904293228929,2.227808586457858
99.63936961213844,199.27873922427688
20.896454392845932,41.792908785691864
0.21790906245116037,0.43581812490232075
50.61627855852725,101.2325571170545
15.650619314325686,31.301238628651372
15.493650554778549,30.987301109557098
45.14420631327061,90.28841262654122
83.91326194592837,167.82652389185674
2.992635592316073,5.985271184632146
1.16370423952451,2.32740847904902
13.426235275572784,26.85247055114557
59.798751129311775,119.59750225862355
20.538170718205517,41.076341436411035
48.33879871086314,96.67759742172628
53.78657685548909,107.57315371097818
74.4358307230764,148.8716614461528
44.600473750487424,89.20094750097485
3.6819545831976774,7.363909166395355
80.68975736997976,161.37951473995952
59.58539816518225,119.1707963303645
24.31942235241682,48.63884470483364
85.5241983975113,171.0483967950226
61.96604921220394,123.93209842440788
24.239108341722336,48.47821668344467
59.10646368311453,118.21292736622905
25.944441876534675,51.88888375306935
17.548586809491873,35.097173618983746
59.68052690811535,119.3610538162307
4.6303289420399185,9.260657884079837
28.96168165299322,57.92336330598644
57.52929591860225,115.0585918372045
36.78022458247374,73.56044916494749
12.158022913432765,24.31604582686553
54.95012825476353,109.90025650952705
91.700818587763,183.401637175526
98.21279896429147,196.42559792858293
32.25633436623845,64.5126687324769
15.826379647607913,31.652759295215827
87.48568517811091,174.97137035622183
42.75210502340195,85.5042100468039
82.86919864430897,165.73839728861793
25.92063966412732,51.84127932825464
74.46012615864804,148.92025231729608
16.68948450331621,33.37896900663242
91.56251229769833,183.12502459539667
7.50237152750326,15.00474305500652
65.81210467825464,131.62420935650928
22.397267272894993,44.794534545789986
34.09314485164463,68.18628970328926
94.25607069557842,188.51214139115683
57.14958486938587,114.29916973877174
56.925643517717084,113.85128703543417
88.76750188448382,177.53500376896764
90.41475673955807,180.82951347911614
72.89703939726961,145.79407879453922
6.444583044395181,12.889166088790361
93.63408257966456,187.26816515932913
96.88663037958669,193.77326075917338
93.60516093383353,187.21032186766706
81.42865490852363,162.85730981704725
65.65274598663248,131.30549197326496
74.48954433600734,148.97908867201468
61.94537598396443,123.89075196792886
87.13654266298218,174.27308532596436
17.05516281059665,34.1103256211933
34.780816649861166,69.56163329972233
66.55775803530688,133.11551607061375
2.146047991239952,4.292095982479904
64.85537692822156,129.71075385644312
46.800209289292496,93.60041857858499
86.58892477457513,173.17784954915027
27.92453498812374,55.84906997624748
13.657389680175115,27.31477936035023
42.99207588405194,85.98415176810389
32.97899887768387,65.95799775536774
47.12915974834678,94.25831949669356
7.2145683969138785,14.429136793827757
87.75410828661211,175.50821657322422
82.42430336154328,164.84860672308656
79.93578116027705,159.8715623205541
61.68428648733555,123.3685729746711
72.24545064626875,144.4909012925375
59.69722717875884,119.39445435751767
37.57259828399445,75.1451965679889
25.20077995152895,50.4015599030579
63.15312568120822,126.30625136241645
95.91104011853785,191.8220802370757
53.01608466801282,106.03216933602565
31.36120615500715,62.7224123100143
94.05469100988671,188.10938201977342
63.298890241106,126.597780482212
69.41135094727609,138.82270189455218
23.225622409723567,46.45124481944713
18.767914107373905,37.53582821474781
89.2340197648609,178.4680395297218
40.92311938754896,81.84623877509792
56.779559531250776,113.55911906250155
59.30317963638978,118.60635927277956
31.3122415366095,62.624483073219
20.955576242148975,41.91115248429795
51.056955869408405,102.11391173881681
17.481544509775738,34.963089019551475
19.335371917956103,38.670743835912205
90.48584563552369,180.97169127104738
51.36919173453677,102.73838346907354
91.84247108948678,183.68494217897356
36.27719598605583,72.55439197211166
70.85129175007161,141.70258350014322
26.541246524092944,53.08249304818589
89.14164409562517,178.28328819125034
89.94767290916252,179.89534581832504
31.128166445404513,62.25633289080903
12.056991468049782,24.113982936099564
34.95932647645292,69.91865295290584
87.96664997396809,175.93329994793618
92.33358080846239,184.66716161692477
72.17765931629052,144.35531863258103
51.94018610283746,103.88037220567492
79.55577079004762,159.11154158009523
86.04432095905872,172.08864191811745
90.26222985652265,180.5244597130453
41.5281599702128,83.0563199404256
35.697355327658386,71.39471065531677
92.59803742008437,185.19607484016873
20.57704835256766,41.15409670513532
84.16854498117432,168.33708996234864
44.44418465896401,88.88836931792802
97.82444486800689,195.64888973601379
65.76622816361962,131.53245632723923
94.19869372233389,188.39738744466777
70.72530472018464,141.45060944036928
48.87938314084359,97.75876628168719
15.265275304149927,30.530550608299855
70.42233887034112,140.84467774068224
80.641899636757,161.283799273514
79.37264835497079,158.74529670994158
60.22631489123857,120.45262978247715
90.57793779895624,181.15587559791248
79.67868389948801,159.35736779897601
74.65548151688303,149.31096303376606
35.566892553484486,71.13378510696897
56.02823021487014,112.05646042974028
95.96172004314181,191.92344008628362
76.20594500774244,152.4118900154849
98.51453827140028,197.02907654280057
84.18336534907705,168.3667306981541
36.414251796641494,72.82850359328299
1.636517233663981,3.273034467327962
28.790194429639538,57.580388859279076
43.86265330981003,87.72530661962006
52.1500544048102,104.3001088096204
99.75068610882055,199.5013722176411
1.7226548447209167,3.4453096894418334
91.98665993122914,183.97331986245828
82.4642491493586,164.9284982987172
24.936369487279553,49.872738974559105
83.85213520568617,167.70427041137233
24.147485403909265,48.29497080781853
67.4713995425969,134.9427990851938
7.680867726570151,15.361735453140302
60.696144094708146,121.39228818941629
16.44265534515298,32.88531069030596
98.61745214375476,197.23490428750952
40.49404035817309,80.98808071634618
50.93575178402824,101.87150356805648
59.756103407592896,119.51220681518579
5.745289538516795,11.49057907703359
73.63922610331421,147.27845220662843
11.958424175293924,23.91684835058785
39.43093018651847,78.86186037303693
56.56543397312978,113.13086794625956
50.00309356842054,100.00618713684108
1.6152310688232085,3.230462137646417
74.19319069069759,148.38638138139518
98.279465221665,196.55893044333
75.61742137198024,151.23484274396048
29.22293253122712,58.44586506245424
87.21216874171193,174.42433748342387
76.66887715743982,153.33775431487965
25.275603098149247,50.551206196298494
64.4859152958352,128.9718305916704
54.45751891426014,108.91503782852028
44.67093716356043,89.34187432712086
91.03113483859201,182.06226967718402
4.549038346410105,9.09807669282021
78.28820467449331,156.57640934898663
46.10886609485021,92.21773218970041
89.85417186768373,179.70834373536746
13.615490494308125,27.23098098861625
13.098712348471098,26.197424696942196
46.12928851905317,92.25857703810634
78.67454538378635,157.3490907675727
38.35438375371386,76.70876750742772
6.716100474258946,13.432200948517892
54.240225384374995,108.48045076874999
95.55764206583174,191.1152841316635
46.920605580753374,93.84121116150675
84.3456418042705,168.691283608541
30.588798589836486,61.17759717967297
35.205117654758226,70.41023530951645
64.74576329827396,129.4915265965479
18.2913723076066,36.5827446152132
79.30843662868774,158.6168732573755
11.169925147587668,22.339850295175335
47.10403195767976,94.20806391535952
86.01574994925328,172.03149989850655
20.332259827374422,40.664519654748844
68.24597828668027,136.49195657336054
50.22846669346268,100.45693338692536
20.572102262321835,41.14420452464367
90.09483803214155,180.1896760642831
63.90041946871907,127.80083893743814
64.89781009730585,129.7956201946117
41.4023371445129,82.8046742890258
21.27174907889504,42.54349815779008
24.41866288272958,48.83732576545916
0.7333104708083793,1.4666209416167586
42.013298505993156,84.02659701198631
37.367557335483696,74.73511467096739
68.97795572261093,137.95591144522186
20.46994568433704,40.93989136867408
87.484779944654,174.969559889308
79.02500335495579,158.05000670991157
11.080545440060385,22.16109088012077
8.027418773996198,16.054837547992395
93.77989234521358,187.55978469042716
30.220490234994635,60.44098046998927
20.51029693108548,41.02059386217096
1.19891270256276,2.39782540512552
55.34567422356933,110.69134844713867
51.09144568159433,102.18289136318866
35.433731441846696,70.86746288369339
56.288576431855184,112.57715286371037
18.842990581169094,37.68598116233819
93.19681525218184,186.39363050436367
44.851119877284276,89.70223975456855
98.65773901955514,197.31547803911027
11.126609648366149,22.253219296732297
88.71144549269816,177.42289098539632
25.715560988773678,51.431121977547356
3.7964644500225853,7.5929289000451705
13.514269586927885,27.02853917385577
39.72694828356775,79.4538965671355
73.11604180856219,146.23208361712437
98.9818924424343,197.9637848848686
20.075574762286884,40.15114952457377
73.00972246622042,146.01944493244085
79.40004174748816,158.80008349497632
2.915840125157221,5.831680250314442
47.86259364122816,95.72518728245632
4.558406038972729,9.116812077945458
55.55931669685846,111.11863339371692
81.71735652680145,163.4347130536029
49.473402430182425,98.94680486036485
54.396316508974216,108.79263301794843
43.26705450357362,86.53410900714724
34.287816147105744,68.57563229421149
90.90289281772601,181.80578563545203
48.871359121524904,97.74271824304981
82.30182858596035,164.6036571719207
97.60432199864299,195.20864399728598
29.340645344970728,58.681290689941456
83.3459475914388,166.6918951828776
97.10294894654388,194.20589789308775
79.46680270996174,158.93360541992348
54.78112454929476,109.56224909858952
81.63699872647447,163.27399745294895
28.509883956276315,57.01976791255263
26.430481304998878,52.860962609997756
45.350294910446465,90.70058982089293
96.98504662273184,193.9700932454637
59.33582299788833,118.67164599577666
28.79633368159564,57.59266736319128
72.05871534455483,144.11743068910965
39.606753411050185,79.21350682210037
12.273635236920477,24.547270473840953
2.640243300469969,5.280486600939938
39.92412777278378,79.84825554556755
37.57305516736953,75.14611033473906
84.96093076579956,169.92186153159912
98.95259397573149,197.90518795146298
93.68055858733916,187.36111717467833
42.88584360688159,85.77168721376319
45.441420165056186,90.88284033011237
74.73956297121586,149.47912594243172
82.16787928713994,164.33575857427988
57.74942285669481,115.49884571338961
86.85600048050154,173.71200096100307
77.08723762902112,154.17447525804224
65.98638374331331,131.97276748662662
43.59865688173088,87.19731376346176
88.10503790379104,176.2100758075821
77.9181205038132,155.8362410076264
57.993727634239576,115.98745526847915
56.169969761398654,112.33993952279731
57.946743621779795,115.89348724355959
56.496942116718344,112.99388423343669
19.73756208069124,39.47512416138248
50.7434623104744,101.4869246209488
62.88863852128293,125.77727704256586
50.977098306875156,101.95419661375031
43.005399994938664,86.01079998987733
16.574077998877744,33.14815599775549
97.60450431866697,195.20900863733394
75.76336626839311,151.52673253678623
52.079028242866585,104.15805648573317
27.112857448437055,54.22571489687411
64.05835606485412,128.11671212970825
40.035932070102895,80.07186414020579
83.76578761884652,167.53157523769303
25.66697013374071,51.33394026748142
73.86923471143596,147.73846942287193
37.97526612101637,75.95053224203274
74.65070834687376,149.3014166937475
33.38174466745605,66.7634893349121
58.48862413240711,116.97724826481422
64.1815136734677,128.3630273469354
26.162820706696145,52.32564141339229
40.6827355806845,81.365471161369
69.72435974317055,139.4487194863411
79.95481991915098,159.90963983830196
1.7073384655736712,3.4146769311473424
59.842036668587106,119.68407333717421
0.5377369482811978,1.0754738965623956
9.18155220139515,18.3631044027903
47.080749942275666,94.16149988455133
88.73525160483887,177.47050320967773
83.96662644506411,167.93325289012822
82.55600670864578,165.11201341729156
51.35709165430842,102.71418330861684
70.53505622553789,141.07011245107577
55.18230256578245,110.3646051315649
55.65684694616589,111.31369389233178
85.91419569769643,171.82839139539286
96.09128379226448,192.18256758452895
78.9401579753064,157.8803159506128
47.46053887183036,94.92107774366072
97.32652702108673,194.65305404217347
87.66446129686457,175.32892259372915
38.5883582456905,77.176716491381
43.34367266424118,86.68734532848237
25.816197574290157,51.632395148580315
14.134792960218068,28.269585920436135
95.3392732232995,190.678546446599
0.40894542126898026,0.8178908425379605
49.717254449275785,99.43450889855157
8.151083948439275,16.30216789687855
43.14122420245615,86.2824484049123
43.95274148638556,87.90548297277113
96.57762088213133,193.15524176426266
98.56126888420481,197.12253776840961
52.42556008183842,104.85112016367684
86.79547609698423,173.59095219396846
29.122210179817042,58.244420359634084
45.04620991774277,90.09241983548554
46.37058392298186,92.74116784596372
57.4719757587706,114.9439515175412
90.02101650187826,180.04203300375653
95.52424056953663,191.04848113907326
9.397571704431263,18.795143408862526
67.17718597711342,134.35437195422685
66.28387297261669,132.56774594523338
41.22589406968588,82.45178813937176
47.82850207067565,95.6570041413513
69.16664078568898,138.33328157137797
8.691283671223626,17.382567342447253
34.00160824899518,68.00321649799037
56.16707896105366,112.33415792210732
0.6937969188808069,1.3875938377616137
48.045370659882714,96.09074131976543
73.93942906089734,147.87885812179468
6.269005347169065,12.53801069433813
14.338315965599413,28.676631931198827
26.338579117822736,52.67715823564547
1.2950952971942709,2.5901905943885417
3.6747187413369686,7.349437482673937
19.211103719311296,38.42220743862259
17.261964914586414,34.52392982917283
39.44870751545969,78.89741503091938
13.3525344269954,26.7050688539908
96.76796888114984,193.53593776229968
8.692224664861614,17.38444932972323
80.33351745706638,160.66703491413276
85.87113483621094,171.74226967242188
68.1973464149677,136.3946928299354
36.5289956954886,73.0579913909772
39.896904391856616,79.79380878371323
69.30445835689794,138.60891671379588
16.404076973662917,32.808153947325835
86.0682589256618,172.1365178513236
36.90750044227542,73.81500088455084
25.701566423044188,51.403132846088376
25.04400100648272,50.08800201296544
86.10912799370159,172.21825598740318
89.8976222738834,179.7952445477668
22.841111672916426,45.68222334583285
71.62945021858974,143.25890043717948
17.25360641240713,34.50721282481426
7.372791520479083,14.745583040958167
90.44015287163843,180.88030574327686
66.82794697527305,133.6558939505461
69.10447572723386,138.20895145446772
43.870312820733524,87.74062564146705
2.2470145760096094,4.494029152019219
68.22351541897164,136.4470308379433
86.08374974075012,172.16749948150024
79.64642637389703,159.29285274779406
73.4082432249631,146.8164864499262
45.43188173131486,90.86376346262972
3.727466317155248,7.454932634310496
16.672020097346476,33.34404019469295
15.37007310111126,30.74014620222252
84.34279894125305,168.6855978825061
53.14565791440104,106.29131582880208
7.237309381805234,14.474618763610469
43.662577776120514,87.32515555224103
28.784869216118892,57.569738432237784
49.98063719267597,99.96127438535194
15.61557676533024,31.23115353066048
71.53424628967737,143.06849257935474
42.50815822485742,85.01631644971484
55.8613364189559,111.7226728379118
20.911557943108207,41.823115886216414
3.85530398988555,7.7106079797711
85.71147706653448,171.42295413306897
56.131341419351024,112.26268283870205
44.38526130706363,88.77052261412726
89.74998834599248,179.49997669198495
59.93514829090001,119.87029658180002
30.63838859213287,61.27677718426574
78.73258526712121,157.46517053424242
62.489240568551395,124.97848113710279
28.786274250273745,57.57254850054749
69.88696016887526,139.77392033775052
19.339472035641215,38.67894407128243
2.234928522711821,4.469857045423642
94.80581185538901,189.61162371077802
16.93835049509641,33.87670099019282
72.00440070822863,144.00880141645726
11.527485724125409,23.054971448250818
93.63328173621335,187.2665634724267
2.4768093330678753,4.953618666135751
51.30788788358869,102.61577576717738
33.50913714162458,67.01827428324916
46.7378286954899,93.4756573909798
93.2318930269744,186.4637860539488
10.002930064574588,20.005860129149177
95.46243632725614,190.92487265451228
31.183784383314894,62.36756876662979
72.17309044074634,144.34618088149267
74.03148322137203,148.06296644274406
52.73673244404753,105.47346488809507
4.8507334139235585,9.701466827847117
91.14707451436989,182.29414902873978
22.614021144583873,45.228042289167746
62.1589705050403,124.3179410100806
76.3178585626927,152.6357171253854
14.389893658333108,28.779787316666216
3.1317220098154963,6.263444019630993
26.103870554635755,52.20774110927151
21.1034501623078,42.2069003246156
63.544269487655605,127.08853897531121
62.04460388260237,124.08920776520473
43.64479363190842,87.28958726381684
13.848522876131575,27.69704575226315
5.7875928007886435,11.575185601577287
46.54184205764961,93.08368411529922
15.491049024612746,30.982098049225492
56.12186063365384,112.24372126730768
63.436376566714095,126.87275313342819
37.28158342739062,74.56316685478124
43.863605927611204,87.72721185522241
86.69451217122786,173.3890243424557
18.87419975251381,37.74839950502762
37.542633150481905,75.08526630096381
34.55017289845743,69.10034579691487
68.01102613844502,136.02205227689004
7.453581872205062,14.907163744410123
83.43381206044238,166.86762412088476
52.091953913752334,104.18390782750467
87.39588755161931,174.79177510323862
24.966485406363315,49.93297081272663
47.9179403343492,95.8358806686984
5.127420668711502,10.254841337423004
8.872974252201693,17.745948504403387
80.44675501660976,160.8935100332195
39.625936801962304,79.25187360392461
17.954118032729262,35.908236065458524
92.02525733158129,184.05051466316257
76.38045251280927,152.76090502561854
83.74827103526236,167.49654207052473
54.443896832302826,108.88779366460565
8.228770831492838,16.457541662985676
29.339709683351924,58.67941936670385
77.21574368337465,154.4314873667493
98.15813916627017,196.31627833254035
25.184468439018517,50.36893687803703
5.538509956435189,11.077019912870378
11.652126940495345,23.30425388099069
34.87698699024957,69.75397398049914
16.574945241118844,33.14989048223769
27.865605803692418,55.731211607384836
11.516696635117796,23.033393270235592
26.0080159827335,52.016031965467
52.77565770062081,105.55131540124162
88.10864844790656,176.21729689581312
97.75398075585481,195.50796151170962
36.19738916314752,72.39477832629504
20.16388366574785,40.3277673314957
10.300472277799223,20.600944555598446
25.089462852956334,50.17892570591267
46.39231738714923,92.78463477429845
2.0008249754566942,4.0016499509133885
28.22785067252458,56.45570134504916
28.177714325873016,56.35542865174603
11.670191645128503,23.340383290257005
94.40476049445098,188.80952098890197
49.734724265768904,99.46944853153781
44.928071913503,89.856143827006
0.8555661903524858,1.7111323807049716
30.724525866112874,61.44905173222575
5.887029912142361,11.774059824284722
41.543025752760656,83.08605150552131
2.2212556378385706,4.442511275677141
29.153623539050145,58.30724707810029
2.452565950335539,4.905131900671078
88.88639483513757,177.77278967027513
43.116662161046946,86.23332432209389
79.79362723897275,159.5872544779455
44.839181988596756,89.67836397719351
65.01604274044162,130.03208548088324
46.69152972007319,93.38305944014638
12.92075007630672,25.84150015261344
56.6822293297914,113.3644586595828
3.4840975655875517,6.968195131175103
30.889802530575306,61.77960506115061
57.99673749323529,115.99347498647057
36.1652486455461,72.3304972910922
21.110706694634395,42.22141338926879
62.75680373436957,125.51360746873914
5.678095689688078,11.356191379376156
6.477846383398155,12.95569276679631
6.231790086391342,12.463580172782684
0.2044086403125367,0.4088172806250734
64.6243788419974,129.2487576839948
20.3677024749225,40.735404949845
10.303700211901724,20.607400423803448
15.982312497129914,31.96462499425983
26.568529036720566,53.13705807344113
45.14966544448703,90.29933088897405
10.531608248315493,21.063216496630986
78.95366295074065,157.9073259014813
0.0573240704040634,0.1146481408081268
23.675471965646466,47.35094393129293
6.651789389110741,13.303578778221482
5.084672863363615,10.16934572672723
11.228076258109587,22.456152516219174
6.8207579052027345,13.641515810405469
59.16496877883591,118.32993755767183
93.71325564380186,187.42651128760372
39.75674712676438,79.51349425352876
92.56187752201423,185.12375504402846
28.001643149347345,56.00328629869469
85.57039168768948,171.14078337537896
94.12450164230867,188.24900328461734
58.505167091105584,117.01033418221117
82.76560156114395,165.5312031222879
77.9967679160874,155.9935358321748
81.23083017080278,162.46166034160555
97.10305514120759,194.20611028241518
31.613372310909604,63.22674462181921
19.075538241222056,38.15107648244411
19.924293534169145,39.84858706833829
59.38191033033411,118.76382066066822
92.77172114641769,185.54344229283538
30.933214320505986,61.86642864101197
46.76792984546729,93.53585969093459
36.380590423577964,72.76118084715593
46.021140233713545,92.04228046742709
35.67368373618447,71.34736747236894
6.726060462574246,13.452120925148492
36.23545165374057,72.47090330748114
18.018210488567554,36.03642097713511
31.65973551391228,63.31947102782456
99.99615710444598,199.99231420889197
38.36305267716239,76.72610535432479
20.49336085166017,40.98672170332034
90.70778843686269,181.41557687372537
13.915118428659657,27.830236857319314
38.40466826019019,76.80933652038038
8.221467450447207,16.442934900894414
48.68621439778382,97.37242879556764
48.38100524199529,96.76201048399058
72.94884103846826,145.89768207693652
20.207311734017875,40.41462346803575
70.16645776556304,140.33291553112608
73.01716860935502,146.03433721871005
81.73048179916378,163.46096359832757
75.32822809871662,150.65645619743324
9.299702828060186,18.59940565612037
32.29530357623609,64.59060715247217
31.202787651189823,62.405575302379646
87.68981426929915,175.3796285385983
72.5945365480642,145.1890730961284
4.181524212079923,8.363048424159846
98.51122486060402,197.02244972120803
73.42754280117067,146.85508560234135
95.2245368972182,190.4490737944364
56.31363423952782,112.62726847905564
90.92417688957084,181.8483537791417
45.01847878012845,90.0369575602569
75.87475658386903,151.74951316773806
48.47609047827186,96.95218095654371
17.515668076400704,35.03133615280141
71.49806861654025,142.9961372330805
56.679372899474686,113.35874579894937
13.964734363276765,27.92946872655353
73.51201027093909,147.02402054187817
26.374920087205023,52.749840174410046
91.63372746482311,183.26745492964622
21.882376042279073,43.76475208455815
56.65236097290365,113.3047219458073
96.45018959260902,192.90037918521804
88.9886944197747,177.9773888395494
36.75228429005497,73.50456858010995
14.920730693608252,29.841461387216505
73.41948671503047,146.83897343006095
90.98999193777885,181.9799838755577
82.94213607963215,165.8842721592643
91.21872567577589,182.43745135155177
78.04258921373321,156.08517842746642
57.941425728481214,115.88285145696243
57.96231808861004,115.92463617722008
24.791952206803924,49.58390441360785
9.267976039560377,18.535952079120754
47.71670415140877,95.43340830281754
14.164065359414145,28.32813071882829
29.06700319382708,58.13400638765416
1.923594324797695,3.84718864959539
10.354783123501864,20.70956624700373
59.22745333215723,118.45490666431446
79.826472680318,159.652945360636
85.86156783330452,171.72313566660904
86.23871211434262,172.47742422868524
17.03013205034949,34.06026410069898
81.97155069356033,163.94310138712066
61.2982399667364,122.5964799334728
6.4569741354515875,12.913948270903175
22.87144242603425,45.7428848520685
73.58949190060785,147.1789838012157
48.030885498168274,96.06177099633655
52.234501281998014,104.46900256399603
78.54803515505593,157.09607031011186
66.77647850591549,133.55295701183098
28.83323764709219,57.66647529418438
71.66923177011995,143.3384635402399
33.251415369587804,66.50283073917561
15.006270339240102,30.012540678480203
60.370279344024524,120.74055868804905
87.13878744847526,174.2775748969505
25.328624723906636,50.65724944781327
68.05773275724322,136.11546551448643
20.611553526651495,41.22310705330299
55.04094023973845,110.0818804794769
47.8785026833075,95.757005366615
48.491489764279294,96.98297952855859
95.86850309128286,191.73700618256572
29.020617656889726,58.04123531377945
32.60346012772075,65.2069202554415
64.80833989358422,129.61667978716844
67.59028689832274,135.1805737966455
76.61469950647529,153.22939901295058
9.846701463311568,19.693402926623136
65.59837134625954,131.19674269251908
91.40044139951007,182.80088279902014
53.97544612216444,107.95089224432888
1.043967099591947,2.087934199183894
47.736517801558676,95.47303560311735
50.01320967974622,100.02641935949244
63.34577818360629,126.69155636721258
59.32323564577502,118.64647129155004
43.55138947080103,87.10277894160205
8.24844558488379,16.49689116976758
14.425683553044099,28.851367106088198
65.29801339791958,130.59602679583915
15.673853784401192,31.347707568802385
77.53402673209878,155.06805346419756
13.520813918045594,27.041627836091187
53.90352516642659,107.80705033285318
10.123776027322073,20.247552054644146
63.091651078177605,126.18330215635521
18.946648601883265,37.89329720376653
27.667794272479384,55.33558854495877
27.562896944443004,55.12579388888601
7.234314784939966,14.468629569879932
88.67941598407349,177.35883196814697
6.055845916957203,12.111691833914406
31.79334276653689,63.58668553307378
2.6177226955979016,5.235445391195803
86.50947684416894,173.0189536883379
41.38658140810227,82.77316281620455
15.030321292400671,30.060642584801343
32.33940668669981,64.67881337339962
48.82169466210993,97.64338932421985
11.65873500146497,23.31747000292994
73.35874749476271,146.71749498952542
83.00980422727193,166.01960845454386
75.50501468821967,151.01002937643935
65.54550662215833,131.09101324431666
63.68628183566967,127.37256367133934
2.9630748606385926,5.926149721277185
57.90013872944457,115.80027745888914
6.670180240281132,13.340360480562264
29.725219658223512,59.450439316447024
17.747761475574244,35.49552295114849
43.922937290432095,87.84587458086419
31.162251101875484,62.32450220375097
18.37078460484891,36.74156920969782
40.81610722342344,81.63221444684687
80.87035685864414,161.7407137172883
93.48544473825312,186.97088947650624
0.6893364791230816,1.3786729582461632
41.30405837985204,82.60811675970407
91.17962277789529,182.35924555579058
63.875579673584326,127.75115934716865
89.62564152003047,179.25128304006094
62.51926953440263,125.03853906880526
17.831456261429324,35.66291252285865
26.96821598453939,53.93643196907878
53.46500551410427,106.93001102820854
59.13694722600632,118.27389445201264
22.859849238795594,45.71969847759119
0.03580257898296857,0.07160515796593714
63.591480575060146,127.18296115012029
65.16374936591107,130.32749873182215
99.85595103323874,199.71190206647748
95.76311161262285,191.5262232252457
22.447264855935,44.89452971187
51.551331355322695,103.10266271064539
19.44775082389284,38.89550164778568
51.49458482225214,102.98916964450429
6.016007086653474,12.032014173306948
4.365386078599787,8.730772157199574
51.30007161094644,102.60014322189288
10.615613281324787,21.231226562649574
31.03779669624074,62.07559339248148
98.17663560737948,196.35327121475896
49.78862950034079,99.57725900068158
68.39766960294466,136.79533920588932
46.269412110761486,92.53882422152297
75.52569694762359,151.05139389524717
62.75306659094127,125.50613318188255
76.89128609698987,153.78257219397975
52.339800799467696,104.67960159893539
84.29674240208887,168.59348480417773
24.593174325769606,49.18634865153921
58.28184761989813,116.56369523979626
27.027220419298846,54.05444083859769
34.14752677400893,68.29505354801786
80.42890108453787,160.85780216907574
9.191026221034226,18.382052442068453
25.369064945360453,50.738129890720906
3.961559189661845,7.92311837932369
43.565005945008,87.130011890016
70.9019451474412,141.8038902948824
37.41811906579164,74.83623813158329
77.80431753203146,155.60863506406292
44.50250388427519,89.00500776855039
73.97488403005688,147.94976806011377
30.207963986753494,60.41592797350699
51.382349949925846,102.76469989985169
35.69365427677445,71.3873085535489
19.367009716234318,38.734019432468635
7.853923574198996,15.707847148397992
18.298847946564432,36.597695893128865
8.408902707026854,16.81780541405371
99.11566632411666,198.23133264823332
61.89875331482925,123.7975066296585
4.596245458059789,9.192490916119578
98.03143479640075,196.0628695928015
24.48412879686267,48.96825759372534
65.11646006248924,130.23292012497848
27.75914365338069,55.51828730676138
23.13361225699189,46.26722451398378
48.77239281152236,97.54478562304472
58.220493687124716,116.44098737424943
70.09193444792736,140.18386889585472
4.517638059102058,9.035276118204116
82.24392552835602,164.48785105671203
59.056569166032865,118.11313833206573
70.81598054513705,141.6319610902741
93.12841606414123,186.25683212828247
88.52260722818924,177.0452144563785
31.308098360968117,62.616196721936234
82.64157112026278,165.28314224052556
84.41980235949752,168.83960471899505
59.539650418627765,119.07930083725553
45.35865161535604,90.71730323071208
63.507470672107104,127.01494134421421
44.89123939548032,89.78247879096064
98.74159969146066,197.48319938292133
13.048800588546905,26.09760117709381
95.92156499547198,191.84312999094396
61.2215196809046,122.4430393618092
85.11780575913554,170.23561151827107
52.65989434660797,105.31978869321594
36.8760121947195,73.752024389439
7.56214254280928,15.12428508561856
98.97850296759123,197.95700593518245
10.345228572438492,20.690457144876984
0.4728933257057588,0.9457866514115176
1.9956412743236562,3.9912825486473125
4.1294755858485965,8.258951171697193
30.203630940968118,60.407261881936236
30.12105464115884,60.24210928231768
75.44079487407504,150.88158974815008
20.044931664218034,40.08986332843607
96.7495868110682,193.4991736221364
58.06409147852265,116.1281829570453
84.72615433131718,169.45230866263435
94.73756254575089,189.47512509150178
94.81279469969134,189.62558939938268
26.9221358923997,53.8442717847994
17.658695336674523,35.317390673349045
83.79281895996358,167.58563791992717
44.91810503115432,89.83621006230864
67.8693023572739,135.7386047145478
79.20638843228728,158.41277686457457
30.979979548182644,61.95995909636529
40.301797825848475,80.60359565169695
34.587230872003005,69.17446174400601
70.1854347947976,140.3708695895952
8.00115485940468,16.00230971880936
1.0158252224742093,2.0316504449484185
10.1605663077588,20.3211326155176
3.1063883189074937,6.212776637814987
18.146371961886288,36.292743923772576
55.16372562227456,110.32745124454912
21.90113468867031,43.80226937734062
37.564002454195425,75.12800490839085
51.308552218777294,102.61710443755459
21.055287566031755,42.11057513206351
96.91769459887696,193.83538919775393
72.36183377833503,144.72366755667005
71.24984869468784,142.49969738937568
53.04764204785498,106.09528409570996
78.80195973265222,157.60391946530444
9.924567390146777,19.849134780293554
83.28289102748724,166.56578205497448
69.9808064706457,139.9616129412914
79.94817207902786,159.8963441580557
27.21910981953807,54.43821963907614
30.775419332635312,61.550838665270625
91.73606518362654,183.47213036725307
57.74961183377191,115.49922366754382
40.63385079467423,81.26770158934846
11.371734661235012,22.743469322470023
35.794512439422476,71.58902487884495
39.08444612788276,78.16889225576551
67.04134059257551,134.08268118515102
76.0828205680036,152.1656411360072
77.59487044924947,155.18974089849894
80.97880269190716,161.95760538381433
12.608415883389135,25.21683176677827
7.340932935201449,14.681865870402898
36.38646674081137,72.77293348162274
50.93527188897971,101.87054377795943
77.55920442572433,155.11840885144866
34.48730763852953,68.97461527705906
88.33674937723318,176.67349875446635
91.07794583993098,182.15589167986195
60.387835038053275,120.77567007610655
14.623032266011593,29.246064532023187
76.83358993205462,153.66717986410924
61.80128004656071,123.60256009312143
2.56668764551925,5.1333752910385
2.897007751136804,5.794015502273608
76.86987147023244,153.73974294046488
16.44904655918049,32.89809311836098
76.9120539634328,153.8241079268656
83.23805167872446,166.47610335744892
68.08371857226139,136.16743714452278
24.965785169357613,49.931570338715225
85.14550774255399,170.29101548510798
87.145330725788,174.290661451576
0.9056544610264394,1.8113089220528789
65.27913926313887,130.55827852627775
97.43559503152696,194.87119006305392
2.7004128009183836,5.400825601836767
7.089416217332511,14.178832434665022
79.83800236426775,159.6760047285355
12.807456850207465,25.61491370041493
95.65617587862275,191.3123517572455
54.64396066097922,109.28792132195844
37.985525111718665,75.97105022343733
57.304877164354664,114.60975432870933
99.75601930325129,199.51203860650259
68.21266376297142,136.42532752594283
34.468350599378454,68.93670119875691
9.336077564004464,18.672155128008928
75.42287754384873,150.84575508769746
82.50015650064084,165.00031300128168
43.2171510322643,86.4343020645286
78.56502782826888,157.13005565653776
62.78830891410957,125.57661782821914
54.35489782754017,108.70979565508034
68.67388396798418,137.34776793596836
55.155730816858515,110.31146163371703
48.331747030766635,96.66349406153327
38.370274259546456,76.74054851909291
38.33686432244184,76.67372864488368
61.279056054148796,122.55811210829759
31.469632019404703,62.939264038809405
8.35552418946227,16.71104837892454
28.899976659791992,57.799953319583985
1.8647164773538116,3.7294329547076233
60.50676499367419,121.01352998734838
63.29358794680617,126.58717589361234
11.745639274887665,23.49127854977533
59.53956967528108,119.07913935056216
90.47070875047336,180.94141750094673
28.998741428966124,57.99748285793225
55.28195410584009,110.56390821168019
20.640216218953967,41.28043243790793
97.17631510197093,194.35263020394186
18.694569406332374,37.38913881266475
45.78075409998462,91.56150819996924
39.51048696544232,79.02097393088464
13.513007548259692,27.026015096519384
65.33698114506366,130.67396229012732
66.51342748189886,133.02685496379772
31.21623841144491,62.43247682288982
65.57131612615927,131.14263225231855
61.16497127811146,122.32994255622292
76.5057989172732,153.0115978345464
23.9460071502539,47.8920143005078
39.83879894076474,79.67759788152948
38.949445997412994,77.89889199482599
87.63263168522435,175.2652633704487
62.8999525287251,125.7999050574502
36.370007000845625,72.74001400169125
52.646581033568374,105.29316206713675
43.39582718476176,86.79165436952351
81.01011237955626,162.02022475911252
86.00638945380892,172.01277890761784
58.22342930374715,116.4468586074943
57.46864657389021,114.93729314778042
80.49698472518266,160.9939694503653
54.35797817731481,108.71595635462963
74.47519515286393,148.95039030572786
35.8994378832196,71.7988757664392
1.369037359466596,2.738074718933192
74.12584799746267,148.25169599492534
45.3054953715132,90.6109907430264
57.55033595490504,115.10067190981007
63.188317880910525,126.37663576182105
11.597956267332965,23.19591253466593
60.20697085406142,120.41394170812283
8.139718838008992,16.279437676017984
58.06524598963644,116.13049197927288
82.9950371658993,165.9900743317986
65.4404720109961,130.8809440219922
69.93487763217311,139.86975526434622
76.74059192529367,153.48118385058734
77.93393408013371,155.86786816026742
82.34401834954637,164.68803669909275
67.64885662526612,135.29771325053224
98.15670912820413,196.31341825640826
85.43422663784692,170.86845327569384
76.30573744801674,152.61147489603349
8.269382630503197,16.538765261006393
27.660612031420705,55.32122406284141
96.7580679476298,193.5161358952596
92.63806795910212,185.27613591820423
0.2587373445947949,0.5174746891895898
56.08571092515261,112.17142185030522
94.56532047390314,189.13064094780628
86.0771939107837,172.1543878215674
63.70981174015957,127.41962348031915
50.26906413200665,100.5381282640133
8.172254878735064,16.344509757470128
60.64887513045715,121.2977502609143
75.1979149363668,150.3958298727336
42.137869885365106,84.27573977073021
89.89732500323095,179.7946500064619
36.15088749244065,72.3017749848813
83.17490616186295,166.3498123237259
58.13501694920853,116.27003389841705
62.45237886811788,124.90475773623577
71.80371042012608,143.60742084025216
53.016357044302154,106.03271408860431
12.651205504675112,25.302411009350223
93.25522568217802,186.51045136435604
26.493920969700945,52.98784193940189
39.85823583409571,79.71647166819142
50.83095510211945,101.6619102042389
23.632217774090424,47.26443554818085
65.44306072230206,130.88612144460413
34.37108175244406,68.74216350488813
27.462533786710708,54.925067573421416
91.25429585482478,182.50859170964955
5.831215379036781,11.662430758073562
61.090209267450845,122.18041853490169
95.50265527465523,191.00531054931045
31.907577569573974,63.81515513914795
0.7670424912414764,1.5340849824829528
69.82578453947126,139.65156907894252
55.78953529526268,111.57907059052536
96.13622732922596,192.27245465845192
43.86339659039906,87.72679318079813
67.58531024373397,135.17062048746794
57.64762428547519,115.29524857095038
19.205351442727903,38.410702885455805
94.77817803696968,189.55635607393936
72.25667605433199,144.51335210866398
95.47043980107456,190.94087960214912
85.67287010763413,171.34574021526825
67.11346057630003,134.22692115260006
96.06533605152408,192.13067210304817
85.7249776889815,171.449955377963
96.93599569535328,193.87199139070657
48.231416353216225,96.46283270643245
12.304832814449728,24.609665628899457
44.55464992935515,89.1092998587103
54.37139432517799,108.74278865035598
69.64824273565182,139.29648547130364
31.494642479248903,62.989284958497805
13.574270061901961,27.148540123803922
43.53499073683845,87.0699814736769
77.15640570616053,154.31281141232105
79.45867856005894,158.91735712011788
5.640024810501987,11.280049621003974
80.64324426562106,161.28648853124213
35.674760691072116,71.34952138214423
88.68431763844472,177.36863527688945
99.5283945844152,199.0567891688304
29.04573820106536,58.09147640213072
33.93503462089183,67.87006924178365
1.486143225334735,2.97228645066947
42.407790106254964,84.81558021250993
37.46966996741714,74.93933993483428
40.5595557763722,81.1191115527444
44.419000647595006,88.83800129519001
86.75084386110886,173.50168772221772
65.15362577552564,130.30725155105128
60.954321201590766,121.90864240318153
63.47248722778052,126.94497445556104
29.919250455132484,59.83850091026497
12.42508423935348,24.85016847870696
2.570331528993064,5.140663057986128
13.470733404472924,26.941466808945847
84.08803198014067,168.17606396028134
1.1083292309311266,2.216658461862253
5.063498458505366,10.126996917010732
32.35685043828161,64.71370087656322
11.872191576385571,23.744383152771142
11.825034305379734,23.65006861075947
28.594244546369772,57.188489092739545
5.007386851380202,10.014773702760404
85.57152220409299,171.14304440818597
34.51089464896535,69.0217892979307
90.76212520799375,181.5242504159875
35.60522106098154,71.21044212196308
32.41860641313138,64.83721282626276
85.13345402439695,170.2669080487939
93.49683882863708,186.99367765727416
71.29466975123833,142.58933950247666
8.990034041689388,17.980068083378775
38.413744375959105,76.82748875191821
42.330783394074764,84.66156678814953
90.92959228728013,181.85918457456026
89.5678942579085,179.135788515817
62.020646649815916,124.04129329963183
37.30927732490399,74.61855464980798
53.82064944076688,107.64129888153376
12.169370182882123,24.338740365764245
98.10192045208515,196.2038409041703
70.99658861847881,141.99317723695762
84.60547335964897,169.21094671929794
4.318782641357622,8.637565282715244
99.67663451461256,199.35326902922512
95.09905097823157,190.19810195646315
97.61195519990711,195.22391039981423
1.3997083864395243,2.7994167728790487
14.604357387463306,29.208714774926612
99.63641710763433,199.27283421526866
80.60028358130667,161.20056716261334
20.58971344303312,41.17942688606624
76.71961785748329,153.43923571496657
69.1907969936594,138.3815939873188
90.6786566567209,181.3573133134418
25.4088437617244,50.8176875234488
24.208857492807446,48.41771498561489
41.68088218382368,83.36176436764735
55.82424715395848,111.64849430791696
65.11721863072401,130.23443726144802
91.42996434580985,182.8599286916197
20.65518183639937,41.31036367279874
85.04975937099535,170.0995187419907
16.01814970810488,32.03629941620976
25.953113828992503,51.906227657985006
10.49141113251697,20.98282226503394
94.27500230387801,188.55000460775602
23.728052135598475,47.45610427119695
23.004992572516926,46.00998514503385
0.952418090554763,1.904836181109526
8.761074843463856,17.522149686927712
69.37571907253908,138.75143814507817
48.34674164595766,96.69348329191531
32.28199115108954,64.56398230217908
79.88572286470557,159.77144572941114
4.070820220146453,8.141640440292907
4.29786765250334,8.59573530500668
72.42319193052602,144.84638386105203
37.632864126735456,75.26572825347091
46.304360931768954,92.60872186353791
18.452184884953937,36.90436976990787
84.43707517853647,168.87415035707295
76.8894092970153,153.7788185940306
8.940497112874956,17.880994225749912
88.41679374509735,176.8335874901947
48.112804579184335,96.22560915836867
33.773552938209086,67.54710587641817
60.87941736823132,121.75883473646265
48.433670717264334,96.86734143452867
86.85569037969387,173.71138075938774
85.152316159726,170.304632319452
74.8610291189717,149.7220582379434
43.598305577866945,87.19661115573389
11.656191677930527,23.312383355861055
37.324990829802374,74.64998165960475
1.3675480388947059,2.7350960777894118
1.8491005051653464,3.698201010330693
98.60748313010942,197.21496626021883
95.87619749825932,191.75239499651863
99.30547128375831,198.61094256751662
55.04713113868892,110.09426227737784
65.0618588363439,130.1237176726878
90.14601890699036,180.29203781398073
91.76079453210087,183.52158906420175
38.89831262227865,77.7966252445573
24.96026917794302,49.92053835588604
77.26405615175236,154.5281123035047
68.46620656775725,136.9324131355145
88.6848658669515,177.369731733903
47.03619535550657,94.07239071101314
98.30074443957571,196.60148887915142
90.7918985666203,181.5837971332406
64.66865201743965,129.3373040348793
84.79530573647409,169.59061147294818
40.69919699322902,81.39839398645805
71.70694949699029,143.41389899398058
44.56985892031678,89.13971784063357
27.60141366733334,55.20282733466668
41.363100623857676,82.72620124771535
47.59790278963357,95.19580557926714
74.45782758738547,148.91565517477093
27.53085358805324,55.06170717610648
87.45765911804882,174.91531823609765
93.70638610801102,187.41277221602203
43.63512702987048,87.27025405974096
50.36210532053113,100.72421064106226
21.538249215402626,43.07649843080525
43.21455372386327,86.42910744772654
67.00174053596295,134.0034810719259
9.221307725776507,18.442615451553014
64.70713965437307,129.41427930874613
42.50020495232333,85.00040990464666
57.9909605242362,115.9819210484724
63.2967861846654,126.5935723693308
65.66164480964957,131.32328961929915
32.995444304536214,65.99088860907243
0.18263284304540495,0.3652656860908099
37.13061167433921,74.26122334867841
77.24879052818966,154.49758105637932
18.472098888078147,36.944197776156294
53.514797513955,107.02959502791
70.4974639321517,140.9949278643034
59.55202498288939,119.10404996577878
43.017957513890536,86.03591502778107
21.625035443568997,43.250070887137994
67.29693986859408,134.59387973718816
77.04883878372426,154.09767756744853
16.120723897879984,32.24144779575997
81.31862278586591,162.63724557173182
15.643553319301118,31.287106638602236
2.1585376987628746,4.317075397525749
23.283512314495724,46.56702462899145
39.55628047342881,79.11256094685761
68.01303083859699,136.02606167719398
71.42151540586839,142.84303081173678
70.90275695815443,141.80551391630885
70.53946980348267,141.07893960696535
96.94099723991263,193.88199447982527
3.7029950894069685,7.405990178813937
40.6851895777395,81.370379155479
10.227502164377967,20.455004328755933
50.28519245910144,100.57038491820288
46.046334345703656,92.09266869140731
88.97704007006554,177.95408014013108
45.88582517956685,91.7716503591337
80.04327031861543,160.08654063723085
42.31548737997844,84.63097475995689
99.07524157974467,198.15048315948934
89.12634852629063,178.25269705258125
68.86802279148296,137.73604558296591
25.57374608546591,51.14749217093182
22.32455347406446,44.64910694812892
25.782400855778565,51.56480171155713
82.20830188334605,164.4166037666921
5.718593524253213,11.437187048506425
75.3728168651129,150.7456337302258
44.93512574115043,89.87025148230086
44.35873743378396,88.71747486756792
3.9898037338246706,7.979607467649341
10.496950369764857,20.993900739529714
64.55371846435024,129.10743692870048
95.67387286691287,191.34774573382575
70.83229910509722,141.66459821019444
72.85933062241267,145.71866124482534
70.69666572950518,141.39333145901037
80.84723925306112,161.69447850612224
84.47096085738475,168.9419217147695
73.91696738549341,147.83393477098682
24.745874537593505,49.49174907518701
61.168725337379314,122.33745067475863
13.55849113281563,27.11698226563126
85.6772180692498,171.3544361384996
20.620779517972586,41.24155903594517
43.40502118836606,86.81004237673211
88.78873540134592,177.57747080269183
25.3540559711822,50.7081119423644
72.75251936491867,145.50503872983734
83.34432570951066,166.6886514190213
90.86150827967823,181.72301655935647
99.34580240394114,198.69160480788227
98.14892289990173,196.29784579980347
60.08996532698775,120.1799306539755
76.35251938866884,152.70503877733768
82.85596412152607,165.71192824305214
28.720616027535485,57.44123205507097
39.652004967502016,79.30400993500403
56.283638290394,112.567276580788
93.32770512831728,186.65541025663455
16.327203648717692,32.654407297435384
69.33176214320275,138.6635242864055
8.879031356172495,17.75806271234499
63.21877055157851,126.43754110315702
90.56591365171987,181.13182730343974
11.943989436265046,23.88797887253009
14.155972240884774,28.311944481769547
39.3619851615171,78.7239703230342
4.4639930567329955,8.927986113465991
57.09992534311069,114.19985068622138
11.307261998950102,22.614523997900204
88.83088211279495,177.6617642255899
75.82911654104801,151.65823308209602
45.337406488076816,90.67481297615363
36.8390942039804,73.6781884079608
95.20829023968122,190.41658047936244
45.90162520990842,91.80325041981683
98.86707478395542,197.73414956791083
89.09218592375399,178.18437184750798
65.30270460684778,130.60540921369557
76.55567806979595,153.1113561395919
83.89060586500177,167.78121173000355
75.83997112881873,151.67994225763746
50.45252003778402,100.90504007556804
10.950358834440976,21.900717668881953
12.73940309179351,25.47880618358702
99.88319158114386,199.76638316228772
97.90699924279924,195.8139984855985
87.89616681480163,175.79233362960326
54.586620604554405,109.17324120910881
1.573064892006415,3.14612978401283
57.39801095374255,114.7960219074851
94.15844934916505,188.3168986983301
76.05173470055881,152.10346940111762
31.737603857583075,63.47520771516615
96.12239268362116,192.24478536724232
51.75352788538915,103.5070557707783
29.709841818501193,59.419683637002386
86.81827615236793,173.63655230473586
33.22928413163939,66.45856826327878
3.968838572095268,7.937677144190536
95.53717180367038,191.07434360734075
4.663449816366338,9.326899632732676
30.685669407591977,61.371338815183954
51.93070204667666,103.86140409335331
60.15594120853021,120.31188241706042
42.30601937580829,84.61203875161658
72.55801460056065,145.1160292011213
5.727144204793344,11.454288409586688
47.03627229348426,94.07254458696852
31.23851129863977,62.47702259727954
14.001604335655294,28.00320867131059
96.04250138265354,192.08500276530708
40.39412583305262,80.78825166610524
11.905371488551742,23.810742977103484
6.383495628454472,12.766991256908945
15.753416441721168,31.506832883442335
23.8944129472599,47.7888258945198
97.99792555191458,195.99585110382915
20.00790917279084,40.01581834558168
10.51525505331008,21.03051010662016
21.97118986567488,43.94237973134976
71.0008669774005,142.001733954801
53.68763201396782,107.37526402793564
51.22579843741634,102.45159687483267
75.17281783008968,150.34563566017937
71.01897409630209,142.03794819260418
66.74411936323786,133.4882387264757
57.345728059112034,114.69145611822407
16.61900352867184,33.23800705734368
35.05682400211635,70.1136480042327
29.19666435831295,58.3933287166259
31.749686900396632,63.499373800793265
9.585642333031341,19.171284666062682
4.552865372963854,9.105730745927708
23.463785253504852,46.927570507009705
20.321614778941843,40.643229557883686
90.08305507809983,180.16611015619966
9.439439235281045,18.87887847056209
79.47631322867852,158.95262645735704
75.5785843154192,151.1571686308384
17.46437339056338,34.92874678112676
40.14103752040271,80.28207504080542
19.27720582766129,38.55441165532258
61.01044161948679,122.02088323897358
88.07530508726349,176.15061017452697
24.98600577952915,49.9720115590583
21.254348240436517,42.508696480873034
83.60609128877435,167.2121825775487
61.113273502343155,122.22654700468631
55.294037386138406,110.58807477227681
81.58780889408781,163.17561778817563
47.63411778928194,95.26823557856387
35.88640971311657,71.77281942623314
90.49642785445747,180.99285570891493
36.1391558643503,72.2783117287006
30.645202802810132,61.290405605620265
68.0427319009619,136.0854638019238
86.51956180192354,173.0391236038471
37.45267665364436,74.90535330728872
39.290146341096055,78.58029268219211
13.305354606216458,26.610709212432916
75.62118401494902,151.24236802989805
68.63070005579623,137.26140011159245
84.14857443778125,168.2971488755625
11.616434924931895,23.23286984986379
53.765740758252825,107.53148151650565
57.67078907922011,115.34157815844021
9.452430529214384,18.904861058428768
5.010499741728136,10.020999483456272
5.350643412343359,10.701286824686719
99.99995325982918,199.99990651965837
38.16162176264035,76.3232435252807
55.46511455339981,110.93022910679962
41.08398610625653,82.16797221251306
71.213405161272,142.426810322544
73.72312362930774,147.44624725861547
8.973193183427796,17.94638636685559
64.79190600588025,129.5838120117605
36.039013473857096,72.07802694771419
94.59778371720122,189.19556743440245
22.211979641849755,44.42395928369951
5.6265293842287845,11.253058768457569
20.057671923592878,40.115343847185756
29.0669306874756,58.1338613749512
73.74427409463208,147.48854818926415
97.68728863045854,195.37457726091708
87.92968164398033,175.85936328796066
38.49658970450475,76.9931794090095
0.5301648264975922,1.0603296529951844
9.9092657199769,19.8185314399538
83.50395638670311,167.00791277340622
48.47886927385121,96.95773854770242
24.852899484878467,49.705798969756934
63.38045075984164,126.76090151968327
60.17659028063764,120.35318056127528
61.959474888396585,123.91894977679317
11.18700135067895,22.3740027013579
91.29984859452601,182.59969718905202
28.698907945848195,57.39781589169639
20.538575450420538,41.077150900841076
87.1704261950364,174.3408523900728
61.26213791573763,122.52427583147526
61.53657916407159,123.07315832814318
39.795227760026684,79.59045552005337
20.91403290788383,41.82806581576766
87.05514941134561,174.11029882269122
88.79374519765426,177.58749039530852
41.70876158928676,83.41752317857352
79.47672223315917,158.95344446631833
6.920521509060185,13.84104301812037
64.75316294094016,129.50632588188031
21.594704902073058,43.189409804146116
29.594618811314255,59.18923762262851
38.71619024798013,77.43238049596026
9.23220156977208,18.46440313954416
26.253669067150696,52.50733813430139
42.35985572856712,84.71971145713424
66.73518718858982,133.47037437717964
16.90138038718556,33.80276077437112
46.494496386937456,92.98899277387491
51.095319290918184,102.19063858183637
27.16683962825891,54.33367925651782
24.744363541144555,49.48872708228911
49.22954404472822,98.45908808945644
34.55778104363143,69.11556208726286
9.691269328938768,19.382538657877536
3.3490868525346773,6.698173705069355
67.10472925348381,134.20945850696762
36.82315283403126,73.64630566806252
28.0084767961283,56.0169535922566
59.06598328725603,118.13196657451206
68.69448673139841,137.38897346279683
36.19237146811981,72.38474293623962
46.2122940462919,92.4245880925838
71.27546767562681,142.55093535125363
89.22424424559956,178.44848849119913
13.946698312858574,27.89339662571715
31.84983570493769,63.69967140987538
34.757213252017635,69.51442650403527
35.282069739279976,70.56413947855995
57.60592551100383,115.21185102200766
42.02479957925813,84.04959915851626
91.70860647367337,183.41721294734674
83.71732693877046,167.4346538775409
81.13413102080503,162.26826204161006
60.99948124599561,121.99896249199122
26.259025809422642,52.518051618845284
5.9964638551838085,11.992927710367617
28.81955721770605,57.6391144354121
67.98599017532,135.97198035064
93.30363459047364,186.60726918094727
63.27407911869432,126.54815823738863
16.952331079181548,33.904662158363095
56.832782324144496,113.66556464828899
65.17829677967127,130.35659355934254
38.0639217464437,76.1278434928874
0.36109542642386305,0.7221908528477261
34.198432598464024,68.39686519692805
2.4212906034129955,4.842581206825991
3.61792642080353,7.23585284160706
94.23272987648882,188.46545975297764
77.44976866782277,154.89953733564553
82.3102612122948,164.6205224245896
5.385011274422191,10.770022548844382
46.08143591514048,92.16287183028096
23.905503646259042,47.811007292518084
47.490508728164095,94.98101745632819
50.77149365292178,101.54298730584355
61.93401736776749,123.86803473553498
63.31074223562061,126.62148447124122
54.33629865813483,108.67259731626966
54.42457980809853,108.84915961619706
26.238667832922268,52.477335665844535
22.253721240297953,44.507442480595905
23.51055548605584,47.02111097211168
82.95139955606355,165.9027991121271
71.57624078100572,143.15248156201145
32.85221689440084,65.70443378880168
47.95629701096925,95.9125940219385
36.24738737663815,72.4947747532763
26.046614036221715,52.09322807244343
58.85987868145438,117.71975736290877
25.016865722481217,50.033731444962434
58.31634804600058,116.63269609200115
92.3376577371667,184.6753154743334
12.780798878642297,25.561597757284595
2.9184718646249386,5.836943729249877
79.2880943871242,158.5761887742484
53.763877497826314,107.52775499565263
47.4272790884029,94.8545581768058
29.694499731966463,59.388999463932926
42.01014922756059,84.02029845512118
29.933495109535578,59.866990219071155
72.60981723111738,145.21963446223475
8.034060379162721,16.068120758325442
82.82398234976071,165.64796469952142
96.41223506790962,192.82447013581924
36.43930769821534,72.87861539643067
84.96238735959477,169.92477471918954
46.67386733188813,93.34773466377627
18.381233638554704,36.76246727710941
77.69543355421335,155.3908671084267
20.411499031286663,40.822998062573326
