input:a:0,output:b:0
32.720341090606766,65.44068218121353
25.112935425815174,50.22587085163035
13.147835537092522,26.295671074185044
58.929419020948295,117.85883804189659
9.414566269439128,18.829132538878255
13.46443676586172,26.92887353172344
82.56711700911137,165.13423401822274
72.31890188608872,144.63780377217745
28.67223911773371,57.34447823546742
18.00631541496004,36.01263082992008
79.29487852242632,158.58975704485263
99.65458133780396,199.30916267560792
90.12129673459378,180.24259346918757
6.8145723829353795,13.629144765870759
90.44735789255354,180.89471578510708
30.384910923088114,60.76982184617623
91.69713845795778,183.39427691591555
16.930238287901933,33.860476575803865
25.362873792766617,50.725747585533234
11.426803848309975,22.85360769661995
10.613942138502686,21.227884277005373
85.34237248518662,170.68474497037323
38.058097414643136,76.11619482928627
7.951217497494268,15.902434994988536
47.783890743728065,95.56778148745613
96.84533612305707,193.69067224611413
60.437004602156286,120.87400920431257
19.14746186424128,38.29492372848256
51.581725799349734,103.16345159869947
54.160209252932965,108.32041850586593
3.0357958398213314,6.071591679642663
0.03741662986812555,0.0748332597362511
45.18005803371001,90.36011606742002
89.98236850642257,179.96473701284515
22.971543294773944,45.94308658954789
68.22514741965098,136.45029483930196
82.07062277566133,164.14124555132267
27.028323983877378,54.056647967754756
16.15462860072302,32.30925720144604
41.82017389220775,83.6403477844155
76.72970083654072,153.45940167308143
52.600492963937654,105.20098592787531
10.832355961290885,21.66471192258177
49.914746762767884,99.82949352553577
80.09087420255541,160.18174840511082
39.072970091302174,78.14594018260435
88.28933366547369,176.57866733094738
21.587993783700032,43.175987567400064
67.95252308154717,135.90504616309434
32.51933087100816,65.03866174201632
0.2615442243983357,0.5230884487966714
23.099378132333914,46.19875626466783
26.077810578381754,52.15562115676351
8.731117262026745,17.46223452405349
60.937674359530135,121.87534871906027
49.757696573799905,99.51539314759981
80.20941249080568,160.41882498161135
99.4780137234013,198.9560274468026
49.76753393314047,99.53506786628094
90.32985506922967,180.65971013845933
36.1199381755534,72.2398763511068
10.780151257005565,21.56030251401113
22.73763375541681,45.47526751083362
4.716896006487447,9.433792012974894
99.56550575980489,199.13101151960979
89.55016167660355,179.1003233532071
53.02447589295186,106.04895178590372
61.31283359081308,122.62566718162616
13.091170196448854,26.182340392897707
98.80340271740805,197.6068054348161
77.79041492655598,155.58082985311196
72.83789219445379,145.67578438890757
97.04378080892107,194.08756161784214
2.6664903015404917,5.332980603080983
40.6923964693512,81.3847929387024
91.21615226266725,182.4323045253345
57.77717999172949,115.55435998345898
39.22226474756986,78.44452949513972
3.6701538136590606,7.340307627318121
56.452881479869,112.905762959738
30.93025637674852,61.86051275349704
56.050673013841134,112.10134602768227
12.404420845780194,24.80884169156039
59.90755303486846,119.81510606973691
8.366468093144974,16.732936186289947
73.37230069193917,146.74460138387835
11.523669995664786,23.047339991329572
63.302073130482626,126.60414626096525
41.13933778882751,82.27867557765502
46.31696042893986,92.63392085787972
96.28396072588417,192.56792145176834
41.816118185928644,83.63223637185729
66.7667447792964,133.5334895585928
70.99589252769594,141.9917850553919
76.62243624864674,153.24487249729347
39.492493760073174,78.98498752014635
45.576672497938596,91.15334499587719
17.98577995955486,35.97155991910972
26.6760707048448,53.3521414096896
97.70089614843815,195.4017922968763
70.93020117015904,141.86040234031807
85.64309444055623,171.28618888111245
16.64828409726633,33.29656819453266
16.796206201748287,33.592412403496574
37.634080377790134,75.26816075558027
99.04994090086487,198.09988180172974
8.7946049271721,17.5892098543442
41.71851479285061,83.43702958570123
95.72338539009301,191.44677078018603
12.99675325403471,25.99350650806942
92.64171251032477,185.28342502064953
30.041139872312648,60.082279744625296
51.07537892222496,102.15075784444991
92.39916056399596,184.79832112799193
35.81887005507637,71.63774011015273
81.05877646267173,162.11755292534346
96.81258186865732,193.62516373731464
20.009631970123365,40.01926394024673
41.56818660564342,83.13637321128684
28.862007553631663,57.72401510726333
90.07237509638776,180.14475019277552
62.41870911093036,124.83741822186072
80.57211795715588,161.14423591431176
43.00924006660599,86.01848013321198
28.97191318242146,57.94382636484292
15.929068109253885,31.85813621850777
78.5776125083638,157.1552250167276
76.60824469705231,153.21648939410463
97.68102945612466,195.36205891224932
96.74460748169741,193.48921496339483
74.44722791779196,148.89445583558393
23.257816950607047,46.515633901214095
35.491875740240616,70.98375148048123
9.300789964317936,18.60157992863587
35.27748717516872,70.55497435033745
8.94265982713497,17.88531965426994
96.2430966779397,192.4861933558794
64.16015956698025,128.3203191339605
78.08647211322686,156.17294422645372
79.59233144401082,159.18466288802165
47.538550210738926,95.07710042147785
95.5127437533951,191.0254875067902
78.07031197809061,156.14062395618123
44.01169394687753,88.02338789375506
53.847363026429754,107.69472605285951
62.13214061416542,124.26428122833084
72.80332288814095,145.6066457762819
46.06864294347661,92.13728588695322
82.87280877308876,165.74561754617753
1.3695273652804207,2.7390547305608415
11.17343484043144,22.34686968086288
36.70350052833555,73.4070010566711
90.57036434343291,181.14072868686583
97.49384058470898,194.98768116941795
65.85968503702824,131.71937007405649
6.356672630574279,12.713345261148557
79.26118910945284,158.5223782189057
48.62987977350585,97.2597595470117
92.56014187453877,185.12028374907754
34.366983480417765,68.73396696083553
87.25971423739624,174.51942847479248
17.41706993613481,34.83413987226962
15.4667173135987,30.9334346271974
13.475410816583,26.950821633166
45.50712567062655,91.0142513412531
72.05758288785852,144.11516577571703
62.27350264324235,124.5470052864847
30.976004521046175,61.95200904209235
63.812283646465005,127.62456729293001
9.536833020735457,19.073666041470915
46.21192694677061,92.42385389354122
83.547149685408,167.094299370816
85.2578063586938,170.5156127173876
72.08197379885229,144.16394759770458
62.58037078025139,125.16074156050279
28.601475714462797,57.202951428925594
1.7025142277951488,3.4050284555902977
17.64554130827698,35.29108261655396
44.62648706412473,89.25297412824946
75.77349596153839,151.54699192307677
59.976856310024786,119.95371262004957
29.02305835763953,58.04611671527906
49.16603040052333,98.33206080104667
88.0055778571975,176.011155714395
84.18553958184629,168.37107916369257
65.5693787837746,131.1387575675492
19.19063093799771,38.38126187599542
3.756834704826284,7.513669409652568
64.03513584098563,128.07027168197126
45.48557138674306,90.97114277348612
76.46045818499962,152.92091636999925
9.05855968443242,18.11711936886484
48.70890967044198,97.41781934088397
42.68015879401869,85.36031758803738
9.277385614069223,18.554771228138446
2.9417285155828976,5.883457031165795
14.218100868162143,28.436201736324286
98.1106499030305,196.221299806061
15.162468225382952,30.324936450765904
56.2566160288414,112.5132320576828
11.03453773002563,22.06907546005126
29.89817203609918,59.79634407219836
62.087293960990955,124.17458792198191
46.25807362732557,92.51614725465114
69.54383136561135,139.0876627312227
97.39630539392988,194.79261078785976
73.97375338591947,147.94750677183893
64.9960907944614,129.9921815889228
15.649820437797901,31.299640875595802
63.01211126551552,126.02422253103104
48.25895045488561,96.51790090977121
1.204645944482985,2.40929188896597
9.853957827999082,19.707915655998164
20.375053922289975,40.75010784457995
36.01078038945258,72.02156077890515
68.0295831947214,136.0591663894428
58.739164815269106,117.47832963053821
47.236315098468715,94.47263019693743
95.6874137454119,191.3748274908238
21.767825816197373,43.535651632394746
43.36543960313078,86.73087920626156
86.79616809139506,173.59233618279012
6.89080126341477,13.78160252682954
64.14249661271533,128.28499322543067
77.12117263492347,154.24234526984694
86.46787921083089,172.93575842166177
69.70316793909147,139.40633587818294
1.312205882112627,2.624411764225254
26.098018449939076,52.19603689987815
20.11381775926856,40.22763551853712
30.924755104903024,61.84951020980605
74.48561846433613,148.97123692867225
47.31642165595954,94.63284331191907
86.74933447690589,173.49866895381177
62.28290565087935,124.5658113017587
74.08938306072977,148.17876612145955
53.31119451093483,106.62238902186967
63.705792151783044,127.41158430356609
27.228743329032223,54.45748665806445
78.24245584133912,156.48491168267824
99.57277710878456,199.14555421756913
50.083858243914634,100.16771648782927
75.11300611203791,150.22601222407582
15.973265571676654,31.946531143353308
56.337147966327294,112.67429593265459
84.06053051069526,168.12106102139052
8.903875705051334,17.807751410102668
12.489305810557694,24.978611621115387
5.982924603361539,11.965849206723078
51.652983367053636,103.30596673410727
16.66436597466462,33.32873194932924
90.72453897845611,181.44907795691222
22.130751283159377,44.261502566318754
88.00269490410862,176.00538980821725
21.559276850687624,43.11855370137525
26.918901451832745,53.83780290366549
19.054231000806553,38.108462001613105
75.61602798357396,151.23205596714791
43.12079462703841,86.24158925407681
71.09211290268529,142.18422580537057
60.53334127934322,121.06668255868644
94.65134063889168,189.30268127778336
15.876634103250819,31.753268206501637
43.12195437532764,86.24390875065528
12.583458633369682,25.166917266739365
58.50495924091579,117.00991848183158
21.15660258265919,42.31320516531838
61.814423566410326,123.62884713282065
65.76560878317643,131.53121756635286
63.18606919114923,126.37213838229846
42.619178387738856,85.23835677547771
83.92501810543759,167.85003621087517
6.0866370172932065,12.173274034586413
38.00242062328423,76.00484124656846
92.03401742811683,184.06803485623365
74.51834667666489,149.03669335332978
96.41953591232763,192.83907182465526
23.05072002097659,46.10144004195318
10.63246172027733,21.26492344055466
34.72124417178275,69.4424883435655
45.98456528718039,91.96913057436078
40.4774857831726,80.9549715663452
55.46263940329198,110.92527880658396
56.153435837651045,112.30687167530209
70.31260250605126,140.62520501210253
9.61904607623919,19.23809215247838
31.38248896219551,62.76497792439102
73.22448425038517,146.44896850077035
29.6063252440701,59.2126504881402
59.158628443763064,118.31725688752613
55.241795026087026,110.48359005217405
70.13772246899629,140.27544493799257
59.356361271167366,118.71272254233473
42.894592489616656,85.78918497923331
1.391096741745701,2.782193483491402
31.532418186000655,63.06483637200131
16.143738956862762,32.287477913725525
71.59637435002101,143.19274870004202
48.14081466422581,96.28162932845161
33.337900082011615,66.67580016402323
45.00781031199496,90.01562062398992
31.91706826956149,63.83413653912298
66.20901724040341,132.41803448080682
91.04607177600124,182.09214355200248
32.994153584855425,65.98830716971085
49.39939574961657,98.79879149923315
21.863048291174913,43.726096582349825
58.484056484304226,116.96811296860845
17.687935608758,35.375871217516
36.232169991452615,72.46433998290523
17.146445672777823,34.292891345555645
30.35651031674218,60.71302063348436
60.877732038946,121.755464077892
6.489578190611067,12.979156381222134
6.622954611816779,13.245909223633557
11.398376000060894,22.79675200012179
70.2239569801223,140.4479139602446
29.255196337670142,58.510392675340285
75.11683333140141,150.23366666280282
31.99780984532993,63.99561969065986
57.586955793990555,115.17391158798111
84.24122730936585,168.4824546187317
91.26626284516998,182.53252569033995
7.843048690729459,15.686097381458918
51.401788548525616,102.80357709705123
85.69472939496417,171.38945878992834
77.77970221590219,155.55940443180438
93.75056243975828,187.50112487951657
95.10425423755721,190.20850847511443
7.417057485899036,14.834114971798073
44.25921659584085,88.5184331916817
66.17549137318103,132.35098274636206
80.09251446453466,160.18502892906932
54.0672036187253,108.1344072374506
46.5992270745049,93.1984541490098
15.699421571265294,31.398843142530588
2.8921951608248953,5.7843903216497905
45.56485289248052,91.12970578496105
63.41901659486394,126.83803318972788
96.37198218093495,192.7439643618699
82.30390424847982,164.60780849695965
63.14447869707745,126.2889573941549
83.48734442654306,166.97468885308612
22.260572867330353,44.521145734660706
53.82706113320089,107.65412226640179
16.77678114869793,33.55356229739586
59.49559418631558,118.99118837263116
35.996388682895464,71.99277736579093
14.966812119255957,29.933624238511914
25.286337818164682,50.572675636329365
5.998446780317512,11.996893560635025
72.40436220772001,144.80872441544003
64.8710028025828,129.7420056051656
1.313562181859551,2.627124363719102
3.0985688655429056,6.197137731085811
39.49105296020862,78.98210592041724
81.31249079436024,162.6249815887205
87.01930095352999,174.03860190705998
54.15396798735311,108.30793597470623
0.016245003864545637,0.032490007729091275
93.64184853374007,187.28369706748015
63.940276330653234,127.88055266130647
54.621925246445755,109.24385049289151
73.66704117114021,147.33408234228042
85.3331122884396,170.6662245768792
0.8193481333549579,1.6386962667099159
20.23971918569657,40.47943837139314
23.96784717075724,47.93569434151448
73.28403538103356,146.56807076206712
58.269060577355305,116.53812115471061
52.15151876248674,104.30303752497348
68.46330106964237,136.92660213928474
64.24217583083657,128.48435166167314
24.66000204999298,49.32000409998596
69.40774098463645,138.8154819692729
40.07186066454116,80.14372132908233
43.13650744182894,86.27301488365788
15.989683902309293,31.979367804618587
34.4866889068234,68.9733778136468
40.0724904905572,80.1449809811144
6.585190447152267,13.170380894304534
75.29185250383902,150.58370500767805
96.99590326247093,193.99180652494186
66.4877179179076,132.9754358358152
1.4532483445312883,2.9064966890625765
51.29077556268139,102.58155112536278
21.462338285172688,42.924676570345376
95.40591946993376,190.81183893986753
88.42419085225767,176.84838170451533
37.2714634628387,74.5429269256774
85.28995134287753,170.57990268575506
76.64604980739136,153.29209961478273
29.872202408001503,59.744404816003005
32.554089053568866,65.10817810713773
78.14076594299257,156.28153188598515
37.73797232437233,75.47594464874466
68.54499304852806,137.0899860970561
11.572192960752181,23.144385921504362
32.70005216224521,65.40010432449041
82.250118653851,164.500237307702
69.89792467735664,139.79584935471328
59.363205863042545,118.72641172608509
13.305575998613294,26.61115199722659
36.95034133425672,73.90068266851344
86.01016522997979,172.02033045995958
39.43198488588357,78.86396977176715
7.167650369487633,14.335300738975265
31.64590835854949,63.29181671709898
4.155807857379379,8.311615714758759
79.21127461643722,158.42254923287445
29.650084825450485,59.30016965090097
82.8771878414853,165.7543756829706
20.7304393496642,41.4608786993284
3.5822953041238947,7.1645906082477895
12.068659246000891,24.137318492001782
32.79532714909157,65.59065429818314
32.499832440715224,64.99966488143045
30.11314636696766,60.22629273393532
29.526850836789453,59.05370167357891
14.379809308419345,28.75961861683869
48.92964366845726,97.85928733691452
6.694341682265703,13.388683364531406
39.96213080021759,79.92426160043517
87.34333451684859,174.68666903369717
5.308404005832434,10.616808011664869
13.361920689767626,26.72384137953525
72.35024940829331,144.70049881658662
40.77926729249882,81.55853458499764
46.416969963055166,92.83393992611033
64.42894416204393,128.85788832408787
38.094616775318066,76.18923355063613
10.679427344973313,21.358854689946625
64.00251424750768,128.00502849501535
69.02401958885402,138.04803917770803
93.49183045684438,186.98366091368877
15.231519322016984,30.46303864403397
49.9308088653761,99.8616177307522
26.01956567631829,52.03913135263658
55.27770975433395,110.5554195086679
51.31321770816298,102.62643541632596
62.74006088639369,125.48012177278738
37.202788965683,74.405577931366
73.4291628973455,146.858325794691
45.40772052643263,90.81544105286525
14.927894198175073,29.855788396350146
84.53598338751141,169.07196677502282
63.659256155552036,127.31851231110407
41.64277892310605,83.2855578462121
77.17120847079595,154.3424169415919
28.590140917655205,57.18028183531041
47.20481581628323,94.40963163256646
96.574347027346,193.148694054692
86.86513174455843,173.73026348911685
91.89333375857034,183.78666751714067
74.2191188027306,148.4382376054612
34.34478112551575,68.6895622510315
84.57504589889608,169.15009179779216
44.85118003701852,89.70236007403705
48.457462788292226,96.91492557658445
14.544648565715157,29.089297131430314
21.19724296893194,42.39448593786388
94.54808187547567,189.09616375095135
44.10030126087575,88.2006025217515
46.01407657244438,92.02815314488876
31.025456458599642,62.050912917199284
48.18683758285744,96.37367516571489
35.5004997426915,71.000999485383
73.47690403317858,146.95380806635717
47.657172702920604,95.31434540584121
87.82787989393196,175.65575978786393
31.241162284260803,62.482324568521605
28.007512407741807,56.01502481548361
42.58525612254199,85.17051224508398
64.9138948159283,129.8277896318566
89.61750575343316,179.23501150686633
2.2803681764179906,4.560736352835981
93.98583175386943,187.97166350773887
22.186626539229447,44.373253078458895
68.75024460389582,137.50048920779165
17.17699724677394,34.35399449354788
69.51591858784218,139.03183717568436
78.42242389789894,156.84484779579788
51.952693472973934,103.90538694594787
23.99252460791611,47.98504921583222
77.74175406520052,155.48350813040105
97.98486739495934,195.96973478991868
1.5614003478702232,3.1228006957404464
16.08138259160412,32.16276518320824
80.35515268031989,160.71030536063978
8.153232851419311,16.306465702838622
80.23783480506414,160.47566961012828
66.69991619823125,133.3998323964625
72.13814027109954,144.2762805421991
99.77111393424013,199.54222786848027
94.58426650563365,189.1685330112673
23.002380550165803,46.004761100331606
77.58824532517058,155.17649065034115
71.261472413272,142.522944826544
18.457992014861368,36.915984029722736
23.149080594530012,46.298161189060025
66.3192514785242,132.6385029570484
80.66753586365657,161.33507172731314
97.41675793085392,194.83351586170784
72.92586822464907,145.85173644929813
10.486322138546244,20.97264427709249
62.402162181754214,124.80432436350843
81.34277690422643,162.68555380845285
69.4241925196186,138.8483850392372
27.825482054965477,55.65096410993095
69.99534556892482,139.99069113784964
15.578475619070108,31.156951238140216
47.16377853786485,94.3275570757297
52.76598386383038,105.53196772766076
71.72904016732052,143.45808033464104
77.86026513977204,155.72053027954408
76.22030559663233,152.44061119326466
70.25579088574325,140.5115817714865
45.0205043761086,90.0410087522172
22.665608603612174,45.33121720722435
59.63841999503621,119.27683999007242
38.3584256651191,76.7168513302382
15.330209769205915,30.66041953841183
73.27426334051881,146.54852668103763
66.46441718662507,132.92883437325014
81.00112420762183,162.00224841524366
71.03342547141536,142.0668509428307
16.20872353274838,32.41744706549676
48.21434879522101,96.42869759044201
83.26986359098892,166.53972718197784
46.87882095715169,93.75764191430338
79.19824112178732,158.39648224357464
46.91236426232598,93.82472852465196
59.244018931131336,118.48803786226267
73.74515696440628,147.49031392881255
68.57514562624324,137.15029125248648
65.10303656990139,130.20607313980278
60.0937950333989,120.1875900667978
32.76820000452396,65.53640000904792
27.345431776378238,54.690863552756475
46.406399063532625,92.81279812706525
64.1148248482277,128.2296496964554
36.38194530186494,72.76389060372988
35.83294859613899,71.66589719227798
17.084591250193093,34.169182500386185
65.48858632781679,130.97717265563358
17.321531810141,34.643063620282
53.61125393789206,107.22250787578412
36.986359968979656,73.97271993795931
83.92155479183613,167.84310958367226
97.11144669761417,194.22289339522834
50.408062050441636,100.81612410088327
56.32179668383359,112.64359336766718
98.586102246753,197.172204493506
12.866971492450885,25.73394298490177
20.22199111484879,40.44398222969758
10.874462414263897,21.748924828527795
14.548003430603206,29.096006861206412
83.69364400630312,167.38728801260623
76.8174543136417,153.6349086272834
53.46055100601998,106.92110201203997
52.72965467786602,105.45930935573205
12.24483502985957,24.48967005971914
98.03001817966562,196.06003635933124
45.60741698892825,91.2148339778565
93.8177692021029,187.6355384042058
6.09613822299716,12.19227644599432
93.6055669508577,187.2111339017154
0.8346427129040435,1.669285425808087
87.41959616119236,174.83919232238472
38.79326645498582,77.58653290997164
76.70395174369679,153.40790348739358
8.925127688449452,17.850255376898904
92.87376674095398,185.74753348190796
78.48379844619907,156.96759689239815
40.19088665815869,80.38177331631738
94.85303269550431,189.70606539100862
53.518093408841025,107.03618681768205
39.075096112835396,78.15019222567079
22.771425675523062,45.542851351046124
48.35736274773842,96.71472549547684
47.02591231845524,94.05182463691048
41.01592509849722,82.03185019699444
1.3705850228832195,2.741170045766439
34.83818570352827,69.67637140705654
96.37827427225515,192.7565485445103
26.089697383072995,52.17939476614599
69.08609007971226,138.17218015942453
58.92834901643164,117.85669803286328
58.08216063018825,116.1643212603765
36.39066369549846,72.78132739099692
50.0334640106823,100.0669280213646
83.05326830881292,166.10653661762584
12.624694913658308,25.249389827316616
75.49607752908642,150.99215505817284
19.865804893020467,39.731609786040934
32.71405877939396,65.42811755878792
44.71174529050346,89.42349058100692
70.04362331840412,140.08724663680823
79.45684215068357,158.91368430136714
0.2267467636720144,0.4534935273440288
36.90706944047921,73.81413888095842
85.3323886055798,170.6647772111596
50.10540903237227,100.21081806474454
8.129223745018056,16.25844749003611
97.74631376562259,195.49262753124518
98.10171554703683,196.20343109407366
30.239890647727684,60.47978129545537
64.26921461193075,128.5384292238615
95.98067378100154,191.96134756200308
62.95699173984838,125.91398347969675
73.86327015089836,147.72654030179672
27.06835600505303,54.13671201010606
28.783465527556963,57.566931055113926
55.84058847496188,111.68117694992377
11.499622369358287,22.999244738716573
11.001340164115458,22.002680328230916
80.39946655469107,160.79893310938215
48.89848455342294,97.79696910684588
43.08037050281443,86.16074100562886
45.566666871674244,91.13333374334849
75.89932756271102,151.79865512542204
75.02987246401626,150.05974492803253
77.45391499475993,154.90782998951985
86.7454561082716,173.4909122165432
70.5747571973003,141.1495143946006
21.631107545522543,43.262215091045086
0.8464584792830632,1.6929169585661263
15.469078616482623,30.938157232965246
73.08098878685708,146.16197757371415
7.487423085761391,14.974846171522781
75.3872502312429,150.7745004624858
86.53548004569552,173.07096009139104
12.66219019570578,25.32438039141156
58.87601488406836,117.75202976813672
87.54079851704596,175.0815970340919
87.85455152615307,175.70910305230615
79.78682991075466,159.57365982150932
34.69429164675294,69.38858329350587
31.27301215217344,62.54602430434688
5.164430529877395,10.32886105975479
84.04360704222444,168.08721408444887
90.08259154721074,180.16518309442148
97.91781806068714,195.83563612137428
69.43027326626259,138.86054653252518
71.50298666080589,143.00597332161178
87.6730304527631,175.3460609055262
63.87663447411275,127.7532689482255
0.9283930823815734,1.8567861647631467
21.37468410252631,42.74936820505262
73.7659565910946,147.5319131821892
98.78969606284224,197.57939212568448
30.69458510998452,61.38917021996904
34.22565349804637,68.45130699609274
7.342016497229443,14.684032994458885
29.00571890856828,58.01143781713656
6.468663535923868,12.937327071847736
97.73075092297097,195.46150184594194
51.834369620499224,103.66873924099845
60.010035239255465,120.02007047851093
54.59605008100813,109.19210016201626
58.87151454074865,117.7430290814973
23.603299064577886,47.20659812915577
34.84832917696098,69.69665835392196
27.2149552004202,54.4299104008404
31.10531518575487,62.21063037150974
34.17078541451522,68.34157082903045
45.558992779934556,91.11798555986911
43.62293589840822,87.24587179681644
56.875121393173636,113.75024278634727
8.32698146409534,16.65396292819068
74.11296549809454,148.22593099618908
63.18601230109769,126.37202460219538
65.68357133235178,131.36714266470355
3.915453485849807,7.830906971699614
50.61170300297625,101.2234060059525
57.63916870843071,115.27833741686142
14.178248120101733,28.356496240203466
97.79096218530621,195.58192437061243
51.515528548351796,103.03105709670359
20.27947262379106,40.55894524758212
36.144200796762426,72.28840159352485
7.445034475470614,14.890068950941227
80.39549228838813,160.79098457677625
52.28679528581893,104.57359057163787
68.17763151862815,136.3552630372563
12.1350069755786,24.2700139511572
19.9106361854524,39.8212723709048
81.22158576305273,162.44317152610546
92.8789694362191,185.7579388724382
57.034291659385985,114.06858331877197
74.74061496269661,149.48122992539322
56.9395807503243,113.8791615006486
63.75869151927566,127.51738303855132
37.46105381819994,74.92210763639989
11.13993042089848,22.27986084179696
29.57182297184149,59.14364594368298
39.33367559321513,78.66735118643027
12.96803044374174,25.93606088748348
98.32029101779082,196.64058203558164
32.508523330531915,65.01704666106383
55.18310972959745,110.3662194591949
92.22435161599324,184.44870323198649
61.59666641195318,123.19333282390636
22.171326479468178,44.342652958936355
17.778595174683034,35.55719034936607
94.84475104479753,189.68950208959507
39.6618521275122,79.3237042550244
66.11851117633594,132.2370223526719
48.280834475379194,96.56166895075839
57.74151298990573,115.48302597981146
93.85790443483883,187.71580886967766
70.74525657770155,141.4905131554031
5.27489991810296,10.54979983620592
2.5099639554951203,5.019927910990241
16.54226703469951,33.08453406939902
10.517072769042057,21.034145538084115
93.81084344779234,187.62168689558467
41.720652454209564,83.44130490841913
11.074727738716117,22.149455477432234
28.492135915508044,56.98427183101609
75.93109642778519,151.86219285557038
85.54106718546197,171.08213437092394
70.95015878892525,141.9003175778505
84.37279146339266,168.74558292678532
61.1713168624895,122.342633724979
73.58159093619435,147.1631818723887
6.787144587510352,13.574289175020704
88.48116804091833,176.96233608183667
23.231712553211338,46.463425106422676
1.2089904774771676,2.417980954954335
8.431510109495655,16.86302021899131
98.70396616424586,197.4079323284917
38.22662215087721,76.45324430175442
43.208872490250286,86.41774498050057
79.68926984915508,159.37853969831016
80.56667354215776,161.13334708431552
31.350542400753888,62.701084801507776
48.43483755497642,96.86967510995284
42.42770697055891,84.85541394111782
89.31348761356635,178.6269752271327
95.88229274863693,191.76458549727386
11.266676368354311,22.533352736708622
23.749712426722446,47.49942485344489
84.50153814431525,169.0030762886305
72.5096564230949,145.0193128461898
7.459821502714059,14.919643005428117
11.5057433483173,23.0114866966346
15.320268418443096,30.64053683688619
4.247430367791994,8.494860735583988
36.94816129142174,73.89632258284348
58.00305383064037,116.00610766128074
3.9292264247229425,7.858452849445885
96.25910531429453,192.51821062858906
76.11584041445627,152.23168082891254
65.81136879324839,131.62273758649678
80.17084156031252,160.34168312062505
62.839717659120254,125.67943531824051
97.50526303991816,195.01052607983632
49.01671363092003,98.03342726184006
6.020703504077707,12.041407008155414
24.451858019634464,48.90371603926893
69.27608152031384,138.55216304062768
39.719223766363264,79.43844753272653
43.65697373560462,87.31394747120925
10.911024526127466,21.822049052254933
25.784362312958976,51.56872462591795
1.451518645783556,2.903037291567112
11.455044962535554,22.91008992507111
64.98766351279541,129.97532702559081
72.33324406384374,144.66648812768747
54.849384726865935,109.69876945373187
82.66893816793058,165.33787633586115
9.047250206834324,18.094500413668648
45.1850757767716,90.3701515535432
72.65871765677578,145.31743531355156
56.24364334985812,112.48728669971624
49.821335631678664,99.64267126335733
93.12644725201194,186.25289450402389
64.6055279909259,129.2110559818518
24.137776895828512,48.275553791657025
51.18918995569493,102.37837991138986
29.556522875244294,59.11304575048859
84.05075024130588,168.10150048261175
89.68872976727712,179.37745953455425
18.080595580274217,36.161191160548434
30.61546026733547,61.23092053467094
56.872447673746585,113.74489534749317
76.04643798830969,152.09287597661938
95.82987285885343,191.65974571770687
98.76559536074214,197.53119072148428
26.025477154955677,52.050954309911354
42.92080378591665,85.8416075718333
18.535550881626495,37.07110176325299
4.335218945613706,8.670437891227412
85.10603658769557,170.21207317539114
90.55783260434967,181.11566520869934
95.01574784073037,190.03149568146074
22.641344540874297,45.28268908174859
8.815613362180109,17.631226724360218
11.538093332485378,23.076186664970756
2.2614132885536598,4.5228265771073195
17.972170982805036,35.94434196561007
27.727821317529312,55.455642635058624
32.221942218704584,64.44388443740917
28.503763472623834,57.00752694524767
25.545424316925256,51.09084863385051
59.099735350261184,118.19947070052237
69.72348168798639,139.44696337597279
44.98881494954489,89.97762989908978
26.548912711120664,53.09782542224133
16.02833365721761,32.05666731443522
77.00216595467758,154.00433190935516
58.76733749508241,117.53467499016482
35.26303871993779,70.52607743987558
26.55495708056118,53.10991416112236
6.247917490748556,12.495834981497111
67.11685409224995,134.2337081844999
83.48309766945862,166.96619533891723
95.0538101849657,190.1076203699314
70.62337125189556,141.24674250379113
99.36668656704998,198.73337313409996
30.11573147969031,60.23146295938062
94.4164580771595,188.832916154319
80.23504286040868,160.47008572081737
69.68272324153423,139.36544648306847
44.47040023111409,88.94080046222818
82.86721998510447,165.73443997020894
69.62101654225117,139.24203308450234
46.362652292910546,92.72530458582109
43.84329750420275,87.6865950084055
20.4078512028143,40.8157024056286
7.2215056104128035,14.443011220825607
79.58837728946891,159.17675457893782
48.37488503286678,96.74977006573356
81.00456890511799,162.00913781023598
36.69390522388029,73.38781044776059
63.16580960193098,126.33161920386196
26.274849085865547,52.549698171731094
2.88034861073333,5.76069722146666
45.158041803158966,90.31608360631793
41.461090388415386,82.92218077683077
60.32484888386559,120.64969776773118
12.393413814157295,24.78682762831459
66.55917969099661,133.11835938199323
69.86251484312317,139.72502968624633
35.961544752852184,71.92308950570437
47.75711504437847,95.51423008875695
53.8530453496017,107.7060906992034
6.479337990718859,12.958675981437718
46.12915461605158,92.25830923210316
8.365758873490192,16.731517746980384
58.98662837271207,117.97325674542414
37.1259173400722,74.2518346801444
93.94750836380135,187.8950167276027
0.05176025710063037,0.10352051420126074
87.31591652455351,174.63183304910703
8.56159885786939,17.12319771573878
26.4920940159441,52.9841880318882
94.04638626109902,188.09277252219803
17.50693424321047,35.01386848642094
30.73861556652384,61.47723113304768
46.412561259243766,92.82512251848753
83.79347737229001,167.58695474458003
6.605474011558399,13.210948023116798
10.786047118270691,21.572094236541382
65.14498122002831,130.28996244005663
8.524375434854804,17.048750869709608
98.19007839699839,196.38015679399678
95.74464204838931,191.48928409677862
76.95219584863233,153.90439169726466
97.32078070896868,194.64156141793737
32.63539488934298,65.27078977868597
47.8542488484368,95.7084976968736
15.26306321195352,30.52612642390704
42.298011449908536,84.59602289981707
49.889590733085384,99.77918146617077
7.604121471296532,15.208242942593063
31.309767031058723,62.619534062117445
35.15044298748262,70.30088597496524
92.41126676037524,184.82253352075048
52.30439815757214,104.60879631514428
63.402858388611385,126.80571677722277
28.809584763906294,57.61916952781259
48.37561050946552,96.75122101893103
6.1786322550078765,12.357264510015753
84.86109106113022,169.72218212226045
91.98089587905362,183.96179175810724
46.55423594586622,93.10847189173244
79.51528776822873,159.03057553645746
85.21505358015762,170.43010716031523
38.342567611520295,76.68513522304059
83.07780302729333,166.15560605458666
65.44071863412508,130.88143726825015
41.96037766883467,83.92075533766933
85.32071178821383,170.64142357642766
19.61777405543348,39.23554811086696
22.98465880778926,45.96931761557852
89.54233812282538,179.08467624565077
42.72984641557005,85.4596928311401
48.18058985058157,96.36117970116314
46.697199578545664,93.39439915709133
47.61635053423818,95.23270106847636
57.444122365980135,114.88824473196027
13.661210406212753,27.322420812425506
73.88813097315382,147.77626194630764
4.878898700701084,9.757797401402168
69.00792022171987,138.01584044343974
69.4062893773777,138.8125787547554
34.184647961517534,68.36929592303507
22.72826729757972,45.45653459515944
45.58067956135279,91.16135912270558
28.425477516333807,56.85095503266761
99.60044360933111,199.20088721866222
63.84555533246113,127.69111066492226
79.19681669481224,158.39363338962448
94.9002553530565,189.800510706113
0.24165787693963825,0.4833157538792765
26.469125844447362,52.938251688894724
95.75596062368696,191.51192124737392
83.20891060450471,166.41782120900942
88.47673372354961,176.95346744709923
50.93151591769626,101.86303183539252
72.4508198233096,144.9016396466192
44.43887991855523,88.87775983711046
17.60045765123135,35.2009153024627
44.910358977411455,89.82071795482291
99.88408942960358,199.76817885920715
14.062086555999521,28.124173111999042
31.58047510494406,63.16095020988812
73.3283917826873,146.6567835653746
50.667756198772395,101.33551239754479
49.989752831130865,99.97950566226173
96.9111896047459,193.8223792094918
64.74105516342986,129.48211032685973
94.77529287820639,189.55058575641277
92.6228014667257,185.2456029334514
78.24009733094282,156.48019466188563
35.34335947232331,70.68671894464661
86.4793046333791,172.9586092667582
80.41182428313792,160.82364856627584
13.190575762551715,26.38115152510343
57.08144728225405,114.1628945645081
58.49426915171296,116.98853830342593
32.29670619817345,64.5934123963469
50.38666573930867,100.77333147861734
32.397666095466114,64.79533219093223
79.53359036914198,159.06718073828395
39.99545055649876,79.99090111299752
50.26709552987524,100.53419105975048
11.665539121426683,23.331078242853366
81.46760250095821,162.93520500191642
7.512977809064436,15.025955618128872
22.45591458754541,44.91182917509082
8.343015936896158,16.686031873792317
39.20139134483757,78.40278268967513
98.7171471726999,197.4342943453998
11.69068110440482,23.38136220880964
58.025143951910316,116.05028790382063
74.14703505679469,148.29407011358938
9.125493623624003,18.250987247248005
30.668693604191,61.337387208382
46.253389374753816,92.50677874950763
86.85262726456313,173.70525452912625
34.29375401310195,68.5875080262039
49.267759236001574,98.53551847200315
86.84101071508677,173.68202143017353
26.843851514168637,53.687703028337275
55.53150358520179,111.06300717040358
73.803163321463,147.606326642926
28.878951227313365,57.75790245462673
28.164289985610015,56.32857997122003
94.99906760005665,189.9981352001133
49.181229809828764,98.36245961965753
34.23906820937069,68.47813641874139
7.193693168757298,14.387386337514595
4.851911239661821,9.703822479323643
63.97342556363912,127.94685112727824
1.2682195062081902,2.5364390124163805
39.16535239572217,78.33070479144433
90.76979221663262,181.53958443326525
2.041036425706211,4.082072851412422
96.54341193429477,193.08682386858953
40.86838066388027,81.73676132776053
39.41537128447203,78.83074256894406
59.96192842054692,119.92385684109384
67.40828383662294,134.81656767324588
31.447895508661095,62.89579101732219
15.863392173281344,31.726784346562688
8.739918472880614,17.479836945761228
56.474306207277046,112.94861241455409
38.09949964959301,76.19899929918601
96.96059238499612,193.92118476999224
15.815519557628399,31.631039115256797
94.46371879306504,188.92743758613008
12.028321407460119,24.056642814920238
3.4500261183844083,6.900052236768817
21.70215645474489,43.40431290948978
52.41018285269809,104.82036570539618
96.32749269743036,192.65498539486072
76.11874941943599,152.23749883887197
28.881539172734193,57.76307834546839
50.27289744038376,100.54579488076752
8.883303649705443,17.766607299410886
66.2684877641584,132.5369755283168
77.17564120763217,154.35128241526434
80.37328254938619,160.74656509877238
36.165617638336386,72.33123527667277
30.896752547868502,61.793505095737004
62.964138878371365,125.92827775674273
22.77594252092532,45.55188504185064
97.88737881511457,195.77475763022915
95.33671382112168,190.67342764224335
43.88234128833528,87.76468257667057
99.46643358368031,198.93286716736063
99.30944064850898,198.61888129701796
63.06496718695102,126.12993437390205
26.137588442415105,52.27517688483021
10.18955809473352,20.37911618946704
36.35359984067898,72.70719968135796
2.1736744658363505,4.347348931672701
38.49453622375073,76.98907244750146
57.4845526957504,114.9691053915008
91.75674705381076,183.5134941076215
91.45215457488524,182.90430914977048
45.52291280454226,91.04582560908452
65.90725788429228,131.81451576858456
34.49119474168971,68.98238948337942
0.9929185063143775,1.985837012628755
53.21861190250652,106.43722380501303
37.96614668650484,75.93229337300968
97.31753494007548,194.63506988015095
44.45625871923463,88.91251743846927
99.25834681397812,198.51669362795624
11.511576851476713,23.023153702953426
49.61755376672156,99.23510753344311
29.64361416020229,59.28722832040458
25.568706157080932,51.137412314161864
60.66082773841052,121.32165547682104
60.52249145178745,121.0449829035749
61.63193457033825,123.2638691406765
5.247285821466541,10.494571642933082
77.6356078023708,155.2712156047416
1.1207971102392023,2.2415942204784045
52.97710225202499,105.95420450404998
79.51262214665053,159.02524429330106
48.028888656386435,96.05777731277287
56.35858605268063,112.71717210536126
6.075939470085845,12.15187894017169
89.53927967768148,179.07855935536296
37.28244921460065,74.5648984292013
48.952430525445266,97.90486105089053
34.02597091730228,68.05194183460456
38.428267343954126,76.85653468790825
33.66929639438923,67.33859278877846
95.54289844489621,191.08579688979242
23.661516701819597,47.323033403639194
30.206741505757584,60.41348301151517
71.30312174866012,142.60624349732024
68.69549302569423,137.39098605138847
37.87194314236374,75.74388628472748
99.00909049953178,198.01818099906356
33.55045903477185,67.1009180695437
64.43771732901307,128.87543465802614
26.18941733125204,52.37883466250408
7.884112042276992,15.768224084553983
98.08767873200667,196.17535746401333
82.0945528741617,164.1891057483234
44.89699711941674,89.79399423883348
36.641510830133214,73.28302166026643
51.154240306250806,102.30848061250161
72.21635784790978,144.43271569581955
20.158852190428235,40.31770438085647
61.78526298515708,123.57052597031416
86.55763973942067,173.11527947884133
53.67129535108497,107.34259070216994
59.26794757163171,118.53589514326342
79.86232368996195,159.7246473799239
87.579309590381,175.158619180762
97.20914574962288,194.41829149924575
74.18591976970617,148.37183953941235
25.624080065165955,51.24816013033191
98.25567435960234,196.51134871920468
60.62946927114316,121.25893854228632
3.4341582040113283,6.868316408022657
6.899721689683025,13.79944337936605
96.85755113366095,193.7151022673219
47.570373800248966,95.14074760049793
62.64927082874189,125.29854165748378
61.1281477831521,122.2562955663042
40.34712369072814,80.69424738145628
82.93591857528664,165.87183715057327
83.58948307229758,167.17896614459517
0.6286123108193209,1.2572246216386418
41.750405919821766,83.50081183964353
46.44762854372133,92.89525708744266
91.93728501115434,183.8745700223087
14.31567234482719,28.63134468965438
22.92690769876141,45.85381539752282
2.546610612730904,5.093221225461808
62.80403974815895,125.6080794963179
20.754651340284436,41.50930268056887
67.02434125057975,134.0486825011595
14.535490504597327,29.070981009194654
70.03386313307885,140.0677262661577
14.651194240478604,29.30238848095721
27.01151603519967,54.02303207039934
59.22287990027141,118.44575980054282
15.19189098253888,30.38378196507776
84.58080751282166,169.16161502564333
10.062689427987525,20.12537885597505
80.969748280755,161.93949656151
46.339907348686246,92.67981469737249
1.2309435226480647,2.4618870452961295
61.61952395127043,123.23904790254086
77.76374802988776,155.52749605977553
44.62898827304696,89.25797654609391
28.95171040535619,57.90342081071238
83.04548180812232,166.09096361624464
6.5915449441616865,13.183089888323373
63.38634919081566,126.77269838163132
92.71831703524892,185.43663407049783
74.58599799050691,149.17199598101382
51.4682000284403,102.9364000568806
23.60809321740448,47.21618643480896
5.092803965705828,10.185607931411656
40.25760053306187,80.51520106612374
24.2417160710534,48.4834321421068
58.023988504985105,116.04797700997021
88.66517504366243,177.33035008732486
74.39073936691439,148.78147873382878
35.93170939766402,71.86341879532804
7.759594627999822,15.519189255999644
33.03636486511083,66.07272973022167
12.81892085095514,25.63784170191028
7.0295616247777915,14.059123249555583
3.9053493792285177,7.810698758457035
39.170397564685935,78.34079512937187
41.54611105038366,83.09222210076732
30.234565250217493,60.469130500434986
53.37566924633131,106.75133849266263
24.94255500754584,49.88511001509168
17.57853086521156,35.15706173042312
75.82996325847103,151.65992651694205
49.89987167901053,99.79974335802106
76.93195024940462,153.86390049880924
18.229412202409268,36.458824404818536
74.85468867551789,149.70937735103578
81.80527943699667,163.61055887399334
41.79956316357612,83.59912632715223
76.99314349174577,153.98628698349154
56.17179623015974,112.34359246031948
93.83419841836881,187.66839683673763
17.283412614787952,34.566825229575905
55.54249682240692,111.08499364481384
46.43853584052676,92.87707168105352
32.39860772667349,64.79721545334698
67.6422241097219,135.2844482194438
73.4719581788496,146.9439163576992
87.52949077006532,175.05898154013065
36.02611691943751,72.05223383887503
94.65341657725374,189.30683315450747
23.353756614903666,46.70751322980733
65.36582391732256,130.73164783464512
10.095371625435368,20.190743250870735
26.95434443919462,53.90868887838924
37.82790694734629,75.65581389469259
89.67706403982699,179.35412807965398
96.41498431367019,192.82996862734038
26.639087142561024,53.27817428512205
97.23348079970823,194.46696159941646
43.73435807035436,87.46871614070872
41.42569700759595,82.8513940151919
0.547523292227281,1.095046584454562
63.09241995929078,126.18483991858156
90.66323805845951,181.32647611691903
91.2209643391004,182.4419286782008
78.53143950869058,157.06287901738116
57.30695316977109,114.61390633954218
82.26992685695423,164.53985371390846
52.19172234414887,104.38344468829774
23.009317021475606,46.01863404295121
69.42097924817351,138.84195849634702
32.8660765694221,65.7321531388442
68.317444679864,136.634889359728
16.53411339291113,33.06822678582226
38.700965186366076,77.40193037273215
4.678971406598286,9.357942813196573
18.898149267000054,37.79629853400011
62.80168643269066,125.60337286538132
71.13981675201,142.27963350402
7.666672980640554,15.333345961281108
3.680832488655539,7.361664977311078
58.71725380616722,117.43450761233444
52.92503628604197,105.85007257208395
33.342777918716315,66.68555583743263
35.68936639555847,71.37873279111695
89.88328319194402,179.76656638388803
15.835549262988147,31.671098525976294
17.952055816056266,35.90411163211253
83.37612546541301,166.75225093082602
4.365398991082525,8.73079798216505
95.00622181014377,190.01244362028754
96.84298018819757,193.68596037639514
3.2952424826120486,6.590484965224097
27.741178123426778,55.482356246853556
10.139012853280072,20.278025706560143
82.19617430495224,164.39234860990447
2.897774532447428,5.795549064894856
87.716950881612,175.433901763224
28.125568024418268,56.251136048836536
13.449196730642331,26.898393461284662
91.07710374505633,182.15420749011267
22.72976184959622,45.45952369919244
72.60431769008947,145.20863538017895
81.40438244272954,162.80876488545908
10.48302959934947,20.96605919869894
68.99072281781584,137.98144563563167
32.74878136770922,65.49756273541844
59.14780479709909,118.29560959419818
9.353277955044836,18.706555910089673
91.64938231194424,183.29876462388847
13.954696099163854,27.90939219832771
95.12305814187563,190.24611628375126
14.270731354764587,28.541462709529174
38.38995762102485,76.7799152420497
82.51252657014565,165.0250531402913
56.116489391419634,112.23297878283927
39.036977647894076,78.07395529578815
95.90550212885435,191.8110042577087
14.188869791373271,28.377739582746543
67.76919914733456,135.53839829466912
48.72069643488439,97.44139286976878
74.35060032959377,148.70120065918755
89.3800384410431,178.7600768820862
11.953061726319014,23.906123452638028
71.70690460146893,143.41380920293787
43.713381970239226,87.42676394047845
51.043677377872974,102.08735475574595
74.45790498169131,148.91580996338263
9.983125382716828,19.966250765433657
20.65923200575196,41.31846401150392
49.18022714755978,98.36045429511957
21.395560060211128,42.791120120422256
95.28487654950393,190.56975309900787
85.43396183980268,170.86792367960535
18.961642603731065,37.92328520746213
67.09534578793925,134.1906915758785
43.796396466582635,87.59279293316527
67.43317313066308,134.86634626132616
44.55930874112482,89.11861748224965
94.33348317764828,188.66696635529655
10.660054211999615,21.32010842399923
72.9878816994142,145.9757633988284
12.165139438886353,24.330278877772706
88.18615596277726,176.37231192555453
62.91976182486522,125.83952364973044
60.40720275484903,120.81440550969806
14.069919495799699,28.139838991599397
67.78024118742076,135.5604823748415
90.151838082604,180.303676165208
33.1137120875588,66.2274241751176
23.490301534526647,46.980603069053295
66.3122713956768,132.6245427913536
67.3945346332578,134.7890692665156
43.902039295993745,87.80407859198749
38.01296134506556,76.02592269013113
23.370056720635922,46.740113441271845
95.36741383813492,190.73482767626984
67.9024924264288,135.8049848528576
47.845641359184235,95.69128271836847
6.170144304310343,12.340288608620686
24.41263751767948,48.82527503535896
9.447300533286217,18.894601066572434
35.75879101139737,71.51758202279474
50.39028464934421,100.78056929868842
86.15483539228393,172.30967078456786
74.11529690276393,148.23059380552786
18.309310252951615,36.61862050590323
64.34437901095924,128.6887580219185
17.347699920499494,34.69539984099899
6.868796767019036,13.737593534038073
32.16946243242816,64.33892486485632
61.95131935383771,123.90263870767542
44.7766215119621,89.5532430239242
32.995060135298125,65.99012027059625
93.68214385523726,187.3642877104745
65.13562133977996,130.27124267955992
39.18302988459358,78.36605976918716
46.10695744440443,92.21391488880886
51.808649925340035,103.61729985068007
76.88059014515176,153.7611802903035
29.18703304887309,58.37406609774618
89.91034747442053,179.82069494884107
79.17266825200713,158.34533650401426
94.28698316390903,188.57396632781806
49.98685134066426,99.97370268132852
96.81072268540227,193.62144537080454
80.32124107032301,160.64248214064602
59.1285215929621,118.2570431859242
96.04600586909848,192.09201173819696
70.14766541073315,140.2953308214663
55.18455994876328,110.36911989752656
34.60830896158031,69.21661792316063
16.388315722321558,32.776631444643115
29.455650548988366,58.91130109797673
38.88650594954731,77.77301189909463
66.51383907599553,133.02767815199107
72.79883825319789,145.59767650639577
95.19408536716163,190.38817073432327
91.55287957872359,183.10575915744718
57.64612420322497,115.29224840644994
28.37950924288013,56.75901848576026
68.6686587334765,137.337317466953
64.13233542447335,128.2646708489467
84.14446709312058,168.28893418624116
63.25914217772546,126.51828435545092
8.953808163108413,17.907616326216825
47.46699023434273,94.93398046868546
82.95401839782087,165.90803679564175
44.99145990437879,89.98291980875759
91.98694516231485,183.9738903246297
20.79383023693141,41.58766047386282
45.50981351996193,91.01962703992386
90.71152611560645,181.4230522312129
87.64537725471378,175.29075450942756
30.26093744577181,60.52187489154362
22.036198288986387,44.072396577972775
55.73645793526324,111.47291587052648
56.77086387661424,113.54172775322849
26.954732297072336,53.90946459414467
76.83784161321157,153.67568322642313
24.089592657940393,48.17918531588079
17.94680095969252,35.89360191938504
75.95173617527009,151.90347235054017
97.85268679088536,195.70537358177071
24.81420796010314,49.62841592020628
52.475730325199535,104.95146065039907
24.54396313326921,49.08792626653842
36.752055355906975,73.50411071181395
29.89856975095302,59.79713950190604
45.44645066316411,90.89290132632821
86.54720993072476,173.09441986144952
74.54241328074016,149.08482656148033
39.41010186457314,78.82020372914629
32.12777395400332,64.25554790800663
11.364209397761071,22.728418795522142
95.51201343060698,191.02402686121397
92.11951210341252,184.23902420682504
54.647308624286815,109.29461724857363
42.95366235713512,85.90732471427025
55.71080957930445,111.4216191586089
57.62443292791674,115.24886585583349
62.84641166794233,125.69282333588465
22.72253158003489,45.44506316006978
59.788809274776966,119.57761854955393
9.131828648931673,18.263657297863347
53.329304935268816,106.65860987053763
95.5594618309213,191.1189236618426
48.98079391793616,97.96158783587232
9.973924913650844,19.947849827301688
52.98873536546598,105.97747073093196
9.082314622658071,18.164629245316142
88.37484150438472,176.74968300876944
45.15532665734347,90.31065331468695
85.2965370417067,170.5930740834134
57.42692277613899,114.85384555227797
15.477824741437429,30.955649482874858
70.49579164360871,140.99158328721742
17.827600361570674,35.65520072314135
16.796963552681664,33.59392710536333
50.331207087257724,100.66241417451545
94.94664373097028,189.89328746194056
85.26977776179434,170.5395555235887
9.168675723167352,18.337351446334704
44.69390714149849,89.38781428299698
63.97736050003642,127.95472100007284
70.99145612932612,141.98291225865225
76.82796283582847,153.65592567165695
91.47645800737534,182.95291601475068
48.05102153257721,96.10204306515442
19.0191434317443,38.0382868634886
85.42275210670134,170.84550421340268
70.69142268821527,141.38284537643054
65.66534592667055,131.3306918533411
95.3105908518588,190.6211817037176
39.42326989490547,78.84653978981093
20.729593177757877,41.459186355515754
83.13584591769495,166.2716918353899
76.4128185686352,152.8256371372704
10.118878600707559,20.237757201415118
90.29955945924726,180.59911891849453
3.6374054656300614,7.274810931260123
97.48884456068123,194.97768912136246
72.42406725831685,144.8481345166337
91.81778973031518,183.63557946063037
8.055034588730637,16.110069177461273
89.81353659389946,179.6270731877989
40.619451887736616,81.23890377547323
52.812770675880394,105.62554135176079
40.934566133865516,81.86913226773103
10.647310777808471,21.294621555616942
75.57133751185685,151.1426750237137
19.582012165525242,39.164024331050484
9.215123862825624,18.43024772565125
14.447863219499869,28.895726438999738
52.573717764468874,105.14743552893775
98.46511306912547,196.93022613825093
84.28156957306769,168.56313914613537
31.288551701822865,62.57710340364573
38.63293925760346,77.26587851520692
74.0442767540996,148.0885535081992
52.13996592357134,104.27993184714268
73.71352582908894,147.42705165817787
66.7730093012376,133.5460186024752
6.203666148422771,12.407332296845542
3.28064702421742,6.56129404843484
93.46187839030887,186.92375678061774
36.10989643796751,72.21979287593501
55.075077285541916,110.15015457108383
88.13605788484662,176.27211576969324
22.054334152387955,44.10866830477591
35.15933813276243,70.31867626552486
62.04448080416003,124.08896160832006
16.70204682601114,33.40409365202228
99.01052198603337,198.02104397206674
32.9314017329102,65.8628034658204
26.689060886128512,53.378121772257025
47.91372908079953,95.82745816159905
23.203169800931345,46.40633960186269
46.158292012191204,92.31658402438241
11.65799466058768,23.31598932117536
91.5758939337348,183.1517878674696
62.50624597997781,125.01249195995563
22.42695541986971,44.85391083973942
89.17410510044698,178.34821020089396
46.79819870319633,93.59639740639265
45.68556992007233,91.37113984014466
78.88746051755724,157.7749210351145
91.66139805865315,183.3227961173063
4.600936720602733,9.201873441205466
90.69860211412927,181.39720422825854
35.91236400049781,71.82472800099562
5.042691022859058,10.085382045718116
70.09034569005519,140.18069138011037
78.86081560806004,157.72163121612007
88.50512185243795,177.0102437048759
58.979553241467364,117.95910648293473
91.65848360654046,183.31696721308091
79.09081177020849,158.18162354041698
52.98865022731004,105.97730045462008
96.46094511660445,192.9218902332089
93.3750257183356,186.7500514366712
37.04234838734304,74.08469677468608
87.70999089678156,175.41998179356312
71.39405472842934,142.78810945685868
75.31695536215636,150.63391072431273
70.89970682606771,141.79941365213543
61.03425842167608,122.06851684335216
83.55759572754762,167.11519145509524
10.60721768132108,21.21443536264216
80.81683393939396,161.63366787878792
10.099630927767878,20.199261855535756
47.94581469803335,95.8916293960667
12.427827539713121,24.855655079426242
50.11779938873539,100.23559877747078
67.07987397322736,134.15974794645473
15.400706562943277,30.801413125886555
1.9022927860586902,3.8045855721173805
81.83294424559334,163.66588849118668
3.624770184033843,7.249540368067686
29.833780540492207,59.66756108098441
39.464560304997576,78.92912060999515
93.02185590227188,186.04371180454376
45.00515318913578,90.01030637827157
17.45597773516416,34.91195547032832
11.52964713023078,23.05929426046156
37.135655269026934,74.27131053805387
90.6227955867151,181.2455911734302
61.04101950091173,122.08203900182346
98.42374843879398,196.84749687758796
94.13734257870118,188.27468515740236
70.34337441635185,140.6867488327037
87.1853199478607,174.3706398957214
67.01093638344979,134.02187276689958
69.72240757598068,139.44481515196136
28.472332505903918,56.944665011807835
72.25241650748346,144.50483301496692
65.35221553759767,130.70443107519534
41.68558406382854,83.37116812765709
37.777266618249016,75.55453323649803
3.0417136543078427,6.083427308615685
45.555828298651534,91.11165659730307
74.70906719418147,149.41813438836294
3.014095619751711,6.028191239503422
23.180001262788487,46.360002525576974
59.219619037891235,118.43923807578247
67.38587611047413,134.77175222094826
60.28193493905335,120.5638698781067
12.110085952284855,24.22017190456971
65.28099673512025,130.5619934702405
0.19525319892899073,0.39050639785798147
43.879961769199205,87.75992353839841
29.97655529203229,59.95311058406458
3.556206798114958,7.112413596229916
75.1371391309089,150.2742782618178
74.81433501352808,149.62867002705616
67.8144287432285,135.628857486457
69.04172779824466,138.08345559648933
14.528179105773997,29.056358211547995
81.48401552325987,162.96803104651974
6.1254836157407455,12.250967231481491
52.5223524875159,105.0447049750318
96.91041964901125,193.8208392980225
97.2137985865693,194.4275971731386
74.31168382337052,148.62336764674103
97.85973981303859,195.71947962607717
66.72218512856676,133.44437025713353
88.35716566565137,176.71433133130273
97.12524532799385,194.2504906559877
1.059771496088746,2.119542992177492
43.24906696211476,86.49813392422952
37.60647617213554,75.21295234427107
4.120315649587559,8.240631299175117
72.5410287304159,145.0820574608318
13.556839495672879,27.113678991345758
18.37800041915707,36.75600083831414
84.78995542714372,169.57991085428745
47.55110134403028,95.10220268806056
64.33458745316884,128.66917490633767
34.6281788208438,69.2563576416876
62.93072767480188,125.86145534960376
17.535872510671968,35.071745021343936
89.44285441589356,178.88570883178713
78.89881832235702,157.79763664471403
38.4520980334518,76.9041960669036
53.56089594210691,107.12179188421382
59.59660043549063,119.19320087098126
82.89870776515849,165.79741553031698
62.145803307080904,124.29160661416181
91.1189466471871,182.2378932943742
33.45997509882454,66.91995019764909
70.78110292607667,141.56220585215334
72.27727147427362,144.55454294854724
12.160343557317777,24.320687114635554
40.03702168081029,80.07404336162058
86.01818664028255,172.0363732805651
38.216071355850225,76.43214271170045
32.566465670944055,65.13293134188811
25.80478808615195,51.6095761723039
43.65468292478389,87.30936584956778
44.02452976481488,88.04905952962976
96.28813213677464,192.57626427354927
43.28577742174301,86.57155484348603
15.725342427563593,31.450684855127186
77.10568536474662,154.21137072949324
62.49231786458505,124.9846357291701
58.88180422477137,117.76360844954274
94.20702809251816,188.41405618503632
36.90577576784827,73.81155153569654
33.644191508092646,67.28838301618529
37.48571968682014,74.97143937364028
78.48011982807992,156.96023965615984
77.81353445003089,155.62706890006177
46.83799119095502,93.67598238191005
85.58609051364168,171.17218102728336
79.33617435244832,158.67234870489665
92.14067365034086,184.28134730068172
54.888405931782955,109.77681186356591
87.36090938283039,174.72181876566077
9.233720571658155,18.46744114331631
61.43140323902196,122.86280647804392
53.71232849878245,107.4246569975649
38.58527797481857,77.17055594963713
47.06621620661653,94.13243241323306
24.100357855407385,48.20071571081477
79.43128878921851,158.86257757843703
0.20137852708035364,0.4027570541607073
57.22453975256293,114.44907950512587
24.324103261751016,48.64820652350203
96.59532028542034,193.19064057084069
50.86672077805713,101.73344155611426
2.410947923993767,4.821895847987534
48.80394885614935,97.6078977122987
62.59535672829367,125.19071345658735
36.2858826133026,72.5717652266052
0.0303797208862977,0.0607594417725954
40.926667083476175,81.85333416695235
12.416860874202529,24.833721748405058
6.227829900012882,12.455659800025764
72.47965878170115,144.9593175634023
67.79448332934976,135.58896665869952
66.32818357492293,132.65636714984586
2.754437677611321,5.508875355222642
89.69423570000224,179.38847140000448
51.82484322354455,103.6496864470891
43.45694249811376,86.91388499622752
51.550679140379344,103.10135828075869
17.970592297726462,35.941184595452924
99.22729909018213,198.45459818036426
5.804299192234241,11.608598384468483
25.131317063680847,50.26263412736169
20.388179251306916,40.77635850261383
27.71362596011071,55.42725192022142
86.00275601788219,172.00551203576438
23.752827934224708,47.505655868449416
92.57421935290601,185.14843870581203
67.62124538724142,135.24249077448283
91.16512667801861,182.33025335603722
80.41963910884597,160.83927821769194
31.625921361806107,63.251842723612214
8.817329159989551,17.634658319979103
14.548315763726471,29.096631527452942
19.63374231691011,39.26748463382022
36.318056925441645,72.63611385088329
67.27318173505347,134.54636347010694
79.5265684687081,159.0531369374162
95.47547459606764,190.95094919213528
73.27919577217311,146.55839154434622
83.52924175874352,167.05848351748705
43.17063302195787,86.34126604391574
91.31304172971011,182.62608345942022
62.0939288398355,124.187857679671
61.186230490449475,122.37246098089895
62.951281535197744,125.90256307039549
9.31384180374124,18.62768360748248
44.71049957375056,89.42099914750112
42.71206883039464,85.42413766078928
14.931393399242198,29.862786798484397
81.73510934188761,163.47021868377522
35.868245052982815,71.73649010596563
40.883117125872346,81.76623425174469
78.20927965679641,156.41855931359282
39.954926385871325,79.90985277174265
31.86245176118746,63.72490352237492
94.4213520612306,188.8427041224612
78.07853764092017,156.15707528184035
43.179972975824924,86.35994595164985
3.5519294077797636,7.103858815559527
49.49996951854268,98.99993903708535
79.33356266861875,158.6671253372375
91.38330704165942,182.76661408331884
47.52044818251451,95.04089636502901
76.78355266702782,153.56710533405564
30.986273485091854,61.97254697018371
19.790992090501682,39.581984181003364
3.9222917303508242,7.8445834607016485
40.932002059343894,81.86400411868779
64.4901750501999,128.9803501003998
98.62417202311714,197.24834404623428
26.623313758695875,53.24662751739175
98.45702912137698,196.91405824275395
65.67245340224883,131.34490680449767
20.581391895208924,41.16278379041785
45.90528875076358,91.81057750152716
86.26013815095112,172.52027630190224
99.44448278737116,198.88896557474231
6.083085601672789,12.166171203345577
38.21748757966796,76.43497515933592
14.979935272448387,29.959870544896773
10.582801919063833,21.165603838127666
79.4963701055689,158.9927402111378
86.90938235341147,173.81876470682295
58.32218996784726,116.64437993569452
12.27995921734103,24.55991843468206
18.399148140532617,36.798296281065234
22.766443814723736,45.53288762944747
16.132514120706077,32.26502824141215
48.86208864627207,97.72417729254414
82.18682609102727,164.37365218205454
73.83033550707863,147.66067101415726
9.693718837478905,19.38743767495781
97.48793211122427,194.97586422244854
45.25884087868049,90.51768175736098
77.84476548847542,155.68953097695083
57.20796835623838,114.41593671247676
50.86583480330944,101.73166960661888
69.21166283189962,138.42332566379923
13.300981716952553,26.601963433905105
66.54773574190422,133.09547148380844
16.091609865291744,32.18321973058349
30.297730936610478,60.595461873220955
19.232371014393568,38.464742028787136
54.356955941093275,108.71391188218655
82.5659401719961,165.1318803439922
23.764700319727805,47.52940063945561
94.96144488199238,189.92288976398476
69.82150256254633,139.64300512509266
98.58955208012401,197.17910416024802
37.96821873304659,75.93643746609318
38.8397900038849,77.6795800077698
48.83549228191401,97.67098456382801
31.99361685687052,63.98723371374104
30.320754089011615,60.64150817802323
38.72022041102423,77.44044082204846
44.84426855939254,89.68853711878508
66.85429568381251,133.70859136762502
73.88252160612313,147.76504321224627
70.27459615091341,140.54919230182682
49.1970758652624,98.3941517305248
37.915529468535745,75.83105893707149
51.95431631015842,103.90863262031684
89.9116367324541,179.8232734649082
60.68901724889668,121.37803449779337
77.9349423722812,155.8698847445624
34.55658104735612,69.11316209471224
12.025042407877763,24.050084815755525
33.224785144662114,66.44957028932423
35.84990289849506,71.69980579699012
78.31955571866624,156.63911143733247
91.0863954668374,182.1727909336748
20.374859333189466,40.74971866637893
43.01876006907675,86.0375201381535
68.50077830340776,137.0015566068155
0.9976304423878646,1.9952608847757292
36.42009931148771,72.84019862297542
41.63433257764384,83.26866515528768
15.240109664282231,30.480219328564463
61.04848570084782,122.09697140169564
35.67794305698191,71.35588611396382
65.99409852758194,131.98819705516388
14.315160582435304,28.630321164870608
23.774096753807548,47.548193507615096
53.59785432266319,107.19570864532638
7.13584093796209,14.27168187592418
50.97588623435302,101.95177246870604
10.964270422542677,21.928540845085355
31.697029181202996,63.39405836240599
54.13237897131774,108.26475794263548
7.895503853363628,15.791007706727257
22.208631494557284,44.41726298911457
13.082890599801178,26.165781199602357
99.91989486954016,199.83978973908032
86.98644067164082,173.97288134328164
15.953734873458492,31.907469746916984
37.05606995308577,74.11213990617154
63.464289506758334,126.92857901351667
21.579168863425647,43.15833772685129
22.32618541407185,44.6523708281437
72.40419616144452,144.80839232288903
22.39825028999942,44.79650057999884
23.904862474170198,47.809724948340396
28.3103436645034,56.6206873290068
94.21370390765931,188.42740781531862
25.73249690571553,51.46499381143106
73.56052950295998,147.12105900591996
61.09636958320903,122.19273916641806
20.09106806444595,40.1821361288919
14.315811021179359,28.631622042358718
67.87450615837707,135.74901231675415
67.28077817333411,134.56155634666823
6.896042420260562,13.792084840521124
87.51032612176063,175.02065224352125
69.92830508047744,139.8566101609549
2.467346318468344,4.934692636936688
16.008912262849208,32.017824525698416
47.31995065922631,94.63990131845262
16.969592516490863,33.939185032981726
88.74798241841162,177.49596483682325
11.283646369717149,22.567292739434297
18.697414859247687,37.39482971849537
3.424828262504054,6.849656525008108
26.43293177983156,52.86586355966312
58.26449920903259,116.52899841806519
91.56491880852006,183.12983761704012
5.904927839812524,11.809855679625048
65.49560387936515,130.9912077587303
57.56931356385593,115.13862712771186
25.016116792079913,50.032233584159826
75.21766138965275,150.4353227793055
51.48138780333428,102.96277560666856
53.66358797686737,107.32717595373474
9.283194158068465,18.56638831613693
73.72540033902389,147.45080067804778
68.88593570981345,137.7718714196269
42.89980969340855,85.7996193868171
14.68480607421897,29.36961214843794
12.067848135835158,24.135696271670316
92.75888826056736,185.51777652113472
48.016312542071105,96.03262508414221
46.06366674221294,92.12733348442588
81.25772519088977,162.51545038177954
9.788292696973478,19.576585393946957
33.11162820238332,66.22325640476664
41.04256819036055,82.0851363807211
83.57103940641414,167.1420788128283
8.393868595581077,16.787737191162154
44.50005786613587,89.00011573227174
51.188131657576285,102.37626331515257
60.10494014285991,120.20988028571982
62.942538500709844,125.88507700141969
11.380437087332918,22.760874174665837
41.013046754390025,82.02609350878005
40.736961310402656,81.47392262080531
25.697725944374017,51.395451888748035
38.776365363973966,77.55273072794793
58.68284800180563,117.36569600361126
71.85366748302171,143.70733496604342
70.32648461203894,140.65296922407788
19.748249468262223,39.496498936524446
89.5035174728206,179.0070349456412
23.720116947991233,47.440233895982466
86.20883222337116,172.41766444674232
94.24837002385728,188.49674004771455
57.664140595437594,115.32828119087519
14.259182225373868,28.518364450747736
44.96895321327329,89.93790642654658
89.92585612978338,179.85171225956677
9.601740936941283,19.203481873882566
1.0670153663387638,2.1340307326775276
2.5584174321970576,5.116834864394115
5.898837494231357,11.797674988462713
45.85493863171208,91.70987726342416
63.243982752538955,126.48796550507791
93.47309821493204,186.94619642986407
36.880238994000166,73.76047798800033
73.04218263477883,146.08436526955765
34.7825899248985,69.565179849797
83.34425939470485,166.6885187894097
51.0564213545343,102.1128427090686
84.57855146690764,169.15710293381528
68.44093965558729,136.88187931117457
81.58093758305898,163.16187516611797
17.576155683704386,35.15231136740877
76.40327757308681,152.80655514617362
46.297321027590165,92.59464205518033
97.74063851766829,195.48127703533657
17.511818589618766,35.02363717923753
48.68356406333856,97.36712812667712
13.567717543358704,27.135435086717408
5.735613831527964,11.471227663055927
4.405412114294771,8.810824228589542
81.74859935129719,163.49719870259437
45.42169949576884,90.84339899153768
4.941509782026343,9.883019564052686
16.10261470877743,32.20522941755486
65.08300357356033,130.16600714712067
10.183599721778824,20.36719944355765
10.813287116355784,21.62657423271157
23.654828811287597,47.309657622575195
80.9692020159715,161.938404031943
60.056749202058356,120.11349840411671
79.2780354033487,158.5560708066974
1.632808027743915,3.26561605548783
35.12113571180171,70.24227142360343
67.1596882047133,134.3193764094266
19.72722318659923,39.45444637319846
70.26657239016201,140.53314478032402
69.1050938317351,138.2101876634702
84.00299318863094,168.00598637726188
80.62665728748503,161.25331457497006
20.096434558004994,40.19286911600999
30.955275032742158,61.910550065484315
24.35085536096837,48.70171072193674
82.89906668399986,165.79813336799972
83.39953646314771,166.79907292629542
75.34241443173177,150.68482886346354
57.207363842199776,114.41472768439955
46.979597881326754,93.95919576265351
24.579449642768804,49.15889928553761
43.61737666339464,87.23475332678927
3.023996619054492,6.047993238108984
2.900201642293976,5.800403284587952
7.7389630614826626,15.477926122965325
46.34168845759393,92.68337691518786
59.786697182412084,119.57339436482417
96.22462099946418,192.44924199892836
79.16984012608184,158.33968025216367
37.62185099110245,75.2437019822049
92.37943687818971,184.75887375637942
0.2683061538815368,0.5366123077630736
93.83661211669472,187.67322423338945
70.05366770043835,140.1073354008767
59.09875297816508,118.19750595633016
62.949899481883264,125.89979896376653
84.48871021656315,168.9774204331263
91.01958165884666,182.03916331769332
34.039665679191145,68.07933135838229
66.54387159192291,133.08774318384582
38.84757531304106,77.69515062608212
27.373028870982687,54.74605774196537
71.07807543643293,142.15615087286585
34.718426070351015,69.43685214070203
62.214818071960444,124.42963614392089
11.171438088670504,22.342876177341008
97.16244436349942,194.32488872699884
60.34728514858162,120.69457029716324
53.71983476920662,107.43966953841324
34.09149796662339,68.18299593324679
24.479762267625837,48.959524535251674
83.42651907142435,166.8530381428487
57.140875275049765,114.28175055009953
13.473877557301417,26.947755114602835
20.626644063072497,41.253288126144994
10.847709072175004,21.695418144350008
71.37867537246537,142.75735074493073
18.349265479238152,36.698530958476304
35.86343924495835,71.7268784899167
72.69048797445868,145.38097594891735
47.59493378188391,95.18986756376782
83.22366117693684,166.4473223538737
15.558560817255962,31.117121634511925
22.017839292003515,44.03567858400703
68.24769463521882,136.49538927043764
74.40631899487336,148.81263798974672
99.39569127385943,198.79138254771885
30.899539321714485,61.79907864342897
31.86287002127548,63.72574004255096
27.040547377687307,54.081094755374615
72.74203867506075,145.4840773501215
42.08055864419883,84.16111728839766
64.26102931817604,128.52205863635209
95.33987971785196,190.67975943570391
51.45714432644159,102.91428865288319
73.10446815687864,146.20893631375728
17.79030491116843,35.58060982233686
98.07746973606453,196.15493947212906
63.253886745461074,126.50777349092215
96.11678530871318,192.23357061742635
67.44107544364964,134.88215088729928
27.380264403765754,54.76052880753151
57.74164288006908,115.48328576013816
27.393661849754746,54.78732369950949
58.762866509847775,117.52573301969555
5.506114451419187,11.012228902838373
44.20339786726433,88.40679573452866
14.311946718006652,28.623893436013304
14.476860424749283,28.953720849498566
67.55564949815005,135.1112989963001
2.912012092426597,5.824024184853194
39.14933531135456,78.29867062270912
28.908336952545522,57.816673905091044
18.67189647743006,37.34379295486012
62.380392503348915,124.76078500669783
8.887185746115334,17.774371492230667
43.42289223622976,86.84578447245951
88.32653780483092,176.65307560966184
12.45027238123405,24.9005447624681
84.08243905011017,168.16487810022033
89.25832899271109,178.51665798542217
9.986762780499559,19.973525560999118
20.294469025712992,40.588938051425984
68.43301786514076,136.8660357302815
80.97254552569511,161.94509105139022
16.966171744954938,33.932343489909876
26.675194430793848,53.350388861587696
35.179431985084406,70.35886397016881
17.589166518782672,35.178333037565345
78.48470500047017,156.96941000094034
34.10291308273186,68.20582616546372
21.222141861190547,42.444283722381094
75.02160335453534,150.0432067090707
34.02625368071522,68.05250736143044
37.346744548375455,74.69348909675091
55.74427324714761,111.48854649429522
9.311757457104363,18.623514914208727
11.66245148299665,23.3249029659933
6.354662704470238,12.709325408940476
49.26712882604119,98.53425765208237
20.134267898973523,40.268535797947045
98.01673472696493,196.03346945392985
1.3580110031724435,2.716022006344887
52.07039481884904,104.14078963769808
7.415809313934851,14.831618627869702
68.29849338190823,136.59698676381646
36.887506090478915,73.77501218095783
42.93162803329273,85.86325606658546
11.741271059264925,23.48254211852985
14.991020671200971,29.982041342401942
43.959153579775226,87.91830715955045
5.874895705738825,11.74979141147765
80.96529086320827,161.93058172641653
43.16324997228388,86.32649994456776
24.89453344215049,49.78906688430098
11.220729358819847,22.441458717639694
78.99825284701723,157.99650569403445
61.20891933127699,122.41783866255398
6.1097019859499895,12.219403971899979
18.289864990133577,36.57972998026715
96.11801265526115,192.2360253105223
77.59488029788535,155.1897605957707
50.217151161270046,100.43430232254009
21.17897165288075,42.3579433057615
34.30281816745545,68.6056363349109
36.94506453030972,73.89012906061944
55.981325662288384,111.96265132457677
18.436176358944522,36.872352717889044
41.617482888867876,83.23496577773575
21.431806497967,42.863612995934
86.42295916464649,172.84591832929297
72.48080286618497,144.96160573236995
21.798774154728882,43.597548309457764
6.574640012570576,13.149280025141152
20.208762262555492,40.417524525110984
97.40858826444628,194.81717652889256
68.93486609110091,137.86973218220183
76.61817721789215,153.2363544357843
58.6111787623933,117.2223575247866
82.88128953138752,165.76257906277505
34.15848396233076,68.31696792466153
1.644868678458733,3.289737356917466
72.81785663290569,145.63571326581138
82.37258942619854,164.7451788523971
64.17856307132057,128.35712614264114
59.28253704337456,118.56507408674912
29.237946207266518,58.475892414533035
43.39246635978711,86.78493271957421
16.526454963405346,33.05290992681069
70.23950868787028,140.47901737574057
72.21406742555881,144.42813485111762
90.42344110274267,180.84688220548534
73.77609562424024,147.55219124848048
57.461891916381056,114.92378383276211
89.29378236647798,178.58756473295597
87.2189723548619,174.4379447097238
42.5165943707713,85.0331887415426
71.02442060381235,142.0488412076247
70.26251569365665,140.5250313873133
7.052111291215524,14.104222582431047
66.29537726552753,132.59075453105507
7.191596212522311,14.383192425044623
44.03921869570851,88.07843739141703
4.4696705942116495,8.939341188423299
42.6077269378436,85.2154538756872
75.71056684343384,151.42113368686768
36.224812726048086,72.44962545209617
71.51355091072394,143.02710182144787
64.0752173734005,128.150434746801
10.268955623261778,20.537911246523556
51.04656595598471,102.09313191196942
95.39845050580247,190.79690101160494
75.0837355271065,150.167471054213
41.92066729818821,83.84133459637641
59.648847504154986,119.29769500830997
9.448686288134244,18.897372576268488
46.01456493418718,92.02912986837435
31.182709929886,62.365419859772
86.93483084255976,173.86966168511952
90.53498203445687,181.06996406891375
83.1138716560923,166.2277433121846
35.307985843628984,70.61597168725797
97.46502923874172,194.93005847748344
48.40062776533664,96.80125553067327
81.27610175636698,162.55220351273397
77.36748445744348,154.73496891488696
53.92140587454903,107.84281174909806
31.20409422415783,62.40818844831566
82.28497583191633,164.56995166383265
55.578718847387144,111.15743769477429
15.839197140198069,31.678394280396137
76.1862666908073,152.3725333816146
65.81010253840738,131.62020507681476
26.70004437982,53.40008875964
61.88446059330733,123.76892118661466
92.35865474876161,184.71730949752322
85.72833948100377,171.45667896200754
78.40770261731186,156.8154052346237
91.97272404852794,183.94544809705587
5.906139913056574,11.812279826113148
68.21463909996672,136.42927819993344
68.23332426755975,136.4666485351195
21.6072632571812,43.2145265143624
84.73689225408644,169.47378450817288
48.4046813709973,96.8093627419946
73.59891580080186,147.19783160160372
35.84613877615583,71.69227755231167
67.25721312029481,134.51442624058961
91.88838624111862,183.77677248223725
40.54211387494039,81.08422774988078
69.61754965633222,139.23509931266443
61.178013276151766,122.35602655230353
61.37659788001136,122.75319576002272
81.16906591268302,162.33813182536605
19.0956208908204,38.1912417816408
67.55008476125586,135.10016952251172
43.08321541741468,86.16643083482936
8.422589904356204,16.84517980871241
0.4107098156077349,0.8214196312154698
52.9474747368241,105.8949494736482
28.847827793588955,57.69565558717791
79.17295753301163,158.34591506602325
20.35037744101923,40.70075488203846
16.14510192319227,32.29020384638454
89.02520670465938,178.05041340931876
82.17315208493328,164.34630416986656
61.390015430751845,122.78003086150369
15.054006567671962,30.108013135343924
6.435645385321054,12.871290770642108
60.65591244253731,121.31182488507461
9.531707576651016,19.06341515330203
58.72986437351663,117.45972874703325
31.50027364184679,63.00054728369358
36.8830906693955,73.766181338791
69.38471219921603,138.76942439843205
57.90914087827436,115.81828175654871
12.968131564755215,25.93626312951043
50.80941594286592,101.61883188573184
27.23795435441625,54.4759087088325
85.53650729135144,171.07301458270288
69.66147114721252,139.32294229442505
16.728642330710674,33.45728466142135
69.42734146417703,138.85468292835407
19.172373802707344,38.34474760541469
85.03634489881652,170.07268979763305
20.695158114553713,41.39031622910743
91.30919809490766,182.61839618981531
5.859381155723032,11.718762311446064
91.33949943991612,182.67899887983225
21.21507148122621,42.43014296245242
69.53059414051577,139.06118828103155
29.96544587136597,59.93089174273194
0.41592024040304487,0.8318404808060897
86.63892817857462,173.27785635714923
26.148818123917682,52.297636247835364
85.45430992401995,170.9086198480399
6.117572410728622,12.235144821457244
1.1872001385713205,2.374400277142641
78.96107132206764,157.92214264413528
17.930492788053463,35.86098557610693
63.81537430733118,127.63074861466237
88.90422619411797,177.80845238823593
51.83268108094479,103.66536216188958
22.46263994600519,44.92527989201038
56.33561238072575,112.6712247614515
99.53411720393416,199.06823440786832
69.36109211047113,138.72218422094227
64.85088685404536,129.7017737080907
76.92421354543487,153.84842709086973
3.1456967533679325,6.291393506735865
83.62881855914402,167.25763711828805
75.86280890168335,151.7256178033667
11.348383603378931,22.696767206757862
90.02946495825607,180.05892991651214
1.1865055076383357,2.3730110152766715
72.19091548630637,144.38183097261273
64.52779242921221,129.05558485842442
34.59143187144518,69.18286374289036
22.024142584869967,44.048285169739934
59.83047016563763,119.66094033127526
16.68796191201065,33.3759238240213
3.6911418548031927,7.382283709606385
4.29479647077623,8.58959294155246
52.40237492350642,104.80474984701284
42.07553061558437,84.15106123116874
4.158431569729792,8.316863139459585
69.03182479797859,138.06364959595717
15.722713647085051,31.445427294170102
95.32548215616504,190.65096431233007
93.1063043780933,186.2126087561866
97.37217950750512,194.74435901501025
33.66279939718583,67.32559879437166
68.03559882485074,136.07119764970147
34.015176553964565,68.03035310792913
92.50676045204732,185.01352090409463
79.36623331986091,158.73246663972182
38.07971455842597,76.15942911685194
84.41430362245826,168.82860724491653
9.492036177465756,18.984072354931513
39.660598781644055,79.32119756328811
18.380279196859593,36.76055839371919
30.750920391122683,61.50184078224537
99.41201389896325,198.8240277979265
87.27860757578229,174.55721515156458
64.41591763897448,128.83183527794895
6.71227212219666,13.42454424439332
39.29922794978283,78.59845589956566
2.4887853624977474,4.977570724995495
32.683404146203976,65.36680829240795
68.9951122771119,137.9902245542238
83.64478030283863,167.28956060567725
86.99791440732092,173.99582881464184
21.5092504898039,43.0185009796078
7.423061853379142,14.846123706758284
79.02945964397094,158.05891928794188
53.2676631302531,106.5353262605062
35.63436721610584,71.26873443221167
1.5519849651949524,3.103969930389905
78.27024949654677,156.54049899309354
57.100439973906944,114.20087994781389
78.43272836886364,156.86545673772727
53.98870503418047,107.97741006836094
58.14121848136856,116.28243696273712
23.022458354551155,46.04491670910231
84.45847589136851,168.91695178273702
70.65587898816032,141.31175797632065
68.54389375078432,137.08778750156864
62.79316010397257,125.58632020794514
10.871403966252924,21.742807932505848
64.33622015150952,128.67244030301904
88.57561342681069,177.15122685362138
12.610766304577393,25.221532609154785
52.44864848904488,104.89729697808976
44.08637924882201,88.17275849764403
44.45980237436665,88.9196047487333
49.330853905440776,98.66170781088155
83.30281980830847,166.60563961661694
59.11282127998262,118.22564255996524
28.265990198613977,56.531980397227954
83.61081898605553,167.22163797211107
45.13112388763433,90.26224777526866
59.996235618502055,119.99247123700411
63.33896898314039,126.67793796628078
86.97128336242952,173.94256672485903
38.961649320091595,77.92329864018319
11.626438583568433,23.252877167136866
6.701960857249145,13.40392171449829
62.97326717435895,125.9465343487179
78.86543848368548,157.73087696737096
53.889953005504786,107.77990601100957
80.3429114508079,160.6858229016158
54.33597596069498,108.67195192138996
93.38689062839674,186.77378125679348
68.28062850259202,136.56125700518405
97.19119896839472,194.38239793678943
22.055060281848803,44.110120563697606
48.90538806300846,97.81077612601692
86.16285300298061,172.32570600596122
26.620675656219106,53.24135131243821
48.38739198316255,96.7747839663251
33.174760116031464,66.34952023206293
46.17961345802924,92.35922691605847
60.89575440722,121.79150881444
9.948260512813567,19.896521025627134
82.44598771409687,164.89197542819375
63.838868417517105,127.67773683503421
44.80645101057785,89.6129020211557
78.68521081204042,157.37042162408085
7.16095236583244,14.32190473166488
27.51343013172486,55.02686026344972
31.562891730734112,63.125783461468224
59.784489048078115,119.56897809615623
93.77796846719451,187.55593693438902
19.358126957783707,38.716253915567414
68.06222422786678,136.12444845573356
20.69508837245747,41.39017674491494
21.28999344788195,42.5799868957639
1.7876739602202485,3.575347920440497
96.27367189186128,192.54734378372257
93.18680171184954,186.37360342369908
68.66494359099126,137.3298871819825
15.530127767220359,31.060255534440717
61.522752740829404,123.04550548165881
84.29127351034023,168.58254702068047
9.595842210563488,19.191684421126975
64.60045913558517,129.20091827117034
20.723148304873185,41.44629660974637
5.591911288527229,11.183822577054459
19.31672573271046,38.63345146542092
8.918297478925908,17.836594957851815
10.256850502756642,20.513701005513283
77.53099117186537,155.06198234373073
80.05903353878469,160.11806707756938
99.05411680976293,198.10823361952586
18.38304225538916,36.76608451077832
47.37925595930103,94.75851191860205
21.768659600054274,43.53731920010855
89.54051551208903,179.08103102417806
17.824031101311334,35.64806220262267
24.30943515500319,48.61887031000638
75.88499312719318,151.76998625438637
39.83474752654313,79.66949505308627
47.94185492492774,95.88370984985548
55.046323995545734,110.09264799109147
73.90441940329518,147.80883880659036
99.01648146530702,198.03296293061405
28.186368917575688,56.372737835151376
21.796816019529718,43.593632039059436
0.6633636299316792,1.3267272598633584
76.17832297444033,152.35664594888067
91.91173281179093,183.82346562358185
96.73005408002878,193.46010816005756
52.27627590665372,104.55255181330745
18.355362342591384,36.71072468518277
92.288570840241,184.577141680482
32.708127432073255,65.41625486414651
7.191680264302114,14.383360528604229
20.41242997656354,40.82485995312708
45.94281712710326,91.88563425420652
59.281335947934956,118.56267189586991
74.00125621726828,148.00251243453656
40.37795612964826,80.75591225929652
29.306097866306104,58.61219573261221
89.6959936067204,179.3919872134408
94.79139455240283,189.58278910480567
4.774711475839688,9.549422951679375
32.770196361986706,65.54039272397341
42.15410190524717,84.30820381049433
9.523208535642835,19.04641707128567
55.69148332861295,111.3829666572259
72.14575806261256,144.29151612522512
50.50811580219256,101.01623160438513
44.49494939418142,88.98989878836284
45.68608464521859,91.37216929043718
35.438574245417385,70.87714849083477
99.0139528301714,198.0279056603428
19.870537423014234,39.74107484602847
65.57989015827044,131.1597803165409
1.3282212832356532,2.6564425664713065
4.089543757142899,8.179087514285799
42.92840803820426,85.85681607640852
42.24662263494523,84.49324526989047
76.36978264507653,152.73956529015305
0.8897974878298909,1.7795949756597818
21.283305516176032,42.566611032352064
25.36093820243791,50.72187640487582
17.488931138667517,34.977862277335035
35.49565584879528,70.99131169759056
49.14499871265106,98.28999742530212
2.171125061915413,4.342250123830826
77.71010365507765,155.4202073101553
19.467161524993358,38.934323049986716
75.41369046358585,150.8273809271717
83.60323242947895,167.2064648589579
31.42093540056521,62.84187080113042
81.90672542781827,163.81345085563655
57.357625481745785,114.71525096349157
8.721367669931334,17.44273533986267
49.897647568745896,99.79529513749179
52.19305384488154,104.38610768976308
20.41942759361729,40.83885518723458
38.04540486312875,76.0908097262575
25.00911542671026,50.01823085342052
72.14561239920573,144.29122479841146
47.105172207555036,94.21034441511007
76.10549710886353,152.21099421772706
53.123783044796724,106.24756608959345
69.0674060263708,138.1348120527416
16.871653793986862,33.743307587973725
30.029333818434456,60.05866763686891
17.538372460339257,35.076744920678514
62.751746872032264,125.50349374406453
61.82720886130074,123.65441772260148
56.381350732358115,112.76270146471623
62.55339476027528,125.10678952055056
47.71883773986922,95.43767547973845
1.8842833581419915,3.768566716283983
74.60274274004769,149.20548548009538
19.734997908798736,39.46999581759747
42.398096567403456,84.79619313480691
10.233398870184452,20.466797740368904
60.96368674102584,121.92737348205168
79.3535344120612,158.7070688241224
79.89419052807483,159.78838105614966
76.0998473995515,152.199694799103
52.97942304883202,105.95884609766404
75.6384571918339,151.2769143836678
6.029950055133337,12.059900110266675
47.191319570891324,94.38263914178265
99.61762210686837,199.23524421373673
28.18815561428174,56.37631122856348
98.26115491092577,196.52230982185154
47.52902576825445,95.0580515365089
23.25594821569682,46.51189643139364
34.96164195099054,69.92328390198108
91.72342520943486,183.44685041886973
6.5951341420370735,13.190268284074147
73.49804635229866,146.99609270459732
87.79665175840098,175.59330351680197
11.879460461918578,23.758920923837156
43.691199580409986,87.38239916081997
32.35827781242667,64.71655562485334
84.71558051267283,169.43116102534566
93.20457549183553,186.40915098367105
35.33803362088044,70.67606724176088
87.48260598928148,174.96521197856296
52.97191971245684,105.94383942491368
20.4581960672521,40.9163921345042
82.32898938273856,164.6579787654771
26.540440954247067,53.080881908494135
72.79876270573361,145.59752541146722
56.71476620426227,113.42953240852454
68.68281043940081,137.36562087880162
27.31684843891633,54.63369687783266
50.74634826904624,101.49269653809247
63.58377306980514,127.16754613961028
26.312945113657737,52.62589022731547
8.304454630445768,16.608909260891537
25.101659862119497,50.203319724238995
94.79506225662413,189.59012451324827
88.97046491833557,177.94092983667113
80.97560093973257,161.95120187946515
73.28192141938158,146.56384283876315
38.37321633237448,76.74643266474897
51.199157247597896,102.39831449519579
16.603422337742614,33.20684467548523
96.39021346912943,192.78042693825887
32.06512201520331,64.13024403040662
87.32671129995423,174.65342259990845
34.19903263591223,68.39806527182446
96.54082454825178,193.08164909650355
94.2584171470025,188.516834294005
71.64873836105902,143.29747672211803
34.20502900615313,68.41005801230627
87.16486426342567,174.32972852685134
69.79406931032706,139.58813862065412
26.32217144313388,52.64434288626776
4.704196145817042,9.408392291634083
38.99194925513911,77.98389851027822
80.93798139948764,161.87596279897528
41.616791801597586,83.23358360319517
66.79131581747436,133.5826316349487
59.43518980508474,118.87037961016948
60.46648394269079,120.93296788538159
14.476833301933901,28.953666603867802
61.702631350720615,123.40526270144123
55.84509915966716,111.69019831933431
27.336931599951864,54.67386319990373
27.369440410353718,54.738880820707436
42.29287319016897,84.58574638033794
93.52078019946943,187.04156039893886
77.33738529267995,154.6747705853599
77.85207105396556,155.70414210793112
30.606178967298547,61.212357934597094
56.81250115005915,113.6250023001183
50.69427649598013,101.38855299196025
81.26136070501772,162.52272141003544
29.750132266787453,59.50026453357491
49.652497027357015,99.30499405471403
21.424934844232514,42.84986968846503
18.56334364779424,37.12668729558848
42.57686457993076,85.15372915986153
48.67001641827255,97.3400328365451
14.681990777048826,29.363981554097652
51.92629237726055,103.8525847545211
30.910327261119274,61.82065452223855
83.07890956358864,166.15781912717728
89.68884827487338,179.37769654974676
34.60920663878717,69.21841327757434
84.81519118367305,169.6303823673461
2.49989019396083,4.99978038792166
86.81101479569718,173.62202959139435
43.46384533913819,86.92769067827638
72.93101902160988,145.86203804321977
82.45473765278494,164.90947530556988
55.09070133861859,110.18140267723717
80.13016610614068,160.26033221228136
41.79277046646084,83.58554093292167
55.193791398348445,110.38758279669689
65.95564375166201,131.91128750332402
79.1329736078418,158.2659472156836
56.171782928464445,112.34356585692889
80.02239244105883,160.04478488211765
2.3997964122134396,4.799592824426879
22.982802763600084,45.96560552720017
94.36723595693964,188.73447191387928
23.233947222776898,46.467894445553796
76.17175995557595,152.3435199111519
61.77377487205958,123.54754974411917
71.50178961812315,143.0035792362463
78.19673843745275,156.3934768749055
10.853992104474608,21.707984208949217
81.43674521361045,162.8734904272209
50.43955725007429,100.87911450014857
57.80038029779442,115.60076059558884
71.38507500587285,142.7701500117457
26.9605216203612,53.9210432407224
42.29756544512626,84.59513089025252
88.71958576268294,177.43917152536588
86.01664000334137,172.03328000668273
52.62874729165687,105.25749458331374
0.1634594874593276,0.3269189749186552
83.82819600083477,167.65639200166953
25.092470906901298,50.184941813802595
92.97982467349533,185.95964934699066
49.28880361431115,98.5776072286223
16.41947393771478,32.83894787542956
89.87211050696001,179.74422101392003
66.54932731832876,133.09865463665753
55.77917243340605,111.5583448668121
93.7232406376576,187.4464812753152
36.34545122219435,72.6909024443887
57.40725667708894,114.81451335417788
63.20263093136545,126.4052618627309
53.79388896357528,107.58777792715055
64.76761642755969,129.53523285511938
97.6634595360093,195.3269190720186
80.69075211936001,161.38150423872003
64.44214498724577,128.88428997449154
44.74944772586548,89.49889545173096
46.10249658506642,92.20499317013284
62.40644793253393,124.81289586506786
3.6618527416928837,7.323705483385767
42.75031939584414,85.50063879168827
60.08733953605934,120.17467907211868
21.475635776559876,42.95127155311975
20.7554991326553,41.5109982653106
57.929321748517246,115.85864349703449
89.5999568920418,179.1999137840836
40.062119935633554,80.12423987126711
50.21378672678487,100.42757345356974
82.43312965583375,164.8662593116675
4.706809370481013,9.413618740962026
52.05683729323941,104.11367458647882
65.65937884535454,131.31875769070908
64.2252320032585,128.450464006517
97.41236388165568,194.82472776331136
72.90265787642717,145.80531575285434
97.56002438570238,195.12004877140475
39.30299605868591,78.60599211737183
22.48260015155794,44.96520030311588
39.74011393090964,79.48022786181927
81.45661586642352,162.91323173284704
56.12009617843224,112.24019235686448
77.0578156296941,154.1156312593882
34.51800160712155,69.0360032142431
82.08862586585572,164.17725173171144
70.96241558108859,141.92483116217718
60.01151718088761,120.02303436177522
5.016100836777227,10.032201673554454
14.348393006635307,28.696786013270614
73.72676751819425,147.4535350363885
19.787883601976652,39.575767203953305
47.51562254660319,95.03124509320638
5.239172823744209,10.478345647488418
78.1355575918238,156.2711151836476
72.08538222180088,144.17076444360177
26.79629297728374,53.59258595456748
16.84382920036419,33.68765840072838
8.24932292647247,16.49864585294494
86.84714490409993,173.69428980819987
79.28151691378672,158.56303382757343
22.523773683657677,45.04754736731535
4.22501220679945,8.4500244135989
19.58962954090151,39.17925908180302
50.91150177595617,101.82300355191234
75.77290095916504,151.54580191833008
32.569066161357384,65.13813232271477
8.856385921102294,17.71277184220459
76.15509418936833,152.31018837873665
70.99773315923159,141.99546631846317
3.2234250552029886,6.446850110405977
32.477962776849665,64.95592555369933
72.78022588485666,145.56045176971332
41.526597621050776,83.05319524210155
46.355727510297605,92.71145502059521
40.260214215955116,80.52042843191023
32.5657951581115,65.131590316223
16.97748363124738,33.95496726249476
16.260007460280267,32.520014920560534
42.062084637255914,84.12416927451183
44.44557916233657,88.89115832467314
26.008255111825353,52.016510223650705
41.82671787753289,83.65343575506579
9.019138428195827,18.038276856391654
11.220329548715036,22.44065909743007
49.27925480397223,98.55850960794446
62.28757520679338,124.57515041358675
31.24802181862416,62.49604363724832
2.0857212904141775,4.171442580828355
45.84192977477174,91.68385954954348
93.87297940046587,187.74595880093173
3.8505715380242056,7.701143076048411
97.37198794044471,194.74397588088942
10.007241236086283,20.014482472172567
79.62721934282366,159.25443868564733
80.37036604954984,160.7407320990997
74.47385648648097,148.94771297296194
87.30109577644663,174.60219155289326
82.32459985270923,164.64919970541845
78.56203159102704,157.12406318205407
20.332493670008066,40.66498734001613
11.874937220295557,23.749874440591114
56.594511620347845,113.18902324069569
71.10881069243877,142.21762138487753
61.741120878375064,123.48224175675013
32.192410353490516,64.38482070698103
93.72783786997132,187.45567573994265
7.762426683661872,15.524853367323743
23.15476459795268,46.30952919590536
61.056883873672795,122.11376774734559
73.76610994800878,147.53221989601755
84.79416847179411,169.58833694358822
1.679162634983311,3.358325269966622
11.327545635706171,22.655091271412342
42.434068833574976,84.86813766714995
94.38171252470053,188.76342504940106
37.25974132168888,74.51948264337776
57.27272161818793,114.54544323637586
70.24505655222484,140.49011310444968
12.935327441677059,25.870654883354117
18.83857060504418,37.67714121008836
79.92654442897117,159.85308885794234
47.569237847397176,95.13847569479435
86.36967715487445,172.7393543097489
83.80777664913104,167.61555329826209
64.785908201214,129.571816402428
63.68756815820068,127.37513631640137
23.916728056579572,47.833456113159144
22.05504353911608,44.11008707823216
79.06517675165587,158.13035350331174
56.41667378725017,112.83334757450034
69.33473780584663,138.66947561169326
56.032110113992104,112.06422022798421
4.802184417809086,9.604368835618171
7.782101121695928,15.564202243391856
95.17540227546488,190.35080455092975
84.21953154292142,168.43906308584283
25.66012301134005,51.3202460226801
44.198291976586745,88.39658395317349
2.640795516471317,5.281591032942634
5.0145498587996995,10.029099717599399
68.82528990309824,137.65057980619648
10.922674409375222,21.845348818750445
29.570157569868194,59.14031513973639
32.09045711979807,64.18091423959613
90.98556696838416,181.97113393676833
61.6098085431456,123.2196170862912
86.00527937554408,172.01055875108815
25.655780716193988,51.311561432387975
39.91480343572741,79.82960687145481
91.25670997717636,182.5134199543527
68.86733239266421,137.73466478532842
37.553387204494605,75.10677440898921
72.69300300445082,145.38600600890163
26.341691353502593,52.68338270700519
39.75115108181425,79.5023021636285
0.8114727919662279,1.6229455839324558
98.2076581294745,196.415316258949
85.6090189557785,171.218037911557
90.32591784782782,180.65183569565565
86.68113381286557,173.36226762573114
23.120635273462543,46.24127054692509
17.968727316490774,35.93745463298155
73.24787806559024,146.49575613118049
42.91830636507113,85.83661273014226
21.685841459545586,43.37168291909117
63.106215379041544,126.21243075808309
39.415259638535225,78.83051927707045
78.77980164279074,157.5596032855815
16.201812942045446,32.40362588409089
94.18069894728913,188.36139789457826
72.13541131072124,144.27082262144248
52.18042418778902,104.36084837557804
85.73204136768982,171.46408273537963
14.656353081435668,29.312706162871336
47.71011662057438,95.42023324114876
7.673430515013879,15.346861030027759
13.749024251797016,27.49804850359403
18.706457663805566,37.41291532761113
2.916146982988155,5.83229396597631
58.031357843064335,116.06271568612867
87.74514906647786,175.49029813295573
39.44716965957098,78.89433931914196
16.565342636244086,33.13068527248817
5.095646953948185,10.19129390789637
34.26723396910833,68.53446793821666
2.7579905712952213,5.515981142590443
35.09874820033938,70.19749640067876
73.66960722148761,147.33921444297522
0.19939896228726717,0.39879792457453433
99.76920307008506,199.5384061401701
70.79651666849247,141.59303333698494
70.81210451712927,141.62420903425854
94.44148019818806,188.88296039637612
97.9316238424737,195.8632476849474
84.2950980086774,168.5901960173548
17.186105613682066,34.37221122736413
82.08221991735037,164.16443983470074
92.31111018856075,184.6222203771215
15.649587453632785,31.29917490726557
86.24454553236556,172.48909106473113
35.8246434091344,71.6492868182688
15.17334182469524,30.34668364939048
94.8467026603117,189.6934053206234
55.46682455540729,110.93364911081459
83.3904930999559,166.7809861999118
71.4879404375098,142.9758808750196
58.4953528276708,116.9907056553416
11.956255324049248,23.912510648098497
10.327606395970978,20.655212791941956
58.79811383284208,117.59622766568415
35.90927099369466,71.81854198738932
12.459221820043421,24.918443640086842
32.662751427174705,65.32550285434941
3.9461731980523274,7.892346396104655
52.69812296822188,105.39624593644376
20.04820212921513,40.09640425843026
93.76896742123508,187.53793484247015
50.814510282285006,101.62902056457001
1.5371357077129333,3.0742714154258666
15.160953123734199,30.321906247468398
26.21060027121197,52.42120054242394
9.321677587203958,18.643355174407915
31.6428295498807,63.2856590997614
15.234780156493633,30.469560312987266
34.407707992052124,68.81541598410425
6.000444378342273,12.000888756684546
96.82022746892314,193.64045493784627
93.83259746596005,187.6651949319201
42.754732682761286,85.50946536552257
77.0522076357023,154.1044152714046
30.367312450366846,60.73462490073369
45.521292967865875,91.04258593573175
89.92407290945157,179.84814581890313
57.92334965746156,115.84669931492311
44.225302314251955,88.45060462850391
82.56852595549657,165.13705191099314
32.08378536661154,64.16757073322307
61.61335948946308,123.22671897892616
69.23954092041924,138.4790818408385
69.16427872366995,138.3285574473399
36.32321273930364,72.64642547860728
9.92188420627752,19.84376841255504
80.60501966425103,161.21003932850206
24.07155163351442,48.14310326702884
91.52362701616437,183.04725403232874
64.64722792198282,129.29445584396564
42.74138768544776,85.48277537089552
87.61110815675487,175.22221631350973
94.55796890007561,189.11593780015122
22.000669411942575,44.00133882388515
24.91816239981387,49.83632479962774
35.425559916016184,70.85111983203237
36.46419101843431,72.92838203686863
5.454043666335195,10.90808733267039
69.78277634404111,139.56555268808222
72.86221240565062,145.72442481130125
47.31148168281697,94.62296336563394
26.534316757120823,53.06863351424165
77.21200664430356,154.4240132886071
95.95481618461768,191.90963236923537
42.72125810594323,85.44251621188646
51.22973868710198,102.45947737420396
77.75788602121492,155.51577204242983
99.1078835861392,198.2157671722784
9.136451054867777,18.272902109735554
5.375968269122944,10.751936538245888
11.55384818205497,23.10769636410994
88.84798057272451,177.69596114544902
49.220160619546085,98.44032123909217
45.89304463561113,91.78608927122227
80.81587702229716,161.63175404459432
80.277167175132,160.554334350264
34.9472121701568,69.8944243403136
67.19719888674125,134.3943977734825
39.85669363567155,79.7133872713431
8.13961329296683,16.27922658593366
50.50933275388093,101.01866550776187
97.60638153393188,195.21276306786376
27.042023144870353,54.084046289740705
59.164209222401766,118.32841844480353
64.01487024430938,128.02974048861876
2.460663359315707,4.921326718631414
64.99376865206591,129.98753730413182
0.6974797179189585,1.394959435837917
44.98689125292549,89.97378250585098
79.87278941789384,159.74557883578768
48.59121789871496,97.18243579742992
72.11768751833009,144.23537503666017
60.45971794678443,120.91943589356886
89.75441484754597,179.50882969509195
20.744025829653644,41.48805165930729
47.52739497240189,95.05478994480379
72.16738838336812,144.33477676673624
20.02684674553924,40.05369349107848
48.02820179030702,96.05640358061405
37.49099537274726,74.98199074549451
22.60177122748618,45.20354245497236
19.76302036855172,39.52604073710344
65.39706531213196,130.79413062426391
86.989710837025,173.97942167405
25.548850271854228,51.097700543708456
32.32730178304527,64.65460356609054
80.03444851346153,160.06889702692305
25.113875480814475,50.22775096162895
92.58471041030509,185.16942082061018
32.385225631320644,64.77045126264129
48.182013104034404,96.36402620806881
16.096088127345286,32.19217625469057
93.46868221330236,186.93736442660472
95.42514632137853,190.85029264275707
19.911585352486107,39.82317070497221
31.657912386322472,63.315824772644945
14.07927330189146,28.15854660378292
23.55433663061789,47.10867326123578
82.1285622742253,164.2571245484506
30.982109484907706,61.96421896981541
80.61566073346671,161.23132146693342
96.80329444383912,193.60658888767824
88.41743991004817,176.83487982009635
80.173619991048,160.347239982096
2.727827482071954,5.455654964143908
49.275773146566884,98.55154629313377
5.443439776155867,10.886879552311735
2.529799990093662,5.059599980187324
78.69385936121269,157.38771872242538
23.104807964407925,46.20961592881585
39.07271880994679,78.14543761989358
64.71082328227324,129.42164656454648
66.9705081283826,133.9410162567652
44.48722146490047,88.97444292980094
65.19830336120293,130.39660672240586
43.73718233912635,87.4743646782527
26.337242998367362,52.674485996734724
79.14254712226104,158.28509424452207
34.35992690498103,68.71985380996206
69.62585957646642,139.25171915293285
36.01831011701322,72.03662023402644
34.32933791264006,68.65867582528011
55.693108425425365,111.38621685085073
82.5336146577186,165.0672293154372
74.56770098076124,149.1354019615225
91.82109811283527,183.64219622567055
31.06120551776178,62.12241103552356
72.81660189157289,145.63320378314577
25.600176353889292,51.200352707778585
53.48184103053655,106.9636820610731
76.58102734912916,153.16205469825832
8.034024943933204,16.068049887866408
82.38682343271087,164.77364686542174
6.551324582588647,13.102649165177294
69.3776206130719,138.7552412261438
48.19145389703016,96.38290779406032
21.0331323170761,42.0662646341522
69.84572899374342,139.69145798748684
31.22365147894468,62.44730295788936
15.112094038686685,30.22418807737337
36.69261808924589,73.38523617849178
13.307995285718066,26.615990571436132
48.04248252921576,96.08496505843152
54.6472222297678,109.2944444595356
59.65611378460154,119.31222756920307
67.73363652480371,135.46727304960743
48.449898487334444,96.89979697466889
41.38400361799236,82.76800723598473
87.89227234397501,175.78454468795002
66.99855301109483,133.99710602218966
39.504975263387664,79.00995052677533
83.1334822622229,166.2669645244458
0.4857453553458013,0.9714907106916026
69.64372047601938,139.28744095203876
21.310482067975567,42.620964135951134
92.25915919942102,184.51831839884204
72.94309979708771,145.88619959417542
61.25558353639736,122.51116707279472
47.316444442863926,94.63288888572785
32.98533214694446,65.97066429388892
24.129201524958855,48.25840304991771
35.85355333398176,71.70710666796352
0.831723243419169,1.663446486838338
60.88682903634104,121.77365807268208
61.772788258657265,123.54557651731453
16.34081869902968,32.68163739805936
68.05036765874316,136.1007353174863
36.3820019684688,72.7640039369376
8.788911922354014,17.57782384470803
48.05374101460303,96.10748202920605
27.404251586028273,54.80850317205655
53.27897615304871,106.55795230609742
16.591231208886803,33.18246241777361
11.19356930037253,22.38713860074506
29.28832093369258,58.57664186738516
82.18639660529475,164.3727932105895
20.521781687742045,41.04356337548409
26.94192718664421,53.88385437328842
71.54438413120339,143.08876826240677
9.783611091275201,19.567222182550402
24.31390967075815,48.6278193415163
17.42545574310742,34.85091148621484
79.56024532196427,159.12049064392855
51.10921119442946,102.21842238885893
57.613614539670145,115.22722907934029
30.444740821825032,60.889481643650065
37.785167111469775,75.57033422293955
50.56192209264303,101.12384418528606
54.10195863176417,108.20391726352834
57.51482379455817,115.02964758911634
73.85037585655196,147.70075171310393
20.053553646223687,40.107107292447374
6.681354681765006,13.362709363530012
23.13357426464605,46.2671485292921
24.866111192736962,49.732222385473925
77.76000938764251,155.52001877528502
55.155011296060806,110.31002259212161
69.74098855231331,139.48197710462662
6.284557814270276,12.569115628540551
18.375039204165322,36.750078408330644
91.3440372444612,182.6880744889224
49.20288157965831,98.40576315931662
96.97634199230252,193.95268398460504
51.7367115897664,103.4734231795328
33.389854369921714,66.77970873984343
40.00686587760601,80.01373175521202
14.788196270998743,29.576392541997485
86.86967953043609,173.73935906087218
19.109540868241815,38.21908173648363
56.38944617112735,112.7788923422547
66.98491045664376,133.96982091328752
43.62869294502809,87.25738589005618
58.74140513585323,117.48281027170646
92.66137143376388,185.32274286752775
3.6957169937932632,7.3914339875865265
7.7841117989020825,15.568223597804165
59.442563683323115,118.88512736664623
7.3661924774126035,14.732384954825207
35.3694467207595,70.738893441519
79.36127720580002,158.72255441160004
61.54988933754828,123.09977867509656
48.83300206257688,97.66600412515376
26.633076839040026,53.26615367808005
29.34350401936604,58.68700803873208
97.48719568627783,194.97439137255566
0.4831254559860998,0.9662509119721996
16.639719435305167,33.279438870610335
60.44151185961344,120.88302371922688
30.643353750509426,61.28670750101885
46.56971673585416,93.13943347170832
45.41351144303696,90.82702288607392
18.165141948277707,36.330283896555414
41.679026782298635,83.35805356459727
93.29007122350558,186.58014244701116
23.427869155225366,46.85573831045073
15.162919291233411,30.325838582466822
30.997548188042444,61.99509637608489
18.53140619064736,37.06281238129472
21.919201751281403,43.838403502562805
39.31461361787544,78.62922723575088
76.31648461216153,152.63296922432306
63.06594941588962,126.13189883177924
77.33140738968443,154.66281477936886
81.62445826142404,163.24891652284808
53.41399381542604,106.82798763085208
95.7644228568344,191.5288457136688
51.56050686932567,103.12101373865134
89.5129111113261,179.0258222226522
28.5130549457147,57.0261098914294
17.159617209566502,34.319234419133004
50.99218497382479,101.98436994764958
71.77637350852069,143.55274701704138
42.007738399589186,84.01547679917837
26.59927834436562,53.19855668873124
3.59826196130143,7.19652392260286
1.8407618194393738,3.6815236388787476
25.265109899182303,50.530219798364605
97.66597601289682,195.33195202579364
24.49942764175117,48.99885528350234
32.41979318749244,64.83958637498488
89.94973818602034,179.89947637204068
54.015868870650976,108.03173774130195
41.88966392343626,83.77932784687252
23.934244222204406,47.86848844440881
89.57433190979364,179.14866381958728
46.22723711415438,92.45447422830875
3.601868617230153,7.203737234460306
92.61828712599105,185.2365742519821
20.492607655498396,40.98521531099679
98.93393269555895,197.8678653911179
58.169067385504924,116.33813477100985
32.588363713072134,65.17672742614427
90.78136042253074,181.56272084506148
72.96214079553285,145.9242815910657
85.09686210601373,170.19372421202746
3.4859378358331083,6.971875671666217
76.8203053421926,153.6406106843852
96.06908817705889,192.13817635411777
87.35542209820224,174.71084419640448
27.750906036487766,55.50181207297553
78.00257748318079,156.00515496636157
41.57214643263348,83.14429286526696
72.9802801573587,145.9605603147174
9.027323109304596,18.054646218609193
71.68328273453545,143.3665654690709
94.4090506348061,188.8181012696122
31.911769223159116,63.82353844631823
63.920012071346896,127.84002414269379
39.855572895688276,79.71114579137655
55.911350152272675,111.82270030454535
82.01133411980919,164.02266823961838
7.053621448126501,14.107242896253002
34.99852706268243,69.99705412536485
64.92200814676674,129.84401629353349
76.93850751706628,153.87701503413257
52.70374771681622,105.40749543363243
54.41232139445758,108.82464278891516
3.495155141765416,6.990310283530832
26.303400900447617,52.606801800895234
47.41365038132198,94.82730076264396
56.344645301099746,112.68929060219949
41.41085943944596,82.82171887889191
30.889722717560197,61.779445435120394
75.13473162946002,150.26946325892004
32.78509131905689,65.57018263811378
6.006030864838607,12.012061729677214
24.154766763353987,48.30953352670797
54.828245322681646,109.65649064536329
27.308035558701484,54.61607111740297
17.958432311575447,35.91686462315089
85.05357146473268,170.10714292946537
93.15409774002676,186.3081954800535
72.08248254838124,144.16496509676247
94.91996566766156,189.83993133532312
36.26373621786664,72.52747243573327
76.24476590273628,152.48953180547255
32.08963097312856,64.17926194625711
55.09995068219345,110.1999013643869
23.717384488942827,47.43476897788565
96.72378132479984,193.4475626495997
97.76348761887583,195.52697523775166
22.17079904969571,44.34159809939142
21.84411222036926,43.68822444073852
44.389031708474555,88.77806341694911
15.953035069572152,31.906070139144305
39.12469564586314,78.24939129172628
11.071376384515496,22.14275276903099
27.1712908778862,54.3425817557724
31.452403781988302,62.904807563976604
20.243945911866167,40.48789182373233
51.85297634571846,103.70595269143692
1.9081095236855639,3.8162190473711277
83.83627456592244,167.67254913184487
12.926837678293756,25.853675356587512
70.2933585882089,140.5867171764178
44.07854344344558,88.15708688689116
58.372986480444425,116.74597296088885
3.9655222835319637,7.931044567063927
54.77566026404618,109.55132052809236
76.07998598051167,152.15997196102333
2.374953472592778,4.749906945185556
55.60539885705869,111.21079771411738
84.50441497639805,169.0088299527961
23.399384699473423,46.798769398946845
31.64155163624651,63.28310327249302
56.23453814150475,112.4690762830095
60.48822000672768,120.97644001345536
97.75019224938993,195.50038449877985
58.99993916556716,117.99987833113433
72.72934430448412,145.45868860896823
2.692827073817039,5.385654147634078
26.10924511933964,52.21849023867928
87.15955559711665,174.3191111942333
29.40441934468765,58.8088386893753
54.471659473073494,108.94331894614699
44.41099602434878,88.82199204869757
60.0676691938827,120.1353383877654
51.83054958139931,103.66109916279862
99.18035301624842,198.36070603249684
96.69438439394585,193.3887687878917
4.959386722460735,9.91877344492147
74.22417232175923,148.44834464351845
10.204813661705636,20.40962732341127
84.94973348416379,169.89946696832757
62.40505859408847,124.81011718817695
97.31405430072739,194.62810860145478
12.544677727784437,25.089355455568874
15.09983023595135,30.1996604719027
78.51501985611971,157.03003971223941
83.80392263567987,167.60784527135974
0.7635523056375826,1.5271046112751652
77.54025718251847,155.08051436503695
4.441938006622371,8.883876013244741
91.36789150046276,182.73578300092552
86.41334461762142,172.82668923524284
53.85566300408081,107.71132600816162
78.53692230792907,157.07384461585815
35.25804946297044,70.51609892594088
83.9378420979824,167.8756841959648
87.77785220749205,175.5557044149841
0.9811979790549485,1.962395958109897
74.44987278322137,148.89974556644273
81.5573462627407,163.1146925254814
71.38721747699606,142.7744349539921
45.587021643122725,91.17404328624545
99.07841063560092,198.15682127120184
3.5230755626000754,7.046151125200151
40.46937238526911,80.93874477053822
36.644390128018166,73.28878025603633
61.916257024285095,123.83251404857019
20.636445019763638,41.272890039527276
10.736396378043267,21.472792756086534
91.09395051237672,182.18790102475344
90.64977379504184,181.29954759008368
94.10274404904672,188.20548809809344
0.925269679225782,1.850539358451564
95.67918170505983,191.35836341011967
93.81350500769499,187.62701001538997
22.612488578977096,45.22497715795419
33.272106903657786,66.54421380731557
8.56279173973238,17.12558347946476
16.197221087066737,32.394442174133474
71.57124800014577,143.14249600029154
95.84583873070966,191.69167746141932
11.986606639323128,23.973213278646256
75.12044338278326,150.24088676556653
46.37009585753981,92.74019171507962
57.433503728107446,114.86700745621489
57.82839985128526,115.65679970257052
45.04226435686437,90.08452871372874
49.60667549657273,99.21335099314545
28.493812190264013,56.987624380528025
76.64036705102015,153.2807341020403
76.34086561022713,152.68173122045425
71.99676669755132,143.99353339510265
38.533626374126015,77.06725274825203
86.39703316386311,172.79406632772623
50.43542721732154,100.87085443464308
14.365069614136205,28.73013922827241
96.7704895896789,193.5409791793578
71.42433512903288,142.84867025806577
0.598421556987494,1.196843113974988
51.41265498798215,102.8253099759643
53.05421298085389,106.10842596170778
25.51330411457098,51.02660822914196
45.32899607753878,90.65799215507757
70.92364588818928,141.84729177637857
27.836853210554835,55.67370642110967
89.8685657765853,179.7371315531706
90.17237037765545,180.3447407553109
82.0998583556778,164.1997167113556
97.74464564088954,195.4892912817791
75.6010630462138,151.2021260924276
25.02226166027659,50.04452332055318
58.22591223448453,116.45182446896906
68.95041354458704,137.90082708917407
15.976858145070272,31.953716290140544
92.18419461701502,184.36838923403005
60.97530248032893,121.95060496065786
57.744869052578174,115.48973810515635
92.10607002145913,184.21214004291826
96.43196157203576,192.86392314407152
36.92958364446932,73.85916728893864
5.656865831993862,11.313731663987724
42.07292385831657,84.14584771663314
36.811656915548966,73.62331383109793
38.982505561259686,77.96501112251937
65.53549784733687,131.07099569467374
76.99192183842331,153.98384367684662
23.76016804576072,47.52033609152144
50.49096172598817,100.98192345197634
95.60932737469663,191.21865474939327
64.74855478323161,129.49710956646322
2.0512600352813326,4.102520070562665
19.939898602028304,39.87979720405661
9.206365094274238,18.412730188548476
75.11579138259486,150.23158276518973
0.9211713443284753,1.8423426886569505
15.493458288027927,30.986916576055854
57.91413176558324,115.82826353116648
49.0047771112246,98.0095542224492
70.84041166937163,141.68082333874327
90.62625541189537,181.25251082379074
84.93584789266501,169.87169578533002
29.101527082700695,58.20305416540139
92.91881378929851,185.83762757859702
1.874685115697916,3.749370231395832
77.64527389137778,155.29054778275557
6.343368746424871,12.686737492849742
24.99094697778219,49.98189395556438
60.70776952285048,121.41553904570095
75.90028384683117,151.80056769366234
7.186282837788438,14.372565675576876
84.52790836745828,169.05581673491656
54.633904618353455,109.26780923670691
76.06150827900768,152.12301655801537
64.039879934069,128.079759868138
84.18049665890808,168.36099331781617
52.49914642855882,104.99829285711763
83.71501602750813,167.43003205501626
42.215548569864524,84.43109713972905
41.76681793806166,83.53363587612333
54.24875463408198,108.49750926816397
38.81600688206319,77.63201376412638
32.101685045678586,64.20337009135717
87.35606665693678,174.71213331387355
58.30180881192106,116.60361762384213
69.87433571563784,139.74867143127568
73.61895532960368,147.23791065920736
0.30006706904971425,0.6001341380994285
33.187531110220604,66.37506222044121
61.389591195651285,122.77918239130257
71.94632217599145,143.8926443519829
42.802704910043566,85.60540982008713
39.13462705910168,78.26925411820336
85.82769279920063,171.65538559840127
66.19247328522145,132.3849465704429
45.62253950285678,91.24507900571356
77.56774789950346,155.13549579900692
65.22398222439001,130.44796444878003
54.80826377841328,109.61652755682655
97.9772886376174,195.9545772752348
28.445564679857462,56.891129359714924
39.47634896388201,78.95269792776402
33.81339851849555,67.6267970369911
58.870892022393285,117.74178404478657
99.76104143050908,199.52208286101816
28.594507729234454,57.18901545846891
83.87637031611148,167.75274063222295
54.93338700312881,109.86677400625761
71.6756839625739,143.3513679251478
19.794248879384124,39.58849775876825
4.554481150309442,9.108962300618884
30.283993393272556,60.56798678654511
45.65410603657789,91.30821207315579
3.2977658933875054,6.595531786775011
17.469689108035514,34.93937821607103
2.4836138001357755,4.967227600271551
38.917024887706056,77.83404977541211
65.86133061647477,131.72266123294955
88.49442621328289,176.98885242656578
2.9501528741859406,5.900305748371881
14.37869576695946,28.75739153391892
81.8733142762453,163.7466285524906
21.078047843246594,42.15609568649319
43.486392263944005,86.97278452788801
32.9613182307218,65.9226364614436
14.194580725727068,28.389161451454136
64.81221629976073,129.62443259952147
87.00107234458093,174.00214468916187
0.08985242249428538,0.17970484498857076
58.77454217546719,117.54908435093438
76.32707810011702,152.65415620023404
91.5625553498094,183.1251106996188
50.862639319892054,101.72527863978411
48.77817880494737,97.55635760989475
33.12606022943353,66.25212045886705
94.8187051029291,189.6374102058582
60.63900896229335,121.2780179245867
20.405761634859378,40.811523269718755
26.607289447938676,53.21457889587735
79.35366796334895,158.7073359266979
55.85065049454114,111.70130098908228
35.91412262162002,71.82824524324003
90.89452234976673,181.78904469953346
21.019775121285278,42.039550242570556
99.02570897171378,198.05141794342757
91.00345329863511,182.00690659727022
35.75496115130866,71.50992230261733
70.96738287770354,141.93476575540708
21.247694847379762,42.495389694759524
62.97727934426227,125.95455868852454
38.87119676059033,77.74239352118066
18.192125813956096,36.38425162791219
53.50607757804351,107.01215515608702
40.89018567399142,81.78037134798284
86.95680713909574,173.9136142781915
37.197637498275625,74.39527499655125
23.146866862612157,46.293733725224314
94.87370934170293,189.74741868340587
66.9465668954831,133.8931337909662
36.213401184532636,72.42680236906527
48.886436129386,97.772872258772
47.31558391854743,94.63116783709486
24.368496596046562,48.736993192093124
1.7490524056541612,3.4981048113083224
30.45219210466644,60.90438420933288
6.936208070350625,13.87241614070125
50.0856754312192,100.1713508624384
17.893779994367755,35.78755998873551
16.192892037611763,32.385784075223526
55.49121342581569,110.98242685163137
17.530798490128895,35.06159698025779
23.313066307955243,46.626132615910485
7.047619916350401,14.095239832700802
26.15970683655767,52.31941367311534
33.16590596710035,66.3318119342007
18.573960224727426,37.14792044945485
43.83368411687373,87.66736823374745
59.07312778195401,118.14625556390801
38.40126457471109,76.80252914942218
57.12555734334855,114.2511146866971
15.50655133806127,31.01310267612254
10.644459012709396,21.28891802541879
39.97887778519199,79.95775557038398
94.17621407227323,188.35242814454645
16.193888597581108,32.387777195162215
89.44235634291759,178.88471268583518
63.04027916699799,126.08055833399598
10.615676305298594,21.231352610597188
95.07622238404613,190.15244476809227
11.041576691950173,22.083153383900346
47.74255581442054,95.48511162884108
12.975432561746514,25.950865123493028
49.31685102713396,98.63370205426791
80.64445207948454,161.28890415896907
64.39644809716665,128.7928961943333
57.180435996600764,114.36087199320153
70.88060664234449,141.76121328468898
24.621967838636728,49.243935677273456
91.04202484064882,182.08404968129764
33.07346827802227,66.14693655604454
4.5153274960482825,9.030654992096565
76.58825847998479,153.17651695996958
37.502870453852275,75.00574090770455
58.250066311740945,116.50013262348189
72.07268334413114,144.14536668826227
91.16193635462953,182.32387270925906
6.434284353178499,12.868568706356998
9.209366329535861,18.418732659071722
86.70370058485626,173.40740116971253
35.797293966403934,71.59458793280787
91.300247675964,182.600495351928
38.5712286268103,77.1424572536206
7.262323916513536,14.524647833027071
93.17501458983257,186.35002917966514
32.843017455756495,65.68603491151299
69.08795378441418,138.17590756882836
18.913210164081285,37.82642032816257
82.04452367705733,164.08904735411465
64.60723825290101,129.21447650580203
4.815808237628227,9.631616475256454
99.16180506398827,198.32361012797654
7.050224223835288,14.100448447670576
95.55879755764958,191.11759511529917
75.03080101146483,150.06160202292966
70.34368332762642,140.68736665525284
37.60333450003483,75.20666900006967
15.805564853101394,31.61112970620279
24.52973828359176,49.05947656718352
51.03801331133352,102.07602662266704
77.32536798197465,154.6507359639493
91.39309295564016,182.7861859112803
24.461450073610315,48.92290014722063
79.36265388929785,158.7253077785957
65.12313959907769,130.24627919815538
36.891179740034175,73.78235948006835
14.945330911223586,29.89066182244717
13.608232331827995,27.21646466365599
58.11650102891244,116.23300205782488
64.30904502043275,128.6180900408655
64.95368398125562,129.90736796251124
53.947188153632766,107.89437630726553
14.986224169183416,29.97244833836683
93.88763134285088,187.77526268570176
23.14527283396215,46.2905456679243
69.30573031604321,138.61146063208642
34.59457611171825,69.1891522234365
66.20565335701036,132.41130671402072
26.200302355699755,52.40060471139951
89.11318537927912,178.22637075855823
48.511232944447805,97.02246588889561
4.7588393935386275,9.517678787077255
68.85291215895614,137.7058243179123
56.28691610542068,112.57383221084136
78.90570888930169,157.81141777860338
12.050532783863787,24.101065567727574
14.685248230252801,29.370496460505603
23.173565821778674,46.34713164355735
9.29568235557644,18.59136471115288
12.431738274328985,24.86347654865797
25.675947055324134,51.35189411064827
1.993562271736149,3.987124543472298
99.7999652711081,199.5999305422162
26.227589840870593,52.455179681741186
17.37036622969762,34.74073245939524
66.15109090123337,132.30218180246675
60.09486310318276,120.18972620636552
5.048981792879381,10.097963585758762
46.434327402960776,92.86865480592155
4.0249374230929895,8.049874846185979
70.62412373493673,141.24824746987346
69.97452107837515,139.9490421567503
92.76980000959878,185.53960001919756
12.679995882167328,25.359991764334655
26.76351156783271,53.52702313566542
41.99711070916632,83.99422141833264
71.72869019568613,143.45738039137225
77.01615678573405,154.0323135714681
5.205071737543731,10.410143475087462
68.18375407708055,136.3675081541611
6.072392792404546,12.144785584809092
45.446749081101814,90.89349816220363
49.491092313974185,98.98218462794837
94.88537354612848,189.77074709225695
42.46114015650203,84.92228031300407
23.903432387553092,47.806864775106185
77.32707917671455,154.6541583534291
9.430631270528856,18.861262541057712
26.095449395570768,52.190898791141535
89.98843063863197,179.97686127726394
91.17239484374859,182.34478968749718
64.65264173748022,129.30528347496045
54.35831811397759,108.71663622795518
35.17945967910171,70.35891935820342
98.78262429224873,197.56524858449745
20.397639728238115,40.79527945647623
29.194603524996964,58.38920704999393
13.17347084386704,26.34694168773408
45.15869943307921,90.31739886615841
6.23969011213823,12.47938022427646
77.57014613574373,155.14029227148745
36.09314087200314,72.18628174400628
68.58276927337462,137.16553854674925
86.38137943421604,172.7627588684321
51.458182728559784,102.91636545711957
63.79096709131017,127.58193418262034
76.27518286190029,152.55036572380058
99.76834279673233,199.53668559346465
68.88914104408157,137.77828208816314
52.03583797181707,104.07167594363413
58.09607863249008,116.19215726498015
10.407612526913057,20.815225053826115
90.1143824484113,180.2287648968226
14.286837946942022,28.573675893884044
17.977447117771362,35.954894235542724
88.91554921368882,177.83109842737764
32.391058494230286,64.78211698846057
95.19815114948872,190.39630229897745
56.593423291344536,113.18684658268907
4.740698284970668,9.481396569941335
8.367030056841006,16.734060113682013
5.901673701287646,11.803347402575293
4.819290394657239,9.638580789314478
46.776157087834655,93.55231417566931
79.14140886485822,158.28281772971644
76.10871301334123,152.21742602668246
73.63445464419014,147.26890928838029
18.419348878163667,36.838697756327335
64.35605307087073,128.71210614174146
75.83228683459899,151.66457366919798
17.897065970851067,35.79413194170213
90.23979446821482,180.47958893642965
27.358447274763776,54.71689454952755
38.99424398218627,77.98848796437254
73.57102080781839,147.14204161563677
77.79459239277587,155.58918478555174
0.6986561110897349,1.3973122221794698
71.9964412236217,143.9928824472434
37.67549842584159,75.35099685168318
6.816139803491716,13.632279606983433
95.14563319930596,190.29126639861192
63.474046664602845,126.94809332920569
39.21550993665128,78.43101987330256
73.74235261522128,147.48470523044256
12.902050110527142,25.804100221054284
54.19769269489002,108.39538538978005
47.574169152034315,95.14833830406863
40.2309782114087,80.4619564228174
36.49963964935362,72.99927929870724
45.1722698669645,90.344539733929
27.875832898145692,55.751665796291384
99.05395413557409,198.10790827114818
57.003661642694546,114.00732328538909
2.2828603269640313,4.565720653928063
93.60102817979806,187.20205635959613
39.50650059362055,79.0130011872411
18.244067631012683,36.48813526202537
50.06349504850031,100.12699009700061
52.27574945639027,104.55149891278054
2.0520092754057973,4.1040185508115945
6.866218075070762,13.732436150141524
37.980212510206954,75.96042502041391
75.83338086211062,151.66676172422123
56.81092674298031,113.62185348596061
23.647870220423005,47.29574044084601
51.83606603834773,103.67213207669546
61.768949667590746,123.53789933518149
89.11211481878044,178.22422963756088
13.164840447983595,26.32968089596719
72.13482126819515,144.2696425363903
20.58605943550399,41.17211887100798
74.68108066865011,149.36216133730022
18.9604705907962,37.9209411815924
83.2738734222754,166.5477468445508
6.284496008319207,12.568992016638415
34.5347418740973,69.0694837481946
19.48160533024652,38.96321066049304
36.95301846404562,73.90603692809124
58.92555713416249,117.85111426832498
89.31706123922746,178.6341224784549
53.62394501677351,107.24789003354702
51.019286707548815,102.03857341509763
78.02433109245487,156.04866218490974
17.423173808556246,34.84634761711249
20.06011077539551,40.12022155079102
89.36007605260305,178.7201521052061
55.967037465230426,111.93407493046085
17.82424382586283,35.64848765172566
97.00128531980081,194.00257063960163
43.47178988676097,86.94357977352195
5.822001986299597,11.644003972599194
93.4976808692076,186.9953617384152
6.705659205020364,13.411318410040728
63.84077330909578,127.68154661819156
24.845221192657817,49.690442385315635
56.38476398851772,112.76952797703544
39.08368110840087,78.16736221680173
50.23503960124839,100.47007920249678
88.43701901172624,176.87403802345247
99.33238812812299,198.66477625624597
14.095537607821306,28.191075215642613
94.91775721283648,189.83551442567295
43.233626697509486,86.46725339501897
90.80312050624242,181.60624101248484
20.585068143441244,41.17013628688249
40.41658147837048,80.83316295674096
65.39593991767457,130.79187983534914
96.2307043313609,192.4614086627218
71.84344057915237,143.68688115830474
75.92970910667604,151.8594182133521
40.1283435287204,80.2566870574408
4.594610776988695,9.18922155397739
67.54117719948914,135.08235439897828
16.94188926651955,33.8837785330391
77.80493983179399,155.60987966358798
59.32939035675414,118.65878071350828
36.72720550575488,73.45441101150976
43.93924479387164,87.87848958774327
24.360021567103107,48.720043134206215
79.56874704817987,159.13749409635975
56.77987808210085,113.5597561642017
77.57703339033982,155.15406678067964
2.169712325007689,4.339424650015378
66.90132252607447,133.80264505214893
86.30948310829524,172.61896621659048
77.91931411714668,155.83862823429337
1.6207301195936274,3.241460239187255
5.339756179891841,10.679512359783683
88.10532806901719,176.21065613803438
58.48588878340972,116.97177756681944
82.1112370552484,164.2224741104968
82.90718367549813,165.81436735099626
76.66868286896951,153.33736573793902
5.341952471069655,10.68390494213931
29.512018283021234,59.02403656604247
83.31852097150121,166.63704194300243
20.81413816363088,41.62827632726176
64.59912509895179,129.19825019790358
24.69627243282546,49.39254486565092
99.46533224308178,198.93066448616355
83.62866051950031,167.25732103900063
9.671118185810379,19.342236371620757
83.92346261877495,167.8469252375499
0.4422230628552182,0.8844461257104363
88.88628411080985,177.7725682216197
16.638865812258164,33.27773162451633
39.0058152822957,78.0116305645914
29.18301718829539,58.36603437659078
54.26086351981464,108.52172703962928
67.2359064868253,134.4718129736506
8.613213265953467,17.226426531906935
45.77357476408393,91.54714952816786
84.46882601338513,168.93765202677025
76.06848263692952,152.13696527385903
15.471600074909142,30.943200149818285
27.1155809260752,54.2311618521504
45.682542859348885,91.36508571869777
17.31764857636493,34.63529715272986
39.225223621398285,78.45044724279657
46.669300038373905,93.33860007674781
69.10165452273456,138.20330904546913
76.14218470948863,152.28436941897726
57.58514591032373,115.17029182064746
52.61843966721897,105.23687933443794
13.941868332860752,27.883736665721504
27.89169536956685,55.7833907391337
99.35227187580645,198.7045437516129
91.70459794172216,183.4091958834443
54.6833027471195,109.366605494239
68.19951451011639,136.39902902023277
8.339312926336184,16.67862585267237
93.80564879639084,187.61129759278168
96.91312292906574,193.82624585813147
6.04662292107736,12.09324584215472
10.644863719524611,21.289727439049223
72.82377319157327,145.64754638314653
39.317107397224646,78.63421479444929
9.095037943868888,18.190075887737777
36.54426222655247,73.08852445310494
12.885820414917482,25.771640829834965
89.89847773123506,179.79695546247012
84.24544241135278,168.49088482270557
80.68629594303258,161.37259188606515
85.27759780348568,170.55519560697135
44.122640871356154,88.24528174271231
34.21932532926414,68.43865065852827
92.01422277140688,184.02844554281376
99.34889869049134,198.69779738098268
99.680776381827,199.361552763654
32.66080617462186,65.32161234924372
76.80165432821774,153.60330865643547
78.76620428224587,157.53240856449173
41.969319495287706,83.93863899057541
58.7982874339269,117.5965748678538
46.688003814793014,93.37600762958603
70.99775656349019,141.99551312698037
34.91456249452568,69.82912498905137
4.1941510239902,8.3883020479804
87.84437430904819,175.68874861809638
55.42052740447574,110.84105480895148
22.23303390330409,44.46606780660818
20.26422277683452,40.52844555366904
44.229247086325266,88.45849417265053
42.145298337091276,84.29059667418255
32.22561549404113,64.45123098808226
96.90829640547945,193.8165928109589
77.00341102722652,154.00682205445304
46.79709655945503,93.59419311891006
47.036149063112774,94.07229812622555
24.907336586508055,49.81467317301611
13.273273783987872,26.546547567975743
45.33133323992061,90.66266647984122
29.391381270249063,58.782762540498126
41.227069106561885,82.45413821312377
82.65608432405944,165.31216864811887
28.342304941375197,56.684609882750394
87.26824485984453,174.53648971968906
35.457134008238164,70.91426801647633
24.537466601823567,49.074933203647134
12.934533221001399,25.869066442002797
66.12397767586525,132.2479553517305
10.084952104088762,20.169904208177524
37.54632506940685,75.0926501388137
84.12450939012457,168.24901878024914
60.37041056859813,120.74082113719626
30.14753403415982,60.29506806831964
71.40015083226906,142.80030166453813
38.95896171091115,77.9179234218223
28.398658697956968,56.797317395913936
1.52978954040498,3.05957908080996
54.260280382829464,108.52056076565893
30.748015743450164,61.49603148690033
36.32220026093974,72.64440052187948
33.446640910380744,66.89328182076149
65.86693212515952,131.73386425031904
82.33656665539233,164.67313331078466
90.31188900913361,180.62377801826722
82.3179305539957,164.6358611079914
8.429165991987443,16.858331983974885
3.5655845270276876,7.131169054055375
24.63964841265217,49.27929682530434
93.53389802595119,187.06779605190238
80.39930313814119,160.79860627628238
15.114889521969177,30.229779043938354
46.41002386767844,92.82004773535688
20.943210018878887,41.88642003775777
36.03165940586681,72.06331881173362
49.6216805962049,99.2433611924098
56.55653998443992,113.11307996887984
96.14995257143337,192.29990514286675
0.6818618973254198,1.3637237946508396
40.611263170296375,81.22252634059275
97.32215368420736,194.64430736841473
16.08147857136458,32.16295714272916
32.409999417073685,64.81999883414737
83.228719101601,166.457438203202
18.922955336507542,37.845910673015084
20.7306206497759,41.4612412995518
76.71559823740543,153.43119647481086
48.862616717348004,97.72523343469601
68.94305732811145,137.8861146562229
45.43241407798016,90.86482815596032
69.6464275776574,139.2928551553148
73.77244863263456,147.54489726526913
94.23583906879695,188.4716781375939
79.02933935902394,158.05867871804787
72.80884269648905,145.6176853929781
63.22226665355686,126.44453330711372
95.16280801010988,190.32561602021977
9.010928862859691,18.021857725719382
17.013912143684507,34.027824287369015
27.92787510295155,55.8557502059031
91.52997128502408,183.05994257004815
66.90541115293736,133.81082230587472
19.070660077674994,38.14132015534999
38.483293450612486,76.96658690122497
39.41493203939198,78.82986407878396
1.6650041240496516,3.330008248099303
76.61710978680848,153.23421957361697
58.07080640836336,116.14161281672672
78.03430944026431,156.06861888052862
46.1784730735619,92.3569461471238
43.54551289127932,87.09102578255865
44.23565928442949,88.47131856885898
48.13728582792351,96.27457165584703
94.85170527525146,189.70341055050292
22.390260863784818,44.780521727569635
83.65750077846417,167.31500155692834
16.384332283824843,32.76866456764969
65.30955427831412,130.61910855662825
45.217929904609335,90.43585980921867
89.52763000733202,179.05526001466404
59.256830542890334,118.51366108578067
45.05383920853566,90.10767841707133
49.15730141860652,98.31460283721304
39.314000818842885,78.62800163768577
1.5118115086994122,3.0236230173988243
56.108238926704516,112.21647785340903
82.60956243925999,165.21912487851998
2.4983093676390844,4.996618735278169
72.68929414532434,145.37858829064868
13.43387225725554,26.86774451451108
73.58524528375267,147.17049056750534
80.12635779667188,160.25271559334377
34.28660592071735,68.5732118414347
61.112931833789055,122.22586366757811
72.66485823099978,145.32971646199957
51.8736204663552,103.7472409327104
42.25080930166128,84.50161860332256
66.93356513990507,133.86713027981014
34.28859961760077,68.57719923520153
50.87235490980182,101.74470981960364
92.14829565406811,184.29659130813621
68.61812812289189,137.23625624578378
52.80069408437765,105.6013881687553
64.20072140575589,128.40144281151177
98.71179086025289,197.42358172050578
3.865979247443152,7.731958494886304
93.08802625415323,186.17605250830647
77.3686760621466,154.7373521242932
66.55838118080814,133.11676236161628
66.50121258129748,133.00242516259496
42.845173099075694,85.69034619815139
19.85241598084826,39.70483196169652
93.38529051446903,186.77058102893807
74.46538525954301,148.93077051908602
45.26207897926944,90.52415795853888
10.073880359731547,20.147760719463093
20.56235154002056,41.12470308004112
62.1323003859659,124.2646007719318
85.62269512765953,171.24539025531905
72.93043155767901,145.86086311535803
18.598843757107055,37.19768751421411
87.90831392421471,175.81662784842942
95.26062891180378,190.52125782360756
31.261618445282746,62.52323689056549
25.328515578315102,50.657031156630204
74.8533782344558,149.7067564689116
99.3227964569422,198.6455929138844
38.65850157809959,77.31700315619918
86.48784006138983,172.97568012277966
48.04750379292959,96.09500758585918
38.16914346505618,76.33828693011236
95.73157108036129,191.46314216072258
24.922114654501947,49.84422930900389
68.11299742386151,136.22599484772303
79.56603448572812,159.13206897145625
56.18690697174152,112.37381394348304
58.800624573654645,117.60124914730929
17.458233751450514,34.91646750290103
9.658199511860733,19.316399023721466
7.065541670551989,14.131083341103977
22.279645492594348,44.559290985188696
25.727165461507916,51.45433092301583
50.075874923996466,100.15174984799293
67.65880144349629,135.31760288699257
13.221809750512904,26.443619501025807
83.71269999743356,167.42539999486712
7.103357691711409,14.206715383422818
28.19604426707969,56.39208853415938
58.87216295656765,117.7443259131353
73.69711120068129,147.39422240136258
33.08134093235788,66.16268186471576
24.808497788007355,49.61699557601471
36.78745148378704,73.57490296757408
52.40258836703933,104.80517673407866
25.49479662157921,50.98959324315842
48.34780358134484,96.69560716268968
31.08049589665065,62.1609917933013
12.37866669270008,24.75733338540016
42.55838664256418,85.11677328512836
81.92028669004235,163.8405733800847
20.461280469916975,40.92256093983395
55.4187979413475,110.837595882695
4.899665027177358,9.799330054354716
96.75629543189683,193.51259086379366
25.627428186059255,51.25485637211851
77.21779336933761,154.43558673867523
16.502043298034685,33.00408659606937
84.95845227994785,169.9169045598957
75.50178674543686,151.00357349087372
48.53669634222424,97.07339268444848
61.92456886153981,123.84913772307962
97.73535266280913,195.47070532561827
8.276657435692892,16.553314871385783
34.88857395387912,69.77714790775823
5.4223564251324685,10.844712850264937
63.03358007247416,126.06716014494832
40.23441706125747,80.46883412251493
74.00049036152421,148.00098072304843
96.41914388546657,192.83828777093314
26.762356374035047,53.524712748070094
59.565691965041324,119.13138393008265
1.4223655914386457,2.8447311828772914
22.765803576696896,45.53160715339379
96.55635675753147,193.11271351506295
95.7646117690908,191.5292235381816
3.5193318442192534,7.038663688438507
84.67826124676193,169.35652249352387
96.10878502948863,192.21757005897726
72.83171936673594,145.66343873347188
41.914951945208976,83.82990389041795
57.919806779557305,115.83961355911461
11.836329720423732,23.672659440847465
96.35427709585514,192.70855419171028
9.093797197109888,18.187594394219776
96.61324769145942,193.22649538291884
18.104591223067136,36.20918244613427
62.436137194794185,124.87227438958837
15.335170516851104,30.670341033702208
16.932366736535542,33.864733473071084
91.99438060714161,183.98876121428322
47.92218448406409,95.84436896812818
86.20285252030484,172.4057050406097
59.39779191255524,118.79558382511048
76.14680389381883,152.29360778763765
29.867231522109684,59.73446304421937
47.525412211344765,95.05082442268953
75.88328441724745,151.7665688344949
88.79884484491438,177.59768968982877
18.1019588104404,36.2039176208808
84.52281060177292,169.04562120354583
74.01711745756732,148.03423491513465
24.900059183329105,49.80011836665821
10.247284693200132,20.494569386400265
20.197061760371014,40.39412352074203
53.72446942372646,107.44893884745292
29.418716730470074,58.83743346094015
70.10711019367305,140.2142203873461
55.73623864579137,111.47247729158273
15.919680621783616,31.839361243567232
76.30854138916814,152.61708277833628
2.977744156095219,5.955488312190438
67.19800143432262,134.39600286864524
44.67856508101396,89.35713016202791
71.6782684260388,143.3565368520776
76.92309621925007,153.84619243850014
63.94653194610155,127.8930638922031
9.916245383435573,19.832490766871146
52.83795470501498,105.67590941002996
8.659257096433294,17.318514192866587
88.68905375632919,177.37810751265837
17.222655789384255,34.44531157876851
68.21343681080168,136.42687362160336
96.44171302849891,192.88342605699782
66.49549627857219,132.99099255714438
18.918045010867445,37.83609002173489
48.560945035342954,97.12189007068591
3.0818182116060244,6.163636423212049
90.65176239208269,181.30352478416538
68.86408408147501,137.72816816295003
99.62510919021248,199.25021838042497
59.22266297647184,118.44532595294368
88.34305215152708,176.68610430305415
20.685767358392393,41.37153471678479
19.462610424766947,38.92522084953389
63.147340997836096,126.29468199567219
10.623062348176415,21.24612469635283
37.18301915173004,74.36603830346009
44.89913633190747,89.79827266381494
60.809136422145684,121.61827284429137
14.351112464973959,28.702224929947917
6.655816558570249,13.311633117140499
38.51772047907293,77.03544095814586
4.856647232000222,9.713294464000445
15.22035557145166,30.44071114290332
56.199163414743026,112.39832682948605
61.929490921561005,123.85898184312201
37.45315059150738,74.90630118301476
30.490140881021322,60.980281762042644
25.828501100030376,51.65700220006075
8.42977727416956,16.85955454833912
23.373751887208538,46.747503774417076
61.282591266993045,122.56518253398609
11.512299948902815,23.02459989780563
5.5741246190243565,11.148249238048713
85.7230871608886,171.4461743217772
53.555344500023814,107.11068900004763
43.71134393591429,87.42268787182859
88.3215449996714,176.6430899993428
55.65395923926619,111.30791847853239
19.094363772696333,38.188727545392666
62.04620078844697,124.09240157689393
98.8935208105197,197.7870416210394
69.92638813087947,139.85277626175895
71.48395293795394,142.9679058759079
69.76300663228466,139.52601326456931
83.37708454179187,166.75416908358375
78.78869319040403,157.57738638080806
96.15344977961354,192.30689955922708
2.49432255896731,4.98864511793462
61.713977378010654,123.42795475602131
56.73137959930942,113.46275919861884
48.79195903349461,97.58391806698921
80.74302561026477,161.48605122052953
79.2425378111609,158.4850756223218
67.15545482794944,134.31090965589888
52.088612535588055,104.17722507117611
21.674647766687915,43.34929553337583
30.333469396690305,60.66693879338061
25.946043292745724,51.89208658549145
6.970804704902922,13.941609409805844
25.758892426382385,51.51778485276477
14.660298543508754,29.320597087017507
10.254893444892932,20.509786889785865
87.74451269293046,175.4890253858609
52.431404816617,104.862809633234
44.477077219920844,88.95415443984169
11.960478183052958,23.920956366105916
77.9181199969992,155.8362399939984
21.701444554017446,43.40288910803489
64.90706029756045,129.8141205951209
49.264755846105835,98.52951169221167
95.12188116407496,190.24376232814993
91.4653068733833,182.9306137467666
79.75188511222001,159.50377022444002
86.94703391266555,173.8940678253311
95.76792491538474,191.53584983076948
53.00243506009329,106.00487012018658
54.73961053090306,109.47922106180611
77.25498581252839,154.50997162505678
3.018121778497973,6.036243556995946
7.32235193105325,14.6447038621065
85.06223934062682,170.12447868125363
43.31205699635377,86.62411399270754
2.6772338035870424,5.354467607174085
45.19945854049878,90.39891708099756
84.13396278763466,168.26792557526932
31.16436686047539,62.32873372095078
54.0781353431802,108.1562706863604
81.45774369369057,162.91548738738115
19.784317490137994,39.56863498027599
69.40449484523495,138.8089896904699
89.35456651016014,178.70913302032028
60.22186887756337,120.44373775512673
41.79516713010991,83.59033426021982
58.86206101657091,117.72412203314182
79.35226748304368,158.70453496608735
3.3870105131871497,6.7740210263742995
53.70194368695462,107.40388737390924
50.30046328285448,100.60092656570896
26.28592380262106,52.57184760524212
75.83535983887762,151.67071967775524
71.6546614126416,143.3093228252832
82.62523904551968,165.25047809103935
5.085799425346272,10.171598850692543
86.71156484482147,173.42312968964293
35.37424742326857,70.74849484653714
44.96435688618661,89.92871377237321
22.77856877750103,45.55713755500206
45.62216669274686,91.24433338549372
74.81390066862673,149.62780133725346
63.11370446791519,126.22740893583038
1.5084637655112143,3.0169275310224286
3.9543241317852362,7.9086482635704725
83.09610273113606,166.1922054622721
73.45547434381537,146.91094868763074
85.85960388830716,171.71920777661433
3.3196393369194444,6.639278673838889
51.29913158965872,102.59826317931744
32.12228303181408,64.24456606362816
15.989137774415985,31.97827554883197
21.92832363989353,43.85664727978706
36.86191201327313,73.72382402654625
98.92163432906622,197.84326865813244
58.20717607849021,116.41435215698041
36.25856359346773,72.51712718693545
9.150723141084605,18.30144628216921
35.824582612337906,71.64916522467581
13.274764719825793,26.549529439651586
56.457991422108556,112.91598284421711
26.83337083887397,53.66674167774794
12.966516970403475,25.93303394080695
76.35335279570558,152.70670559141115
74.7376726132529,149.4753452265058
81.39572405732648,162.79144811465295
2.1029247999932887,4.2058495999865775
68.24739611065755,136.4947922213151
31.12400494461167,62.24800988922334
33.3674967251427,66.7349934502854
51.24083408900505,102.4816681780101
28.831210524146723,57.662421048293446
4.436358198409829,8.872716396819659
59.86830953251781,119.73661906503563
18.487405672460213,36.974811344920425
65.87113944430367,131.74227888860733
30.52467457918867,61.04934915837734
31.51395864818688,63.02791729637376
13.43491010164316,26.86982020328632
29.352331163100086,58.70466232620017
82.60223610240226,165.20447220480452
56.840750583016764,113.68150116603353
18.60085601906669,37.20171203813338
50.91246026111351,101.82492052222702
90.19757409447791,180.39514818895583
26.119392072529468,52.238784145058936
57.498046831953666,114.99609366390733
92.8627168427971,185.7254336855942
93.80994028794618,187.61988057589235
48.062584675427765,96.12516935085553
47.84420655381727,95.68841310763455
41.84619449326464,83.69238898652928
72.16384749832886,144.32769499665773
74.76222009688132,149.52444019376264
27.431407421893084,54.86281484378617
58.52759943740013,117.05519887480025
70.69867652451961,141.39735304903922
96.71106667647753,193.42213335295506
47.932195688012555,95.86439137602511
70.34628216730053,140.69256433460106
16.198950943193513,32.397901886387025
48.89075849583912,97.78151699167825
92.30204514417646,184.60409028835292
71.30521108925362,142.61042217850724
55.17099419132654,110.34198838265308
5.0630552876175905,10.126110575235181
25.688245599050706,51.37649119810141
27.00605609528015,54.0121121905603
55.912209351324414,111.82441870264883
47.402767656173474,94.80553531234695
89.18957078587283,178.37914157174566
6.187230683535249,12.374461367070499
32.17936955050351,64.35873910100702
26.2378612393911,52.4757224787822
22.435679130335895,44.87135826067179
70.04353116713162,140.08706233426324
80.16872971400826,160.33745942801653
43.64088449180065,87.2817689836013
15.550184713632575,31.10036942726515
19.4500002378344,38.9000004756688
79.2925450993863,158.5850901987726
92.53270234139792,185.06540468279584
92.96425025268218,185.92850050536435
70.1168837200697,140.2337674401394
71.97048856793128,143.94097713586257
35.79918447518764,71.59836895037527
66.4081246735117,132.8162493470234
22.070650110974654,44.14130022194931
76.5836574211189,153.1673148422378
42.79277698166687,85.58555396333374
81.25761436685012,162.51522873370024
67.35566960836927,134.71133921673854
33.46903117041625,66.9380623408325
61.51794463380396,123.03588926760791
77.52354345856615,155.0470869171323
7.422091173448086,14.844182346896172
90.00727746908014,180.01455493816027
7.769894433884983,15.539788867769966
77.08967663508571,154.17935327017142
45.39290985829496,90.78581971658993
6.881867343041903,13.763734686083806
74.9104165860093,149.8208331720186
98.69683673687759,197.39367347375517
27.70292512144785,55.4058502428957
16.87764925359936,33.75529850719872
16.231117992925668,32.462235985851336
21.389726816296584,42.77945363259317
59.5555997021299,119.1111994042598
0.9604073634597587,1.9208147269195175
99.43073248451499,198.86146496902998
99.7895784476069,199.5791568952138
65.61918082972056,131.23836165944113
51.06326759479705,102.1265351895941
55.34463511015184,110.68927022030368
78.94353622325163,157.88707244650325
6.558044685023312,13.116089370046623
3.5799039802765664,7.159807960553133
65.9210784659163,131.8421569318326
69.68495789657887,139.36991579315773
10.172733302274029,20.345466604548058
64.32068453193644,128.64136906387287
53.93573838368192,107.87147676736384
23.063294931393063,46.126589862786126
66.53584031055419,133.07168062110838
19.724337566352567,39.448675132705134
64.22867151650354,128.45734303300708
59.6153543799497,119.2307087598994
82.51043078222433,165.02086156444867
33.01859777145122,66.03719554290244
37.85744913825323,75.71489827650646
50.638544162187415,101.27708832437483
18.92830275988857,37.85660551977714
9.767384049205985,19.53476809841197
1.0282526595655983,2.0565053191311966
57.99696702840621,115.99393405681242
63.87807814434201,127.75615628868402
46.859297839403006,93.71859567880601
0.5465032349472154,1.0930064698944308
56.2984775394858,112.5969550789716
50.353937589523504,100.70787517904701
90.09693421277395,180.1938684255479
39.310287814733925,78.62057562946785
70.48173970183174,140.96347940366348
88.76137754215095,177.5227550843019
97.54133754196769,195.08267508393538
61.36831543884708,122.73663087769415
71.17154132311724,142.34308264623448
49.47058551191118,98.94117102382236
37.033370598088865,74.06674119617773
77.42546935948326,154.85093871896652
17.594868423202424,35.18973684640485
25.795232246143527,51.590464492287055
60.98522719337682,121.97045438675364
33.51544160050855,67.0308832010171
38.037678476811685,76.07535695362337
26.0535798129774,52.1071596259548
84.00480027575081,168.00960055150162
30.491216988642,60.982433977284
69.95480277682796,139.90960555365592
43.581024903284536,87.16204980656907
44.15115784470534,88.30231568941068
49.079015931031975,98.15803186206395
79.90846959241844,159.81693918483688
65.57552201870644,131.15104403741287
8.111275055188482,16.222550110376964
6.090829013296773,12.181658026593546
94.38051910109307,188.76103820218614
19.998969434303284,39.99793886860657
44.1077644532212,88.2155289064424
55.89574567214004,111.79149134428008
49.86537088376374,99.73074176752748
20.990400209777928,41.980800419555855
69.26639653619058,138.53279307238117
3.160693610890497,6.321387221780994
0.20442957214225066,0.4088591442845013
9.465420463108941,18.930840926217883
58.364636730403305,116.72927346080661
41.120328720173795,82.24065744034759
16.937134747827866,33.87426949565573
80.05910826706643,160.11821653413287
43.26658809632009,86.53317619264018
2.4935202659580713,4.987040531916143
1.7331693568242268,3.4663387136484536
3.6620133234156027,7.324026646831205
87.02207244917834,174.04414489835668
39.05831065098639,78.11662130197278
98.02536258039486,196.0507251607897
42.47323469398878,84.94646938797756
12.50498836109033,25.00997672218066
80.44579485642464,160.89158971284928
25.369089208254238,50.738178416508475
29.968532545103066,59.93706509020613
82.65249799534281,165.30499599068563
88.28812634585849,176.57625269171697
87.66033216715375,175.3206643343075
36.65833546134765,73.3166709226953
92.66876117182743,185.33752234365485
67.42276887746574,134.84553775493148
40.08632582570255,80.1726516514051
57.36422077208175,114.7284415441635
86.79121751204062,173.58243502408124
47.58694464638691,95.17388929277382
26.05138707997471,52.10277415994942
8.34257910841022,16.68515821682044
85.19292053793788,170.38584107587576
87.63612782354338,175.27225564708675
41.89062609610775,83.7812521922155
22.82789709354801,45.65579418709602
8.171290597229053,16.342581194458106
15.559664809600193,31.119329619200386
78.98522554358382,157.97045108716765
94.7856880121662,189.5713760243324
80.52210514558271,161.04421029116543
47.45536997550629,94.91073995101257
4.297904503325157,8.595809006650313
57.070559699803084,114.14111939960617
6.178831881025237,12.357663762050475
94.8106272394464,189.6212544788928
66.18089534922565,132.3617906984513
75.1770489984117,150.3540979968234
15.100444109561673,30.200888219123346
87.51678970725926,175.03357941451853
67.17127495285906,134.34254990571813
13.149306399749793,26.298612799499587
42.12625102062207,84.25250204124414
80.09223016043714,160.18446032087428
78.56114530143013,157.12229060286026
29.311568466709858,58.623136933419715
44.21604392320375,88.4320878464075
30.65904651172815,61.3180930234563
13.988624971655861,27.977249943311723
72.97263271464755,145.9452654292951
81.69686348291701,163.39372696583402
29.485914208841567,58.971828417683135
77.90924676160154,155.81849352320307
65.89655758802596,131.7931151760519
63.765623302562894,127.53124660512579
87.96001342920728,175.92002685841456
4.170418987698032,8.340837975396065
5.648605230347137,11.297210460694274
62.02408025361491,124.04816050722982
32.95974487759792,65.91948975519584
71.72773643545331,143.45547287090662
4.615671932115195,9.23134386423039
81.68092727196964,163.36185454393927
69.2237433614297,138.4474867228594
66.33026310959202,132.66052621918405
45.871999137956685,91.74399827591337
84.5681075371661,169.1362150743322
46.74539094227942,93.49078188455884
3.106909441649708,6.213818883299416
0.12182891528804696,0.24365783057609391
3.98270674454011,7.96541348908022
80.37741851583684,160.75483703167367
81.10249653934885,162.2049930786977
26.934469195931555,53.86893839186311
64.3110702654011,128.6221405308022
3.7628264927597077,7.525652985519415
76.26615288907945,152.5323057781589
24.91948270043032,49.83896540086064
14.270973274809084,28.541946549618167
82.65449728069768,165.30899456139537
33.44592352280489,66.89184704560978
3.1213450140845533,6.242690028169107
57.28163191387452,114.56326382774904
57.95681898892432,115.91363797784864
27.31952373978136,54.63904747956272
30.259853402167668,60.519706804335335
40.35889158863193,80.71778317726385
22.637169153089808,45.274338306179615
29.888447953433772,59.776895906867544
58.884237896438464,117.76847579287693
57.8994621984386,115.7989243968772
31.151549041867277,62.303098083734554
92.16172489576073,184.32344979152145
30.979147312890287,61.958294625780574
19.990577642044684,39.98115528408937
48.48581436589421,96.97162873178841
63.57703341466811,127.15406682933622
75.39159501859342,150.78319003718684
57.87595790901542,115.75191581803084
98.0952014842323,196.1904029684646
77.55872368640566,155.1174473728113
31.30423134064515,62.6084626812903
14.907351212512998,29.814702425025995
6.56615172593793,13.13230345187586
79.28523513032562,158.57047026065123
63.00393240136197,126.00786480272394
22.216921494794807,44.433842989589614
3.379710282909354,6.759420565818708
94.55303968290448,189.10607936580897
7.260294470293783,14.520588940587565
25.617890523014697,51.235781046029395
79.60775592559567,159.21551185119134
63.50035076830874,127.00070153661748
6.994769511517795,13.98953902303559
52.5970364301297,105.1940728602594
76.75249939938753,153.50499879877506
99.6569485011146,199.3138970022292
67.87682681973362,135.75365363946725
20.731666979008743,41.463333958017486
22.221586694266506,44.44317338853301
66.05580287682983,132.11160575365966
75.01371659413564,150.0274331882713
77.9816745631245,155.963349126249
14.907049846834198,29.814099693668396
23.907743006318395,47.81548601263679
58.884950721801054,117.76990144360211
6.439664999032024,12.879329998064048
4.693010110964224,9.386020221928447
51.20068232252321,102.40136464504641
95.86374189831946,191.72748379663892
68.55485547962404,137.10971095924808
37.99697750323163,75.99395500646327
95.6058962580211,191.2117925160422
54.24353191654704,108.48706383309408
23.91257962155987,47.82515924311974
41.56119473213937,83.12238946427874
50.203926278459946,100.40785255691989
56.465688257994174,112.93137651598835
71.4232408571311,142.8464817142622
77.57895812184132,155.15791624368265
55.44198962320143,110.88397924640286
18.16021431520357,36.32042863040714
94.97034644996212,189.94069289992424
47.44616947768803,94.89233895537606
50.63711360912772,101.27422721825543
45.734573176257776,91.46914635251555
33.53204063953279,67.06408127906558
68.01593595490775,136.0318719098155
65.93094993331292,131.86189986662583
36.90364256442618,73.80728512885236
13.744050961844302,27.488101923688603
86.19599594737669,172.39199189475337
54.79201245116913,109.58402490233826
7.247361957206911,14.494723914413822
1.8614711973270803,3.7229423946541607
73.34796257609074,146.69592515218147
91.89645851826657,183.79291703653314
26.969832911769952,53.939665823539904
76.8774571281738,153.7549142563476
74.81428997125809,149.62857994251618
99.1154573166099,198.2309146332198
92.66104837462692,185.32209674925383
51.41175927514517,102.82351855029034
89.92651512000943,179.85303024001885
12.664568367416972,25.329136734833945
19.128889921641367,38.257779843282734
77.14091689741296,154.28183379482593
74.25172328856408,148.50344657712816
63.93455159514413,127.86910319028826
86.20124245437266,172.40248490874532
80.35316019118264,160.70632038236528
43.24626746838378,86.49253493676756
49.65177966177012,99.30355932354024
12.984730086787676,25.969460173575353
62.72837244127718,125.45674488255436
91.76746670325467,183.53493340650934
7.8133612616088755,15.626722523217751
70.0892560337788,140.1785120675576
22.150210520887057,44.300421041774115
24.01946900817472,48.03893801634944
71.92520776838764,143.85041553677527
78.09619201466063,156.19238402932126
26.059361291916204,52.11872258383241
8.036569544037153,16.073139088074306
40.47827663814019,80.95655327628037
45.897557123772394,91.79511424754479
49.22729235340649,98.45458470681298
54.67389642913678,109.34779285827356
70.29035856939146,140.58071713878292
47.442724847281234,94.88544969456247
10.280517049477378,20.561034098954757
24.410214110401775,48.82042822080355
6.193297444476076,12.386594888952152
14.263647805647617,28.527295611295234
28.239880673736685,56.47976134747337
85.16355425824047,170.32710851648093
77.59587903386289,155.19175806772577
30.474911434796738,60.949822869593476
90.58263443227837,181.16526886455674
9.070973015415673,18.141946030831345
4.774528651048859,9.549057302097719
72.01829502894218,144.03659005788435
13.507145125768293,27.014290251536586
42.13020073614889,84.26040147229779
89.33652977180716,178.67305954361433
28.898472648903116,57.79694529780623
22.20668368728115,44.4133673745623
64.63654371483335,129.2730874296667
81.8812427821502,163.7624855643004
8.543962582793451,17.087925165586903
98.67026408579159,197.34052817158317
72.78252332624915,145.5650466524983
3.201832503374824,6.403665006749648
50.53253315830331,101.06506631660662
50.9534618837988,101.9069237675976
82.23919530028297,164.47839060056594
91.73403612410502,183.46807224821004
97.40796320027437,194.81592640054873
38.23343448537546,76.46686897075092
51.251798803573635,102.50359760714727
2.940108950493947,5.880217900987894
45.328926534197265,90.65785306839453
21.346482801622535,42.69296560324507
13.281014432588357,26.562028865176714
15.31228933352704,30.62457866705408
93.87145090009712,187.74290180019423
20.216862049110908,40.433724098221816
71.21527084660487,142.43054169320973
83.59133656694394,167.18267313388787
45.97073231686316,91.94146463372633
30.252478482136514,60.50495696427303
38.83964414312271,77.67928828624542
93.33252770548211,186.66505541096421
53.00722219964511,106.01444439929023
21.721924380643863,43.443848761287725
30.804997090850705,61.60999418170141
82.25854231533455,164.5170846306691
92.10891028508324,184.21782057016648
86.95553509537494,173.91107019074988
37.20591229564864,74.41182459129728
41.35765600407626,82.71531200815252
64.13012657271275,128.2602531454255
19.681688380382855,39.36337676076571
80.4192056836466,160.8384113672932
54.98780604043445,109.9756120808689
6.923154717063607,13.846309434127214
99.80677753424442,199.61355506848884
92.27406316041885,184.5481263208377
60.30537862873824,120.61075725747648
66.84268921099668,133.68537842199336
59.31714882460189,118.63429764920377
86.60327570531128,173.20655141062255
67.74484314773842,135.48968629547684
72.29355370851826,144.58710741703652
91.49106554576338,182.98213109152675
0.25437498282862014,0.5087499656572403
95.51560422729706,191.03120845459412
47.12297815547218,94.24595631094436
51.16380769305072,102.32761538610144
26.802899732674025,53.60579946534805
40.37433698485165,80.7486739697033
0.0417133787628865,0.083426757525773
10.555114086274287,21.110228172548574
38.96909466627355,77.9381893325471
48.839433650910365,97.67886730182073
91.88975181851458,183.77950363702917
75.08394865283687,150.16789730567373
63.01088087330405,126.0217617466081
32.49452683433576,64.98905366867152
95.79103370795723,191.58206741591445
75.43944683638097,150.87889367276193
1.2822167656726613,2.5644335313453226
15.896071813959189,31.792143627918378
47.55908150909595,95.1181630181919
52.23946960106674,104.47893920213347
72.1553699276974,144.3107398553948
77.48564894111534,154.9712978822307
66.5031112405879,133.0062224811758
72.81327476441678,145.62654952883355
32.14779347042073,64.29558694084146
84.20530612132174,168.41061224264348
85.10124480509714,170.20248961019428
36.996037519997294,73.99207503999459
61.92195108682813,123.84390217365626
26.479127678764648,52.958255357529296
12.660639845230449,25.321279690460898
60.99592900978621,121.99185801957242
22.539215437504023,45.078430875008046
58.453090600668624,116.90618120133725
15.228208256057552,30.456416512115105
49.88196392232383,99.76392784464765
2.903566107630262,5.807132215260524
30.56831187262995,61.1366237452599
41.929930198883966,83.85986039776793
42.55453756006966,85.10907512013932
65.94502029708332,131.89004059416663
36.60724677127355,73.2144935425471
95.59167023860638,191.18334047721277
31.319957532850985,62.63991506570197
42.67031752530278,85.34063505060556
43.400724753966266,86.80144950793253
99.23833386404407,198.47666772808813
66.1600633893,132.3201267786
50.06651091705383,100.13302183410767
29.36595294589852,58.73190589179704
41.78773107669031,83.57546215338061
36.772886126308,73.545772252616
17.046937357374137,34.093874714748274
61.66106689840771,123.32213379681542
47.94325566182507,95.88651132365014
19.254594894448918,38.509189788897835
93.81658476357016,187.63316952714032
29.380628220000226,58.76125644000045
26.570332612103797,53.140665224207595
74.27926419799148,148.55852839598296
89.49424594128261,178.98849188256523
4.926570424248721,9.853140848497443
92.94177314104482,185.88354628208964
4.627358427432149,9.254716854864299
43.05533621993172,86.11067243986344
29.022132047181803,58.044264094363605
20.68610275454279,41.37220550908558
17.719049424832612,35.438098849665224
0.5053935612603144,1.0107871225206289
66.13252346483686,132.26504692967373
57.06810560052794,114.13621120105589
23.751526493286047,47.503052986572094
74.89927946847482,149.79855893694963
43.218095598025975,86.43619119605195
74.552065414698,149.104130829396
78.70478131915381,157.40956263830762
13.877287873121325,27.75457574624265
94.41382455244771,188.82764910489541
74.49819724349499,148.99639448698997
21.546408421687204,43.09281684337441
77.7307315750925,155.461463150185
99.07185906348118,198.14371812696237
83.31150073962166,166.62300147924333
46.729173835622426,93.45834767124485
63.544282037436915,127.08856407487383
62.212493897030456,124.42498779406091
71.70841627400692,143.41683254801384
97.83184545867954,195.66369091735908
44.25706251282728,88.51412502565456
35.181834534052655,70.36366906810531
76.77670034121536,153.55340068243072
6.985840709897628,13.971681419795257
46.616662594921266,93.23332518984253
51.388311721049796,102.77662344209959
35.30041147135387,70.60082294270774
34.87075775991422,69.74151551982844
94.78863392404277,189.57726784808554
92.2299863384169,184.4599726768338
90.79374858642736,181.5874971728547
43.44886643071345,86.8977328614269
57.69236173529412,115.38472347058824
78.71768333165163,157.43536666330326
53.91988474516401,107.83976949032802
41.973711799290534,83.94742359858107
39.37704533893529,78.75409067787058
53.2628307628101,106.5256615256202
90.05787376324353,180.11574752648707
51.8834170464908,103.7668340929816
70.60149015092294,141.20298030184588
7.34669703575952,14.69339407151904
83.13262778631176,166.26525557262352
48.84076676918957,97.68153353837914
54.9972504655193,109.9945009310386
21.77881195713953,43.55762391427906
5.507673832141902,11.015347664283803
29.39654604177029,58.79309208354058
86.21301268141247,172.42602536282493
51.39062700075681,102.78125400151362
31.17090098955977,62.34180197911954
82.15386953082262,164.30773906164524
5.320000906929456,10.640001813858913
93.92570526769319,187.85141053538638
99.76518734718081,199.53037469436163
94.02346651565216,188.04693303130432
58.62825736073175,117.2565147214635
5.78225156695793,11.56450313391586
88.87277008692774,177.7455401738555
69.62041516459844,139.24083032919688
5.053603938455231,10.107207876910461
8.637542300378254,17.275084600756507
68.86494805011996,137.72989610023993
14.92482928366755,29.8496585673351
70.34973371389637,140.69946742779274
67.32139239653402,134.64278479306805
7.198584096852434,14.397168193704868
21.37155404244362,42.74310808488724
26.123707085455926,52.24741417091185
47.02954433401825,94.0590886680365
99.4675882899669,198.9351765799338
87.67881857676227,175.35763715352454
32.33245689966979,64.66491379933959
5.657774321550956,11.315548643101913
33.61256620190976,67.22513240381952
36.08633865358243,72.17267730716486
3.096469111957445,6.19293822391489
84.32405451213418,168.64810902426836
36.76081052462282,73.52162104924564
86.35400976908181,172.70801953816363
59.496163021955596,118.99232604391119
22.276388393043646,44.55277678608729
12.780262921815233,25.560525843630465
73.28608536940052,146.57217073880105
19.625053463328868,39.250106926657736
57.352453230431635,114.70490646086327
92.15590490568644,184.31180981137288
29.547966597117004,59.09593319423401
65.87916073653858,131.75832147307716
52.8235870092835,105.647174018567
0.9154923853607722,1.8309847707215443
63.77872491415394,127.55744982830788
78.306984121773,156.613968243546
85.53010379466964,171.06020758933929
74.96974458693411,149.93948917386822
55.32043958898962,110.64087917797924
98.9071675726877,197.8143351453754
3.6948894102662333,7.389778820532467
30.814746804567307,61.62949360913461
90.05724697887382,180.11449395774764
58.389036454365886,116.77807290873177
98.72771700649074,197.45543401298147
11.42356011743776,22.84712023487552
14.211880640938501,28.423761281877002
39.16924376504873,78.33848753009747
44.93541127498886,89.87082254997772
37.26724415772201,74.53448831544402
83.98787650430033,167.97575300860066
53.12143720729623,106.24287441459246
80.31419202985079,160.62838405970157
22.79589166229481,45.59178332458962
98.75764712043602,197.51529424087204
95.58601367804863,191.17202735609726
62.17231578502312,124.34463157004625
40.71112960898064,81.42225921796128
51.36859416570088,102.73718833140175
10.175638901465444,20.351277802930888
68.91521533934117,137.83043067868235
32.6207293468321,65.2414586936642
46.72572110784573,93.45144221569146
23.841434479048107,47.682868958096215
76.67453290239331,153.34906580478662
60.83509303276372,121.67018606552745
30.27368921414675,60.5473784282935
56.82683519275057,113.65367038550114
69.54346959237321,139.08693918474643
85.18505839520496,170.37011679040992
90.07069538028101,180.14139076056202
49.52106991282763,99.04213982565525
57.16850069579459,114.33700139158918
83.73071858588355,167.4614371717671
70.76968490278126,141.53936980556253
26.278865335135816,52.55773067027163
17.561863469453144,35.12372693890629
9.243798675714732,18.487597351429464
99.83033200946299,199.66066401892598
4.558552337404375,9.11710467480875
72.2117425515404,144.4234851030808
90.83264656767207,181.66529313534414
35.58263949314142,71.16527898628284
24.88816599430601,49.77633198861202
13.062871490718852,26.125742981437703
44.237307165335615,88.47461433067123
70.6292188673704,141.2584377347408
66.46852746686552,132.93705493373105
76.85432256052792,153.70864512105584
41.49976769321728,82.99953538643456
84.52058372200894,169.04116744401787
83.38779856185998,166.77559712371996
20.94157888423419,41.88315776846838
94.28531831103216,188.5706366220643
10.874596744005471,21.749193488010942
80.84114969869893,161.68229939739786
64.72376401881283,129.44752803762566
35.56713923572604,71.13427847145208
87.80006093286332,175.60012186572663
28.78654353935297,57.57308707870594
73.4848563089591,146.9697126179182
60.73459715061211,121.46919430122422
19.537235295837398,39.074470591674796
21.726165951463184,43.45233190292637
73.15120496294179,146.30240992588358
17.800759137780553,35.601518275561105
98.19809681775135,196.3961936355027
25.26984452697959,50.53968905395918
24.360477840800975,48.72095568160195
36.02712651805984,72.05425303611968
3.725994734181093,7.451989468362186
23.58240461694281,47.16480923388562
15.560070841164054,31.120141682328107
56.61588666015649,113.23177332031298
54.071597718601915,108.14319543720383
84.75860846250094,169.5172169250019
29.755970012308453,59.511940024616905
49.60636979988523,99.21273959977046
30.08639626825357,60.17279253650714
88.90868627476279,177.81737254952557
24.636082618693788,49.272165237387576
15.755573534099842,31.511147068199683
71.4839637359269,142.9679274718538
6.709682514257153,13.419365028514306
83.43944008749297,166.87888017498594
34.367681571862796,68.73536314372559
51.18185359216197,102.36370718432394
12.358706217739378,24.717412435478757
96.54888551476138,193.09777102952276
45.81844278798569,91.63688557597138
71.63256156974656,143.2651231394931
3.6240697956080536,7.248139591216107
14.361109020051266,28.722218040102533
57.30708442965098,114.61416885930196
92.86448146272849,185.72896292545698
5.040595055021669,10.081190110043337
55.21648220474741,110.43296440949482
82.08176124439682,164.16352248879363
40.13210375967202,80.26420751934404
70.27419487383158,140.54838974766315
90.50810211205241,181.01620422410483
18.857737376535923,37.715474753071845
43.122535787886996,86.24507157577399
47.0411837609222,94.0823675218444
2.2047493652594508,4.4094987305189015
21.31712126461065,42.6342425292213
45.566036025894654,91.13207205178931
12.25941228252797,24.51882456505594
40.7996995275969,81.5993990551938
47.988009282076305,95.97601856415261
84.87606453539004,169.7521290707801
62.03080030111345,124.0616006022269
90.07027146711178,180.14054293422356
40.73288914025379,81.46577828050758
54.7928650650786,109.5857301301572
8.014655444575268,16.029310889150537
42.66975071130038,85.33950142260076
5.098542891956226,10.197085783912453
11.012440467137608,22.024880934275217
22.349877651994,44.699755303988
28.636212495818548,57.272424991637095
83.53986624749982,167.07973249499963
58.4528085947533,116.9056171895066
5.035116842592979,10.070233685185958
73.0595863263988,146.1191726527976
72.61441621775683,145.22883243551365
92.18951783519852,184.37903567039703
36.99843640359727,73.99687280719453
74.32470621156463,148.64941242312926
96.45755456503669,192.91510913007338
43.17909337939303,86.35818675878606
3.9526486324165777,7.905297264833155
37.04811523918576,74.09623047837152
62.37542422332524,124.75084844665048
64.16397802529069,128.32795605058138
93.1692080351915,186.338416070383
61.26182947375817,122.52365894751634
4.188229481489203,8.376458962978406
70.04646728280564,140.09293456561127
32.831226451056764,65.66245290211353
29.237710415472563,58.475420830945126
50.17624059419483,100.35248118838966
64.44137816496793,128.88275632993586
9.424960802624549,18.849921605249097
58.03678127541247,116.07356255082495
89.24508835907119,178.49017671814238
79.25197762424592,158.50395524849185
84.25782920427474,168.51565840854948
48.503759324421935,97.00751864884387
75.05196203119172,150.10392406238344
31.961110703791785,63.92222140758357
82.20201719815542,164.40403439631083
96.27762486558265,192.5552497311653
0.976817482048109,1.953634964096218
86.72659054536989,173.45318109073978
9.193819582459462,18.387639164918923
24.666040733407335,49.33208146681467
44.14568547185219,88.29137094370438
12.332578319440834,24.66515663888167
18.49986622734917,36.99973245469834
57.712816364622846,115.42563272924569
25.768750056704746,51.53750011340949
57.764824089784405,115.52964817956881
6.693208924735816,13.386417849471632
3.298877644311693,6.597755288623386
38.27634953223801,76.55269906447602
34.899759760856874,69.79951952171375
50.46567573517707,100.93135147035414
61.14552632998781,122.29105265997562
60.177020083326106,120.35404016665221
19.3830885216552,38.7661770433104
71.75924411723616,143.51848823447233
53.9283813016816,107.8567626033632
34.67827591556238,69.35655183112476
12.821152024996197,25.642304049992394
19.655204193491073,39.31040838698215
93.24406142860549,186.48812285721098
54.314355858501365,108.62871171700273
53.515098658528885,107.03019731705777
81.68601480801782,163.37202961603563
19.585230583004698,39.170461166009396
5.711443292236162,11.422886584472325
47.97328141328292,95.94656282656584
77.92896763244829,155.85793526489658
82.29516068164095,164.5903213632819
16.28135029733686,32.56270059467372
8.877644396116002,17.755288792232005
11.46073381383168,22.92146762766336
6.619144628068496,13.238289256136992
64.79529452768831,129.59058905537663
35.94440059747588,71.88880119495175
78.08250126009798,156.16500252019597
94.57601291649557,189.15202583299114
67.22990116507835,134.4598023301567
95.7781616330105,191.556323266021
83.55844295617014,167.11688591234028
17.566252760594324,35.13250552118865
69.23540625075223,138.47081250150447
49.75638299151156,99.51276598302312
38.96671066017837,77.93342132035674
6.958084759186434,13.916169518372868
69.70093464046766,139.40186928093533
94.92421136292126,189.8484227258425
87.84543386763177,175.69086773526354
5.0226954947105495,10.045390989421099
20.602231399822614,41.20446279964523
59.93293187476654,119.86586374953308
97.4078488791158,194.8156977582316
73.79403740126094,147.58807480252187
0.8108008798951571,1.6216017597903143
39.004883539368606,78.00976707873721
79.29848404004036,158.59696808008073
64.30168706413235,128.6033741282647
5.992470514587989,11.984941029175978
41.82473831057158,83.64947662114317
28.895875543759107,57.791751087518215
21.168723858219984,42.33744771643997
35.08769434063741,70.17538868127482
59.45057218181526,118.90114436363052
45.903312631112435,91.80662526222487
39.29314253471785,78.5862850694357
21.784826663223278,43.569653326446556
73.54543384132934,147.09086768265868
39.4602408329245,78.920481665849
65.97742018685734,131.9548403737147
43.296322303885646,86.59264460777129
80.86358417747454,161.72716835494907
91.86528428185726,183.7305685637145
1.7633173672455982,3.5266347344911964
25.68606733353044,51.37213466706088
67.77286321803588,135.54572643607176
67.2271931762486,134.4543863524972
8.146966598968364,16.293933197936727
51.37503632967437,102.75007265934875
79.8405609889715,159.681121977943
61.94396971896188,123.88793943792376
31.290953226099383,62.581906452198766
18.442879111116405,36.88575822223281
99.09729316647916,198.19458633295832
83.83665723970908,167.67331447941817
77.36318436402155,154.7263687280431
34.92729503649563,69.85459007299126
25.392339861212033,50.784679722424066
49.409871439896826,98.81974287979365
9.383474436681116,18.76694887336223
85.7487519485653,171.4975038971306
48.78953066731798,97.57906133463597
13.239432775801374,26.47886555160275
80.20683128674759,160.41366257349517
61.0135513931628,122.0271027863256
30.339906549406635,60.67981309881327
93.60899868172027,187.21799736344053
62.419049772676104,124.83809954535221
0.9728755745696649,1.9457511491393298
19.66449504841932,39.32899009683864
58.75391084807027,117.50782169614054
16.71477962464537,33.42955924929074
10.348548395081691,20.697096790163382
5.210084805161552,10.420169610323104
44.704144330436634,89.40828866087327
97.92349457052613,195.84698914105226
18.205210733505194,36.41042146701039
67.77336238605275,135.5467247721055
14.43380425753843,28.86760851507686
23.528119188736042,47.056238377472084
93.58492252485698,187.16984504971396
30.114187551701132,60.228375103402264
3.1758721909525,6.351744381905
59.80070538319333,119.60141076638666
7.343764061678392,14.687528123356785
24.86144764877942,49.72289529755884
41.65950806837528,83.31901613675056
33.13862594205802,66.27725188411604
28.654017185422198,57.308034370844396
50.188854956623196,100.37770991324639
66.08084030934346,132.16168061868692
22.986216769842283,45.972433539684566
91.76559876133558,183.53119752267116
51.95010236305397,103.90020472610794
67.14365960882431,134.28731921764862
54.488151874854815,108.97630374970963
72.12148685392124,144.24297370784248
27.647692507704292,55.295385015408584
12.180585575465209,24.361171150930417
62.45655105114153,124.91310210228306
32.57643212152481,65.15286424304962
43.49543035652137,86.99086071304274
87.14110554393909,174.28221108787818
74.55571842366035,149.1114368473207
42.55295222910621,85.10590445821242
95.37825331144482,190.75650662288965
92.78546339547027,185.57092679094055
13.206034434402635,26.41206886880527
89.39735762307592,178.79471524615184
93.46350247103653,186.92700494207307
32.36350560658633,64.72701121317266
12.479678660833194,24.95935732166639
28.895268280777174,57.79053656155435
65.55205038861267,131.10410077722534
16.729824658742544,33.45964931748509
98.66933718528819,197.33867437057637
44.380200588746696,88.76040117749339
24.765659230659566,49.53131846131913
7.514054230450218,15.028108460900436
57.62878181155627,115.25756362311255
2.150454309154226,4.300908618308452
19.507026485382717,39.014052970765434
30.495481657175894,60.99096331435179
46.02855116908046,92.05710233816092
32.63064926795215,65.2612985359043
22.008131907466133,44.016263814932266
35.08526164701647,70.17052329403295
72.33243256514447,144.66486513028894
48.660415688592195,97.32083137718439
27.632700115175147,55.265400230350295
88.56576896151834,177.1315379230367
43.99802882916318,87.99605765832636
33.45239967745174,66.90479935490347
77.2264184394811,154.4528368789622
48.49988759446331,96.99977518892662
9.805333500117253,19.610667000234507
66.70048840395081,133.40097680790163
90.10743825027461,180.21487650054922
9.123999275360294,18.247998550720588
23.511690223025727,47.023380446051455
97.43363722882157,194.86727445764313
49.43396882782077,98.86793765564154
47.11037310369151,94.22074620738302
23.18266544936014,46.36533089872028
80.33018724550877,160.66037449101754
50.075761469592095,100.15152293918419
83.02872658239824,166.05745316479647
88.63112913016003,177.26225826032007
79.93982288095592,159.87964576191183
71.40440891755507,142.80881783511015
37.62685768142981,75.25371536285962
26.426252365274927,52.85250473054985
68.55048523864814,137.10097047729627
23.12853193515535,46.2570638703107
40.9715973254805,81.943194650961
77.36905023041139,154.73810046082278
65.06150560179552,130.12301120359103
24.292288696347196,48.58457739269439
50.89604457738537,101.79208915477074
7.9284349211441345,15.856869842288269
75.56549929219351,151.13099858438702
54.80510411340943,109.61020822681886
16.80445838617526,33.60891677235052
57.87398008887889,115.74796017775778
9.202799959302633,18.405599918605265
84.1945779206063,168.3891558412126
37.50158886905187,75.00317773810374
23.201687811701554,46.40337562340311
63.63657665121817,127.27315330243634
3.261630906301438,6.523261812602876
35.701816222016014,71.40363244403203
52.55560878817875,105.1112175763575
63.47205459432874,126.94410918865748
57.025589653028774,114.05117930605755
46.04385964056635,92.0877192811327
87.40563978836592,174.81127957673183
83.80358834126834,167.60717668253668
75.97849283583425,151.9569856716685
0.31960135325175276,0.6392027065035055
25.91670538776625,51.8334107755325
8.145620779515184,16.291241559030368
45.4017779044182,90.8035558088364
63.51313414843233,127.02626829686466
38.430644534559676,76.86128906911935
43.382930342059076,86.76586068411815
73.1421907416703,146.2843814833406
36.03260954510973,72.06521909021946
7.888749937612804,15.777499875225608
95.69521142311937,191.39042284623875
93.3961092213869,186.7922184427738
55.05585141971011,110.11170283942022
60.840518770302495,121.68103754060499
53.217035074671905,106.43407014934381
34.214776685069445,68.42955337013889
41.122959675762196,82.24591935152439
77.58749495015701,155.17498990031402
79.38299569208287,158.76599138416574
86.38975955310505,172.7795191062101
6.901955087468625,13.80391017493725
46.831590760852556,93.66318152170511
14.664244763700706,29.328489527401413
79.1749002508006,158.3498005016012
80.45013528840686,160.9002705768137
63.78393671581502,127.56787343163003
41.89916038149815,83.7983207629963
88.78604301533856,177.57208603067713
73.49552044766679,146.99104089533358
95.75757012935722,191.51514025871444
41.541241903526135,83.08248380705227
36.357306374775476,72.71461274955095
24.75970460109609,49.51940920219218
17.765106502740135,35.53021300548027
96.1682995497095,192.336599099419
30.23221429726487,60.46442859452974
46.58200865053331,93.16401730106662
6.022333190343421,12.044666380686841
25.93868986350979,51.87737972701958
69.51588190376869,139.03176380753737
29.9584488803051,59.9168977606102
42.70048961777714,85.40097923555427
78.76545130150342,157.53090260300684
44.19715497864662,88.39430995729325
92.0649613087119,184.1299226174238
15.106031727064352,30.212063454128703
73.03105291172068,146.06210582344136
77.9469911738735,155.893982347747
17.621141293926314,35.24228258785263
17.29735281993442,34.59470563986884
56.361522602028515,112.72304520405703
31.437323137763084,62.87464627552617
32.98899064516434,65.97798129032869
93.45129036330148,186.90258072660296
81.8654034529216,163.7308069058432
2.2207078031881267,4.441415606376253
85.67298947346518,171.34597894693036
63.76458176817535,127.5291635363507
74.19749665671941,148.39499331343882
3.3968715841138586,6.793743168227717
78.95504987998409,157.91009975996818
83.31857236612376,166.63714473224752
16.20482325025373,32.40964650050746
26.690339512041316,53.38067902408263
1.9277417119711315,3.855483423942263
17.399880956518498,34.799761913036996
10.958462950789782,21.916925901579564
57.0270850719975,114.054170143995
59.614666635046106,119.22933327009221
15.39944584015619,30.79889168031238
34.01687909299466,68.03375818598931
1.0588114982821861,2.1176229965643723
72.89464839386447,145.78929678772894
1.463964350144853,2.927928700289706
95.65688084788125,191.3137616957625
8.885482515172349,17.770965030344698
31.968466576618702,63.936933153237405
96.86891419267806,193.73782838535612
83.02306918758336,166.04613837516672
75.314123525594,150.628247051188
89.75717958531686,179.51435917063372
47.46974988836109,94.93949977672219
8.491281294504171,16.982562589008342
86.94783634883686,173.89567269767372
80.22534171109065,160.4506834221813
58.59424746086336,117.18849492172671
84.41078367691011,168.82156735382023
83.250417401031,166.500834802062
47.6294637332636,95.2589274665272
28.962268319219742,57.924536638439484
3.8284151833463453,7.656830366692691
96.53215827971488,193.06431655942976
74.61880540029314,149.23761080058628
5.471964846239685,10.94392969247937
16.51665573780149,33.03331147560298
2.491814704381601,4.983629408763202
97.004721291195,194.00944258239
88.11089473139657,176.22178946279314
10.130023991002368,20.260047982004735
11.362498132151078,22.724996264302156
40.71640808967266,81.43281617934532
17.66160418867423,35.32320837734846
3.255973903390763,6.511947806781526
26.67191988719958,53.34383977439916
86.63749246798356,173.27498493596713
48.46740469407268,96.93480938814535
82.57593049784083,165.15186099568166
57.803109801382504,115.60621960276501
2.8566760951719172,5.7133521903438345
91.16083776169317,182.32167552338635
32.22553854705189,64.45107709410378
1.730772812235415,3.46154562447083
39.53782130262068,79.07564260524136
34.43699946855525,68.8739989371105
82.1183380998728,164.2366761997456
38.93213807920915,77.8642761584183
97.76624376584816,195.53248753169632
69.11335205128249,138.22670410256498
79.73269167248112,159.46538334496225
58.5012720159667,117.0025440319334
24.581949967245855,49.16389993449171
50.555982720831274,101.11196544166255
6.455373202595971,12.910746405191942
29.985580337000684,59.97116067400137
36.77462373996019,73.54924747992038
96.9299608067341,193.8599216134682
78.30389048444735,156.6077809688947
41.531903696988216,83.06380739397643
97.06638682442194,194.13277364884388
49.33605009925084,98.67210019850168
51.798240885354794,103.59648177070959
83.4943395627356,166.9886791254712
99.160576926149,198.321153852298
46.89379974481547,93.78759948963094
82.4770845252432,164.9541690504864
41.48958115935716,82.97916231871432
13.91495301421487,27.82990602842974
96.03762789692514,192.0752557938503
3.5359858725977134,7.071971745195427
56.703837473891824,113.40767494778365
18.516128019891344,37.03225603978269
62.9625853855488,125.9251707710976
59.93785987722992,119.87571975445984
46.719159322291524,93.43831864458305
60.24415602295703,120.48831204591406
90.80864960666155,181.6172992133231
85.25125260586826,170.50250521173652
99.98076232337974,199.96152464675947
67.34139137451852,134.68278274903705
56.124491326460856,112.24898265292171
78.29305596340748,156.58611192681497
3.010193225920599,6.020386451841198
13.726120054226143,27.452240108452287
69.80083960846719,139.60167921693437
49.72503358615741,99.45006717231482
47.89189923401784,95.78379846803568
77.02201233958091,154.04402467916182
78.7989574140312,157.5979148280624
84.25302293280234,168.50604586560468
81.83742876469368,163.67485752938737
87.23514064988245,174.4702812997649
0.5224481449580431,1.0448962899160863
34.64598321081404,69.29196642162808
41.84118364038074,83.68236728076148
81.39245536284258,162.78491072568517
93.89522778303736,187.7904555660747
77.06813982785178,154.13627965570356
76.96556165371665,153.9311233074333
46.036143007938755,92.07228601587751
39.87551134395022,79.75102268790044
67.7334347634447,135.4668695268894
22.365105211717704,44.73021042343541
31.950832850095278,63.901665700190556
34.87056057716361,69.74112115432722
15.687630825600596,31.375261651201193
92.75499638584085,185.5099927716817
58.74056206812415,117.4811241362483
31.459921511141776,62.91984302228355
80.46411611770822,160.92823223541643
22.264528122680616,44.52905624536123
20.128492896837358,40.256985793674716
72.96347738333246,145.92695476666492
77.78451835048502,155.56903670097003
75.36406754344758,150.72813508689515
45.86478910969943,91.72957821939886
57.602834083563295,115.20566816712659
46.958465581110765,93.91693116222153
3.302646383983854,6.605292767967708
55.895253516962505,111.79050703392501
21.624754775057063,43.24950955011413
33.14550579967794,66.29101159935588
29.210642360397788,58.421284720795576
77.63539928735855,155.2707985747171
62.852564565163625,125.70512913032725
69.38836865370938,138.77673730741876
31.84334533143002,63.68669066286004
88.6853421482301,177.3706842964602
56.91522615824523,113.83045231649047
74.57453836919387,149.14907673838775
92.55379167355288,185.10758334710576
80.74117636228767,161.48235272457535
77.29139750011906,154.58279500023812
65.10647283522782,130.21294567045564
81.65328604044454,163.30657208088908
82.16781263535705,164.3356252707141
24.837308013319394,49.67461602663879
74.0410180463272,148.0820360926544
62.66216549612401,125.32433099224802
19.720098122360696,39.44019624472139
79.90170703039526,159.80341406079052
36.83003648654384,73.66007297308768
74.56847447066626,149.13694894133252
3.8485117767443233,7.697023553488647
93.29963897504709,186.59927795009418
11.845374390625773,23.690748781251546
45.37766910783102,90.75533821566204
3.541561115804126,7.083122231608252
74.90963386214256,149.8192677242851
63.32913249750932,126.65826499501864
10.618422631606904,21.23684526321381
83.85013761324764,167.70027522649528
99.88896140284311,199.77792280568622
1.0496408101653643,2.0992816203307285
70.82944000797242,141.65888001594485
87.42152578922841,174.84305157845682
11.434548932191568,22.869097864383136
49.04236758347912,98.08473516695824
17.964135320864262,35.928270641728524
15.658125785627053,31.316251571254107
39.48209442129071,78.96418884258142
7.812962195710471,15.625924391420941
44.03883187935538,88.07766375871076
70.79822733558068,141.59645467116135
26.280787785466753,52.561575570933506
24.762498515921205,49.52499703184241
35.137244368890805,70.27448873778161
12.084657200764637,24.169314401529274
95.58464794410172,191.16929588820344
22.00546534375778,44.01093068751556
35.03418169918816,70.06836339837632
70.50252708415789,141.00505416831578
51.48390704106299,102.96781408212598
57.9459355546988,115.8918711093976
47.72925788049557,95.45851576099113
4.575357458579255,9.15071491715851
23.249679896947818,46.499359793895636
6.088631490327079,12.177262980654158
91.90479379496833,183.80958758993665
74.05104367470156,148.10208734940312
10.309300322901116,20.618600645802232
17.02132307342833,34.04264614685666
46.71529148239222,93.43058296478443
54.82892736021313,109.65785472042626
76.44849035631755,152.8969807126351
42.99312782212035,85.9862556442407
13.56034702283192,27.12069404566384
66.49649028744886,132.99298057489773
36.386835702487474,72.77367140497495
45.52110948834817,91.04221897669635
94.53551040147515,189.0710208029503
63.54542205102166,127.09084410204332
9.37737752965232,18.75475505930464
48.27664386379886,96.55328772759772
68.43242946297289,136.86485892594578
41.111037097353844,82.22207419470769
95.07695130813285,190.1539026162657
71.7868890132397,143.5737780264794
4.069400309140181,8.138800618280362
88.91134000278753,177.82268000557505
80.8658358346061,161.7316716692122
3.6007796526491886,7.201559305298377
63.32639188125484,126.65278376250969
91.15317274540094,182.30634549080187
49.46509709000993,98.93019418001985
25.380369839958473,50.760739679916945
68.52232911763664,137.0446582352733
79.46358203579278,158.92716407158557
34.27345251270785,68.5469050254157
50.5250924326881,101.0501848653762
47.129594298338276,94.25918859667655
76.31066168095013,152.62132336190027
47.53220693282736,95.06441386565471
11.435706111959053,22.871412223918107
1.171735221739556,2.343470443479112
3.9760387315358026,7.952077463071605
75.9299464834305,151.859892966861
25.68930267553253,51.37860535106506
42.86043295901647,85.72086591803294
70.3601374410476,140.7202748820952
6.452986707013187,12.905973414026374
96.39101045919791,192.78202091839583
53.72351083564346,107.44702167128692
92.4453703411831,184.8907406823662
34.118719686619805,68.23743937323961
68.95671183321255,137.9134236664251
19.113881592053485,38.22776318410697
11.816685000269256,23.633370000538513
74.51967839629742,149.03935679259484
53.00023023353519,106.00046046707038
39.70116776870554,79.40233553741108
10.149007358897999,20.298014717795997
81.97095820223129,163.94191640446257
6.538606071205222,13.077212142410444
92.0277834601629,184.0555669203258
73.23683509899254,146.4736701979851
76.15801195601149,152.31602391202298
75.91321682641734,151.82643365283468
46.12252554341265,92.2450510868253
66.31416991404502,132.62833982809005
88.8679346739657,177.7358693479314
29.33203222762343,58.66406445524686
15.696351002414987,31.392702004829975
25.41950562440499,50.83901124880998
38.65418422157211,77.30836844314422
97.57364144821146,195.14728289642292
32.498750845224535,64.99750169044907
36.5218080383055,73.043616076611
81.01960009088208,162.03920018176416
25.114896701916102,50.229793403832204
97.42673408584305,194.8534681716861
64.90399147068239,129.80798294136477
22.338108227108954,44.67621645421791
46.55871217216764,93.11742434433528
15.4711938659003,30.9423877318006
53.756819821577736,107.51363964315547
24.114419364891816,48.22883872978363
5.781274117762381,11.562548235524762
2.0053944412514624,4.010788882502925
52.78231451696157,105.56462903392314
58.00973676911,116.01947353822
21.954823480148843,43.909646960297685
56.399268624140916,112.79853724828183
39.53641045023743,79.07282090047487
90.43122138743266,180.86244277486531
38.98958862568058,77.97917725136116
59.91301899131728,119.82603798263456
56.509849349520714,113.01969869904143
32.48373677192866,64.96747354385732
87.33395727611955,174.6679145522391
38.882991452008454,77.76598290401691
69.49115020258097,138.98230040516194
33.172761073818215,66.34552214763643
5.4293504753498585,10.858700950699717
76.1177750346978,152.2355500693956
3.0333946902784237,6.066789380556847
52.217982124305784,104.43596424861157
82.19766654184296,164.39533308368593
60.07379468916394,120.14758937832788
45.939863756826384,91.87972751365277
45.9250744176109,91.8501488352218
29.783770944802335,59.56754188960467
18.938972963311418,37.877945926622836
71.84174876923879,143.68349753847758
21.245157808083892,42.490315616167784
20.986555739559165,41.97311147911833
4.440411112912401,8.880822225824803
96.18509060550167,192.37018121100334
78.07032614890845,156.1406522978169
18.008228313414286,36.01645662682857
62.35660585347639,124.71321170695278
82.3844302992392,164.7688605984784
46.762815586165594,93.52563117233119
26.44872442716918,52.89744885433836
93.57995298495612,187.15990596991224
15.122421532656116,30.24484306531223
74.93740448467847,149.87480896935693
54.85367354503221,109.70734709006442
51.24671237488785,102.4934247497757
95.15219312093276,190.30438624186553
67.84082499082808,135.68164998165616
49.6776900186488,99.3553800372976
11.457952106275183,22.915904212550366
36.351310662287176,72.70262132457435
66.61678529845743,133.23357059691486
45.37786124751938,90.75572249503875
40.9911572509604,81.9823145019208
13.934768098299044,27.869536196598087
13.310259636343957,26.620519272687915
11.823050961091951,23.646101922183902
2.234830592414916,4.469661184829832
99.19086158669612,198.38172317339223
44.80360117592538,89.60720235185076
40.660653182732645,81.32130636546529
37.37820318334347,74.75640636668695
50.876051612112775,101.75210322422555
74.87859247310034,149.75718494620068
83.61912211685704,167.23824423371408
98.37717950436125,196.7543590087225
3.1545911605055155,6.309182321011031
39.690521807340204,79.38104361468041
95.68104399264436,191.36208798528872
9.724696099892006,19.44939219978401
55.86899029600405,111.7379805920081
3.5932255081204567,7.186451016240913
70.78406395240683,141.56812790481365
3.5464249268350234,7.092849853670047
16.85891985909168,33.71783971818336
49.22728909320511,98.45457818641022
42.57246379147111,85.14492758294222
33.88756364260785,67.7751272852157
1.787204379563323,3.574408759126646
92.93267997942355,185.8653599588471
89.54734009105155,179.0946801821031
1.73223210919764,3.46446421839528
48.66062259673248,97.32124519346496
30.57396024493917,61.14792048987834
73.32885475783145,146.6577095156629
44.69592784599039,89.39185569198078
33.365487152898666,66.73097430579733
4.097338097511383,8.194676195022765
40.296437055099574,80.59287411019915
3.3952268632290727,6.7904537264581455
63.38534449547546,126.77068899095092
96.36130136239272,192.72260272478545
8.946928176460068,17.893856352920135
54.226362974277095,108.45272594855419
83.90441287975231,167.80882575950463
13.631430236339048,27.262860472678096
21.270666974884765,42.54133394976953
28.802941586455944,57.60588317291189
40.66402189287594,81.32804378575187
76.24505949229534,152.49011898459068
88.00477689274753,176.00955378549506
65.20617184743351,130.41234369486702
30.813095486461563,61.626190972923126
58.059820652289154,116.11964130457831
99.84531763436927,199.69063526873853
88.73990964603394,177.47981929206787
84.36571737269583,168.73143474539165
43.730926465402455,87.46185293080491
95.11488729369646,190.2297745873929
76.81767615926191,153.63535231852381
91.7407263486701,183.4814526973402
32.80955695199176,65.61911390398352
41.37519650829511,82.75039301659022
2.3660129574897604,4.732025914979521
75.11546962842617,150.23093925685234
73.54905037949173,147.09810075898346
6.688212254007498,13.376424508014995
48.08210387555983,96.16420775111966
32.99746645110192,65.99493290220384
77.59105128553861,155.18210257107722
12.31515238423575,24.6303047684715
41.926293024640174,83.85258604928035
33.39096268512003,66.78192537024006
9.148838935590398,18.297677871180795
82.25292980058984,164.50585960117968
25.063075712568363,50.126151425136726
95.57533276341327,191.15066552682654
4.0536895738853,8.1073791477706
49.97065583219611,99.94131166439222
57.709545113400054,115.41909022680011
59.33475449852297,118.66950899704594
17.607602990675552,35.215205981351104
57.11638289721234,114.23276579442468
23.16951351574548,46.33902703149096
47.878087002491924,95.75617400498385
97.2365364411972,194.4730728823944
38.93069125155403,77.86138250310806
82.22973534673082,164.45947069346164
41.96851739044457,83.93703478088914
32.09818760871449,64.19637521742898
75.22254608395838,150.44509216791675
76.7806607466489,153.5613214932978
71.37097172541243,142.74194345082486
7.857892292727864,15.715784585455728
80.06260241344756,160.12520482689513
18.162115039431182,36.324230078862364
89.53225945432864,179.06451890865728
77.37684388918062,154.75368777836124
19.887302099149718,39.774604198299436
32.52729047799113,65.05458095598226
9.05660851288742,18.11321702577484
61.15889555838786,122.31779111677572
82.22944448491097,164.45888896982194
97.73765399597903,195.47530799195806
62.81005768809437,125.62011537618874
9.799199828154437,19.598399656308874
94.48138054486218,188.96276108972435
54.89907032557362,109.79814065114724
32.37490637429904,64.74981274859807
72.06784286947058,144.13568573894116
26.712508034717796,53.42501606943559
69.42613414605242,138.85226829210484
13.155547580607907,26.311095161215814
10.70492733771352,21.40985467542704
5.301002945104805,10.60200589020961
66.65967572345471,133.31935144690942
55.96138116354904,111.92276232709808
8.116881938810094,16.233763877620188
92.95246322749239,185.90492645498477
75.18181218129037,150.36362436258074
51.4354595898453,102.8709191796906
84.40827014376949,168.81654028753897
6.53566550516963,13.07133101033926
76.46304918291726,152.92609836583452
50.71998755077166,101.43997510154333
81.81433142343671,163.62866284687342
92.61553513964054,185.23107027928108
27.89967652822174,55.79935305644348
95.36078949557117,190.72157899114234
21.769915524641416,43.53983104928283
40.37076845386076,80.74153690772152
30.640359438002385,61.28071887600477
51.500185010450174,103.00037002090035
10.367428739246575,20.73485747849315
66.19540593449847,132.39081186899693
40.58871591835064,81.17743183670127
64.11018508135794,128.22037016271588
34.00974329103118,68.01948658206236
27.766909254744622,55.533818509489244
66.62740726336764,133.2548145267353
34.953126388315724,69.90625277663145
72.54587553991914,145.09175107983828
66.71241621715427,133.42483243430854
15.165948540796691,30.331897081593382
38.71163569254864,77.42327138509728
53.5976430635293,107.1952861270586
35.32692824379845,70.6538564875969
97.8880842045155,195.776168409031
91.74302099744558,183.48604199489117
60.94107471788664,121.88214943577329
52.28978642165993,104.57957284331987
18.998251174377145,37.99650234875429
29.956093601416743,59.912187202833486
93.46214408490414,186.92428816980828
55.84609793774212,111.69219587548424
40.91075739928123,81.82151479856246
97.17538262450897,194.35076524901794
39.202607913265716,78.40521582653143
0.678842965254256,1.357685930508512
33.43161012355096,66.86322024710192
76.6530664001996,153.3061328003992
29.072091941515808,58.144183883031616
64.48143460707013,128.96286921414026
65.58724523563122,131.17449047126243
18.18123700362274,36.36247400724548
13.910928560008728,27.821857120017455
18.174461354935634,36.34892270987127
95.11925218404096,190.23850436808192
45.33829739472955,90.6765947894591
58.16226219649147,116.32452439298294
7.123522658576786,14.247045317153573
22.143987324709535,44.28797464941907
98.83751095333443,197.67502190666886
93.65180882722322,187.30361765444644
79.04449480967692,158.08898961935384
61.07295749033512,122.14591498067024
3.051613355319116,6.103226710638232
61.26886958528088,122.53773917056176
17.866027040464438,35.732054080928876
50.32454367568211,100.64908735136422
31.335917608635288,62.671835217270576
86.94706010205518,173.89412020411035
82.3691175589576,164.7382351179152
99.36719671011392,198.73439342022783
3.2021785694603566,6.404357138920713
72.01441621261459,144.02883242522918
80.922854086317,161.845708172634
93.91809898422183,187.83619796844366
32.11250868857821,64.22501737715642
96.16639483298188,192.33278966596376
90.24141427448838,180.48282854897676
78.98692750684724,157.97385501369448
68.54211146134158,137.08422292268315
97.75229727128242,195.50459454256483
21.525764377941826,43.05152875588365
99.73603276290629,199.47206552581258
82.66329679694095,165.3265935938819
34.87325575266043,69.74651150532085
1.721541837078877,3.443083674157754
31.842696081368604,63.68539216273721
60.36863253636796,120.73726507273592
87.93379502399405,175.8675900479881
62.694016674704564,125.38803334940913
71.38919545244781,142.77839090489562
3.9029116726324142,7.8058233452648285
15.659376833758088,31.318753667516177
3.6236824103206167,7.247364820641233
97.9550190416244,195.9100380832488
93.64065171145495,187.2813034229099
33.21889477862152,66.43778955724304
17.743981251625563,35.487962503251126
39.14529696672496,78.29059393344993
50.256844790296284,100.51368958059257
74.91949060370823,149.83898120741645
31.934989343239494,63.86997868647899
91.869636444523,183.739272889046
21.143423519528337,42.286847039056674
72.85783828051206,145.7156765610241
19.39483158231685,38.7896631646337
19.42945279463656,38.85890558927312
68.92883410236752,137.85766820473503
4.691761565384134,9.383523130768268
71.96616358327927,143.93232716655854
94.45723683902933,188.91447367805867
48.063998034739974,96.12799606947995
45.82221631584565,91.6444326316913
93.17872853909131,186.35745707818262
45.607345020371206,91.21469004074241
3.009311173149709,6.018622346299418
55.81171422378418,111.62342844756836
61.85004398525765,123.7000879705153
78.88509745130526,157.7701949026105
86.18439367995647,172.36878735991294
12.593838952250291,25.187677904500582
53.72237353194218,107.44474706388436
4.286547690859377,8.573095381718755
91.62141722830907,183.24283445661814
48.916292650243555,97.83258530048711
16.335838730820683,32.671677461641366
19.543514369536517,39.087028739073034
87.11569472791884,174.23138945583767
76.3833683290595,152.766736658119
18.956617276394905,37.91323455278981
38.57613175652759,77.15226351305517
60.08161847807864,120.16323695615728
76.09535938902516,152.19071877805032
11.05100322809066,22.10200645618132
0.1543229942664981,0.3086459885329962
95.03589071935806,190.07178143871613
3.2936634020325206,6.587326804065041
52.35842970011828,104.71685940023656
66.95671110338358,133.91342220676717
86.97710933110163,173.95421866220326
39.8552367044226,79.7104734088452
53.337133040519525,106.67426608103905
50.73854211843491,101.47708423686981
0.5948680993298261,1.1897361986596522
50.002573212696966,100.00514642539393
80.72179002560078,161.44358005120156
68.06456431854654,136.1291286370931
87.76892050189056,175.53784100378112
61.44125715864054,122.88251431728108
74.57932696727515,149.1586539345503
46.20773625274608,92.41547250549216
3.25769766796129,6.51539533592258
96.04607328859737,192.09214657719474
8.208325869809007,16.416651739618015
7.120628109183347,14.241256218366694
99.30363295135831,198.60726590271662
88.5285972104059,177.0571944208118
60.29179336188314,120.58358672376627
86.85352615210759,173.70705230421518
1.9803889297341448,3.9607778594682896
13.048872349053442,26.097744698106883
22.8817502206753,45.7635004413506
69.88380485209835,139.7676097041967
1.2196619151521926,2.439323830304385
95.21264793033252,190.42529586066505
70.88725849214391,141.77451698428783
29.38334989380642,58.76669978761284
55.13261636257864,110.26523272515728
25.272007467877767,50.544014935755534
75.21749589324192,150.43499178648383
46.638431219861644,93.27686243972329
31.12075508154892,62.24151016309784
95.33023003319386,190.6604600663877
27.544749987118156,55.08949997423631
40.22125066344927,80.44250132689854
19.670425496563105,39.34085099312621
9.49702229690611,18.99404459381222
27.661870650783847,55.32374130156769
53.082379281610685,106.16475856322137
32.7232314727857,65.4464629455714
51.7870352156542,103.5740704313084
15.08464682201469,30.16929364402938
9.335052621654793,18.670105243309585
43.46291596195307,86.92583192390614
15.581080258353431,31.162160516706862
88.6355555125428,177.2711110250856
0.30595887182544024,0.6119177436508805
79.55296916164481,159.10593832328962
25.683173709460128,51.366347418920256
21.200169566322526,42.40033913264505
80.49695275929304,160.99390551858608
14.990904044955311,29.981808089910622
87.1616280795539,174.3232561591078
49.77408413757406,99.54816827514811
21.8445942684789,43.6891885369578
9.676987095510148,19.353974191020296
71.6843849681202,143.3687699362404
68.74456888034324,137.48913776068648
23.470434689211928,46.940869378423855
30.294396929765842,60.588793859531684
44.968260127855906,89.93652025571181
56.40517660856054,112.81035321712108
32.190546582840604,64.38109316568121
13.16343949290195,26.3268789858039
93.796042104084,187.592084208168
68.19020749307269,136.38041498614538
66.1158765289179,132.2317530578358
82.63632065008805,165.2726413001761
84.29910112695804,168.59820225391607
43.29112131601256,86.58224263202511
51.087329980860574,102.17465996172115
47.03805629928236,94.07611259856472
6.527962753277572,13.055925506555145
67.02028035941368,134.04056071882735
97.69177632682134,195.38355265364268
32.02347766915812,64.04695533831624
18.80402013629725,37.6080402725945
17.916874023592555,35.83374804718511
3.817032504690465,7.63406500938093
76.55196614801469,153.10393229602937
18.264114219113083,36.528228438226165
18.989269522959408,37.978539045918815
33.352259414490625,66.70451882898125
43.30219098671911,86.60438197343822
54.8327788048065,109.665557609613
97.037794653503,194.075589307006
98.73831664107098,197.47663328214196
79.65143701279112,159.30287402558224
82.27655548804893,164.55311097609786
60.731259530632734,121.46251906126547
76.33150737891702,152.66301475783405
74.93452576915635,149.8690515383127
91.02679810145638,182.05359620291276
52.271201985461055,104.54240397092211
43.88353249260765,87.7670649852153
38.95588615025737,77.91177230051474
99.61545438513843,199.23090877027687
31.68106893156487,63.36213786312974
18.28629505768282,36.57259011536564
91.14292511314375,182.2858502262875
28.491224172735997,56.982448345471994
90.43363900183795,180.8672780036759
91.90765443505417,183.81530887010834
48.43716964041981,96.87433928083962
49.176553048189916,98.35310609637983
76.78138729012936,153.56277458025872
75.81785523322809,151.63571046645617
9.752971209322236,19.505942418644473
73.07286035256428,146.14572070512855
4.637777427911982,9.275554855823964
47.202871732069205,94.40574346413841
42.64032394302212,85.28064788604424
17.0586862008159,34.1173724016318
84.357538411871,168.715076823742
76.65826383168447,153.31652766336893
96.22028768157254,192.4405753631451
23.97993329459388,47.95986658918776
86.38742049314251,172.77484098628503
10.776546963527533,21.553093927055066
10.786390148824655,21.57278029764931
39.98513835954601,79.97027671909203
40.392817416573955,80.78563483314791
4.619040452238787,9.238080904477574
95.65629776539913,191.31259553079826
81.44488038348024,162.88976076696048
71.93123483985276,143.86246967970553
78.14700378143553,156.29400756287106
78.88219113010571,157.76438226021142
48.223421854650105,96.44684370930021
29.712125563576496,59.42425112715299
98.90277661988101,197.80555323976202
14.564556551237596,29.12911310247519
70.68105979707315,141.3621195941463
48.48111002839804,96.96222005679608
20.31766510197668,40.63533020395336
50.84239993377323,101.68479986754646
75.57265917440135,151.1453183488027
67.77193748175003,135.54387496350006
53.63825102444483,107.27650204888965
51.51597573086348,103.03195146172696
78.71178729278083,157.42357458556165
20.739369215051273,41.478738430102545
3.5225103002151648,7.0450206004303295
95.44406570306575,190.8881314061315
34.54304942924313,69.08609885848627
24.322186184604845,48.64437236920969
32.248556072469945,64.49711214493989
10.916395095071806,21.832790190143612
52.30835205434852,104.61670410869704
54.44098700577833,108.88197401155666
98.25840634589669,196.51681269179338
98.98317554536611,197.96635109073222
82.06862942666356,164.13725885332713
82.92384210285896,165.8476842057179
37.36003000772611,74.72006001545222
35.77345609498451,71.54691218996902
66.56824411526372,133.13648823052745
91.8493516658361,183.6987033316722
18.155084288915123,36.31016857783025
40.71158476310202,81.42316952620403
80.97721519107682,161.95443038215365
40.22998500391272,80.45997000782543
69.91642906412314,139.83285812824627
69.33334147033308,138.66668294066616
56.99021595605067,113.98043191210134
76.52244627433265,153.0448925486653
78.53365624630455,157.0673124926091
63.03267282243481,126.06534564486962
76.1902591326934,152.3805182653868
9.44589012974959,18.89178025949918
62.37742315982513,124.75484631965026
36.00031481643834,72.00062963287668
17.301923557179943,34.60384711435989
85.26257423247718,170.52514846495436
64.01213156346103,128.02426312692205
47.37327831165115,94.7465566233023
89.49947041536865,178.9989408307373
50.7680312570079,101.5360625140158
30.678234478893707,61.35646895778741
92.63785545717658,185.27571091435317
72.41519355002339,144.83038710004678
88.5580136896945,177.116027379389
71.12562092121404,142.25124184242807
63.240910654938695,126.48182130987739
33.206220825627376,66.41244165125475
21.334080350921823,42.66816070184365
86.21973173007558,172.43946346015116
54.92871063203031,109.85742126406062
48.179533120543105,96.35906624108621
49.21931643111167,98.43863286222334
61.792645261708614,123.58529052341723
49.008430130390614,98.01686026078123
28.14193784199587,56.28387568399174
32.75445780507228,65.50891561014456
64.31287200931847,128.62574401863694
20.943685580714543,41.88737116142909
22.422472335577616,44.84494467115523
98.54493539711791,197.08987079423582
94.51619733112757,189.03239466225514
92.26626337549332,184.53252675098665
54.82908867928886,109.65817735857772
97.973747045846,195.947494091692
11.818632933707118,23.637265867414236
40.3413909518087,80.6827819036174
22.042581905972337,44.085163811944675
37.72512210737333,75.45024421474666
32.29616093405047,64.59232186810094
19.21788961386054,38.43577922772108
83.83035628404765,167.6607125680953
11.880437554031264,23.76087510806253
72.38737586273122,144.77475172546244
92.68240749284622,185.36481498569245
96.83688217431514,193.67376434863027
57.2575127040944,114.5150254081888
76.78577502926531,153.57155005853062
65.8403555027907,131.6807110055814
46.99018389862525,93.9803677972505
89.210272128848,178.420544257696
42.738704422579055,85.47740884515811
89.30566672734028,178.61133345468056
98.79642922666291,197.59285845332582
38.84865873255177,77.69731746510354
6.557328496102355,13.11465699220471
31.37625928501858,62.75251857003716
52.09022720022427,104.18045440044854
60.09316026927254,120.18632053854508
14.082028026456573,28.164056052913146
86.39383709961254,172.78767419922508
47.87444447591671,95.74888895183342
96.18959866360657,192.37919732721315
2.5650274768704406,5.130054953740881
99.04818040547767,198.09636081095533
42.21832604985054,84.43665209970108
26.18268059143286,52.36536118286572
59.836613825413785,119.67322765082757
6.843625658384312,13.687251316768624
94.00054962236291,188.00109924472582
70.27132685146123,140.54265370292245
74.66647537474714,149.33295074949427
25.70110962491534,51.40221924983068
36.16939993607355,72.3387998721471
9.900113842446089,19.800227684892178
95.6147141700815,191.229428340163
68.51447256287159,137.02894512574318
74.50376676875234,149.00753353750468
67.29883613396238,134.59767226792476
91.92526411090896,183.8505282218179
25.550002951641392,51.100005903282785
68.89569060228997,137.79138120457995
5.532692176730746,11.065384353461493
3.7673857473084604,7.534771494616921
11.38635915493661,22.77271830987322
87.43255352506,174.86510705012
49.62470707871331,99.24941415742661
93.80440748446524,187.6088149689305
52.916628355223715,105.83325671044743
10.897210101444156,21.79442020288831
85.81257454940926,171.62514909881853
67.56612034179244,135.13224068358488
16.989191736460228,33.978383472920456
14.632166525294267,29.264333050588533
83.60247239020082,167.20494478040163
33.21192823340121,66.42385646680242
89.75437732145373,179.50875464290746
89.27845253324004,178.55690506648008
6.761685453124667,13.523370906249333
72.17094428906721,144.34188857813442
53.76955996572711,107.53911993145422
0.4221653588916574,0.8443307177833148
47.51646534552877,95.03293069105754
9.328235395902073,18.656470791804146
8.195829764768192,16.391659529536383
48.48290606573759,96.96581213147518
98.10884224751273,196.21768449502545
91.67413156905587,183.34826313811175
79.00521238467203,158.01042476934407
0.594560822024004,1.189121644048008
53.63098197462936,107.26196394925871
19.679362980424507,39.358725960849014
70.9713925470075,141.942785094015
35.60495054350462,71.20990108700924
24.11791839264621,48.23583678529242
94.28321929268722,188.56643858537444
17.2148964182021,34.4297928364042
4.14038206079651,8.28076412159302
81.76408376199097,163.52816752398195
69.8884911959574,139.7769823919148
52.32895623642621,104.65791247285242
59.72409933895708,119.44819867791416
41.44231079101412,82.88462158202825
52.065693161928614,104.13138632385723
76.24968921280403,152.49937842560806
71.81541426989041,143.63082853978082
65.96058297566128,131.92116595132256
8.659967161811855,17.31993432362371
96.72409932085942,193.44819864171885
32.77061052223532,65.54122104447065
97.57800630701067,195.15601261402134
45.29662344062905,90.5932468812581
21.22221460754494,42.44442921508988
36.20800499242414,72.41600998484827
50.71084070049974,101.42168140099947
27.56113687387165,55.1222737477433
2.6882523755179966,5.376504751035993
60.187890337654714,120.37578067530943
34.89296524896831,69.78593049793662
27.652054496314584,55.30410899262917
75.44434587165316,150.8886917433063
70.050665862459,140.101331724918
73.88897499046978,147.77794998093955
48.95386282738647,97.90772565477295
14.52645460708376,29.05290921416752
88.34618486068602,176.69236972137205
75.19437429317436,150.38874858634873
77.27083091805024,154.54166183610047
85.44542347840633,170.89084695681265
99.21315091197329,198.42630182394657
23.894551679451283,47.789103358902565
15.423954256493078,30.847908512986155
35.23845640031834,70.47691280063668
31.901009407123194,63.80201881424639
33.07539823179685,66.1507964635937
19.475870802291904,38.95174160458381
49.19648134906159,98.39296269812318
19.26419066201861,38.52838132403722
67.11527392457167,134.23054784914333
37.56800481197609,75.13600962395218
35.93227106119997,71.86454212239994
6.626433473562832,13.252866947125664
51.0576539474127,102.1153078948254
96.47181752677243,192.94363505354485
98.58045020143412,197.16090040286824
55.053176783035816,110.10635356607163
93.1877891025495,186.375578205099
60.147933106875904,120.29586621375181
64.16578736240844,128.33157472481687
37.516742220992136,75.03348444198427
28.765260755955524,57.53052151191105
9.329876453990893,18.659752907981787
93.78120935144449,187.56241870288898
0.7270006869840473,1.4540013739680946
31.334472256037238,62.668944512074475
53.8247795492811,107.6495590985622
4.349580389252539,8.699160778505078
79.90657957856892,159.81315915713785
56.24137008727329,112.48274017454658
0.1903473651278409,0.3806947302556818
81.35875008752147,162.71750017504294
13.252688036912819,26.505376073825637
34.91823020852094,69.83646041704188
3.8329596251874154,7.665919250374831
17.325780748860343,34.651561497720685
73.24060745224368,146.48121490448736
3.118198130811989,6.236396261623978
22.71880621467752,45.43761242935504
34.98840095228868,69.97680190457736
34.884333019243485,69.76866603848697
8.85676609806495,17.7135321961299
50.945913697122215,101.89182739424443
81.46212269661332,162.92424539322664
8.505431037533462,17.010862075066925
51.50407813658235,103.0081562731647
48.29832681620809,96.59665363241618
98.85776616029396,197.71553232058793
96.73443317115951,193.46886634231902
37.45061386985418,74.90122773970836
23.837078288811185,47.67415657762237
99.30116467677936,198.60232935355873
54.7803201133065,109.560640226613
87.64021446548504,175.2804289309701
55.617785945167896,111.23557189033579
98.53126586630071,197.06253173260143
51.821682808021166,103.64336561604233
67.68139630453456,135.36279260906912
3.9781810324491462,7.9563620648982925
94.66520474358248,189.33040948716496
54.390632774294836,108.78126554858967
16.074231846267327,32.148463692534655
45.62350741286726,91.24701482573452
34.84958945712726,69.69917891425452
67.15732044124717,134.31464088249433
61.93081791354578,123.86163582709156
87.76254948374918,175.52509896749837
62.60862211027547,125.21724422055094
73.54672900345788,147.09345800691577
85.46397107172128,170.92794214344255
99.49845212445278,198.99690424890557
19.984343308775145,39.96868661755029
20.558019885512422,41.116039771024845
53.00621008922448,106.01242017844896
85.55769641084062,171.11539282168124
31.808120933132944,63.61624186626589
41.033746198665554,82.06749239733111
73.64557951097756,147.2911590219551
27.500186243786473,55.000372487572946
21.87510899967785,43.7502179993557
67.96654149233737,135.93308298467474
64.96622232030654,129.93244464061308
41.709789018037455,83.41957803607491
11.905215118702817,23.810430237405633
92.36160308611092,184.72320617222184
73.2608249598659,146.5216499197318
98.72649235065909,197.45298470131817
22.36675622601264,44.73351245202528
39.65772883704318,79.31545767408636
13.301416856351045,26.60283371270209
97.07434202208914,194.14868404417828
42.39638766686558,84.79277533373116
34.14493110670861,68.28986221341722
16.705343150507478,33.410686301014955
79.99852629991845,159.9970525998369
38.80810142674884,77.61620285349768
10.060895111084978,20.121790222169956
90.2047598003551,180.4095196007102
0.15543721980061376,0.3108744396012275
3.0234044565990437,6.046808913198087
82.3440829698656,164.6881659397312
61.69688864356394,123.39377728712788
34.98001179344957,69.96002358689914
64.19837401734927,128.39674803469853
81.8038831904223,163.6077663808446
36.53145711207778,73.06291422415556
57.939084905529135,115.87816981105827
87.98243560516374,175.9648712103275
81.1879630252521,162.3759260505042
43.58502769005901,87.17005538011801
40.439292602175,80.87858520435
44.910643544146986,89.82128708829397
87.1213719075907,174.2427438151814
99.48514589075197,198.97029178150393
33.913372121851474,67.82674424370295
64.49452760144358,128.98905520288716
69.87425977598292,139.74851955196584
81.8898006195718,163.7796012391436
93.60389043424891,187.20778086849782
4.531812682261338,9.063625364522675
25.417997372254064,50.83599474450813
82.68283981740618,165.36567963481235
72.62043513329864,145.24087026659728
41.74263277951565,83.4852655590313
45.38691062171621,90.77382124343242
48.268278394604,96.536556789208
77.04343520849193,154.08687041698386
36.333130180701865,72.66626036140373
7.340964158428587,14.681928316857174
35.03222857406969,70.06445714813938
26.476278790491982,52.952557580983964
94.28690741950928,188.57381483901855
37.59797602249022,75.19595204498044
81.80617131866545,163.6123426373309
1.3546469640978054,2.7092939281956108
61.74929190738286,123.49858381476572
19.49331595712903,38.98663191425806
2.8255917624915527,5.6511835249831055
25.902026136478906,51.80405227295781
45.316744798565054,90.63348959713011
13.636422398512183,27.272844797024366
33.142210418780614,66.28442083756123
28.48373065909535,56.9674613181907
49.353083777396186,98.70616755479237
14.40995022911653,28.81990045823306
82.59684305725723,165.19368611451446
76.1967089329251,152.3934178658502
81.19021802612508,162.38043605225016
77.55885653186024,155.1177130637205
84.75081221903797,169.50162443807594
94.86646198771567,189.73292397543133
59.84215071415666,119.68430142831332
3.1187432743204124,6.237486548640825
34.79827669482244,69.59655338964488
48.167979916569415,96.33595983313883
77.10659782206723,154.21319564413446
9.029594314078926,18.05918862815785
66.81049359276754,133.62098718553509
12.733355603810026,25.46671120762005
1.5519688472640958,3.1039376945281916
13.93542946212445,27.8708589242489
97.1904247120993,194.3808494241986
89.20573969826967,178.41147939653933
48.70587029641674,97.41174059283348
98.50114936196552,197.00229872393103
16.622987121022724,33.24597424204545
61.59901267878656,123.19802535757312
52.245352300461654,104.49070460092331
66.2661487704737,132.5322975409474
76.40332634227636,152.80665268455272
56.348430989958786,112.69686197991757
35.31434339441806,70.62868678883612
36.72035541570304,73.44071083140608
49.70523287480807,99.41046574961614
71.78699025007276,143.57398050014552
1.2421569545114641,2.4843139090229283
93.69833882465166,187.3966776493033
19.53124238696764,39.06248477393528
51.75757717477065,103.5151543495413
25.474256062886504,50.94851212577301
1.769761650773627,3.539523301547254
10.328399535667089,20.656799071334177
32.04772827671254,64.09545655342508
10.958514637764738,21.917029275529476
12.80167174284167,25.60334348568334
60.41341523083543,120.82683046167087
32.12458028753334,64.24916057506668
26.47466401888248,52.94932803776496
2.8031376619904957,5.6062753239809915
27.869587005339003,55.739174010678006
58.19974957478698,116.39949914957396
62.97534944564216,125.95069889128432
32.57275946601167,65.14551893202334
44.301062377421275,88.60212475484255
22.343533813920658,44.687067627841316
11.052710691549128,22.105421383098257
10.432786347397826,20.865572694795652
72.92214625080648,145.84429250161295
61.9492980478598,123.8985960957196
30.44337755452683,60.88675510905366
63.29721189072093,126.59442378144186
75.04192594469633,150.08385188939266
30.015046425395276,60.03009285079055
48.69387247618023,97.38774495236046
90.75552787062728,181.51105574125455
64.92332256648423,129.84664513296846
32.009079266060034,64.01815853212007
23.24386783501693,46.48773567003386
26.055673921866596,52.11134784373319
48.432239394916074,96.86447878983215
27.75728545621177,55.51457091242354
31.380416911026288,62.760833822052575
20.390855794237595,40.78171158847519
93.15143765064981,186.30287530129962
5.350290412906789,10.700580825813578
75.64167910715489,151.28335821430977
93.02278301152673,186.04556602305345
28.783570068799047,57.567140137598095
42.33908935244492,84.67817870488985
22.216356591992902,44.432713183985804
27.645022690321152,55.290045380642304
50.86030726141164,101.72061452282328
85.39894282700902,170.79788565401805
66.49246704314552,132.98493408629105
15.227151326774313,30.454302653548627
58.35487017879003,116.70974035758006
64.00613314761196,128.01226629522392
27.780980643498253,55.56196128699651
52.08023413032713,104.16046826065426
21.431124953917212,42.862249907834425
90.65211029324406,181.30422058648813
69.3870889231064,138.7741778462128
81.61826311118783,163.23652622237566
44.01979022244766,88.03958044489532
15.194926146042997,30.389852292085994
1.3940579164668176,2.7881158329336353
23.323946894836467,46.647893789672935
99.52760555612656,199.05521111225312
44.061580222852484,88.12316044570497
92.03572108703261,184.07144217406523
1.4055392132949707,2.8110784265899413
36.21977767624911,72.43955535249822
19.35505207102457,38.71010414204914
85.52449306450991,171.04898612901982
28.296435200104597,56.59287040020919
14.416136016251002,28.832272032502004
91.33201560378893,182.66403120757786
99.29066176132899,198.58132352265798
23.48606805307606,46.97213610615212
9.717448777032134,19.434897554064268
84.38479648431745,168.7695929686349
63.278829718897846,126.55765943779569
39.30223538730163,78.60447077460326
44.33156867808334,88.66313735616669
8.63089606897055,17.2617921379411
37.996219259400036,75.99243851880007
26.64749339052429,53.29498678104858
62.345839595821126,124.69167919164225
35.82270036044758,71.64540072089515
57.5513037075412,115.1026074150824
94.75116663556355,189.5023332711271
73.53162877936593,147.06325755873186
36.20569192027976,72.41138384055952
0.9373227338374868,1.8746454676749735
14.427504458332841,28.855008916665682
2.2697370905781056,4.539474181156211
13.497041777434394,26.994083554868787
13.151975948932604,26.303951897865208
58.55645004334327,117.11290008668654
29.66142006202057,59.32284012404114
57.30396661670113,114.60793323340226
68.6525603948324,137.3051207896648
34.60146274769116,69.20292549538232
31.308054662687102,62.616109325374204
66.71866091868087,133.43732183736174
99.10094717761989,198.20189435523977
18.13140530951951,36.26281061903902
55.74939760939148,111.49879521878296
64.53213359605657,129.06426719211314
46.239423984355575,92.47884796871115
44.35675255383412,88.71350510766824
94.6989127629252,189.3978255258504
60.77533093772546,121.55066187545091
4.133242600874576,8.266485201749152
91.13611638489509,182.27223276979018
30.427019879948325,60.85403975989665
69.9568949360344,139.9137898720688
90.6179562560279,181.2359125120558
66.37503411519346,132.75006823038692
54.383406674531244,108.76681334906249
82.85024475143831,165.70048950287662
19.843595589959772,39.687191179919544
45.225086230649495,90.45017246129899
63.570482679448716,127.14096535889743
58.22130958647026,116.44261917294052
57.07278357957005,114.1455671591401
45.966853715417,91.933707430834
47.77317567409608,95.54635134819216
47.92629176361856,95.85258352723712
33.79408119334983,67.58816238669966
70.77813936672486,141.55627873344972
51.39622882350554,102.79245764701108
69.16621237663546,138.3324247532709
23.839345276863988,47.678690553727975
86.57867023261065,173.1573404652213
27.91886451625356,55.83772903250712
1.7475745708871449,3.4951491417742897
96.5193404995321,193.0386809990642
19.11806477461393,38.23612954922786
72.71204589869177,145.42409179738354
14.315598540941988,28.631197081883975
37.90818905129429,75.81637810258859
64.67292202124828,129.34584404249657
16.762397368517966,33.52479473703593
63.40085572860319,126.80171145720638
50.20810890321923,100.41621780643845
1.902608400862149,3.805216801724298
72.64103349509331,145.28206699018662
63.99191097215973,127.98382194431946
11.053474570130895,22.10694914026179
70.14350103918817,140.28700207837633
23.588706102840227,47.177412205680454
23.381356934110986,46.76271386822197
50.204748071702845,100.40949614340569
70.27281270501187,140.54562541002375
98.82198583891663,197.64397167783326
87.30491063591347,174.60982127182695
7.664642827807711,15.329285655615422
8.435672814877693,16.871345629755385
17.478654452465705,34.95730890493141
23.35049080439854,46.70098160879708
98.25058903874401,196.50117807748802
25.108212181932387,50.216424363864775
23.538886541582137,47.077773083164274
25.95238008143307,51.90476016286614
51.091803480734214,102.18360696146843
25.9880367096202,51.9760734192404
0.5782980424059669,1.1565960848119339
42.69897732569654,85.39795465139308
21.064378892172353,42.12875778434471
30.190703794833883,60.381407589667766
32.18078035901326,64.36156071802652
8.607505033284424,17.215010066568848
54.68015127307007,109.36030254614013
86.79854880298838,173.59709760597676
12.208634310265499,24.417268620530997
37.427800982678264,74.85560196535653
18.04148180493105,36.0829636098621
53.01810151737472,106.03620303474943
45.83336447319945,91.6667289463989
51.97774008781965,103.9554801756393
90.76684867604257,181.53369735208514
11.728056616426318,23.456113232852637
11.053293691153321,22.106587382306643
4.802922684680777,9.605845369361553
9.520396079469794,19.04079215893959
43.105818028671685,86.21163605734337
7.038832958949848,14.077665917899695
53.51084582827062,107.02169165654124
0.7846207168096586,1.5692414336193172
4.688880410906126,9.377760821812252
13.379093001762477,26.758186003524955
35.778046971031706,71.55609394206341
45.549377951197,91.098755902394
61.65957623198581,123.31915246397162
9.217153677804923,18.434307355609846
42.40977452547684,84.81954905095368
93.18450215738888,186.36900431477775
7.665155866023032,15.330311732046065
99.8081206519938,199.6162413039876
2.4817133498947763,4.963426699789553
3.6307669694684352,7.2615339389368705
66.06274524519958,132.12549049039916
24.537324997122422,49.074649994244844
29.91192264168845,59.8238452833769
28.167444228293004,56.33488845658601
21.46096289194731,42.92192578389462
31.48955728287377,62.97911456574754
27.084999362242545,54.16999872448509
3.965187100803691,7.930374201607382
64.96676425309661,129.93352850619323
29.62698025522058,59.25396051044116
11.8547421719718,23.7094843439436
41.834875862810705,83.66975172562141
84.59763349369952,169.19526698739904
42.93715351118939,85.87430702237879
8.831554023236565,17.66310804647313
85.8928136102875,171.785627220575
0.3073953995814338,0.6147907991628676
5.579526058647266,11.159052117294532
16.885804665606653,33.771609331213305
72.51545494577184,145.03090989154367
21.697955620933595,43.39591124186719
73.92977995085127,147.85955990170254
24.240764709313257,48.481529418626515
64.43721883659143,128.87443767318285
12.461835023860102,24.923670047720204
82.09905324681736,164.19810649363473
23.904568720356668,47.809137440713336
79.72666115718692,159.45332231437385
28.952836441779482,57.905672883558964
49.32527891250067,98.65055782500134
8.53136382197488,17.06272764394976
61.73479741957754,123.46959483915508
59.93192947537348,119.86385895074696
90.44160901151214,180.88321802302428
24.399295891289054,48.79859178257811
32.483018758853376,64.96603751770675
16.123546768839592,32.247093537679184
14.691366474832856,29.382732949665712
4.977690627718245,9.95538125543649
85.35285830518698,170.70571661037397
0.22497555068125008,0.44995110136250016
3.235763359672972,6.471526719345944
74.93194143033388,149.86388286066776
86.74310811862107,173.48621623724213
20.990079452384926,41.98015890476985
99.00455876972639,198.00911753945277
7.8320533725526165,15.664106745105233
2.5804483568189873,5.160896713637975
92.55595869059773,185.11191738119547
61.16608419332823,122.33216838665646
75.007375309981,150.014750619962
23.490838885622146,46.98167777124429
7.810764687442862,15.621529374885723
87.515861893807,175.031723787614
63.76426566990053,127.52853133980106
82.7114593476203,165.4229186952406
27.596139216543936,55.19227843308787
52.940777552562245,105.88155510512449
80.51716463799168,161.03432927598337
49.99020817608356,99.98041635216713
92.02961322171973,184.05922644343946
25.57777526971259,51.15555053942518
56.11371632874601,112.22743265749202
44.8389480165112,89.6778960330224
31.054015501738107,62.10803100347621
36.98530211701825,73.9706042340365
92.08603139850933,184.17206279701867
40.34674643543374,80.69349287086747
0.09412176255575444,0.18824352511150888
25.80657755390945,51.6131551078189
38.58940979030214,77.17881958060428
6.87643745122114,13.75287490244228
36.060427219996804,72.12085443999361
43.78357351063388,87.56714702126776
46.05421476852554,92.10842953705108
61.03120835734897,122.06241671469795
49.89141701408577,99.78283402817154
88.96587227124144,177.93174454248287
34.623708414516365,69.24741682903273
25.911882574015543,51.823765148031086
63.60635025722159,127.21270051444318
92.8841981257158,185.7683962514316
97.26711910319897,194.53423820639793
20.144399964507443,40.288799929014885
69.4753749002465,138.950749800493
66.5221345036414,133.0442690072828
59.06561665583264,118.13123331166528
87.2655067453623,174.5310134907246
21.871377762392864,43.74275552478573
20.997508530202758,41.995017060405516
57.2139341927892,114.4278683855784
55.58427665216165,111.1685533043233
7.4734334588157925,14.946866917631585
20.84068468913719,41.68136937827438
91.96657111102459,183.93314222204918
12.369022042273192,24.738044084546384
90.72817163516949,181.45634327033898
70.79336124814152,141.58672249628304
75.86040346607342,151.72080693214684
70.22016333845882,140.44032667691764
58.35008622318744,116.70017244637488
0.04699517058941449,0.09399034117882898
99.26053601224373,198.52107202448747
74.84730364630951,149.69460729261903
17.15263484220415,34.3052696844083
46.672414161401186,93.34482832280237
66.895287497826,133.790574995652
53.443980838727235,106.88796167745447
46.62517070354586,93.25034140709172
12.04525902834892,24.09051805669784
92.20082692792711,184.40165385585422
37.15546787618774,74.31093575237549
14.326575705736156,28.65315141147231
38.87990690864659,77.75981381729318
44.684941533304276,89.36988306660855
72.73570484091681,145.47140968183362
70.55235002604951,141.10470005209902
56.08957152604977,112.17914305209953
9.876155330304204,19.75231066060841
33.21298200755882,66.42596401511764
99.32476846944814,198.6495369388963
4.238244984196504,8.476489968393008
72.79224843890303,145.58449687780606
99.17363268925688,198.34726537851375
1.0946653022643638,2.1893306045287275
96.43008219996416,192.86016439992832
45.8561466471478,91.7122932942956
44.72829297196552,89.45658594393105
76.12318958686775,152.2463791737355
33.8383673331202,67.6767346662404
34.11494003348188,68.22988006696376
68.48683333821366,136.9736666764273
50.61489905698559,101.22979811397119
80.83572851900796,161.67145703801592
91.93032989092754,183.86065978185508
56.25151882818159,112.50303765636318
56.91664700546044,113.83329401092088
8.169978215705587,16.339956431411174
61.43859401870595,122.8771880374119
34.452650014921474,68.90530002984295
76.38912851065488,152.77825702130977
36.03781420336891,72.07562840673782
71.0003177753121,142.0006355506242
83.59229703544592,167.18459407089185
12.94842047400403,25.89684094800806
74.04909936087314,148.0981987217463
54.94516931291762,109.89033862583524
97.32101452187557,194.64202904375114
29.249385397384174,58.49877079476835
19.739552785190305,39.47910557038061
50.02059045620557,100.04118091241114
6.21953987974403,12.43907975948806
81.03135752249817,162.06271504499634
69.26819516776592,138.53639033553185
85.56823326760745,171.1364665352149
47.007842152336224,94.01568430467245
10.967429720150523,21.934859440301047
14.977966750461114,29.955933500922228
60.91271342721386,121.82542685442772
67.0006937108667,134.0013874217334
36.873317325606656,73.74663465121331
57.09543841164443,114.19087682328886
48.60053586880373,97.20107173760746
33.310700481546576,66.62140096309315
24.797858901616642,49.595717803233285
91.44848631962162,182.89697263924324
79.80185982188266,159.60371964376532
56.50075370007439,113.00150740014878
23.114354486119982,46.228708972239964
19.546340701511213,39.092681403022425
42.6231392528526,85.2462785057052
28.08260965816839,56.16521931633678
64.58256189106773,129.16512378213545
17.471021302189705,34.94204260437941
1.0017943354956094,2.0035886709912187
67.28562533175197,134.57125066350395
97.85302686449609,195.70605372899217
38.113984021294186,76.22796804258837
87.96387105995174,175.92774211990348
99.7159316679711,199.4318633359422
16.75564421009944,33.51128842019888
75.80055908018947,151.60111816037895
88.02023796796274,176.04047593592549
1.6791835505021169,3.3583671010042337
62.24724346274174,124.49448692548349
1.1609881289770807,2.3219762579541614
94.8536229147204,189.7072458294408
77.3185093538781,154.6370187077562
47.781361866063556,95.56272373212711
4.277474593499786,8.554949186999572
89.71792906777213,179.43585813554427
14.083070614376748,28.166141228753496
46.927518245154765,93.85503649030953
19.260013064076986,38.52002612815397
28.77278026790315,57.5455605358063
1.6843220162717665,3.368644032543533
74.29732294571025,148.5946458914205
32.92341934934989,65.84683869869978
25.92745174049178,51.85490348098356
24.237596282743688,48.475192565487376
61.8816022551649,123.7632045103298
53.32864693003025,106.6572938600605
96.52634856007528,193.05269712015055
55.0847538242469,110.1695076484938
89.50798808389516,179.0159761677903
98.24737510774708,196.49475021549415
26.075037876705785,52.15007575341157
37.66807938648714,75.33615877297429
86.89290417074224,173.78580834148448
82.96419828486628,165.92839656973257
5.99849353956875,11.9969870791375
38.352438771093865,76.70487754218773
31.946594006536266,63.89318801307253
95.344731762298,190.689463524596
1.3657844096593763,2.7315688193187526
61.59145715559096,123.18291431118192
94.5100676425622,189.0201352851244
15.133304228493472,30.266608456986944
38.871502534290684,77.74300506858137
46.59696917503506,93.19393835007013
19.091326546132727,38.182653092265454
10.609757309073874,21.21951461814775
38.26754631235028,76.53509262470055
53.37739620332138,106.75479240664276
65.05320264828023,130.10640529656047
42.64353376183783,85.28706752367566
95.10456313742488,190.20912627484975
90.2711852832611,180.5423705665222
8.391406320321382,16.782812640642764
25.693609251287906,51.38721850257581
68.11786966749978,136.23573933499955
9.969058682097298,19.938117364194596
91.87080431457831,183.74160862915662
77.11544869090659,154.23089738181318
34.50847149549489,69.01694299098978
40.1702491273361,80.3404982546722
42.18056736028621,84.36113472057242
82.23981119664674,164.47962239329348
26.232567594265653,52.465135188531306
60.23118595830058,120.46237191660116
29.459139393945144,58.91827878789029
68.88828431664759,137.77656863329517
38.76305354124806,77.52610708249613
7.355850571002442,14.711701142004884
69.55272871998123,139.10545743996246
85.42006319985212,170.84012639970425
19.29373711439728,38.58747422879456
94.90432127324408,189.80864254648816
18.530171511966564,37.06034302393313
62.26278121235532,124.52556242471064
96.17409132322676,192.34818264645352
22.063794789361868,44.127589578723736
19.475451580696422,38.950903161392844
36.29418140546574,72.58836281093149
2.3441287949419576,4.688257589883915
55.61043411400996,111.22086822801992
62.26768177304722,124.53536354609444
75.44791094290552,150.89582188581105
80.12673140804995,160.2534628160999
23.769992871968327,47.539985743936654
42.05638313509746,84.11276627019492
61.285143317225945,122.57028663445189
17.1374150154165,34.274830030833
21.320076617392058,42.640153234784115
46.80895122715685,93.6179024543137
42.88830256953603,85.77660513907206
98.38436140566283,196.76872281132566
74.57082439965414,149.14164879930829
13.481781699676453,26.963563399352907
74.70291915943781,149.40583831887562
65.86777083483942,131.73554166967884
33.06644404755982,66.13288809511964
21.400759661213897,42.801519322427794
55.210805076075054,110.42161015215011
72.50538236430708,145.01076472861416
32.226623160890455,64.45324632178091
68.48493823570053,136.96987647140105
7.583356060035539,15.166712120071079
76.10159250636266,152.20318501272533
24.7622054372844,49.5244108745688
72.78858570790656,145.57717141581313
78.96451394753308,157.92902789506616
62.67375938351716,125.34751876703432
53.489399271766835,106.97879854353367
33.16067883655256,66.32135767310513
1.1764231616363752,2.3528463232727503
24.03516207887918,48.07032415775836
99.71765168693616,199.43530337387233
62.88710678576933,125.77421357153867
53.50194114996689,107.00388229993378
52.170462052233965,104.34092410446793
36.07086555431361,72.14173110862723
85.16023232771983,170.32046465543965
23.708061669669632,47.416123339339265
23.661288531608637,47.322577063217274
35.31709359354761,70.63418718709522
75.52432493321443,151.04864986642886
97.03392418333493,194.06784836666986
4.393900303518283,8.787800607036566
18.893774794718578,37.787549589437155
68.46403219531038,136.92806439062076
10.65503467068336,21.31006934136672
54.201061527751534,108.40212305550307
21.110108411866392,42.220216823732784
64.83999522749855,129.6799904549971
1.852594830431542,3.705189660863084
87.30455003642781,174.60910007285563
56.73131962875755,113.4626392575151
6.192477802735019,12.384955605470038
67.87402336387036,135.74804672774073
74.7419326559188,149.4838653118376
76.60890826938646,153.21781653877292
32.47430020905511,64.94860041811022
46.36104935942782,92.72209871885563
97.5110276700157,195.0220553400314
35.82069502293197,71.64139004586394
35.62204696469728,71.24409392939457
51.671425823456815,103.34285164691363
44.687754555648226,89.37550911129645
53.57338092496329,107.14676184992658
5.148855656878315,10.29771131375663
39.654731546344145,79.30946309268829
4.1974120101293195,8.394824020258639
12.24417500787508,24.48835001575016
24.76503539648651,49.53007079297302
37.827530612162406,75.65506122432481
79.1844226154186,158.3688452308372
27.028794565164027,54.057589130328054
45.23175217553843,90.46350435107686
7.051465984608429,14.102931969216858
93.42566943856959,186.85133887713917
8.269584378904016,16.53916875780803
13.479958645564949,26.959917291129898
50.60964630734526,101.21929261469052
99.3645361799076,198.7290723598152
18.8111387331233,37.6222774662466
89.74114038968266,179.4822807793653
84.64605302016763,169.29210604033526
54.98662839993942,109.97325679987884
71.08644954738054,142.17289909476108
94.85128705939154,189.70257411878308
42.73035231781122,85.46070463562243
7.3521647740599105,14.704329548119821
13.560583651049829,27.121167302099657
57.15455986586456,114.30911973172913
29.200766742212526,58.40153348442505
23.405647422979136,46.81129484595827
80.76173471495133,161.52346942990266
42.45447376249123,84.90894752498247
60.970039838392466,121.94007967678493
63.42006947906563,126.84013895813126
43.999448373104244,87.99889674620849
8.229050530374582,16.458101060749165
47.50210780576683,95.00421561153367
15.420787722917684,30.841575445835367
6.266196598906526,12.532393197813052
94.0447339676875,188.089467935375
70.00972989800557,140.01945979601115
12.158557214792031,24.317114429584063
9.323221646863677,18.646443293727355
4.593365828097751,9.186731656195501
58.27890840545283,116.55781681090566
34.0128174909339,68.0256349818678
14.93904499438068,29.87808998876136
6.009218090841628,12.018436181683256
67.73376196839791,135.46752393679583
36.530950703217066,73.06190140643413
47.85340840623189,95.70681681246379
18.319630227086204,36.63926045417241
16.89472354650209,33.78944709300418
76.40340083342242,152.80680166684485
61.71605508913769,123.43211017827538
35.091625427555506,70.18325085511101
24.397053401181324,48.79410680236265
55.44822051815967,110.89644103631935
80.6495271337113,161.2990542674226
89.93906742038563,179.87813484077125
39.16101297616711,78.32202595233422
20.49185960220091,40.98371920440182
85.82925541759897,171.65851083519794
29.214603527297356,58.42920705459471
10.891420505088334,21.782841010176668
48.09945423378571,96.19890846757141
5.767620945622998,11.535241891245995
35.66204346958052,71.32408693916103
53.32176847873424,106.64353695746848
57.456291634805844,114.91258326961169
17.51412299466033,35.02824598932066
97.75269089327224,195.5053817865445
85.85116205835946,171.70232411671893
5.441095202467494,10.882190404934988
90.78224899392848,181.56449798785695
31.082643805095778,62.165287610191555
57.171624669867946,114.34324933973589
58.64047403717533,117.28094807435066
41.45356508936383,82.90713017872766
2.46141027769059,4.92282055538118
44.89060406783671,89.78120813567342
52.95015985740983,105.90031971481966
99.28243045567162,198.56486091134323
80.4007274413234,160.8014548826468
80.01293262364113,160.02586524728227
98.00619843228218,196.01239686456435
45.01759037472761,90.03518074945522
32.008656219445484,64.01731243889097
64.66230104231028,129.32460208462055
40.411521527102124,80.82304305420425
42.789616080072314,85.57923216014463
36.14226371478525,72.2845274295705
26.387360983549833,52.774721967099666
11.230351931278616,22.46070386255723
94.13014828104198,188.26029656208397
88.04553014633025,176.0910602926605
48.56113186336064,97.12226372672129
25.61247602773057,51.22495205546114
7.21746531777775,14.4349306355555
72.21907033418744,144.43814066837487
22.984841803881185,45.96968360776237
16.92514690255801,33.85029380511602
81.40533894998012,162.81067789996024
77.16814653257019,154.33629306514038
8.641711707842681,17.283423415685363
75.07100464612158,150.14200929224316
10.64432386684533,21.28864773369066
24.61140191330683,49.22280382661366
43.79928857379647,87.59857714759293
52.51992401914401,105.03984803828801
5.901725798913404,11.803451597826808
1.0927706275009164,2.1855412550018327
4.218420510541554,8.436841021083108
63.943463495494534,127.88692699098907
86.60215054555448,173.20430109110896
94.65566946160351,189.31133892320702
36.08272489234319,72.16544978468637
26.672034448182337,53.344068896364675
64.43714417468489,128.87428834936978
20.517664729758046,41.03532945951609
93.44796392606108,186.89592785212216
10.33272560054278,20.66545120108556
55.16613509423557,110.33227018847114
45.89506279413972,91.79012558827944
60.708044795263724,121.41608959052745
52.60680605150386,105.21361210300772
17.09190377274844,34.18380754549688
47.796029029681385,95.59205805936277
0.9640251870833727,1.9280503741667454
17.506251506767466,35.01250301353493
84.82211832618043,169.64423665236086
8.520057433559103,17.040114867118206
95.93767632752574,191.87535265505147
27.668871445900223,55.337742891800445
35.595979149328436,71.19195829865687
39.288868101957995,78.57773620391599
67.10587896721626,134.2117579344325
14.849456001218563,29.698912002437126
84.8550953702506,169.7101907405012
82.3725682860798,164.7451365721596
89.78486705315643,179.56973410631286
71.5929342460289,143.1858684920578
61.604862043765316,123.20972408753063
21.37441137840488,42.74882275680976
96.83535049045445,193.6707009809089
88.94894943188523,177.89789886377045
8.63101377211265,17.2620275442253
28.142400209964592,56.284800419929184
25.30062561957822,50.60125123915644
21.840438277819718,43.680876555639436
1.2441598942680598,2.4883197885361197
72.65716734137341,145.31433468274682
49.395006065803045,98.79001213160609
71.75010710389243,143.50021420778486
82.67675658910044,165.35351317820087
11.630561845749432,23.261123691498863
20.228278048189896,40.45655609637979
19.30534223979977,38.61068447959954
87.00645162292497,174.01290324584994
56.71697499483695,113.4339499896739
89.84679970354615,179.6935994070923
65.84658331247192,131.69316662494384
89.82900868210702,179.65801736421403
34.18430716598409,68.36861433196817
44.12847053489038,88.25694106978077
77.29328081720126,154.58656163440253
6.720018225130387,13.440036450260774
82.84524018439072,165.69048036878144
24.047792941569966,48.09558588313993
29.81343469498744,59.62686938997488
88.54344972889467,177.08689945778934
66.20369907900744,132.40739815801487
41.66825356764509,83.33650713529018
12.866146630343023,25.732293260686045
42.3072501417199,84.6145002834398
78.33645354945466,156.67290709890932
86.93407114657062,173.86814229314123
28.831622917978848,57.663245835957696
39.2772460601923,78.5544921203846
43.465869156114934,86.93173831222987
84.02981731373168,168.05963462746337
63.21007342774328,126.42014685548656
1.8026323885621753,3.6052647771243507
63.528823184172836,127.05764636834567
83.95031787043162,167.90063574086324
50.80639799294799,101.61279598589599
13.316950352400426,26.63390070480085
54.36883877835867,108.73767755671734
27.484568166716084,54.96913633343217
42.85871758352747,85.71743516705494
91.93312812782915,183.8662562556583
82.12412587460767,164.24825174921534
63.07245427174374,126.14490854348747
20.206453993725038,40.412907987450076
67.16210029477114,134.32420058954227
66.94706168049434,133.8941233609887
93.8747178775827,187.7494357551654
79.98121623416903,159.96243246833805
65.39369857805455,130.7873971561091
20.026280505669536,40.05256101133907
7.11596282524053,14.23192565048106
58.347495969627396,116.69499193925479
39.92020995792305,79.8404199158461
0.950957977482092,1.901915954964184
69.79167626937948,139.58335253875896
55.51691873632504,111.03383747265008
39.346948123817505,78.69389624763501
58.041350795458655,116.08270159091731
48.686099807729846,97.37219961545969
87.34123179692062,174.68246359384125
79.43952349372132,158.87904698744265
96.0822833524625,192.164566704925
96.0186516772691,192.0373033545382
86.6836676271283,173.3673352542566
51.335101542943576,102.67020308588715
90.4325298643478,180.8650597286956
35.44604886515437,70.89209773030873
67.92688026111735,135.8537605222347
26.463278915620727,52.92655783124145
30.47179586701876,60.94359173403752
22.274123662723966,44.54824732544793
60.87867600914952,121.75735201829904
84.62764463624491,169.25528927248982
30.27311435379607,60.54622870759214
63.567726842719,127.135453685438
89.5769542322577,179.1539084645154
60.03277540530233,120.06555081060466
3.2775742862162227,6.555148572432445
12.89594010086299,25.79188020172598
76.2688919821102,152.5377839642204
62.846387717266516,125.69277543453303
23.79327228783502,47.58654457567004
16.846676310916376,33.69335262183275
25.64559357004392,51.29118714008784
8.166219997385005,16.33243999477001
72.72608172996775,145.4521634599355
60.01835737960658,120.03671475921315
47.779586373199955,95.55917274639991
79.90757445872995,159.8151489174599
98.22072318618453,196.44144637236906
93.89189804751302,187.78379609502605
9.674721724263058,19.349443448526117
49.8778703944097,99.7557407888194
87.88862739408292,175.77725478816583
83.537635192032,167.075270384064
6.4409620308686355,12.881924061737271
70.12996633229004,140.25993266458008
35.450899254534896,70.90179850906979
46.35225529649757,92.70451059299513
21.46878837108176,42.93757674216352
76.73580206169966,153.47160412339932
79.93008782351183,159.86017564702365
71.58252622928232,143.16505245856465
67.44146498686354,134.88292997372707
94.97583945167256,189.9516789033451
2.3927447169076355,4.785489433815271
56.25121572933121,112.50243145866241
31.676017602229976,63.35203520445995
64.94352976585243,129.88705953170486
59.64107544977871,119.28215089955742
78.33099354537661,156.66198709075323
42.9179014264055,85.835802852811
72.32146437814569,144.64292875629138
59.4759614949533,118.9519229899066
46.58254824100908,93.16509648201816
60.51416435011638,121.02832870023276
82.91033856454231,165.82067712908463
86.40836214655387,172.81672429310774
76.83144890829156,153.66289781658313
53.272729330514636,106.54545866102927
36.2833569413702,72.5667138827404
70.40488623833575,140.8097724766715
32.14133416253128,64.28266832506256
80.01091912428367,160.02183824856735
3.491016883772957,6.982033767545914
86.15457364019092,172.30914728038184
14.010215506910551,28.020431013821103
63.11844960924537,126.23689921849073
36.53052152016608,73.06104304033217
44.37440766761015,88.7488153352203
78.83163463763219,157.66326927526438
98.24610204044116,196.49220408088232
9.183891687028112,18.367783374056224
41.967455861205735,83.93491172241147
97.49160536592115,194.9832107318423
30.818816427288365,61.63763285457673
16.185778074414614,32.37155614882923
61.41780050810743,122.83560101621487
3.8305378858374817,7.661075771674963
11.312078339778363,22.624156679556727
67.3821500626363,134.7643001252726
77.53262215701214,155.06524431402428
65.69662731732058,131.39325463464115
49.579706602893495,99.15941320578699
49.95539600310337,99.91079200620673
42.99930102562085,85.9986020512417
55.816215847139375,111.63243169427875
31.81394262689593,63.62788525379186
71.1650555097875,142.330111019575
61.67236753528348,123.34473507056695
18.203407880131127,36.406815760262255
92.1192203222377,184.2384406444754
32.625217555756855,65.25043511151371
86.47187921948805,172.9437584389761
50.09233182315012,100.18466364630024
78.08681823440418,156.17363646880835
31.486080794344986,62.97216158868997
70.53308134593304,141.06616269186608
81.19160343103847,162.38320686207695
34.220708376808076,68.44141675361615
67.19254844800177,134.38509689600355
44.34359899286782,88.68719798573564
97.04066938353778,194.08133876707555
5.178962070648085,10.35792414129617
25.401776285901978,50.803552571803955
47.84530067077124,95.69060134154248
56.72939598456034,113.45879196912068
1.0325057716879749,2.0650115433759497
54.65759286019731,109.31518572039462
35.9568820387933,71.9137640775866
53.95048039586685,107.9009607917337
81.62235568551318,163.24471137102637
40.149632135486904,80.29926427097381
45.62792243239616,91.25584486479232
39.86273694901319,79.72547389802638
81.51109864814545,163.0221972962909
0.3928082693570145,0.785616538714029
19.368647813070705,38.73729562614141
41.216816142267035,82.43363228453407
28.142610446098203,56.285220892196406
64.27894479915444,128.5578895983089
64.18814849028254,128.3762969805651
30.234803363135654,60.46960672627131
4.337909996582246,8.675819993164492
16.76782460180086,33.53564920360172
39.051404066421405,78.10280813284281
77.42265035508127,154.84530071016255
64.07563400083664,128.1512680016733
57.382863159884835,114.76572631976967
91.43798421455442,182.87596842910884
4.768454231074559,9.536908462149118
87.19749843204363,174.39499686408726
73.13001093986409,146.26002187972819
32.07611907404697,64.15223814809394
86.40311451177213,172.80622902354426
17.064081880165038,34.128163760330075
31.41973766366023,62.83947532732046
47.990569550381046,95.98113910076209
56.10780914292105,112.2156182858421
2.3111911406284102,4.6223822812568205
84.09458609649315,168.1891721929863
86.27875740711038,172.55751481422075
56.185259725544825,112.37051945108965
57.856665700273524,115.71333140054705
52.27413819797489,104.54827639594978
94.56070021991117,189.12140043982234
86.27582286962662,172.55164573925325
25.64630670183281,51.29261340366562
87.80623478301118,175.61246956602236
77.39751300017267,154.79502600034533
75.9854262135697,151.9708524271394
64.77693979169635,129.5538795833927
39.4300288322929,78.8600576645858
69.52597379414973,139.05194758829947
67.61537025210681,135.23074050421363
14.536263046071296,29.072526092142592
19.4022125807898,38.8044251615796
86.63234072394708,173.26468144789416
78.03815436299621,156.07630872599242
19.091191003998375,38.18238200799675
15.691375762319637,31.382751524639275
26.043809627845395,52.08761925569079
57.32878072321247,114.65756144642494
99.16979167906267,198.33958335812534
91.7185133921189,183.4370267842378
64.75458875583165,129.5091775116633
86.05132098595712,172.10264197191424
33.991227285073,67.982454570146
35.36456086280718,70.72912172561436
40.92803332590284,81.85606665180568
69.70442121867272,139.40884243734544
50.652329343685935,101.30465868737187
91.5362340441957,183.0724680883914
74.14479128807399,148.28958257614798
35.05229045015352,70.10458090030704
54.19229717933255,108.3845943586651
9.546219417627466,19.09243883525493
84.2644930190564,168.5289860381128
4.168270755243364,8.336541510486729
92.90499685134674,185.80999370269348
73.75253047234159,147.50506094468318
53.99719321246699,107.99438642493398
97.90914818461289,195.81829636922578
85.17559392775823,170.35118785551646
93.30336340304048,186.60672680608096
15.190294983769315,30.38058996753863
33.03030413096535,66.0606082619307
14.655456988993699,29.310913977987397
54.61491800461473,109.22983600922946
68.30802849905292,136.61605699810585
24.37958918584825,48.7591783716965
73.26524993081148,146.53049986162296
39.11339256116742,78.22678512233485
93.39465911291657,186.78931822583314
97.72774818632651,195.45549637265302
26.500646985645826,53.00129397129165
28.29252594192915,56.5850518838583
97.96853627455462,195.93707254910925
90.9627835564981,181.9255671129962
71.55655897543002,143.11311795086004
57.95154879826114,115.90309759652229
12.590801585688638,25.181603171377276
24.248244267444175,48.49648853488835
61.76772637986995,123.5354527597399
38.44118445143155,76.8823689028631
15.086248216577648,30.172496433155295
42.978833520791504,85.95766704158301
30.41760931774027,60.83521863548054
41.10751601850641,82.21503203701282
84.89644744282802,169.79289488565604
4.329915229879289,8.659830459758577
55.90480264016428,111.80960528032855
64.16345599521671,128.32691199043342
48.14865782492905,96.2973156498581
72.91485484650077,145.82970969300155
25.06999675953748,50.13999351907496
6.72711953798284,13.45423907596568
5.978610361538017,11.957220723076034
8.068064520994966,16.136129041989932
86.01781807602083,172.03563615204166
46.11151347710128,92.22302695420257
52.766613790889735,105.53322758177947
15.277431215689708,30.554862431379416
74.9790445598835,149.958089119767
90.78553821604872,181.57107643209744
2.4370887718879852,4.8741775437759705
84.6951194171018,169.3902388342036
75.38491404096087,150.76982808192173
49.4284288508476,98.8568577016952
27.78744288236418,55.57488576472836
98.04128652445971,196.08257304891941
60.821970369084845,121.64394073816969
83.81146805501413,167.62293611002826
48.04262382373257,96.08524764746514
91.55435046348511,183.10870092697022
99.92129320469658,199.84258640939316
66.1729574234028,132.3459148468056
98.39673586831466,196.79347173662933
88.81810634102798,177.63621268205597
34.86696366798914,69.73392733597828
81.8612441486356,163.7224882972712
80.59364172445508,161.18728344891016
32.858618543361274,65.71723708672255
56.09257636540469,112.18515273080938
57.49548111987145,114.9909622397429
69.13247040951414,138.26494081902828
45.89521334161061,91.79042668322121
63.09598499346072,126.19196998692144
81.93122950903242,163.86245901806484
20.32782513336414,40.65565026672828
0.10674684144325042,0.21349368288650084
6.765077129522979,13.530154259045958
91.4134228588253,182.8268457176506
18.054069881662805,36.10813976332561
88.11006940797009,176.22013881594017
0.08918862432873986,0.17837724865747973
61.032300725215805,122.06460145043161
96.70561365003728,193.41122730007456
13.674612002004316,27.349224004008633
90.30942619671903,180.61885239343806
7.232860396126862,14.465720792253723
4.633566162369762,9.267132324739524
66.57583199229428,133.15166398458857
59.30105890222741,118.60211780445482
92.89838751120166,185.79677502240332
60.159593565028416,120.31918713005683
6.357820012036641,12.715640024073283
33.187098291535996,66.37419658307199
55.38369370711488,110.76738741422976
88.46163220964797,176.92326441929595
16.312014863247747,32.62402972649549
65.6937351630586,131.3874703261172
44.914820354047116,89.82964070809423
41.52781378156267,83.05562756312534
25.83103681732368,51.66207363464736
59.0284229336645,118.056845867329
98.27923713520991,196.55847427041982
21.983717476865216,43.96743495373043
86.73692599649408,173.47385199298816
64.08768496739297,128.17536993478595
15.683524690470563,31.367049380941125
60.34062006721693,120.68124013443386
0.16165455891665736,0.32330911783331473
86.36635488614033,172.73270977228066
16.4078189087972,32.8156378175944
12.402638684356537,24.805277368713075
20.089145274482455,40.17829054896491
30.49415550624639,60.98831101249278
99.59619575007925,199.1923915001585
67.10938094817139,134.21876189634278
95.95232114264117,191.90464228528234
74.67891109744563,149.35782219489127
34.33108885267434,68.66217770534868
67.16297229076386,134.32594458152772
18.282744847851117,36.56548969570223
78.55683857290151,157.11367714580302
55.194293194235286,110.38858638847057
2.289842430041822,4.579684860083644
5.7953723200187435,11.590744640037487
98.09557254223861,196.19114508447723
41.10745854935364,82.21491709870728
0.7610178575459869,1.5220357150919739
17.103664033104018,34.207328066208035
44.8338301902413,89.6676603804826
11.319314674102587,22.638629348205175
96.72717758070249,193.45435516140498
7.290487174371984,14.580974348743968
15.308877818855503,30.617755637711007
18.932788358039353,37.86557671607871
52.07199196603116,104.14398393206233
91.94623054238838,183.89246108477676
18.77591211163091,37.55182422326182
8.627884002260755,17.25576800452151
32.14910637170759,64.29821274341518
51.33594853206942,102.67189706413885
69.12284530940137,138.24569061880274
71.06505981385418,142.13011962770835
51.17793623276066,102.35587246552132
75.62454356622764,151.2490871324553
18.25500030343754,36.51000060687508
97.04345922392241,194.08691844784482
38.8718791173035,77.743758234607
66.56164222876903,133.12328445753806
70.70438525195648,141.40877050391296
68.27480513161393,136.54961026322786
15.666854022038335,31.33370804407667
85.96594713127607,171.93189426255213
16.129952122630108,32.259904245260216
70.68351095806958,141.36702191613915
64.54897997553711,129.09795995107422
98.88106727587275,197.7621345517455
13.114885723441716,26.229771446883433
24.761084971229373,49.522169942458746
74.66857983970817,149.33715967941635
78.08337061489466,156.16674122978932
72.03662173928547,144.07324347857093
98.07025019549903,196.14050039099806
86.24617494809486,172.49234989618972
47.34466493989089,94.68932987978178
78.7932504508675,157.586500901735
3.8660326948130375,7.732065389626075
45.678337046931695,91.35667409386339
7.744868768318691,15.489737536637382
65.13379246149462,130.26758492298924
21.258632727573744,42.51726545514749
37.63031908646314,75.26063817292628
18.75632691403949,37.51265382807898
51.54712109861613,103.09424219723226
74.6892804895809,149.3785609791618
17.49429179077807,34.98858358155614
19.448398214355045,38.89679642871009
36.57470480647156,73.14940961294312
20.87718255767026,41.75436511534052
91.77060157395981,183.54120314791962
73.66545693088723,147.33091386177446
67.19716685725093,134.39433371450187
53.18960956679077,106.37921913358154
61.81496644260024,123.62993288520047
30.14202892550546,60.28405785101092
69.85508493285984,139.71016986571968
18.49483902931003,36.98967805862006
74.47192585961618,148.94385171923236
94.45745511861337,188.91491023722674
79.36400422098299,158.72800844196598
21.57220923566614,43.14441847133228
77.19811053311793,154.39622106623585
36.08503888046316,72.17007776092632
7.873686493329557,15.747372986659114
65.92667643902612,131.85335287805225
52.791826417395605,105.58365283479121
25.018355148976134,50.03671029795227
90.83046433688354,181.66092867376707
5.740223590402094,11.480447180804187
96.5904736253339,193.1809472506678
2.200533340420441,4.401066680840882
67.44115390436693,134.88230780873386
75.43307310841143,150.86614621682287
96.20633590141311,192.41267180282622
4.0453083362022575,8.090616672404515
79.07497179264232,158.14994358528463
75.47165888727301,150.94331777454602
0.3069339059319165,0.613867811863833
79.04237614875011,158.08475229750022
16.087806129844694,32.17561225968939
38.47892699480817,76.95785398961634
64.22544332663158,128.45088665326315
48.39715633586099,96.79431267172198
68.84595112531532,137.69190225063065
44.97968389328749,89.95936778657499
66.22873472973892,132.45746945947784
67.96967880074212,135.93935760148423
41.312557775271245,82.62511555054249
26.614833559627215,53.22966711925443
77.01340730890801,154.02681461781603
57.82188638363793,115.64377276727586
19.832790888663652,39.665581777327304
43.24296278728209,86.48592557456418
98.35563643175905,196.7112728635181
98.66990627390902,197.33981254781804
56.224605814896144,112.44921162979229
30.95331507951389,61.90663015902778
38.331314611063696,76.66262922212739
33.605468006790296,67.21093601358059
14.460717855646244,28.92143571129249
35.01268991591764,70.02537983183528
12.85981800161088,25.71963600322176
31.6329738452647,63.2659476905294
49.23368558599805,98.4673711719961
65.38674743855233,130.77349487710467
25.63978941988867,51.27957883977734
23.77423368089434,47.54846736178868
21.391280534257927,42.782561068515854
13.88255570202519,27.76511140405038
64.37847345518449,128.75694691036898
97.4243985035794,194.8487970071588
37.895844097957855,75.79168819591571
54.43007349727863,108.86014699455725
51.760579492743055,103.52115898548611
2.0756456104433885,4.151291220886777
92.23169498858145,184.4633899771629
73.04744098210301,146.09488196420602
37.656090666375654,75.31218133275131
21.72654396581232,43.45308793162464
80.77397983244563,161.54795966489127
50.459644630899966,100.91928926179993
51.225311948526084,102.45062389705217
4.304871206247207,8.609742412494414
45.99172370561661,91.98344741123321
94.550262009641,189.100524019282
88.47781321773229,176.95562643546458
16.599820155035573,33.199640310071146
35.803624054520824,71.60724810904165
14.719075424670613,29.438150849341227
5.715798317344434,11.431596634688868
67.71774370929072,135.43548741858143
23.41066572205005,46.8213314441001
33.913636428549296,67.82727285709859
74.82291820365789,149.64583640731578
54.17675625242126,108.35351250484251
32.16106380923939,64.32212761847877
79.21970752670087,158.43941505340175
62.47325553435649,124.94651106871298
36.932434895762555,73.86486979152511
45.63746383694157,91.27492767388314
80.4583867947737,160.9167735895474
70.95384645358746,141.90769290717492
15.022898420998887,30.045796841997774
14.593500906145385,29.18700181229077
75.90463121551029,151.80926243102058
6.85018325547494,13.70036651094988
5.4320990078397635,10.864198015679527
40.829006440461924,81.65801288092385
48.72535112424647,97.45070224849295
71.12579038250563,142.25158076501125
54.203454810925166,108.40690962185033
96.18241238700222,192.36482477400443
34.60894633799917,69.21789267599834
73.56414158392879,147.12828316785757
75.84900222110905,151.6980044422181
73.89976112865733,147.79952225731466
65.40428294384417,130.80856588768833
92.01917159437,184.03834318874
8.004331141001387,16.008662282002774
84.34801453940038,168.69602907880076
13.787169905208996,27.574339810417992
19.99077540694165,39.9815508138833
39.7739980679229,79.5479961358458
61.776473794742834,123.55294758948567
54.18990606079467,108.37981212158934
72.59167825854108,145.18335651708216
31.905552478224465,63.81110495644893
53.06197078972213,106.12394157944426
54.22954578796196,108.45909157592392
52.40429722448417,104.80859444896834
12.6355700876693,25.2711401753386
47.77489628509651,95.54979257019302
99.20115001197998,198.40230002395995
19.879218116082264,39.75843623216453
59.089924211542545,118.17984842308509
48.941380897371204,97.88276179474241
1.229409026810957,2.458818053621914
47.29623566693773,94.59247133387547
10.855131528609874,21.71026305721975
77.86442488494411,155.72884976988823
22.25281931865287,44.50563863730574
94.68750323882195,189.3750064776439
23.738292181361587,47.47658436272317
39.791367637071886,79.58273527414377
9.088433002017215,18.17686600403443
6.470841431797913,12.941682863595826
18.101547470793754,36.20309494158751
51.2961576696622,102.5923153393244
95.97912924091106,191.95825848182213
93.55772771639948,187.11545543279897
20.680136185044727,41.360272370089454
77.89945798051684,155.79891596103369
15.133781022582749,30.267562045165498
84.54340655874938,169.08681311749876
72.92945919809534,145.8589183961907
83.31448900598491,166.62897801196982
54.6612577214182,109.3225154428364
96.27037579989258,192.54075159978515
50.98814091071936,101.97628182143872
82.83985453099842,165.67970906199685
92.87957931536486,185.75915863072973
0.2281232727144311,0.4562465454288622
30.61957037144817,61.23914074289634
41.675263115769425,83.35052623153885
78.52550533735979,157.05101067471958
98.45892582293546,196.9178516458709
26.634557014546665,53.26911402909333
42.06010295103736,84.12020590207472
60.15322255304808,120.30644510609616
53.071201205128226,106.14240241025645
73.64926464121457,147.29852928242914
58.44906650752576,116.89813301505151
11.440287853795727,22.880575707591454
27.548973692471424,55.09794738494285
83.83596323933908,167.67192647867816
12.184692345965287,24.369384691930573
24.06543081756344,48.13086163512688
47.31221622259516,94.62443244519032
55.7088816901536,111.4177633803072
54.21159980118454,108.42319960236908
43.137248624789706,86.27449724957941
20.81207775267513,41.62415550535026
95.40103703511281,190.80207407022561
4.385813241341996,8.771626482683992
16.778184059875556,33.55636811975111
20.791681235672264,41.58336247134453
90.05526205581435,180.1105241116287
64.04478622503339,128.08957245006678
55.200624621204,110.401249242408
37.35982191748626,74.71964383497252
69.47109232977414,138.94218465954827
46.72421128564873,93.44842257129746
79.05922195134765,158.1184439026953
10.25694126290685,20.5138825258137
29.68854656428157,59.37709312856314
29.62466864550094,59.24933729100188
92.04355398963581,184.08710797927162
72.39796808148233,144.79593616296467
86.40232814792071,172.80465629584143
98.77087200856802,197.54174401713604
37.10920199621477,74.21840399242954
85.82298157834384,171.64596315668769
15.089540120638457,30.179080241276914
23.644758899093198,47.289517798186395
34.7767740214659,69.5535480429318
22.832995474256414,45.66599094851283
76.85376418109713,153.70752836219427
50.81174792273225,101.6234958454645
65.45020948513998,130.90041897027996
0.3681729674259726,0.7363459348519452
47.69815641808128,95.39631283616256
72.61906401441416,145.23812802882833
11.373960222785973,22.747920445571946
65.23702408005923,130.47404816011846
10.054829783579633,20.109659567159266
26.158119549508495,52.31623909901699
71.88193576398646,143.76387152797292
52.347518188181255,104.69503637636251
78.8080392148792,157.6160784297584
25.961988035762563,51.923976071525125
20.265376671942914,40.53075334388583
17.886954964175906,35.77390992835181
29.80277295389875,59.6055459077975
39.34166003589746,78.68332007179492
98.41336284664014,196.82672569328028
60.98237382327423,121.96474764654846
50.43972673317618,100.87945346635236
51.92047803321343,103.84095606642686
59.05773254008702,118.11546508017403
34.66885735825144,69.33771471650287
36.110054271864435,72.22010854372887
75.62524848669531,151.25049697339063
89.09833269474662,178.19666538949323
35.27368784708019,70.54737569416038
11.916205168389315,23.83241033677863
94.07418333455058,188.14836666910116
73.20915160007043,146.41830320014085
27.76639817787433,55.53279635574866
81.67909095764941,163.35818191529881
61.95333714036836,123.90667428073672
59.68605027343353,119.37210054686706
58.802651294949506,117.60530258989901
39.023133686391674,78.04626737278335
85.743599085576,171.487198171152
69.8231508782661,139.6463017565322
89.03607270608885,178.0721454121777
38.606275146781876,77.21255029356375
97.79980142594519,195.59960285189038
69.91408716336963,139.82817432673926
87.87219985239484,175.74439970478969
30.96662085774151,61.93324171548302
3.4836104328764717,6.967220865752943
67.98241120351369,135.96482240702738
1.664223540458598,3.328447080917196
21.378751179573264,42.75750235914653
44.116474763633406,88.23294952726681
89.71495563620599,179.42991127241197
57.39721647937841,114.79443295875681
23.51363339643966,47.02726679287932
84.09174176378903,168.18348352757806
60.33666679371097,120.67333358742194
29.074859506805982,58.149719013611964
3.359611526778472,6.719223053556944
59.054300708202355,118.10860141640471
52.08030923909538,104.16061847819076
8.626058905000288,17.252117810000577
84.87274752548682,169.74549505097363
25.569158111234145,51.13831622246829
95.01049484812391,190.02098969624782
2.0479742468807016,4.095948493761403
28.921763558471337,57.843527116942674
7.2066257048123745,14.413251409624749
46.669793757116395,93.33958751423279
94.44067288328898,188.88134576657797
83.57673654906031,167.15347309812063
12.36462143154833,24.72924286309666
86.85827566038421,173.71655132076842
39.381703484959075,78.76340696991815
41.64081893175203,83.28163786350406
49.589503547523925,99.17900709504785
80.30132329709416,160.60264659418831
7.011894303117916,14.023788606235833
94.23267559585328,188.46535119170656
3.4431038776234324,6.886207755246865
33.58797057589983,67.17594115179966
58.16334779739842,116.32669559479685
74.08581746629773,148.17163493259545
33.779245770253254,67.55849154050651
70.4197360793338,140.8394721586676
96.10850082748793,192.21700165497586
61.487070839824256,122.97414167964851
1.2398691734895828,2.4797383469791656
89.45440351219457,178.90880702438915
28.862528842437552,57.725057684875104
23.400770489867906,46.80154097973581
70.57171330318015,141.1434266063603
97.50126183977257,195.00252367954513
19.74171081335353,39.48342162670706
23.90327945952012,47.80655891904024
49.87739089628318,99.75478179256636
57.027868948608294,114.05573789721659
88.40143013023769,176.80286026047537
89.75824096001574,179.51648192003148
90.4231937386327,180.8463874772654
31.57149224251895,63.1429844850379
25.467349785769656,50.93469957153931
65.19504386533913,130.39008773067826
54.37458283668677,108.74916567337354
11.038980429590318,22.077960859180635
74.89307239600252,149.78614479200505
84.73680389277668,169.47360778555336
31.42607421492857,62.85214842985714
26.397824861594287,52.795649723188575
24.2512836286395,48.502567257279
82.99705272711948,165.99410545423896
57.32296304170158,114.64592608340315
41.96273611806309,83.92547223612618
48.399967265513965,96.79993453102793
34.056545328562216,68.11309065712443
47.42511705048139,94.85023410096278
31.48683863293599,62.97367726587198
26.009656185188234,52.01931237037647
76.51775615037727,153.03551230075453
25.83474410843373,51.66948821686746
64.79301230373726,129.5860246074745
82.35442236611024,164.70884473222048
50.42431705550746,100.84863411101492
5.478068491492927,10.956136982985853
96.99748605007524,193.99497210015048
7.642129103792616,15.284258207585232
31.95088758972765,63.9017751794553
49.146047656403745,98.29209531280749
16.354461014997177,32.708922029994355
46.533543426643156,93.06708685328631
29.11805759444771,58.23611518889542
61.70853475676202,123.41706951352404
52.12873615756054,104.25747231512108
89.05342597118658,178.10685194237317
75.2276585943445,150.455317188689
73.52228359477498,147.04456718954995
45.73927768821131,91.47855537642262
9.550574949132063,19.101149898264126
15.26253049995525,30.5250609999105
98.65834386769757,197.31668773539513
93.73281572288337,187.46563144576675
64.61774010902968,129.23548021805937
12.832540512378898,25.665081024757797
67.51557226470416,135.03114452940832
24.029102031035563,48.05820406207113
44.563844690752816,89.12768938150563
10.425683272331355,20.85136654466271
89.90643256904879,179.81286513809758
74.75945431798283,149.51890863596566
32.16147887842082,64.32295775684165
87.07803331233089,174.15606662466178
45.53778379144953,91.07556758289905
54.86032032061481,109.72064064122962
40.567129398769,81.134258797538
41.55846393688725,83.1169278737745
56.53192217225197,113.06384434450393
68.3408702063161,136.6817404126322
98.69806281598659,197.39612563197318
28.511987607680865,57.02397521536173
26.852915491397834,53.70583098279567
76.90224207412145,153.8044841482429
15.11441616637753,30.22883233275506
55.932266271373074,111.86453254274615
3.5189369585318597,7.0378739170637195
84.28967898715827,168.57935797431654
36.597541013535384,73.19508202707077
73.030927254065,146.06185450813
56.315334385433744,112.63066877086749
87.68747647077156,175.3749529415431
68.01201945990627,136.02403891981254
76.56217862772495,153.1243572554499
72.92304535894539,145.84609071789077
26.80928859286389,53.61857718572778
27.48341397072537,54.96682794145074
65.6999069454573,131.3998138909146
16.682238764736724,33.36447752947345
23.336302961233145,46.67260592246629
31.584958630908023,63.169917261816046
78.90276772014025,157.8055354402805
53.178528510701504,106.35705702140301
93.54817525325304,187.09635050650607
68.75191100892368,137.50382201784737
2.2333656598418794,4.466731319683759
14.440510111102967,28.881020222205933
80.72625368495368,161.45250736990735
37.413021679150674,74.82604335830135
78.16492297881601,156.32984595763202
13.92149527881118,27.84299055762236
21.4401593795982,42.8803187591964
93.7871267524621,187.5742535049242
87.93716324825624,175.87432649651248
9.552985968742266,19.105971937484533
39.76597528078759,79.53195056157519
75.93040027315776,151.86080054631552
73.37763037081379,146.75526074162758
54.27754331303639,108.55508662607278
7.014414661155611,14.028829322311221
65.6846006802678,131.3692013605356
6.364303259627291,12.728606519254582
53.19100273573741,106.38200547147483
86.69145936083777,173.38291872167554
24.312615416204565,48.62523083240913
85.33210345108861,170.66420690217723
90.98637001877923,181.97274003755845
70.74277206157718,141.48554412315437
63.70356181980473,127.40712363960947
35.77725559217285,71.5545111843457
65.74192962895003,131.48385925790006
41.0779465586512,82.1558931173024
3.3675035371071194,6.735007074214239
96.3573104164197,192.7146208328394
26.772613549301216,53.54522709860243
80.80370813165962,161.60741626331924
41.42547281214804,82.85094562429607
90.98923425012366,181.97846850024732
5.622341555175336,11.244683110350673
21.875806448614888,43.751612897229776
46.97964328452028,93.95928656904056
95.46289749638206,190.9257949927641
30.912198805413325,61.82439761082665
59.68952511201985,119.3790502240397
37.23591379914409,74.47182759828819
30.15468216035876,60.30936432071752
19.711080707219566,39.42216141443913
66.98794149336393,133.97588298672787
44.45215362142536,88.90430724285072
95.77134237141482,191.54268474282964
5.8947625748248855,11.789525149649771
18.725530414480673,37.451060828961346
68.38644408959344,136.77288817918688
48.72034364403692,97.44068728807385
31.81573863040372,63.63147726080744
46.33682326851859,92.67364653703719
17.846917430708555,35.69383486141711
87.33561528761926,174.67123057523852
1.1153599770728273,2.2307199541456546
68.2510167484027,136.5020334968054
70.28771101243963,140.57542202487926
63.34330883782114,126.68661767564228
5.254457598864926,10.508915197729852
13.84338584418815,27.6867716883763
83.3229271283474,166.6458542566948
69.65607545529066,139.31215091058132
87.14803404936923,174.29606809873846
96.11040067339655,192.2208013467931
7.474249118366183,14.948498236732366
44.66411431602535,89.3282286320507
64.82950318154128,129.65900636308257
40.9865448705615,81.973089741123
93.57953631660305,187.1590726332061
67.07393633712276,134.14787267424552
48.59339580736034,97.18679161472068
17.79201357690422,35.58402715380844
4.001938494459578,8.003876988919156
66.25824933851356,132.51649867702713
58.81068286622282,117.62136573244564
37.97431286452204,75.94862572904408
25.928144597357793,51.856289194715586
33.34458455235452,66.68916910470904
45.759916420812175,91.51983284162435
36.409236483831094,72.81847296766219
64.6790997108839,129.3581994217678
49.86935550963455,99.7387110192691
39.14331000783714,78.28662001567427
95.40589811975757,190.81179623951513
73.73240961193773,147.46481922387545
23.63221583130072,47.26443166260144
60.62369000737987,121.24738001475974
50.67167990698647,101.34335981397294
45.95907753029517,91.91815506059034
16.834505137101562,33.669010274203124
46.93179726848303,93.86359453696606
15.802328471544547,31.604656943089093
63.87469626445038,127.74939252890076
63.9307236262065,127.861447252413
34.681774610533026,69.36354922106605
11.4369871827517,22.8739743655034
47.44199585758413,94.88399171516826
21.92877569757057,43.85755139514114
35.26118729288742,70.52237458577484
51.89810375496098,103.79620750992196
78.3297996438575,156.659599287715
6.605884578679766,13.211769157359532
44.04084413343961,88.08168826687923
85.98779095748681,171.97558191497362
25.538454206993634,51.07690841398727
16.94301392007187,33.88602784014374
46.556728000440565,93.11345600088113
77.36076864910667,154.72153729821335
52.55234720889064,105.10469441778127
61.285444508812894,122.57088901762579
81.42877876623884,162.85755753247767
65.97827724173068,131.95655448346136
48.587316357939045,97.17463271587809
3.198021475777635,6.39604295155527
63.39077886093233,126.78155772186466
24.097242570245715,48.19448514049143
60.92113656818701,121.84227313637402
78.46663440077764,156.93326880155527
16.5569532495738,33.1139064991476
25.92073504665625,51.8414700933125
48.629508128075585,97.25901625615117
90.76020166134093,181.52040332268186
62.53441476405819,125.06882952811638
53.06404955457148,106.12809910914297
13.832387679424862,27.664775358849724
60.77852580100577,121.55705160201154
53.529202155941334,107.05840431188267
41.914487586713825,83.82897517342765
21.846482062231544,43.69296412446309
36.25834288689829,72.51668577379658
53.17965621516745,106.3593124303349
18.432329150976745,36.86465830195349
5.648745264763599,11.297490529527199
50.112453542767454,100.22490708553491
56.547856500644514,113.09571300128903
90.6410822325363,181.2821644650726
96.27113851850575,192.5422770370115
39.16618192749128,78.33236385498256
9.893599527719454,19.787199055438908
19.71055898848014,39.42111797696028
10.601693562435067,21.203387124870133
44.493276846156874,88.98655369231375
97.32526814674746,194.65053629349492
29.349428334988403,58.698856669976806
34.229907963932995,68.45981592786599
86.88738555636849,173.77477111273697
51.37212909010177,102.74425818020354
85.29678779482707,170.59357558965414
8.779801531326648,17.559603062653295
61.030101134226996,122.06020226845399
10.646129058064268,21.292258116128536
64.33755521584926,128.67511043169853
15.301167352031397,30.602334704062795
45.66826481874365,91.3365296374873
32.06369102280212,64.12738204560424
80.61412752183398,161.22825504366796
93.7556567004405,187.511313400881
7.90582106406651,15.81164212813302
64.27075603821778,128.54151207643557
51.1574479659723,102.3148959319446
98.42007525111731,196.84015050223462
66.27464131171983,132.54928262343967
88.69759116035763,177.39518232071526
17.41476451460091,34.82952902920182
45.24346152026565,90.4869230405313
70.6510780615648,141.3021561231296
30.743412048136744,61.48682409627349
44.93232419236297,89.86464838472594
12.876195788483136,25.75239157696627
2.329107778638717,4.658215557277434
64.34491418953125,128.6898283790625
41.00009168276011,82.00018336552021
89.7483907108171,179.4967814216342
76.54269274613648,153.08538549227296
55.54032612111431,111.08065224222862
88.96938174846657,177.93876349693315
51.407643081545494,102.81528616309099
99.5850910503146,199.1701821006292
65.65103586980989,131.30207173961978
91.79776008234359,183.59552016468717
5.119176379181678,10.238352758363355
14.617940788472627,29.235881576945253
25.684352987301573,51.368705974603145
5.473638485249888,10.947276970499775
47.97691969571511,95.95383939143022
14.139829229319501,28.279658458639002
84.20216256027875,168.4043251205575
40.02592364676553,80.05184729353105
86.31618945951897,172.63237891903793
26.527601375113917,53.055202750227835
49.61417488027591,99.22834976055182
66.75543549415454,133.51087098830908
89.31460914903973,178.62921829807945
9.967093731741317,19.934187463482633
69.79379567546593,139.58759135093186
38.07163582163325,76.1432716432665
19.598173431350375,39.19634686270075
19.048271854678145,38.09654370935629
26.09201142555794,52.18402285111588
71.4357535997411,142.8715071994822
68.50668806105723,137.01337612211447
78.04713860541709,156.09427721083418
19.132712562607047,38.265425125214094
38.90929568665891,77.81859137331782
77.27321815756183,154.54643631512366
3.938655838848848,7.877311677697696
32.412094626477206,64.82418925295441
2.8093460629680767,5.618692125936153
5.128101062993706,10.256202125987413
95.72428197550076,191.44856395100152
50.190847416567095,100.38169483313419
32.47666730978109,64.95333461956218
5.353767377599395,10.70753475519879
46.120234093189104,92.24046818637821
85.83568725836217,171.67137451672434
37.881460516964694,75.76292103392939
86.64963004550083,173.29926009100166
38.93938796039752,77.87877592079504
23.489403645202533,46.978807290405065
57.629633132854984,115.25926626570997
20.704774902214808,41.409549804429616
30.72955462072259,61.45910924144518
79.8390574098284,159.6781148196568
51.24296384131507,102.48592768263013
46.511793822340074,93.02358764468015
80.73865138002195,161.4773027600439
11.48393164622653,22.96786329245306
50.56401056387424,101.12802112774848
90.11495960805436,180.22991921610873
31.228364952347643,62.45672990469529
85.44851703264888,170.89703406529776
17.140836922624803,34.28167384524961
90.64758224443074,181.29516448886147
68.43431243378008,136.86862486756016
45.31767397312314,90.63534794624628
10.578235044497152,21.156470088994304
5.001648811613446,10.003297623226892
55.77515081126084,111.55030162252169
3.92771426917512,7.85542853835024
28.145002061181536,56.29000412236307
97.51098846021462,195.02197692042924
95.71454283724916,191.4290856744983
48.47093407964951,96.94186815929902
62.449427142371526,124.89885428474305
44.901721801191066,89.80344360238213
49.61361150762633,99.22722301525266
4.4719086834006045,8.943817366801209
27.186037918839435,54.37207583767887
49.70858667057341,99.41717334114682
95.46372953917577,190.92745907835155
32.89685772236221,65.79371544472443
60.76470875100718,121.52941750201435
65.04014237169274,130.08028474338548
91.4049273556875,182.809854711375
55.65800819162527,111.31601638325054
14.050377972703298,28.100755945406597
28.66743022763705,57.3348604552741
58.07438673122424,116.14877346244847
32.713747205898926,65.42749441179785
94.96618336255781,189.93236672511563
35.647489559984166,71.29497911996833
93.98020730980055,187.9604146196011
95.22295704587641,190.44591409175283
14.884121426169528,29.768242852339057
95.8611414857506,191.7222829715012
12.522466030492918,25.044932060985836
90.07884822310854,180.15769644621707
52.857147234510634,105.71429446902127
46.35237955838719,92.70475911677438
86.3157741854578,172.6315483709156
56.99272329137672,113.98544658275344
75.1833028047763,150.3666056095526
43.302228881588434,86.60445776317687
75.16470030773071,150.32940061546142
29.906841089154845,59.81368217830969
98.42258175529368,196.84516351058735
96.29962268308215,192.5992453661643
99.0137915649505,198.027583129901
41.77965001447572,83.55930002895144
73.98334121841754,147.96668243683507
18.283954179611918,36.567908359223836
62.766156554593856,125.53231310918771
63.914510525632686,127.82902105126537
26.84292651635539,53.68585303271078
34.43256699784478,68.86513399568956
45.64361378877292,91.28722757754583
60.111343499827996,120.22268699965599
59.551215963738,119.102431927476
17.00658992765016,34.01317985530032
7.167822771478605,14.33564554295721
74.07701797832816,148.15403595665632
26.947575384486054,53.89515076897211
14.562360632550842,29.124721265101684
25.568537250857016,51.13707450171403
72.02935135604677,144.05870271209355
50.037630510908606,100.07526102181721
56.66106888425904,113.32213776851808
16.001515649222743,32.003031298445485
53.13175677184039,106.26351354368077
87.64483295219918,175.28966590439836
90.96396141779388,181.92792283558776
53.12051691817841,106.24103383635682
31.225782268435808,62.451564536871615
66.73689258564173,133.47378517128345
33.74491791815801,67.48983583631602
61.68197305208999,123.36394610417997
90.83977887550506,181.67955775101012
24.214047853752273,48.428095707504546
43.35731481363422,86.71462962726844
38.186566853509326,76.37313370701865
88.60777859129638,177.21555718259276
69.91565290055749,139.83130580111498
50.550761615641996,101.10152323128399
44.4752331518805,88.950466303761
94.19883114071143,188.39766228142287
84.66835038927158,169.33670077854316
94.56137213035144,189.1227442607029
22.912960603097897,45.825921206195794
68.11273224049594,136.2254644809919
26.960465193681983,53.92093038736397
21.06099712345275,42.1219942469055
81.8999635285319,163.7999270570638
8.27413458695906,16.54826917391812
45.495105877629214,90.99021175525843
15.206910984008815,30.41382196801763
25.520450058761092,51.040900117522185
86.70381451389137,173.40762902778275
81.4392509540235,162.878501908047
91.62121024134294,183.24242048268587
3.1735528953588554,6.347105790717711
27.194852505109036,54.38970501021807
26.845324835263394,53.69064967052679
89.89324017047662,179.78648034095323
93.16002258392605,186.3200451678521
31.991335108590956,63.98267021718191
81.49636842902237,162.99273685804474
15.081336178020354,30.16267235604071
80.90452773824576,161.80905547649152
48.39729787613537,96.79459575227074
83.47031543824147,166.94063087648294
30.0758717907197,60.1517435814394
56.395226741919046,112.79045348383809
52.46243632402043,104.92487264804086
56.793628928282146,113.58725785656429
99.30241275633497,198.60482551266995
9.467157308200658,18.934314616401316
37.20054839885949,74.40109679771898
8.542197456872024,17.08439491374405
26.225352058511962,52.450704117023925
17.72414639871027,35.44829279742054
35.3709427818098,70.7418855636196
29.59955232322922,59.19910464645844
91.97998609455774,183.9599721891155
66.49223818020738,132.98447636041476
44.44008517445245,88.8801703489049
83.73689831872323,167.47379663744647
18.445907858008947,36.891815716017895
17.986963613161457,35.973927226322914
34.55870621044593,69.11741242089187
83.73767152211882,167.47534304423763
91.7211936076003,183.4423872152006
35.83928866456992,71.67857732913984
26.213262569874086,52.42652513974817
1.5740509292587412,3.1481018585174825
89.36219807027719,178.72439614055438
1.7145676906479168,3.4291353812958336
21.576225043352625,43.15245008670525
57.6659624532189,115.3319249064378
18.088365394226646,36.17673078845329
79.43528853972549,158.87057707945098
55.7614050588129,111.5228101176258
39.202755781057554,78.40551156211511
70.75090617279537,141.50181234559074
17.162425568147242,34.324851136294484
45.37435536961703,90.74871073923406
78.49360232518617,156.98720465037235
63.98717554175292,127.97435108350584
4.513339219581924,9.026678439163849
72.30589128742632,144.61178257485264
57.30283272003317,114.60566544006635
77.27940485016117,154.55880970032234
53.84727654784503,107.69455309569005
48.41446169842003,96.82892339684005
97.36074902720055,194.7214980544011
28.947325867273342,57.894651734546684
92.60317832782162,185.20635665564325
32.930434402960394,65.86086880592079
84.77315539698482,169.54631079396964
58.55030753158344,117.10061506316688
88.80692036363847,177.61384072727694
60.454186010478,120.908372020956
20.486124859450307,40.97224971890061
8.950897900919507,17.901795801839015
91.97136976308724,183.94273952617448
74.87886208483641,149.75772416967283
71.09533611523294,142.19067223046588
62.62431300451846,125.24862600903693
72.51115926641246,145.02231853282493
59.36014083277629,118.72028166555258
93.10284073133772,186.20568146267544
14.386110342449454,28.772220684898908
49.1647198863614,98.3294397727228
54.97886166636539,109.95772333273078
85.66984375170435,171.3396875034087
81.12875501136449,162.25751002272898
0.5227262856467241,1.0454525712934482
8.72798141953769,17.45596283907538
85.5238718124954,171.0477436249908
10.603283403282626,21.206566806565252
85.8781131888392,171.7562263776784
86.6884258942895,173.376851788579
6.988017533582347,13.976035067164695
22.33751936150602,44.67503872301204
68.74528293201185,137.4905658640237
54.02928494615361,108.05856989230722
23.447280645679346,46.89456129135869
73.41653618830914,146.83307237661828
61.39990552295562,122.79981104591124
71.06140245975449,142.12280491950898
60.69479624253289,121.38959248506578
19.986054375024352,39.972108750048704
81.4637239471022,162.9274478942044
80.15475298337624,160.30950596675248
48.44829289353595,96.8965857870719
53.58886008668878,107.17772017337757
23.85252849047387,47.70505698094774
95.70730784056681,191.41461568113363
31.718032082726744,63.43606416545349
54.56395348932771,109.12790697865542
49.87877797849008,99.75755595698016
16.612251063122574,33.22450212624515
13.671275621831025,27.34255124366205
14.51150107624155,29.0230021524831
16.71328568524575,33.4265713704915
15.85053927610337,31.70107855220674
57.14924592718206,114.29849185436412
45.77486397257987,91.54972794515974
47.38943612817086,94.77887225634171
12.336378370290946,24.672756740581892
50.88101407214369,101.76202814428738
74.35563172535146,148.71126345070292
12.213266785779076,24.426533571558153
46.186382492212715,92.37276498442543
90.7372697973395,181.474539594679
75.6382908527858,151.2765817055716
83.0021040690905,166.004208138181
72.2194251846749,144.4388503693498
0.5035761337611744,1.0071522675223488
95.22112454238973,190.44224908477946
76.87401600383524,153.74803200767047
31.800030211648313,63.600060423296625
44.59841710477984,89.19683420955968
36.61642565432424,73.23285130864848
69.12653390960253,138.25306781920506
97.35238322562103,194.70476645124205
10.17278509153079,20.34557018306158
29.714156776871135,59.42831355374227
49.31096771042831,98.62193542085662
9.053615520571956,18.107231041143912
76.85901254695199,153.71802509390398
44.590000266434274,89.18000053286855
55.47978804939409,110.95957609878818
7.500138826210101,15.000277652420202
69.13074413965417,138.26148827930834
9.261957647665763,18.523915295331527
85.56372852150915,171.1274570430183
59.39706006670821,118.79412013341641
53.56657946017299,107.13315892034598
0.5577334390760358,1.1154668781520716
38.247714382333506,76.49542876466701
90.77238583219254,181.54477166438508
21.88335431164896,43.76670862329792
26.59235617038702,53.18471234077404
64.58518660035823,129.17037320071645
64.07898876487272,128.15797752974544
17.845399149260032,35.690798298520065
14.462134450132558,28.924268900265115
61.151168796846164,122.30233759369233
7.701563581784443,15.403127163568886
21.9122740118343,43.8245480236686
16.460886324445156,32.92177264889031
38.38854223806566,76.77708447613132
38.543804191330665,77.08760838266133
96.04940350832527,192.09880701665054
37.73511864042711,75.47023728085422
3.4948055451224924,6.989611090244985
21.402530797163987,42.805061594327974
26.616439188026884,53.23287837605377
73.25021467634755,146.5004293526951
12.296528921025319,24.593057842050637
96.95157008848751,193.90314017697503
39.0274953851748,78.0549907703496
9.919074710058617,19.838149420117233
64.80224203810815,129.6044840762163
92.23299562423365,184.4659912484673
74.79087141393079,149.58174282786158
51.65606528069296,103.31213056138591
87.33067116956006,174.66134233912013
17.78339843145841,35.56679686291682
99.69313759595171,199.38627519190342
79.47281440555842,158.94562881111685
14.939202028003685,29.87840405600737
9.611701479543811,19.223402959087622
10.768603278068289,21.537206556136578
23.723281801485207,47.446563602970414
10.969440388549035,21.93888077709807
92.95488977531002,185.90977955062004
71.86081158828146,143.72162317656293
28.22235760116911,56.44471520233822
47.77260025356248,95.54520050712496
97.84019099339993,195.68038198679986
67.11797416821821,134.23594833643642
39.925784379425686,79.85156875885137
40.619643829876885,81.23928765975377
81.95404093265255,163.9080818653051
65.99199353905433,131.98398707810867
88.58617033856659,177.17234067713318
93.53241213413229,187.06482426826457
29.10545892266876,58.21091784533752
28.498592600546047,56.997185201092094
38.343145602050186,76.68629120410037
45.0540412920812,90.1080825841624
50.18528802869417,100.37057605738833
20.270400420321998,40.540800840643996
31.027521669900626,62.05504333980125
56.970639732534046,113.94127946506809
74.9499486036142,149.8998972072284
8.250420606532916,16.500841213065833
21.091817430575777,42.18363486115155
29.084549671365412,58.169099342730824
4.745802882293071,9.491605764586142
80.89129096364071,161.78258192728143
55.51545495205191,111.03090990410382
98.86006850460541,197.72013700921082
50.238867797369004,100.47773559473801
11.983268266036207,23.966536532072414
91.76415467344822,183.52830934689644
38.68010637843034,77.36021275686068
81.37526210048911,162.75052420097822
51.892985512923595,103.78597102584719
69.6355777291862,139.2711554583724
73.75313214106633,147.50626428213266
82.79791166246903,165.59582332493807
72.91215179535982,145.82430359071964
89.02105294633441,178.04210589266881
61.03318937073696,122.06637874147393
90.67088230398129,181.34176460796257
82.61536422090519,165.23072844181038
53.31572527899139,106.63145055798277
81.69275430997673,163.38550861995347
37.36417323568551,74.72834647137103
78.71265641643869,157.42531283287738
32.067834995361075,64.13566999072215
17.71371507171291,35.42743014342582
5.4566158423918765,10.913231684783753
94.49460392986659,188.98920785973317
51.910015120467904,103.82003024093581
47.21615389323335,94.4323077864667
81.6362616703341,163.2725233406682
38.543620361594044,77.08724072318809
82.8825397618377,165.7650795236754
74.75051372949785,149.5010274589957
12.59328594277852,25.18657188555704
23.216025094562866,46.43205018912573
89.4623807649085,178.924761529817
56.201239098773826,112.40247819754765
59.62532356711661,119.25064713423322
13.048971971029177,26.097943942058354
57.80665158588234,115.61330317176468
75.56384491593047,151.12768983186095
56.91531645934016,113.83063291868032
7.019346308581387,14.038692617162774
42.48025088962574,84.96050177925147
84.33210199137446,168.66420398274892
59.58945763176119,119.17891526352238
8.101758164754902,16.203516329509803
90.49239590348787,180.98479180697575
33.76048466275709,67.52096932551417
27.068988127973704,54.13797625594741
81.45654784252154,162.9130956850431
12.731919797335179,25.463839594670358
20.101404004480152,40.202808008960304
66.24523454678824,132.49046909357648
78.46709932951704,156.93419865903408
11.064547414199088,22.129094828398177
71.32165070118378,142.64330140236757
7.055300436615353,14.110600873230705
63.83964396734806,127.67928793469612
15.53344938450767,31.06689876901534
50.99852468401033,101.99704936802065
54.15261190988072,108.30522381976144
99.50254255126565,199.0050851025313
31.179351393791567,62.358702787583134
47.150163150512455,94.30032630102491
81.1637543389875,162.327508677975
76.2433122670144,152.4866245340288
93.01837025861333,186.03674051722666
85.18439924722706,170.36879849445413
40.94824195227592,81.89648390455184
28.95246439562692,57.90492879125384
29.54894999235259,59.09789998470518
10.838092355221507,21.676184710443014
42.41721537103883,84.83443074207766
87.84017750899295,175.6803550179859
70.63876534978732,141.27753069957464
27.755068179175048,55.510136358350096
27.129056261356922,54.258112522713844
32.05608054756548,64.11216109513096
64.30011462906134,128.60022925812268
52.116636839810525,104.23327367962105
43.02721225671221,86.05442451342442
30.921453231398075,61.84290646279615
10.595567800983808,21.191135601967616
39.78722343625909,79.57444687251818
98.50395519302917,197.00791038605834
99.29409654714286,198.5881930942857
73.43521865454363,146.87043730908727
46.01073605368371,92.02147210736742
79.87560854753218,159.75121709506436
49.55556895802248,99.11113791604495
58.46658393939214,116.93316787878427
79.03420822066045,158.0684164413209
10.40613114962884,20.81226229925768
12.843336185722244,25.686672371444487
75.95752191144275,151.9150438228855
65.10195510922196,130.20391021844392
98.91105870586526,197.82211741173052
53.819328693943525,107.63865738788705
67.18359287662679,134.36718575325358
59.779852300671465,119.55970460134293
67.14756086458056,134.2951217291611
2.6854370171397246,5.370874034279449
90.49184044252443,180.98368088504887
38.22481506666702,76.44963013333404
21.72628451540023,43.45256903080046
42.11016819003706,84.22033638007412
20.94078722175641,41.88157444351282
75.71889171095252,151.43778342190504
93.85014063516284,187.7002812703257
2.547083222062807,5.094166444125614
14.554200715151532,29.108401430303065
52.881561597219196,105.76312319443839
59.11875598296811,118.23751196593622
49.28675496793401,98.57350993586802
15.02562202091342,30.05124404182684
64.14779126863819,128.29558253727637
7.375588828960222,14.751177657920444
13.166713816542675,26.33342763308535
38.770396710292076,77.54079342058415
75.97467225958782,151.94934451917564
68.44915819095971,136.89831638191941
76.071170329536,152.142340659072
77.34597006997731,154.69194013995462
77.06658450322138,154.13316900644276
99.03105520372381,198.06211040744762
28.002686023473288,56.005372046946576
40.73397626687094,81.46795253374188
28.711199704144953,57.422399408289905
78.63998992436517,157.27997984873033
21.937479941206806,43.87495988241361
42.71210543301424,85.42421086602847
94.98650213422316,189.97300426844632
76.82114507148182,153.64229014296365
27.499227368684288,54.998454737368576
40.487641769584314,80.97528353916863
94.90793571947738,189.81587143895476
80.34016213778953,160.68032427557907
77.4816964405922,154.9633928811844
79.63197025049112,159.26394050098224
75.32197443708037,150.64394887416074
63.1460833635374,126.2921667270748
6.010191273573828,12.020382547147657
65.58167582139909,131.16335164279818
14.881394694283722,29.762789388567445
52.128434657364295,104.25686931472859
24.12325454997103,48.24650909994206
6.228668368097501,12.457336736195002
30.2517054902279,60.5034109804558
4.255182787889011,8.510365575778023
39.7793088369157,79.5586176738314
26.372579510474292,52.745159020948584
67.71535617933621,135.43071235867242
11.503355199162524,23.006710398325048
52.012625192437945,104.02525038487589
11.866781979252107,23.733563958504213
23.957287536706584,47.91457507341317
82.75446347590477,165.50892695180954
65.81034057966473,131.62068115932945
9.399445325408673,18.798890650817345
38.91826204357432,77.83652408714865
55.067681438928965,110.13536287785793
81.24467960924989,162.48935921849977
93.34627738887464,186.69255477774928
55.250796539868475,110.50159307973695
82.8345754886632,165.6691509773264
49.31331085131537,98.62662170263074
38.067386795455874,76.13477359091175
33.37690258102548,66.75380516205097
16.1481593378045,32.296318675609
77.95631002788743,155.91262005577485
58.624179332066916,117.24835866413383
30.33164541999249,60.66329083998498
16.280972149494723,32.561944298989445
83.52814145819825,167.0562829163965
25.14949715965409,50.29899431930818
79.53153462889863,159.06306925779725
93.46086803228981,186.92173606457962
45.334772330264094,90.66954466052819
61.79128046974114,123.58256093948228
98.42406285018266,196.84812570036533
80.34697756452057,160.69395512904114
18.346609859433073,36.693219718866146
94.56001046595757,189.12002093191515
51.05164978675705,102.1032995735141
57.78878245874311,115.57756491748621
23.661833663510144,47.32366732702029
47.07533352306379,94.15066704612758
96.14741407462513,192.29482814925026
84.70449404647879,169.40898809295757
52.98172083445662,105.96344166891323
66.80757240440268,133.61514480880535
71.34811076159552,142.69622152319104
92.84863492677884,185.69726985355769
87.78665383015979,175.57330766031959
88.00856897126495,176.0171379425299
94.09769895723855,188.1953979144771
84.85506784253951,169.71013568507902
89.06810501664151,178.13621003328302
74.40454907006973,148.80909814013947
54.27231892614739,108.54463785229478
90.25792291421858,180.51584582843716
28.20959312487189,56.41918624974378
73.65760917298888,147.31521834597777
30.16897149104787,60.33794298209574
29.327268173563283,58.654536347126566
47.662106623304645,95.32421324660929
99.470913452611,198.941826905222
12.636267815027246,25.27253563005449
46.892704880649816,93.78540976129963
63.226540859158895,126.45308171831779
44.608775693834765,89.21755138766953
3.776880377719427,7.553760755438854
38.83312933011158,77.66625866022316
19.523663636427834,39.04732727285567
88.22722592597478,176.45445185194956
91.40175656680346,182.8035131336069
69.38547305126697,138.77094610253394
78.57191272181784,157.14382544363568
21.137917603925505,42.27583520785101
82.01029900061351,164.02059800122703
90.96951064776958,181.93902129553916
67.85552570291628,135.71105140583256
37.8180499184148,75.6360998368296
44.38765200119727,88.77530400239453
58.316620529692585,116.63324105938517
41.86367563746075,83.7273512749215
24.802753483843233,49.605506967686466
41.522823246077444,83.04564649215489
48.10813722070007,96.21627444140015
78.14302344223839,156.28604688447678
14.735371249559703,29.470742499119407
6.911247992208769,13.822495984417538
70.82486268187829,141.64972536375657
39.789280540459636,79.57856108091927
30.031920720276027,60.06384144055205
81.26001831121177,162.52003662242353
90.93857132427381,181.87714264854762
75.90164368673621,151.80328737347241
42.15508987962539,84.31017975925079
14.286217159788261,28.572434319576523
83.23542089566817,166.47084179133634
62.57207633158105,125.1441526631621
10.442178164426885,20.88435632885377
94.40157107711006,188.80314215422013
5.515946267342242,11.031892534684484
56.32716137361313,112.65432274722626
31.685427541206547,63.370855082413094
96.27006286604627,192.54012573209255
33.87998508426694,67.75997016853388
79.63446905320627,159.26893810641255
32.53561770993393,65.07123541986786
15.611062398348274,31.222124796696548
54.039884767259124,108.07976953451825
70.35194616047814,140.70389232095627
91.41624578618422,182.83249157236844
42.269325979854756,84.53865195970951
94.85351652481174,189.70703304962348
47.81758445152392,95.63516890304784
41.80669741376071,83.61339482752142
66.66652537432937,133.33305074865874
43.551863156672844,87.10372631334569
33.63208161428468,67.26416322856936
79.64065311719031,159.28130623438062
36.69953033645273,73.39906067290546
67.18915513959458,134.37831027918915
59.567758358489584,119.13551671697917
44.08557235745345,88.1711447149069
52.08761723120355,104.1752344624071
22.114670287580786,44.22934057516157
95.2340047009632,190.4680094019264
40.84407676299347,81.68815352598693
93.80889900645735,187.6177980129147
91.09318216835055,182.1863643367011
19.547724886359774,39.09544977271955
23.26395695893808,46.52791391787616
60.14877930924926,120.29755861849851
7.927264883846242,15.854529767692483
2.697700171509343,5.395400343018686
62.08525185669057,124.17050371338114
57.67379981859324,115.34759963718648
89.16731671683341,178.33463343366682
78.05137590749112,156.10275181498224
38.1659275969405,76.331855193881
35.35281352932168,70.70562705864336
56.34461868506888,112.68923737013776
78.2454932294524,156.4909864589048
84.69910804006062,169.39821608012124
63.933117657327756,127.86623531465551
83.49205661513984,166.9841132302797
73.60757299276042,147.21514598552085
18.026453117949572,36.052906235899144
4.346686847580161,8.693373695160322
15.559673662445805,31.11934732489161
55.65397441799003,111.30794883598006
45.317302461405205,90.63460492281041
61.52469432411893,123.04938864823787
81.83148792858384,163.66297585716768
3.877673182578656,7.755346365157312
0.1657302912232983,0.3314605824465966
19.484968305036233,38.969936610072466
10.17573018385134,20.35146036770268
27.28244759299846,54.56489518599692
48.73880031881236,97.47760063762472
1.2093627342613544,2.418725468522709
15.674502489485453,31.349004978970907
35.37083014804049,70.74166029608098
58.62882659156112,117.25765318312224
58.476477705397755,116.95295541079551
47.103502842707066,94.20700568541413
7.914771107142382,15.829542214284764
29.478418354908122,58.956836709816244
89.1609664126908,178.3219328253816
76.07486894862686,152.14973789725371
55.68477931940461,111.36955863880922
34.509851177484705,69.01970235496941
70.12101253104042,140.24202506208084
31.318804454719285,62.63760890943857
63.90270644827437,127.80541289654875
85.92783907301157,171.85567814602314
14.594716872989588,29.189433745979176
42.138547940882454,84.27709588176491
66.44086887116688,132.88173774233377
1.1927527210807365,2.385505442161473
52.26584211165917,104.53168422331834
2.606878883413044,5.213757766826088
8.770309983821889,17.540619967643778
29.965135528721042,59.930271057442084
77.65283388115621,155.30566776231242
93.87511809202935,187.7502361840587
70.02997716602732,140.05995433205464
42.00115254354132,84.00230508708265
40.870056465177754,81.74011293035551
38.230997535596565,76.46199507119313
62.041598589740985,124.08319717948197
94.06570238189506,188.13140476379013
86.15272444189033,172.30544888378066
86.42137086888405,172.8427417377681
53.615853774290876,107.23170754858175
38.81558124752533,77.63116249505066
87.64562530118903,175.29125060237806
21.89363434975593,43.78726869951186
87.80001230820395,175.6000246164079
23.232831952317202,46.465663904634404
61.13070035808447,122.26140071616894
91.60838576116308,183.21677152232616
64.98851494464594,129.97702988929188
72.01933760750744,144.03867521501488
85.28023708400856,170.56047416801712
3.0822690213052617,6.164538042610523
43.405593404785606,86.81118680957121
89.3248253654815,178.649650730963
19.820023767871252,39.640047535742504
94.82059656974931,189.64119313949863
93.84251741058944,187.68503482117887
44.540830380598095,89.08166076119619
67.96920829155083,135.93841658310166
76.67062770949786,153.34125541899573
91.96289079120606,183.92578158241213
27.177131461669703,54.354262923339405
62.6325437701338,125.2650875402676
46.74860136908489,93.49720273816978
87.64623676362442,175.29247352724883
23.68438603742029,47.36877207484058
50.340002292986384,100.68000458597277
21.776252070364432,43.552504140728864
23.555516818872434,47.11103363774487
67.87330484784704,135.74660969569408
42.764887787763364,85.52977557552673
69.79671922017138,139.59343844034277
99.96930472218165,199.9386094443633
56.15141677981541,112.30283355963083
59.95417124439375,119.9083424887875
69.60022633986769,139.20045267973538
8.380745757437824,16.761491514875647
71.76167568300261,143.52335136600522
5.152499397652943,10.304998795305886
1.7925086371668786,3.585017274333757
89.1697924633013,178.3395849266026
7.6479098712820885,15.295819742564177
17.17104867284721,34.34209734569442
20.117664563989322,40.235329127978645
3.2090758219051496,6.418151643810299
50.751341178273876,101.50268235654775
79.87692786278913,159.75385572557826
12.670242460433167,25.340484920866334
68.55980315133725,137.1196063026745
99.65239381416502,199.30478762833005
59.07993559134469,118.15987118268939
57.199435842286725,114.39887168457345
5.307850429834204,10.615700859668408
85.66566831354996,171.33133662709992
18.16231476494434,36.32462952988868
67.06417900861781,134.12835801723563
51.926729286890996,103.85345857378199
4.613333493254168,9.226666986508336
91.83569334855666,183.67138669711332
86.2301203596682,172.4602407193364
19.023227605225845,38.04645521045169
70.69663470681118,141.39326941362236
6.7548364535716,13.5096729071432
44.29294908391122,88.58589816782244
16.123704550623774,32.24740910124755
79.7960603769652,159.5921207539304
8.458074738640175,16.91614947728035
38.180746886362456,76.36149377272491
40.27000478551618,80.54000957103236
49.62282505729235,99.2456501145847
51.935184208970064,103.87036841794013
62.30219055910416,124.60438111820832
92.26325856429189,184.52651712858378
47.59905820194601,95.19811640389202
7.930925535218469,15.861851070436938
90.24706461996686,180.49412923993373
12.846987056327341,25.693974112654683
97.80173352081472,195.60346704162944
5.264481588903058,10.528963177806116
94.02947486637743,188.05894973275485
48.92423147114878,97.84846294229756
65.35411598373652,130.70823196747304
20.854552742045705,41.70910548409141
80.63203765307696,161.26407530615393
82.36299859942054,164.72599719884107
9.991523202892271,19.983046405784542
74.65264334727996,149.30528669455992
46.749277961567785,93.49855592313557
33.28968276070947,66.57936552141894
23.771782501258077,47.543565002516154
66.67717800492431,133.35435600984863
17.07872447862918,34.15744895725836
57.99476601398552,115.98953202797104
63.15651163828463,126.31302327656925
89.14555141055921,178.29110282111841
98.41140226718817,196.82280453437633
16.805004251844103,33.610008503688206
11.833573318782731,23.667146637565462
52.66996527043719,105.33993054087438
44.122001221069205,88.24400244213841
99.01368032374592,198.02736064749183
2.525536862313005,5.05107372462601
0.052009250160123255,0.10401850032024651
65.62748641947569,131.25497283895137
75.42394709920875,150.8478941984175
82.80215700232165,165.6043140046433
62.297942159649224,124.59588431929845
34.538810387242236,69.07762077448447
52.5624313648917,105.1248627297834
44.148117167566255,88.29623433513251
2.709959763950265,5.41991952790053
12.141049297314254,24.282098594628508
47.20271431647758,94.40542863295516
93.88414306299549,187.76828612599098
97.83731434200173,195.67462868400347
82.26034959386993,164.52069918773987
63.32071174230042,126.64142348460084
85.16601139107432,170.33202278214864
75.95918768400965,151.9183753680193
78.95849406556518,157.91698813113035
97.15553642316371,194.31107284632742
43.97306914296606,87.94613828593212
74.66830766397452,149.33661532794903
13.063408113167652,26.126816226335304
32.18993911742953,64.37987823485906
28.25288727689922,56.50577455379844
87.5419289393763,175.0838578787526
99.57162438089998,199.14324876179995
33.10896816287786,66.21793632575572
60.23877198055957,120.47754396111914
16.920701155082952,33.841402310165904
32.282475681981836,64.56495136396367
35.226116449526536,70.45223289905307
16.048141955722993,32.09628391144599
89.63824384736047,179.27648769472094
85.36327402461285,170.7265480492257
82.30860278364564,164.61720556729128
94.94715895388809,189.89431790777618
36.07253222090866,72.14506444181733
34.63987186108314,69.27974372216627
45.46533971908674,90.93067943817348
87.94126076707484,175.88252153414967
9.992517925677236,19.98503585135447
13.42403755970234,26.84807511940468
81.8212926371536,163.6425852743072
45.59114206892687,91.18228413785374
41.57042983983692,83.14085967967384
32.47917617742705,64.9583523548541
38.22193334896611,76.44386669793222
27.93151653077358,55.86303306154716
60.17026541295737,120.34053082591474
34.55864282583762,69.11728565167525
42.47690654446179,84.95381308892358
66.766223221777,133.532446443554
48.39206868385679,96.78413736771358
91.27651351886274,182.55302703772549
75.54366597208357,151.08733194416715
57.966245830628246,115.93249166125649
19.739833509314273,39.47966701862855
14.126759521682143,28.253519043364285
26.737859308902845,53.47571861780569
60.00200413019701,120.00400826039402
79.32700453654574,158.6540090730915
16.59010418429038,33.18020836858076
51.16043743386758,102.32087486773516
95.31451887523363,190.62903775046726
93.20877856229977,186.41755712459954
14.907194809277524,29.814389618555047
79.73691006962105,159.4738201392421
22.60983441876423,45.21966883752846
20.076293604973237,40.152587209946475
81.66995797218021,163.33991594436043
91.54016802562818,183.08033605125635
88.23082661143789,176.46165322287578
17.425250995181074,34.85050199036215
43.55917358989768,87.11834717979536
12.265486586494045,24.53097317298809
80.69785484408608,161.39570968817216
79.30493798269654,158.6098759653931
49.78832134881921,99.57664269763842
68.50781493571691,137.01562987143382
13.239388943050013,26.478777886100026
13.330135644172403,26.660271288344806
25.258604340701552,50.517208681403105
67.03736163202846,134.07472326405693
64.0159105704538,128.0318211409076
67.32883226453696,134.6576645290739
17.802793684578155,35.60558736915631
26.796753546229347,53.593507092458694
33.49101412980241,66.98202825960482
22.339129011156444,44.67825802231289
37.59501223962685,75.1900244792537
3.8969948727045955,7.793989745409191
32.687823629460766,65.37564725892153
0.857712290755841,1.715424581511682
52.814652652951565,105.62930530590313
58.95272384043832,117.90544768087663
47.53316059698736,95.06632119397472
13.018658454349596,26.037316908699193
7.84373420692922,15.68746841385844
73.12294264307906,146.2458852861581
55.94635471504892,111.89270943009784
96.61189646502474,193.22379293004948
77.43850307737381,154.87700615474762
21.18377214094318,42.36754428188636
84.2435782015475,168.487156403095
18.336276617346613,36.672553234693225
22.836283181717164,45.67256636343433
67.41677959360614,134.83355918721227
99.63993106796086,199.27986213592172
75.67623081316408,151.35246162632816
68.0161493898449,136.0322987796898
2.5599730494308637,5.119946098861727
88.84503301303691,177.69006602607382
21.638706544477728,43.277413088955456
61.57623891977789,123.15247783955579
63.078962855205425,126.15792571041085
85.20317791869978,170.40635583739956
64.62964342716631,129.25928685433263
16.75774430817125,33.5154886163425
39.93499762595732,79.86999525191464
56.49244982246312,112.98489964492624
92.92747125176363,185.85494250352727
8.47113315921183,16.94226631842366
78.2021048416528,156.4042096833056
25.463809154626517,50.927618309253035
94.381578254628,188.763156509256
1.8186551458444833,3.6373102916889666
98.15466672103153,196.30933344206306
65.34814068642606,130.69628137285213
80.79755732108343,161.59511464216686
24.968690495336652,49.937380990673304
31.346813402281438,62.693626804562875
11.067795320077378,22.135590640154756
78.77178777714194,157.54357555428388
44.684901083990844,89.36980216798169
44.428270950296955,88.85654190059391
6.72979221075688,13.45958442151376
90.78837112293078,181.57674224586157
3.1466175304119326,6.293235060823865
4.2996508827261914,8.599301765452383
86.73928703558202,173.47857407116405
91.20773429719192,182.41546859438384
74.23013543232535,148.4602708646507
3.5729914677344765,7.145982935468953
62.98739621123322,125.97479242246644
51.3940720310143,102.7881440620286
82.23689402998563,164.47378805997127
95.1063083293482,190.2126166586964
5.4948426009639455,10.989685201927891
51.31028180016618,102.62056360033236
83.9998269447154,167.9996538894308
96.75748080919591,193.51496161839182
32.2065703051409,64.4131406102818
35.13400390926854,70.26800781853709
13.740409109883345,27.48081821976669
72.65776712977951,145.31553425955903
93.07616725137298,186.15233450274596
99.60398019795225,199.2079603959045
76.94387463100706,153.88774926201413
15.372634083503712,30.745268167007424
29.329731533605575,58.65946306721115
74.82888452344964,149.6577690468993
55.26299984637226,110.52599969274452
5.4881574273829115,10.976314854765823
32.59466225553399,65.18932451106798
21.342955242768436,42.68591048553687
85.31381411251702,170.62762822503404
16.634501375122813,33.269002750245626
87.21622012438657,174.43244024877313
87.84484825816841,175.68969651633682
76.26471093712377,152.52942187424753
94.86936876957816,189.73873753915632
7.108421009562882,14.216842019125764
73.67380088557489,147.34760177114978
57.20466981397657,114.40933962795314
50.07707012462027,100.15414024924054
76.70983080168209,153.41966160336418
22.201543032473413,44.40308606494683
51.40836030615053,102.81672061230105
2.6747270924634026,5.349454184926805
76.92790976749089,153.85581953498178
70.99758173002027,141.99516346004054
56.36233728310962,112.72467456621924
14.181294743526529,28.362589487053057
32.03806253730367,64.07612507460733
78.21823603966668,156.43647207933336
75.46632374196709,150.93264748393418
52.037222855655315,104.07444571131063
76.01325614257955,152.0265122851591
89.99270502479007,179.98541004958014
4.307661011689657,8.615322023379314
80.36402705624577,160.72805411249155
96.61506820387031,193.23013640774062
30.965997000864988,61.931994001729976
14.928683940495869,29.857367880991738
59.421129134255104,118.84225826851021
65.70186046769821,131.40372093539642
15.141606498757598,30.283212997515196
74.46831263685843,148.93662527371686
38.07407317528948,76.14814635057895
69.10373549056746,138.20747098113492
77.47312506744754,154.94625013489508
34.69244736833457,69.38489473666914
3.0975981206970205,6.195196241394041
12.091329464353674,24.182658928707347
39.15577873649031,78.31155747298062
25.210181606373126,50.42036321274625
16.893278239625054,33.78655647925011
69.08669938223453,138.17339876446906
75.96818118154745,151.9363623630949
74.9828491795292,149.9656983590584
41.92566320747528,83.85132641495056
43.17178034677919,86.34356069355837
64.2801788202767,128.5603576405534
37.94984375903607,75.89968751807214
24.244978495869397,48.489956991738794
52.66997736998296,105.33995473996592
28.339612504955202,56.679225009910404
13.350168458297329,26.700336916594658
12.92405819569844,25.84811639139688
67.89494460532839,135.78988921065678
63.56305754693906,127.12611509387813
49.73667011595689,99.47334023191378
52.285376409740714,104.57075281948143
72.53408869714808,145.06817739429616
27.332831178372363,54.665662356744726
55.98303176997159,111.96606353994318
52.061078289262376,104.12215657852475
45.28036845562294,90.56073691124588
80.72635621683915,161.4527124336783
2.723853003840082,5.447706007680164
45.520856441904066,91.04171288380813
17.118736093096988,34.237472186193976
71.21935514091663,142.43871028183327
6.141967223005274,12.283934446010548
86.59083744767183,173.18167489534366
50.336338687600815,100.67267737520163
65.41399986719046,130.8279997343809
77.0263509433381,154.0527018866762
72.18733214822089,144.37466429644178
54.856363051820665,109.71272610364133
27.766679069538757,55.533358139077514
34.095082199873715,68.19016439974743
91.20468899863563,182.40937799727126
16.080818825472075,32.16163765094415
23.681767187257698,47.363534374515396
98.46178151916284,196.92356303832568
72.76418282635095,145.5283656527019
62.04380118562122,124.08760237124244
82.20297350210285,164.4059470042057
55.80206468569381,111.60412937138761
96.42460618169842,192.84921236339684
19.020500138833583,38.041000277667166
75.01132379674645,150.0226475934929
1.325406595664047,2.650813191328094
1.8790907720411698,3.7581815440823396
48.95940214232725,97.9188042846545
77.86887149636831,155.73774299273663
28.757836290984795,57.51567258196959
50.093929102104205,100.18785820420841
74.31710888454217,148.63421776908433
3.9577557747039527,7.915511549407905
93.2317004364782,186.4634008729564
2.547250827682823,5.094501655365646
44.83089506800214,89.66179013600429
11.810008320177678,23.620016640355356
36.66550769287302,73.33101538574604
30.173866316200815,60.34773263240163
97.81900146861459,195.63800293722917
20.279207117774355,40.55841423554871
12.99179949289302,25.98359898578604
70.09019910821156,140.18039821642313
2.704574229320156,5.409148458640312
54.17937080345639,108.35874160691279
50.21010596237395,100.4202119247479
59.40920415825182,118.81840831650364
52.62496340898001,105.24992681796002
74.1182185170165,148.236437034033
90.12507229110781,180.25014458221563
5.638465201669407,11.276930403338813
48.724620503867136,97.44924100773427
63.73427956866441,127.46855913732882
53.94300262924728,107.88600525849456
90.63350631138971,181.26701262277942
52.55822602404196,105.11645204808391
37.58735182411888,75.17470364823777
30.725239603174657,61.450479206349314
47.718273999567984,95.43654799913597
93.17283529544827,186.34567059089653
99.95940013175152,199.91880026350304
82.82245653790156,165.64491307580312
25.14130394591836,50.28260789183672
64.47121685835944,128.94243371671888
81.81534441300676,163.6306888260135
61.62374070950879,123.24748141901757
4.087449784467956,8.174899568935912
60.58401334666971,121.16802669333941
96.3287208165947,192.6574416331894
16.366250275151717,32.732500550303435
92.08257068779842,184.16514137559685
74.61929901951231,149.23859803902462
30.925815389701416,61.85163077940283
4.52519314020754,9.05038628041508
95.20690086312666,190.41380172625333
0.2292923857083573,0.4585847714167146
41.8142725651077,83.6285451302154
59.26556377030702,118.53112754061404
21.543612058902884,43.08722411780577
60.78895079782767,121.57790159565533
68.17766781938604,136.3553356387721
69.67881206874401,139.35762413748802
24.924858996469833,49.84971799293967
80.36198062696096,160.7239612539219
94.60173325378881,189.20346650757762
23.141474914221593,46.282949828443186
50.153605691235484,100.30721138247097
50.18786888105442,100.37573776210884
55.63052694107533,111.26105388215066
33.01867143209034,66.03734286418069
64.87707455624749,129.75414911249499
17.756155452569487,35.512310905138975
80.2954646382163,160.5909292764326
67.51709126452052,135.03418252904103
8.105461906799816,16.21092381359963
20.894124273256853,41.78824854651371
25.496291927422533,50.992583854845066
28.937568949739667,57.875137899479334
78.11506016569811,156.23012033139622
3.786268233119905,7.57253646623981
96.47814729967874,192.95629459935748
99.11659037514282,198.23318075028564
9.557156597576222,19.114313195152445
30.99547261379817,61.99094522759634
92.47037718575714,184.9407543715143
13.763183630940501,27.526367261881003
43.6874656717808,87.3749313435616
99.05329083089939,198.10658166179877
55.75055532220971,111.50111064441943
64.9458958323997,129.8917916647994
42.743321522075064,85.48664304415013
19.122854975784687,38.245709951569374
89.58187128552763,179.16374257105525
3.2502326426714467,6.5004652853428935
68.74294049380048,137.48588098760095
91.00517955683011,182.01035911366023
37.96556272032813,75.93112544065626
79.74780134127896,159.49560268255792
22.89173704929357,45.78347409858714
62.78034786435312,125.56069572870624
20.12664557164069,40.25329114328138
68.56864534223482,137.13729068446963
24.57824604996315,49.1564920999263
0.04370510328001176,0.08741020656002352
32.35231683254117,64.70463366508234
3.667134958359275,7.33426991671855
77.90444436678241,155.80888873356483
12.000390512432213,24.000781024864427
33.98523119916509,67.97046239833018
11.251804552016209,22.503609104032417
26.91549848610594,53.83099697221188
73.39981809485121,146.79963618970243
66.6036957583745,133.207391516749
87.65315431962509,175.30630863925018
59.37332874868837,118.74665749737675
1.1730163873453159,2.3460327746906318
10.467341462894552,20.934682925789105
44.929117816758094,89.85823563351619
83.59452684015557,167.18905368031113
8.310374939036357,16.620749878072715
10.303677864923378,20.607355729846756
67.21336747975677,134.42673495951354
81.24487502308577,162.48975004617154
32.23070754327574,64.46141508655148
28.301626053825167,56.603252107650334
53.108346573628204,106.21669314725641
87.96527052260676,175.93054104521352
22.89503412744638,45.79006825489276
58.5321581887904,117.0643163775808
13.01183682108058,26.02367364216116
85.87990757413274,171.7598151482655
42.38818637649364,84.77637275298729
22.64454248493629,45.28908496987258
89.905685304252,179.811370608504
10.869563979464536,21.73912795892907
63.38595629998262,126.77191259996523
7.09575508594078,14.19151017188156
96.6795955579955,193.359191115991
98.98177145420625,197.9635429084125
59.16397614670491,118.32795229340982
81.5652493262684,163.1304986525368
60.233273442042204,120.46654688408441
49.84359123127462,99.68718246254925
7.405266735278371,14.810533470556742
78.9873734684836,157.9747469369672
59.25591979046318,118.51183958092636
80.70394448790164,161.40788897580327
76.12516857401482,152.25033714802964
78.20386712269261,156.40773424538523
95.75475922134719,191.50951844269437
74.74864778535803,149.49729557071606
61.3952829570528,122.7905659141056
98.76403417327182,197.52806834654365
99.71873547657442,199.43747095314885
64.05745646655554,128.11491293311107
13.498462425099401,26.996924850198802
0.5590752575564073,1.1181505151128146
89.31159761056932,178.62319522113864
49.465626207752464,98.93125241550493
7.560321076708487,15.120642153416973
47.299125354268426,94.59825070853685
71.1754880149904,142.3509760299808
88.46805708879982,176.93611417759965
3.964506905895604,7.929013811791208
16.05208236081581,32.10416472163162
12.792754654688066,25.585509309376132
17.269566769555045,34.53913353911009
37.053979183567684,74.10795836713537
31.70539078791309,63.41078157582618
72.427135282189,144.854270564378
84.68913617115246,169.3782723423049
36.29304931532275,72.5860986306455
76.53299122520517,153.06598245041033
81.9517073519878,163.9034147039756
53.86914590991866,107.73829181983731
89.2913481902978,178.5826963805956
11.586585856854793,23.173171713709586
40.755058145428045,81.51011629085609
37.44277172486462,74.88554344972924
62.30365147139566,124.60730294279132
44.1602828759777,88.3205657519554
96.69542109626875,193.3908421925375
23.28282186117937,46.56564372235874
74.9292538246461,149.8585076492922
56.65192451199289,113.30384902398578
50.94952330372238,101.89904660744476
88.76507388549969,177.53014777099938
48.33273322004364,96.66546644008729
66.72769484259604,133.45538968519207
77.95943991198575,155.9188798239715
38.34374243171528,76.68748486343056
9.574386663079137,19.148773326158274
60.41856781418847,120.83713562837694
37.41049277545635,74.8209855509127
3.156929945527809,6.313859891055618
9.840453402247151,19.680906804494303
67.05912598385481,134.11825196770963
72.56600633983447,145.13201267966895
94.47591474165186,188.95182948330373
6.444219797161299,12.888439594322598
36.19944346684579,72.39888693369159
22.331320167040037,44.66264033408007
5.219586080980799,10.439172161961597
52.13570540888324,104.27141081776648
94.61332294408155,189.2266458881631
30.828806864766477,61.657613729532954
13.177535167028642,26.355070334057284
97.7912325779851,195.5824651559702
78.50360136480039,157.00720272960078
49.532959679849185,99.06591935969837
88.31520139420009,176.63040278840018
59.92905082983002,119.85810165966004
70.22673599375132,140.45347198750264
88.11088880727598,176.22177761455197
58.92636430457827,117.85272860915654
78.12418069482446,156.24836138964892
23.312709982066103,46.625419964132206
62.423418347795234,124.84683669559047
2.8523879332795765,5.704775866559153
11.971685419914667,23.943370839829335
91.82700708808223,183.65401417616445
3.202635358874728,6.405270717749456
23.361205189892697,46.722410379785394
85.08629814922826,170.1725962984565
36.049399626726455,72.09879925345291
91.98633779340824,183.97267558681648
30.66417655448932,61.32835310897864
39.92806758805851,79.85613517611702
35.89038097696909,71.78076195393818
72.8158320151022,145.6316640302044
99.83930453296914,199.67860906593828
1.7210489938529139,3.4420979877058278
71.21232104478193,142.42464208956386
64.02664858519147,128.05329717038293
8.649414341280249,17.298828682560497
5.461375438419003,10.922750876838005
82.17993955156729,164.35987910313457
37.7774322377429,75.5548644754858
56.46614889389884,112.93229778779768
26.755798750636693,53.511597501273386
44.199276365478745,88.39855273095749
69.06054616928574,138.1210923385715
95.61680064085911,191.23360128171822
16.745118149865647,33.49023629973129
99.6769486737799,199.3538973475598
31.049970362664393,62.099940725328786
14.974057387685546,29.948114775371092
89.29020016688486,178.58040033376972
81.30645455860717,162.61290911721434
93.63897711494764,187.27795422989527
99.25767838214772,198.51535676429543
65.74259024391742,131.48518048783484
37.44593058288117,74.89186116576234
75.37681463236913,150.75362926473827
86.04725830872206,172.09451661744413
45.77984984130127,91.55969968260254
20.42771910710289,40.85543821420578
89.50835641707742,179.01671283415484
71.25662752862904,142.51325505725808
91.8874280099975,183.774856019995
85.83544760291075,171.6708952058215
78.71891780847777,157.43783561695554
35.91819760993936,71.83639521987872
76.11111620936838,152.22223241873675
2.9920764293451474,5.984152858690295
83.27467645038165,166.5493529007633
65.14018862163974,130.28037724327947
52.93478504704663,105.86957009409326
85.02130518053619,170.04261036107238
35.30501389386003,70.61002778772006
91.95543587951222,183.91087175902445
66.80347579355045,133.6069515871009
63.471922595164834,126.94384519032967
96.73201536437978,193.46403072875955
90.50455572562942,181.00911145125883
15.146685688883665,30.29337137776733
9.56437702193571,19.12875404387142
49.0245498867017,98.0490997734034
63.44595263260761,126.89190526521521
37.870376566053956,75.74075313210791
50.22817776130307,100.45635552260615
64.17767402560867,128.35534805121733
19.595261209181135,39.19052241836227
13.862526203159186,27.725052406318373
16.75157511933748,33.50315023867496
7.068337808710579,14.136675617421158
64.58063368289845,129.1612673657969
3.0327122837390474,6.065424567478095
39.158865262551444,78.31773052510289
67.81975800336302,135.63951600672604
67.62743041236759,135.25486082473518
16.017718024102876,32.03543604820575
92.06987929439603,184.13975858879206
15.13366020924256,30.26732041848512
26.309978144543532,52.619956289087064
46.648842098584176,93.29768419716835
84.81585072780491,169.63170145560983
47.844780472695504,95.68956094539101
47.671947291649964,95.34389458329993
54.41719487374391,108.83438974748782
72.33238410708141,144.66476821416282
35.294297001304386,70.58859400260877
24.3135516594451,48.6271033188902
22.514942305784714,45.02988461156943
19.032483480996365,38.06496696199273
78.40127993857367,156.80255987714733
12.865240679371137,25.730481358742274
48.89857168265112,97.79714336530223
38.32051722389602,76.64103444779204
52.30871659983498,104.61743319966996
96.22678696897489,192.45357393794978
68.75534439146544,137.51068878293088
73.01151044541758,146.02302089083517
13.361431715209093,26.722863430418187
84.80013420395986,169.6002684079197
95.82849071876393,191.65698143752786
15.686134996335554,31.372269992671107
16.95060934809399,33.90121869618798
44.85635656596185,89.7127131319237
88.11148408720521,176.22296817441043
74.87387457563423,149.74774915126847
65.8420746519715,131.684149303943
0.8236945155227104,1.647389031045421
29.496321439640163,58.992642879280325
12.640953985046888,25.281907970093776
20.082789599965846,40.16557919993169
88.51022793185871,177.02045586371742
78.46744755422318,156.93489510844637
1.3688735884123782,2.7377471768247563
24.37729319910753,48.75458639821506
86.78332904362303,173.56665808724605
28.984824317055136,57.96964863411027
8.483812733983353,16.967625467966705
27.195487081503288,54.390974163006575
13.571444537141442,27.142889074282884
15.719517715710918,31.439035431421836
86.93912390258733,173.87824780517465
50.27087652597757,100.54175305195514
36.87399829626885,73.7479965925377
62.27905955017682,124.55811910035364
71.02863530041024,142.0572706008205
42.37261257066244,84.74522514132488
47.18558617191567,94.37117234383135
95.84139207698006,191.6827841539601
16.285661305333065,32.57132261066613
79.64550578247778,159.29101156495557
19.813070820123624,39.62614164024725
64.84224018414042,129.68448036828084
37.01988819858503,74.03977639717006
19.75914952056742,39.51829904113484
67.14794348829322,134.29588697658644
50.008592477555744,100.01718495511149
44.72714535318887,89.45429070637773
76.95770699659826,153.91541399319652
17.841149845337668,35.682299690675336
18.002396018144395,36.00479203628879
59.334256591143166,118.66851318228633
99.02194991184646,198.04389982369293
59.31309749040516,118.62619498081033
28.018987211322766,56.03797442264553
32.599799792111675,65.19959958422335
32.86606185494224,65.73212370988448
17.496378439126637,34.992756878253275
71.55917512347848,143.11835024695696
28.172536134029457,56.345072268058914
5.3833917150396875,10.766783430079375
66.88800383131989,133.77600766263978
76.54963790195683,153.09927580391366
86.14619276470829,172.29238552941658
88.12073522004044,176.2414704400809
62.54269499625039,125.08538999250078
85.28763563398975,170.5752712679795
41.78457590211484,83.56915180422968
70.55069885255183,141.10139770510366
27.64513839956778,55.29027679913556
68.40690013943764,136.81380027887528
75.37831104803726,150.75662209607452
94.45183833034153,188.90367666068306
19.85654856283513,39.71309712567026
74.20670502374969,148.41341004749938
80.28133384928171,160.56266769856342
88.7996654769521,177.5993309539042
74.0407388062332,148.0814776124664
41.20943435412868,82.41886870825736
16.241435523785373,32.48287104757075
52.15042491367635,104.3008498273527
86.79801734193343,173.59603468386686
21.46427730834918,42.92855461669836
19.025690586602884,38.05138117320577
22.05733223877415,44.1146644775483
5.078482372823845,10.15696474564769
61.011387453187126,122.02277490637425
81.5825858775548,163.1651717551096
20.602361783777525,41.20472356755505
26.211075630602497,52.422151261204995
72.14233788141546,144.28467576283091
38.13810039181735,76.2762007836347
14.248296441397645,28.49659288279529
66.11835760709194,132.23671521418387
56.6820861491221,113.3641722982442
31.831692901223175,63.66338580244635
48.39178598291216,96.78357196582432
89.691099820634,179.382199641268
34.470577495997446,68.94115499199489
40.49380789174704,80.98761578349408
96.73337824296257,193.46675648592515
61.381290826546234,122.76258165309247
43.127058845138755,86.25411769027751
87.76468105776782,175.52936211553563
87.14170585809646,174.28341171619292
51.833370134823774,103.66674026964755
19.19608065964575,38.3921613192915
56.51074735028152,113.02149470056304
51.27336899107795,102.5467379821559
17.68004884793384,35.36009769586768
81.80931727515393,163.61863455030786
51.9116604098079,103.8233208196158
93.55023983962364,187.1004796792473
9.246169676558724,18.492339353117448
9.457304334729654,18.91460866945931
33.33916471565157,66.67832943130314
18.702613230369913,37.405226460739826
42.461433603572175,84.92286720714435
6.062660084329352,12.125320168658703
11.816728435836444,23.633456871672887
2.555276640353732,5.110553280707464
94.34980403423914,188.69960806847828
4.488687570818806,8.977375141637612
48.12611117614705,96.2522223522941
18.75710185382965,37.5142037076593
90.72688372388089,181.45376744776178
25.25638997141797,50.51277994283594
85.58401259315153,171.16802518630305
10.710029083696003,21.420058167392007
76.32417786015206,152.64835572030412
83.90531036978992,167.81062073957983
45.71225152554179,91.42450305108358
91.71828076709522,183.43656153419045
73.462779101443,146.925558202886
72.46986923686731,144.93973847373462
27.062740629223025,54.12548125844605
7.696170892842269,15.392341785684538
96.82660281031191,193.65320562062382
3.002872539751422,6.005745079502844
77.58186377232224,155.16372754464447
17.206505288501184,34.41301057700237
55.00729118942071,110.01458237884142
81.29780753255339,162.59561506510678
48.50283695766997,97.00567391533994
49.12185284383439,98.24370568766878
20.81802777063473,41.63605554126946
45.45601332035956,90.91202664071912
1.2193448007542074,2.4386896015084147
55.61054773357515,111.2210954671503
4.036707478377832,8.073414956755665
38.63569756545938,77.27139513091876
28.86412375802009,57.72824751604018
78.82096198829777,157.64192397659554
85.17015614149487,170.34031228298974
81.67507806413053,163.35015612826106
60.84648030856277,121.69296061712554
39.80370774973662,79.60741549947323
78.78720760135595,157.5744152027119
53.00325779356909,106.00651558713818
62.99281560167509,125.98563120335018
58.70562575029765,117.4112515005953
14.301500980159032,28.603001960318064
37.48777247412632,74.97554494825263
39.22353438215792,78.44706876431584
5.169413364071252,10.338826728142504
20.729228572793456,41.45845714558691
71.84132594982819,143.68265189965638
1.2820403766520383,2.5640807533040766
78.40876026791528,156.81752053583057
19.03781112742652,38.07562225485304
72.288146791876,144.576293583752
94.53375435065439,189.06750870130878
53.3904669605448,106.7809339210896
44.07786611975971,88.15573223951942
66.77170259463185,133.5434051892637
43.253569100496435,86.50713820099287
2.694774722746207,5.389549445492414
56.80106835553359,113.60213671106717
73.03961994157169,146.07923988314337
69.51701348561029,139.03402697122058
43.14689530890485,86.2937906178097
63.17077893090192,126.34155786180384
81.83212795526352,163.66425591052703
71.27238829904904,142.54477659809808
75.28598397115363,150.57196794230725
0.620161151516263,1.240322303032526
91.17695342643373,182.35390685286745
48.84995898442064,97.69991796884128
13.32132876943769,26.64265753887538
12.475713494847495,24.95142698969499
79.72857795679468,159.45715591358936
6.814631653202053,13.629263306404106
19.28481891871362,38.56963783742724
29.205753347862007,58.411506695724015
57.39555645923468,114.79111291846937
39.70459907929431,79.40919815858862
7.051496044549088,14.102992089098176
26.549491991039666,53.09898398207933
1.8109502575994418,3.6219005151988837
22.215864757116364,44.43172951423273
77.88123979645047,155.76247959290095
87.31055412414149,174.62110824828298
61.917465250296,123.834930500592
71.2838734101412,142.5677468202824
88.03044673982153,176.06089347964306
40.07290153819386,80.14580307638772
82.19746515253335,164.3949303050667
85.01193708628786,170.02387417257572
40.40840194113859,80.81680388227718
20.964596609873134,41.92919321974627
94.92704838193781,189.85409676387562
85.71288154610545,171.4257630922109
12.930690727983373,25.861381455966747
89.80970593102131,179.61941186204263
99.94247370253983,199.88494740507966
8.473736499358509,16.947472998717018
60.880822019832216,121.76164403966443
78.55524665337221,157.11049330674442
47.435677296206926,94.87135459241385
8.909715776059091,17.819431552118182
89.60780390357397,179.21560780714793
83.34031958865562,166.68063917731124
59.25879602005427,118.51759204010854
93.41807040461279,186.83614080922558
39.13728339946765,78.2745667989353
19.349667659345737,38.699335318691475
74.2608948258082,148.5217896516164
13.598018621507112,27.196037243014224
53.92618766522467,107.85237533044933
30.62676201308343,61.25352402616686
67.56123664952298,135.12247329904596
32.921815741075974,65.84363148215195
27.76509399086344,55.53018798172688
69.28881197224662,138.57762394449324
9.986315475366336,19.972630950732672
61.43263406710966,122.86526813421932
52.56382952165277,105.12765904330554
41.57502267491029,83.15004534982057
64.37646768547994,128.75293537095988
5.669252354280485,11.33850470856097
89.71039250762894,179.42078501525788
91.51307924685119,183.02615849370238
6.947418689595775,13.89483737919155
42.01250199474023,84.02500398948045
5.734957182875422,11.469914365750844
29.88790332055469,59.77580664110938
61.71464820449029,123.42929640898058
89.50418579845166,179.00837159690332
22.140920165563127,44.281840331126254
21.230781125129695,42.46156225025939
31.963663147133747,63.927326294267495
19.625919694044512,39.251839388089024
1.7170347765565253,3.4340695531130505
72.83608388580905,145.6721677716181
51.88808387252549,103.77616774505098
25.95632259072974,51.91264518145948
74.91885841719831,149.83771683439662
34.6164122126291,69.2328244252582
17.978640349186048,35.957280698372095
19.860393036003455,39.72078607200691
70.94313223946915,141.8862644789383
34.05604252572538,68.11208505145076
65.42196314104743,130.84392628209486
65.6937075528404,131.3874151056808
20.253476692047002,40.506953384094004
57.64096456821813,115.28192913643626
26.880154252779665,53.76030850555933
0.45606296678123437,0.9121259335624687
55.6626941198989,111.3253882397978
96.30302474801047,192.60604949602094
66.8656613350239,133.7313226700478
71.12601873476663,142.25203746953326
11.438676119216273,22.877352238432547
0.07105791370133341,0.14211582740266682
72.72001873467025,145.4400374693405
36.31834787723444,72.63669575446887
91.64785552657854,183.29571105315708
98.16183556561776,196.32367113123553
45.120312819504846,90.24062563900969
30.333060068379815,60.66612013675963
60.18548951991431,120.37097903982863
34.89536624843059,69.79073249686118
18.95856255957439,37.91712511914878
69.87268368249289,139.74536736498578
38.5965707487411,77.1931414974822
52.52098424475085,105.0419684895017
24.40314086930584,48.80628173861168
88.13933040991407,176.27866081982813
99.26874426354033,198.53748852708065
3.692634215782087,7.385268431564174
54.143819833047814,108.28763966609563
48.384685276913366,96.76937055382673
84.16252759617464,168.32505519234928
90.07219704702686,180.14439409405372
37.7666613595708,75.5333227191416
63.02998112698066,126.05996225396132
58.88875158094149,117.77750316188298
49.08775729309676,98.17551458619351
87.53934155240569,175.07868310481138
11.906109977396762,23.812219954793523
12.506149589497916,25.012299178995832
99.4384532734021,198.8769065468042
36.62086288108374,73.24172576216748
24.771680831306753,49.543361662613506
42.49253488721575,84.9850697744315
15.847920947715732,31.695841895431464
34.96334325882635,69.9266865176527
51.73110482781,103.46220965562
83.58772668591183,167.17545337182366
79.61176302486513,159.22352604973025
99.04712200102423,198.09424400204847
68.25358693601392,136.50717387202783
56.701197519267076,113.40239503853415
64.30261062080655,128.6052212416131
81.44988731111906,162.8997746222381
53.593640681288115,107.18728136257623
34.69286268666586,69.38572537333172
80.72801054816749,161.45602109633498
51.14247313127045,102.2849462625409
34.061992842774266,68.12398568554853
61.54853476182023,123.09706952364046
55.89328521133021,111.78657042266042
84.73549076896613,169.47098153793226
56.61812086658704,113.23624173317408
38.51222146142634,77.02444292285269
96.08586663074536,192.17173326149071
57.584680872149384,115.16936174429877
38.975724324165384,77.95144864833077
65.21821167009195,130.4364233401839
70.13637844193205,140.2727568838641
29.32925173123433,58.65850346246866
18.427665850376517,36.855331700753034
78.96284253945561,157.92568507891121
21.93460733907221,43.86921467814442
18.601149375211413,37.20229875042283
68.24581282728467,136.49162565456933
20.44410165441355,40.8882033088271
95.45511129872841,190.91022259745682
88.5701112238868,177.1402224477736
33.42689431167165,66.8537886233433
51.750543547158145,103.50108709431629
34.40650054747406,68.81300109494812
15.475473615297929,30.950947230595858
78.66688209739343,157.33376419478685
87.08790254309862,174.17580508619724
52.536517994623125,105.07303598924625
4.618305908519016,9.236611817038032
79.06878674355427,158.13757348710854
29.72713744745884,59.45427489491768
48.29925719755307,96.59851439510614
94.72297688674848,189.44595377349697
86.06767912832801,172.13535825665602
28.599220163397867,57.19844032679573
66.28579036901473,132.57158073802947
45.925079764799435,91.85015952959887
15.31322126382758,30.62644252765516
98.4488611611123,196.8977223222246
92.54166168724615,185.0833233744923
93.1752372454403,186.3504744908806
52.33705822995779,104.67411645991558
49.54682589659637,99.09365179319273
25.750129877679296,51.50025975535859
12.488440782440902,24.976881564881804
9.129640967520004,18.259281935040008
63.6267585262913,127.2535170525826
76.52412922016596,153.04825844033192
48.56958614437544,97.13917228875088
25.351775293104883,50.703550586209765
95.49757532973292,190.99515065946585
74.78698436651311,149.57396873302622
56.578465603819964,113.15693120763993
76.70270314530832,153.40540629061664
67.20963559036215,134.4192711807243
82.98588314046643,165.97176628093285
73.97377781086401,147.94755562172801
88.52915985775614,177.05831971551228
16.898872488211047,33.797744976422095
69.58827081095205,139.1765416219041
92.26441984794452,184.52883969588905
13.384733414831507,26.769466829663013
31.89056194373284,63.78112388746568
93.82334421535865,187.6466884307173
11.856655450593056,23.713310901186112
60.4176923838949,120.8353847677898
88.67511331141633,177.35022662283265
36.534259153773704,73.06851830754741
8.160888454898064,16.321776909796128
75.24724412792555,150.4944882558511
7.923151482446622,15.846302964893244
7.751872762352708,15.503745524705415
20.997423612638144,41.99484722527629
19.995502812597987,39.991005625195974
82.94229685131263,165.88459370262527
87.59719675935872,175.19439351871745
34.858145614065904,69.71629122813181
37.24475179468545,74.4895035893709
40.23210189159483,80.46420378318966
3.228354014822865,6.45670802964573
28.422911276321983,56.845822552643966
83.12816753279377,166.25633506558754
30.88191781004039,61.76383562008078
64.72782575806433,129.45565151612865
2.143339748392803,4.286679496785606
99.96082069517932,199.92164139035864
78.29425736855977,156.58851473711954
98.35284581980966,196.70569163961932
14.88300013333317,29.76600026666634
29.803942631101144,59.60788526220229
21.6906682692679,43.3813365385358
30.78909865572247,61.57819731144494
8.214068414736865,16.42813682947373
62.69064664743751,125.38129329487502
93.19361739600699,186.38723479201397
58.12054427163855,116.2410885432771
72.39181224168284,144.78362448336568
52.58612479327489,105.17224958654978
70.58777559891561,141.17555119783123
71.04266924782897,142.08533849565794
70.18530310087331,140.37060620174663
8.17142082551836,16.34284165103672
39.3785798988007,78.7571597976014
74.39608001965556,148.7921600393111
65.19543978962639,130.39087957925278
65.80525475791444,131.61050951582888
55.72411258481795,111.4482251696359
53.169007067542736,106.33801413508547
28.02896297958758,56.05792595917516
12.19845186214419,24.39690372428838
20.15181140763319,40.30362281526638
25.74205257417237,51.48410514834474
46.998167283064284,93.99633456612857
10.336418681782334,20.672837363564668
45.04636216788326,90.09272433576652
60.77204831547691,121.54409663095382
22.76262527152951,45.52525054305902
71.58900025988785,143.1780005197757
20.03346439051462,40.06692878102924
28.400150590616434,56.80030118123287
3.4385825992578,6.8771651985156
71.00001527849224,142.00003055698448
99.31339628232011,198.62679256464023
34.300705086040004,68.60141017208001
42.010345392035795,84.02069078407159
24.098184467152606,48.19636893430521
42.39027706667555,84.7805541333511
22.547906124552675,45.09581224910535
14.172207375324286,28.34441475064857
0.9162034492890103,1.8324068985780206
17.549616980623927,35.099233961247855
26.858631228443375,53.71726245688675
15.33362806367371,30.66725612734742
89.21133383441602,178.42266766883205
87.3006264418324,174.6012528836648
81.113747815114,162.227495630228
95.52712840669645,191.0542568133929
98.51172553097905,197.0234510619581
22.784036454125022,45.568072908250045
31.40814033654444,62.81628067308888
91.05412448340317,182.10824896680634
20.989846025624203,41.979692051248406
21.616287131330004,43.23257426266001
92.75940984454024,185.5188196890805
36.72984757465273,73.45969514930546
89.62715912671227,179.25431825342454
98.45875274009312,196.91750548018624
59.66507171780954,119.33014343561908
33.976448061452224,67.95289612290445
31.9264392065547,63.8528784131094
7.527016947064757,15.054033894129514
20.126420146534794,40.25284029306959
24.795054939766136,49.59010987953227
46.59667747074819,93.19335494149638
88.10470275619599,176.20940551239198
19.623179506329514,39.24635901265903
10.051775446235178,20.103550892470356
48.875893523628335,97.75178704725667
34.996375292024894,69.99275058404979
5.333479088041971,10.666958176083941
37.50944479579539,75.01888959159078
82.79307919643647,165.58615839287293
91.99454966717701,183.98909933435402
82.07373873798548,164.14747747597096
94.65053057612565,189.3010611522513
44.30625941467744,88.61251882935488
50.91881202373951,101.83762404747903
58.0489339957754,116.0978679915508
89.15412814612225,178.3082562922445
45.918337528679054,91.83667505735811
24.21731927216163,48.43463854432326
83.71909218157583,167.43818436315166
19.92161011668979,39.84322023337958
11.10753060120011,22.21506120240022
56.79158125349125,113.5831625069825
56.14003907541137,112.28007815082275
81.00058077769802,162.00116155539604
39.40427438945079,78.80854877890158
17.167780589873516,34.33556117974703
37.73874323964018,75.47748647928036
60.78273132393457,121.56546264786914
91.69696755057795,183.3939351011559
6.585547552572368,13.171095105144737
6.322943199574061,12.645886399148122
64.07414407489206,128.14828814978412
67.37562817809824,134.75125635619648
9.340211335615578,18.680422671231156
65.12589700558283,130.25179401116566
79.61482339327807,159.22964678655615
38.49841560773688,76.99683121547376
60.9616250751484,121.9232501502968
93.24900976375942,186.49801952751884
74.53498510973961,149.06997021947922
37.99318577866898,75.98637155733796
75.08597720960287,150.17195441920575
87.85848425923984,175.7169685184797
36.29031664635613,72.58063329271226
72.83513253488009,145.67026506976018
22.825526022820796,45.65105204564159
71.15550601385452,142.31101202770904
81.79534636763155,163.5906927352631
50.36215288481787,100.72430576963573
39.68037506102541,79.36075012205082
15.711970978030509,31.423941956061018
60.526254327114756,121.05250865422951
53.85195585672917,107.70391171345834
2.016351112734882,4.032702225469764
15.53190811745402,31.06381623490804
74.89691076512597,149.79382153025193
71.23200948301901,142.46401896603803
40.863840223409994,81.72768044681999
19.83766310549081,39.67532621098162
40.39712722080028,80.79425444160056
73.51733276217888,147.03466552435776
20.91208940821896,41.82417881643792
77.57185340837272,155.14370681674544
91.42981783534107,182.85963567068214
88.23121182663868,176.46242365327737
31.913334387118574,63.82666877423715
10.309342463868898,20.618684927737796
10.411685355292754,20.823370710585507
54.43358646533194,108.86717293066388
71.64326596994053,143.28653193988106
52.559852734513015,105.11970546902603
36.85267945535221,73.70535891070442
92.33684695463744,184.67369390927487
74.96142639050632,149.92285278101264
85.1695322964868,170.3390645929736
59.78731677901668,119.57463355803336
71.37464018085845,142.7492803617169
7.544141946433425,15.08828389286685
79.15711862831198,158.31423725662395
91.78304612329096,183.56609224658192
87.25334225587999,174.50668451175997
13.271935594597629,26.543871189195258
46.24495842677846,92.48991685355692
95.81223663747969,191.62447327495937
94.6937799386238,189.3875598772476
57.812810368009174,115.62562073601835
55.99273851844767,111.98547703689535
69.93430077715126,139.86860155430253
47.926759853225064,95.85351970645013
2.947277897304912,5.894555794609824
25.28643661169664,50.57287322339328
89.69591513986133,179.39183027972265
79.74470158398023,159.48940316796046
69.59380952355204,139.18761904710408
36.85521758354856,73.71043516709712
7.2140814244197715,14.428162848839543
62.86119703246803,125.72239406493605
86.29632584984692,172.59265169969385
38.0613298493765,76.122659698753
74.72697693095888,149.45395386191777
83.12152749681658,166.24305499363317
40.233684722826936,80.46736944565387
26.947222378642234,53.89444475728447
77.85299109958996,155.7059821991799
11.78242092992784,23.56484185985568
41.40019572865551,82.80039145731102
22.145472525196162,44.290945050392324
16.88638337363194,33.77276674726388
13.678035741450723,27.356071482901445
45.768660441699026,91.53732088339805
95.1153990933966,190.2307981867932
19.12134185932244,38.24268371864488
46.766960055000716,93.53392011000143
50.59892033709269,101.19784067418539
69.56764691907938,139.13529383815876
5.1015521264249575,10.203104252849915
21.687345734911702,43.374691469823404
54.64632842427645,109.2926568485529
71.62826448905156,143.25652897810312
3.940278374639128,7.880556749278256
76.31327681188922,152.62655362377845
63.329101703638926,126.65820340727785
37.78293700392101,75.56587400784203
9.23585311368642,18.47170622737284
8.715441487247332,17.430882974494665
70.6876669516055,141.375333903211
18.499940554689665,36.99988110937933
97.9658076730962,195.9316153461924
81.26034903627439,162.52069807254878
93.28935149073241,186.57870298146483
0.08651099959152697,0.17302199918305394
35.35392125648721,70.70784251297442
35.302878892416054,70.60575778483211
16.461566815891317,32.92313363178263
16.77698119841178,33.55396239682356
28.012956016816315,56.02591203363263
29.836748994751606,59.67349798950321
94.20930286233855,188.4186057246771
50.37161468875192,100.74322937750384
38.916816090488716,77.83363218097743
97.4226418887274,194.8452837774548
63.61708012100008,127.23416024200016
88.84594843441617,177.69189686883234
34.46662967021923,68.93325934043845
63.66020407590296,127.32040815180592
36.37215996362505,72.7443199272501
47.20709939252541,94.41419878505081
7.770918210316546,15.541836420633093
23.196021297629756,46.39204259525951
89.61253782723418,179.22507565446836
93.42511448363648,186.85022896727295
3.2469067701163867,6.4938135402327735
13.951644274367625,27.90328854873525
45.17158992371908,90.34317984743817
5.54715856989787,11.09431713979574
44.51817997563102,89.03635995126204
26.496250270120303,52.992500540240606
80.10492294502323,160.20984589004647
80.9417522586971,161.8835045173942
51.09351776040311,102.18703552080622
12.053881815879242,24.107763631758484
14.87084711588672,29.74169423177344
15.964728636526626,31.929457273053252
5.5503859280667704,11.100771856133541
55.19932770951219,110.39865541902438
22.472300581578864,44.94460116315773
31.110538131314613,62.221076262629225
0.41358357856547956,0.8271671571309591
62.16825795966713,124.33651591933426
85.67469711524994,171.34939423049988
52.02498984168219,104.04997968336438
12.049865421730955,24.09973084346191
93.58248715057219,187.16497430114438
55.17400703085856,110.34801406171712
71.19557772359964,142.39115544719928
74.29619228894003,148.59238457788007
23.35252999023941,46.70505998047882
34.55360570925665,69.1072114185133
17.46835109003313,34.93670218006626
22.147651112103706,44.29530222420741
79.20978598879458,158.41957197758916
57.17201788237261,114.34403576474521
17.058870626259726,34.11774125251945
81.59953250806089,163.19906501612178
92.93850737629744,185.87701475259487
83.79454914898128,167.58909829796255
56.31146717517509,112.62293435035018
77.19023166904785,154.3804633380957
64.17602431430063,128.35204862860127
7.844242557419889,15.688485114839779
90.43005024907639,180.86010049815278
15.876943426034229,31.753886852068458
59.79348294390012,119.58696588780025
46.218750287696466,92.43750057539293
52.98449633866697,105.96899267733394
81.2437012230049,162.4874024460098
72.57652990100941,145.15305980201882
81.32550180830677,162.65100361661354
40.0224658923686,80.0449317847372
62.326473047932865,124.65294609586573
0.08455509533806804,0.16911019067613609
42.64472973231365,85.2894594646273
84.9301955244657,169.8603910489314
47.18090304160122,94.36180608320244
53.457532230620075,106.91506446124015
76.37210688631158,152.74421377262317
19.83832789021497,39.67665578042994
83.36936620627525,166.7387324125505
10.824438520659996,21.64887704131999
84.65109485560698,169.30218971121397
65.72796184485901,131.45592368971802
63.442483453883284,126.88496690776657
88.04060671935436,176.08121343870872
41.03819293419482,82.07638586838964
75.25342974200471,150.50685948400942
49.92534127912662,99.85068255825324
17.918114550932764,35.83622910186553
86.05686175476244,172.11372350952487
40.25880995459643,80.51761990919286
43.864506637056465,87.72901327411293
3.0965803809676173,6.193160761935235
79.46952528083742,158.93905056167483
80.35454687497227,160.70909374994454
80.82560294705492,161.65120589410984
4.211524335891026,8.423048671782052
9.30995772746922,18.61991545493844
31.479528497191744,62.95905699438349
32.58286419364575,65.1657283872915
53.331188713772235,106.66237742754447
94.16171019710157,188.32342039420314
92.05574162455976,184.11148324911952
40.475656692464334,80.95131338492867
66.40017957232972,132.80035914465944
22.09204161808348,44.18408323616696
0.28353593201910776,0.5670718640382155
67.71113024620651,135.42226049241302
16.597575632454575,33.19515126490915
26.264569385007864,52.52913877001573
48.971315169466834,97.94263033893367
98.6179911330727,197.2359822661454
70.38091715027008,140.76183430054016
42.30065719319619,84.60131438639237
15.056195458984856,30.112390917969712
71.46563629240569,142.93127258481138
95.59976259381648,191.19952518763296
32.68826793803559,65.37653587607117
93.27232233600478,186.54464467200955
64.74246760389835,129.4849352077967
0.77325616441285,1.5465123288257
75.90524767851728,151.81049535703457
35.39481469625626,70.78962939251252
66.29873118858599,132.59746237717198
36.67963671271717,73.35927342543434
89.72534387547995,179.4506877509599
76.25042949280899,152.50085898561798
50.90803505163023,101.81607010326046
86.48727500482457,172.97455000964914
73.53363071874337,147.06726143748674
58.47201358911755,116.9440271782351
28.15781950211337,56.31563900422674
75.68699888883928,151.37399777767857
39.904398943162725,79.80879788632545
60.34531464498184,120.69062928996368
6.03173142289185,12.0634628457837
65.8001542333839,131.6003084667678
8.12415398840679,16.24830797681358
31.623728046556753,63.247456093113506
84.34880279890177,168.69760559780354
75.85256313105683,151.70512626211365
82.81141228169308,165.62282456338616
57.019140806496225,114.03828161299245
33.750167427883085,67.50033485576617
14.980854726846292,29.961709453692585
76.78243181943782,153.56486363887564
33.79020629308855,67.5804125861771
98.64871609091715,197.2974321818343
33.85371183122189,67.70742366244377
86.88261988104951,173.76523976209901
43.680376850097446,87.36075370019489
63.731323633043516,127.46264726608703
24.932875944453826,49.86575188890765
23.824813851227333,47.649627702454666
12.701060716973734,25.402121433947467
64.31344982559094,128.62689965118187
40.2165715734799,80.4331431469598
6.820895172366659,13.641790344733318
42.26048311913948,84.52096623827896
14.210535787592338,28.421071575184676
54.22968057413643,108.45936114827286
75.2143314052898,150.4286628105796
32.519344151017734,65.03868830203547
44.564625538459424,89.12925107691885
36.224986457985665,72.44997291597133
1.4616487357451469,2.9232974714902937
38.21202656419763,76.42405312839526
92.43952599402235,184.8790519880447
80.5667120245462,161.1334240490924
84.81856926165959,169.63713852331918
77.24494751100045,154.4898950220009
88.86488917616236,177.72977835232473
15.554375362359385,31.10875072471877
18.274057395926857,36.54811479185371
7.9796056039139085,15.959211207827817
59.72763551667924,119.45527103335849
32.45229112425028,64.90458224850056
27.09633138871289,54.19266277742578
20.281457652890467,40.56291530578093
77.58874669116095,155.1774933823219
50.44957058114415,100.8991411622883
99.84938810959993,199.69877621919986
19.359557828993545,38.71911565798709
56.428498465639265,112.85699693127853
88.86867335707721,177.73734671415443
78.37617649143051,156.75235298286103
10.913790817024827,21.827581634049654
22.770685061492234,45.54137012298447
50.05268752969854,100.10537505939708
95.99802836543644,191.99605673087288
3.028271032802743,6.056542065605486
37.35810966234181,74.71621932468362
20.17815264166387,40.35630528332774
73.94166518927096,147.88333037854193
36.80333130768892,73.60666261537784
99.66664681387498,199.33329362774995
36.64536512285459,73.29073024570918
60.89711950869648,121.79423901739295
63.44748149410362,126.89496298820724
26.36109889805279,52.72219779610558
46.92973206549188,93.85946413098377
79.31182795342097,158.62365590684195
30.28191747369553,60.56383494739106
12.98952012136586,25.97904024273172
59.216788244688324,118.43357648937665
45.049127285386604,90.09825457077321
33.89594593195552,67.79189186391103
8.382517539469658,16.765035078939317
53.73587319361093,107.47174638722186
36.15718906735589,72.31437813471177
3.7412938068455803,7.482587613691161
84.24432093995371,168.48864187990742
72.12878362705462,144.25756725410923
47.43419507394332,94.86839014788664
49.31967721076948,98.63935442153895
71.74751629200176,143.49503258400352
54.14246589595355,108.2849317919071
6.476832055991178,12.953664111982356
6.2316379851357855,12.463275970271571
79.38160467338977,158.76320934677955
2.9731667320116006,5.946333464023201
85.41679947174559,170.83359894349118
58.85697628453981,117.71395256907962
75.14249773763174,150.28499547526349
46.66553561627024,93.33107123254048
24.44141484909149,48.88282969818298
59.48411777448993,118.96823554897986
54.413143588111204,108.82628717622241
33.83155468083682,67.66310936167363
49.00005427985181,98.00010855970362
74.37952666206756,148.75905332413512
40.310428108081766,80.62085621616353
15.819357062022032,31.638714124044064
2.0347439606339113,4.0694879212678225
7.96970992485554,15.93941984971108
60.40895565248946,120.81791130497892
9.57258629137957,19.14517258275914
76.96528842317264,153.93057684634528
8.974498418693443,17.948996837386886
41.89614911969577,83.79229823939154
92.8450877683841,185.6901755367682
96.62318926028296,193.2463785205659
30.92123195637354,61.84246391274708
86.52967567991058,173.05935135982116
66.62432315421603,133.24864630843206
5.0148041420878915,10.029608284175783
46.55622498904434,93.11244997808868
8.71073238069715,17.4214647613943
86.09870653620997,172.19741307241995
14.513107113473112,29.026214226946223
37.44359895443564,74.88719790887129
15.200418683003146,30.400837366006293
31.75107877524168,63.50215755048336
48.62457584942172,97.24915169884343
96.30461989420922,192.60923978841845
87.64384347665984,175.28768695331968
89.45864817508547,178.91729635017094
96.2825577091096,192.5651154182192
98.0412233121941,196.0824466243882
88.43159041427334,176.8631808285467
86.48602546162991,172.97205092325981
41.0793498638405,82.158699727681
6.731278621722369,13.462557243444738
45.693380371467704,91.38676074293541
69.34506081425292,138.69012162850584
11.181033635444205,22.36206727088841
78.29929195890865,156.5985839178173
77.99457455508832,155.98914911017664
68.24460815305646,136.48921630611292
54.77222469011953,109.54444938023906
70.32675816566126,140.65351633132252
54.45008328111625,108.9001665622325
30.084801665171234,60.16960333034247
88.91378707263662,177.82757414527325
92.41545742275082,184.83091484550164
21.051089199386052,42.102178398772104
41.356327086325194,82.71265417265039
64.6790213116547,129.3580426233094
18.85679057100894,37.71358114201788
67.2109506955489,134.4219013910978
25.753131764044657,51.50626352808931
19.419006056537967,38.83801211307593
59.264547063873394,118.52909412774679
80.00774034642467,160.01548069284934
94.3757137730036,188.7514275460072
56.403279160652886,112.80655832130577
16.937958207992388,33.875916415984776
35.160558201980926,70.32111640396185
58.855404910116135,117.71080982023227
0.5493012218717452,1.0986024437434905
28.92919564194746,57.85839128389492
89.08178864637424,178.16357729274847
23.993656355320393,47.987312710640786
21.280433109888474,42.56086621977695
30.432753989610706,60.86550797922141
95.02226355115486,190.04452710230973
26.84071282667825,53.6814256533565
80.97889125881281,161.95778251762562
49.747155401931565,99.49431080386313
5.914105555387095,11.82821111077419
10.48273394743241,20.96546789486482
92.57027599384038,185.14055198768077
15.387342193255893,30.774684386511787
6.903496013191013,13.806992026382026
42.812373671988134,85.62474734397627
49.00741281028698,98.01482562057396
6.422333040450434,12.844666080900868
24.51860115854708,49.03720231709416
60.15640767470805,120.3128153494161
67.25643576054847,134.51287152109694
53.33076332177089,106.66152664354178
14.5264300642168,29.0528601284336
90.59036439984574,181.18072879969148
65.54809228427541,131.09618456855083
29.154543955376543,58.309087910753085
79.36460049272985,158.7292009854597
35.909631925724106,71.81926385144821
58.10983633695162,116.21967267390325
28.67308804932841,57.34617609865682
86.7334475272946,173.4668950545892
89.11499580341469,178.22999160682937
52.585954017927925,105.17190803585585
76.9536974128121,153.9073948256242
32.610206218851914,65.22041243770383
72.29687857850797,144.59375715701594
58.887815400870814,117.77563080174163
2.8856585239993127,5.771317047998625
29.907293777768707,59.814587555537415
20.147365422327802,40.294730844655604
83.32158790175872,166.64317580351744
42.24777786742423,84.49555573484847
38.08705658150433,76.17411316300866
3.8218633810476743,7.643726762095349
67.88091347986021,135.76182695972042
39.63809983111042,79.27619966222083
72.37693414501352,144.75386829002704
67.59637497834949,135.19274995669898
95.55051868591514,191.10103737183027
68.9467455207453,137.8934910414906
11.257540297056412,22.515080594112824
96.13353017880493,192.26706035760986
37.053466363210084,74.10693272642017
14.98968006165513,29.97936012331026
54.49933159090623,108.99866318181246
89.35566147772091,178.71132295544183
90.31171742386381,180.62343484772762
54.61126283674944,109.22252567349888
26.938419828685547,53.87683965737109
78.50080516404711,157.00161032809422
42.79741384754554,85.59482769509108
88.38683084816388,176.77366169632776
10.291028232318721,20.582056464637443
4.5227907206371825,9.045581441274365
87.61379117501019,175.22758235002038
46.93591743933149,93.87183487866298
43.57953816013421,87.15907632026843
54.52617939929583,109.05235879859165
75.09993041632414,150.19986083264828
59.68277441465215,119.3655488293043
26.70357281381325,53.4071456276265
38.27125668388592,76.54251336777185
15.552276220410356,31.10455244082071
2.226517445725451,4.453034891450902
93.60303855803868,187.20607711607735
54.39228216502404,108.78456433004808
27.808494012198004,55.61698802439601
4.8465363403957245,9.693072680791449
57.98142402533466,115.96284805066932
41.428808425210626,82.85761685042125
53.129617491705346,106.25923498341069
2.998336836106419,5.996673672212838
44.16575806683453,88.33151613366906
44.17488849256681,88.34977698513362
60.1097630713193,120.2195261426386
71.50575842599723,143.01151685199446
2.054022670265354,4.108045340530708
78.86086014905706,157.72172029811412
20.255668230882208,40.511336461764415
37.014937906318615,74.02987581263723
23.97566023610931,47.95132047221862
57.60639897925712,115.21279795851424
21.767521432282255,43.53504286456451
0.477272251172034,0.954544502344068
78.18652814093417,156.37305628186834
44.83175086074963,89.66350172149926
1.5403432277103724,3.0806864554207447
67.2319789037323,134.4639578074646
89.13060825416225,178.2612165083245
16.765264708646455,33.53052941729291
74.03863660380729,148.07727320761458
15.579467105794652,31.158934211589305
60.38615362791309,120.77230725582618
85.2973994302209,170.5947988604418
27.17282021420473,54.34564042840946
71.93590826016892,143.87181652033783
79.29736748965675,158.5947349793135
68.48773001018526,136.97546002037052
95.1462539466348,190.2925078932696
71.79512533009101,143.59025066018202
52.84971449109833,105.69942898219666
93.75317763918908,187.50635527837815
97.42736040132851,194.85472080265703
87.09989287779088,174.19978575558176
42.95136074850432,85.90272149700864
19.462871761511636,38.92574352302327
26.066585415721367,52.13317083144273
50.2457226975633,100.4914453951266
8.945241642701928,17.890483285403857
87.63090498896872,175.26180997793745
12.953475104580637,25.906950209161273
0.08135969989266911,0.16271939978533823
58.350750851856716,116.70150170371343
98.20554549334678,196.41109098669355
57.18085515975625,114.3617103195125
1.7685565392018043,3.5371130784036087
42.09588529979879,84.19177059959758
25.054049823689372,50.108099647378744
36.72124042259417,73.44248084518834
