input:a:0,output:b:0
89.0328253865853,178.0656507731706
41.630776064868535,83.26155212973707
95.51038394343739,191.02076788687478
19.49589874432909,38.99179748865818
8.782865113060268,17.565730226120536
20.133910085204278,40.267820170408555
85.18765191768658,170.37530383537316
16.594572614920157,33.189145229840314
21.182447247106417,42.364894494212834
37.46364160939538,74.92728321879076
30.518680451182856,61.03736090236571
95.59430976283606,191.18861952567212
30.90236140413667,61.80472280827334
39.2416922670884,78.4833845341768
6.537640659790245,13.07528131958049
96.58258305173091,193.16516610346181
67.34320582770911,134.68641165541823
47.69682485686049,95.39364971372098
90.74484177076391,181.48968354152782
95.81585862919567,191.63171725839135
28.799357431580063,57.598714863160126
86.43431114064478,172.86862228128956
82.41078161381095,164.8215632276219
29.807740791306603,59.61548158261321
75.0449297970938,150.0898595941876
43.529193891498494,87.05838778299699
1.2190625374217334,2.438125074843467
83.6747337698916,167.3494675397832
82.63656623409385,165.2731324681877
6.767956020955735,13.53591204191147
64.83314481822939,129.66628963645877
49.016869694719226,98.03373938943845
69.46991889668664,138.93983779337327
91.19284299849186,182.3856859969837
7.181223402351855,14.36244680470371
62.11453513087108,124.22907026174217
87.35786224870678,174.71572449741356
74.32689826862554,148.65379653725108
11.118647196204968,22.237294392409936
85.92667231170849,171.85334462341697
4.746710402004384,9.493420804008768
92.55283402427466,185.10566804854932
7.918210274052317,15.836420548104634
70.39640919221326,140.7928183844265
34.347201162885085,68.69440232577017
71.24863326773485,142.4972665354697
21.228949843721388,42.457899687442776
91.57109903923461,183.14219807846922
84.5095780363699,169.0191560727398
17.828427758400345,35.65685551680069
80.33060421613038,160.66120843226076
18.8524895508551,37.7049791017102
67.65911300675295,135.3182260135059
2.278672744335719,4.557345488671438
95.85459408836206,191.70918817672413
31.534429969059772,63.068859938119544
43.00977815342182,86.01955630684364
83.83113217052633,167.66226434105266
77.77499463300937,155.54998926601874
86.27406753923883,172.54813507847766
52.877884682965494,105.75576936593099
44.387211323324834,88.77442264664967
54.28752619376801,108.57505238753602
97.39720705419008,194.79441410838015
79.92915871698462,159.85831743396923
0.9115911958884171,1.8231823917768342
38.02201402239934,76.04402804479868
39.7062465830336,79.4124931660672
5.480887181973082,10.961774363946164
99.46293740769818,198.92587481539636
96.99189333128551,193.98378666257102
83.6222083745524,167.2444167491048
46.7476829940142,93.4953659880284
1.2889886437736253,2.5779772875472506
77.52258586965937,155.04517173931873
78.2621009381058,156.5242018762116
98.31662873892614,196.63325747785228
2.0164785508841043,4.032957101768209
8.959824929472472,17.919649858944943
93.8102235488456,187.6204470976912
95.28339657661056,190.5667931532211
75.48341797837666,150.96683595675333
30.992855605522575,61.98571121104515
71.47107979678722,142.94215959357444
37.89379622269015,75.7875924453803
45.54889922868648,91.09779845737296
66.24607612049019,132.49215224098037
53.694115593811766,107.38823118762353
58.45256860916932,116.90513721833864
33.48728326515861,66.97456653031722
33.00430572645501,66.00861145291002
27.675236610813002,55.350473221626004
6.890419915498935,13.78083983099787
37.61924093941131,75.23848187882263
65.27043076062647,130.54086152125294
88.40248221025931,176.80496442051862
50.66301207828262,101.32602415656524
37.49409244075198,74.98818488150395
40.53410447928164,81.06820895856328
61.48806342318144,122.97612684636287
31.043458646461254,62.08691729292251
9.017476145077751,18.034952290155502
2.7505621102859146,5.501124220571829
99.17953465657334,198.35906931314668
34.385322127477544,68.77064425495509
59.46788042878628,118.93576085757256
5.650745813923108,11.301491627846216
50.675509688982686,101.35101937796537
90.99219293958679,181.98438587917357
17.914443174745966,35.82888634949193
2.924622122315945,5.84924424463189
36.158231388964005,72.31646277792801
46.29754044423904,92.59508088847808
6.409163904585268,12.818327809170537
56.175847517392526,112.35169503478505
39.52001745860784,79.04003491721568
72.59272175616287,145.18544351232575
24.003068401079474,48.00613680215895
9.853230632912203,19.706461265824405
26.909214469549813,53.818428939099626
21.790844704059985,43.58168940811997
73.33348400539526,146.66696801079053
72.05675304739418,144.11350609478836
63.51666407442305,127.0333281488461
32.69219757982287,65.38439515964573
52.12181030392992,104.24362060785984
96.33416991073734,192.6683398214747
51.87705504292251,103.75411008584501
5.435901977527036,10.871803955054071
79.13878271738216,158.2775654347643
50.417098784496716,100.83419756899343
40.63066079443125,81.2613215888625
38.86222401697725,77.7244480339545
83.85210059669764,167.70420119339528
62.267271550568594,124.53454310113719
44.10358794840862,88.20717589681723
13.1758513722658,26.3517027445316
32.445657240525364,64.89131448105073
47.8694362666232,95.7388725332464
34.124340585705184,68.24868117141037
28.226038230254336,56.45207646050867
7.603457083192144,15.206914166384289
16.25524891654848,32.51049783309696
60.244790613440216,120.48958122688043
66.51865552306515,133.0373110461303
35.74785499970532,71.49570999941064
67.54493541611171,135.08987083222343
95.65556901316074,191.3111380263215
21.350401012215624,42.70080202443125
85.57963381897203,171.15926763794405
29.11943343372705,58.2388668674541
30.4013490179038,60.8026980358076
70.2037915732528,140.4075831465056
17.08432483788268,34.16864967576536
63.001362838313355,126.00272567662671
57.563363902686234,115.12672780537247
11.348948476902587,22.697896953805174
33.61991163465821,67.23982326931642
81.85113406683644,163.70226813367287
33.26933970142297,66.53867940284594
12.95924612182512,25.91849224365024
68.55111148623078,137.10222297246156
9.936768396132711,19.873536792265423
89.65907195937058,179.31814391874116
26.844455788091402,53.688911576182804
69.09530862267206,138.19061724534413
71.14396691501054,142.28793383002107
76.95739223565664,153.91478447131328
53.359226484044896,106.71845296808979
20.146002902800397,40.292005805600795
5.936614110903049,11.873228221806098
33.78083997108855,67.5616799421771
5.632783410341135,11.26556682068227
89.19567817703876,178.39135635407752
20.079690588462462,40.159381176924924
23.542684730663577,47.085369461327154
56.223412608989506,112.44682521797901
34.30696072668387,68.61392145336774
45.6152745818285,91.230549163657
79.8286528870984,159.6573057741968
75.98490942731712,151.96981885463424
43.838540410468205,87.67708082093641
62.91304142754819,125.82608285509637
62.33755100031914,124.67510200063828
31.014329858683276,62.02865971736655
82.68241751784173,165.36483503568346
70.83710352871013,141.67420705742026
63.79839761406536,127.59679522813072
49.75431378663077,99.50862757326153
17.89201353586457,35.78402707172914
72.5792019014913,145.1584038029826
79.94580460388092,159.89160920776183
50.647005680220516,101.29401136044103
46.66209912353414,93.32419824706828
77.0254090278283,154.0508180556566
37.82150433570969,75.64300867141938
14.853766810433122,29.707533620866243
8.165665608134487,16.331331216268975
73.77853515387014,147.55707030774028
48.04142431736111,96.08284863472223
63.27933755207192,126.55867510414384
83.72751937839698,167.45503875679395
6.260707365116957,12.521414730233914
58.177390564017514,116.35478112803503
38.993136758226946,77.98627351645389
82.93665106452703,165.87330212905405
14.304306052836335,28.60861210567267
68.0952970208342,136.1905940416684
94.11315215448883,188.22630430897766
97.6073103750954,195.2146207501908
82.54996433257938,165.09992866515876
65.63826144457047,131.27652288914095
40.13345916921941,80.26691833843881
45.23403733863515,90.4680746772703
81.41189685654228,162.82379371308457
55.8527786988836,111.7055573977672
32.57962337335422,65.15924674670843
26.966950523917312,53.933901047834624
81.98235278750445,163.9647055750089
30.74495391253884,61.48990782507768
91.54219782498852,183.08439564997704
22.55055566105678,45.10111132211356
50.746123247507214,101.49224649501443
62.517827671137674,125.03565534227535
61.16060153050572,122.32120306101145
9.944247101351566,19.888494202703132
73.01121892573792,146.02243785147584
43.896307243405374,87.79261448681075
67.76563449046638,135.53126898093277
22.960871771126,45.921743542252
86.53384011453139,173.06768022906277
49.36146339131242,98.72292678262484
89.10601556452862,178.21203112905724
69.19412027434875,138.3882405486975
24.870214326132434,49.74042865226487
99.95332021499031,199.90664042998063
34.05947267900654,68.11894535801308
27.7226776035454,55.4453552070908
92.36475774673735,184.7295154934747
51.97945601992699,103.95891203985398
79.25071324171817,158.50142648343635
31.283270384450823,62.566540768901646
41.61172801062879,83.22345602125758
3.99407546517615,7.9881509303523
82.94222194235833,165.88444388471666
23.26877956281449,46.53755912562898
81.04967358060065,162.0993471612013
7.777647596893999,15.555295193787998
9.460779931443764,18.921559862887527
70.052434949637,140.104869899274
93.78353713742332,187.56707427484665
61.4092969689681,122.8185939379362
33.935855433829964,67.87171086765993
21.879168965021922,43.758337930043844
13.893045613633092,27.786091227266184
91.12198255939448,182.24396511878896
92.8290171387229,185.6580342774458
3.2321585027482835,6.464317005496567
54.731968989378764,109.46393797875753
31.089052936765604,62.17810587353121
52.04893092871493,104.09786185742986
87.31478466944607,174.62956933889214
0.9320451124808282,1.8640902249616564
38.41146443054739,76.82292886109478
7.0961355714796,14.1922711429592
5.279231525473738,10.558463050947475
77.48860855247945,154.9772171049589
94.0703007075387,188.1406014150774
16.960589771705315,33.92117954341063
44.14216547132316,88.28433094264632
64.61875269557098,129.23750539114195
1.6355930105779626,3.271186021155925
74.46149838385969,148.92299676771938
51.14937327500265,102.2987465500053
63.10727822208483,126.21455644416966
76.5488564283585,153.097712856717
81.98204825831033,163.96409651662066
29.937371982825123,59.87474396565025
7.836113876519035,15.67222775303807
62.77400857464206,125.54801714928412
86.14023881319743,172.28047762639486
82.2366764081053,164.4733528162106
41.916413818922415,83.83282763784483
31.56764586274474,63.13529172548948
81.03508706265936,162.07017412531872
50.507847003655385,101.01569400731077
81.81080813808644,163.6216162761729
48.40326267003524,96.80652534007048
15.309979493423931,30.619958986847863
19.49816063853521,38.99632127707042
51.859433486558906,103.71886697311781
88.75573897842278,177.51147795684557
38.341022703087425,76.68204540617485
85.50176827204943,171.00353654409886
21.28726089565407,42.57452179130814
98.33236537474134,196.6647307494827
30.14103089937208,60.28206179874416
1.0927137162388134,2.185427432477627
12.980531188597965,25.96106237719593
7.077945872898061,14.155891745796122
63.218502739107194,126.43700547821439
50.6108445131122,101.2216890262244
88.47714192680606,176.9542838536121
94.20295085537056,188.40590171074112
98.69191871925896,197.38383743851793
13.013187200243713,26.026374400487427
72.93220307101198,145.86440614202397
0.35143583560440783,0.7028716712088157
48.78478456390696,97.56956912781392
28.075926144043883,56.15185228808777
38.15355575347114,76.30711150694228
85.08761013941462,170.17522027882924
75.25449174727875,150.5089834945575
71.97443297223552,143.94886594447104
73.94133665109557,147.88267330219114
56.2010828914521,112.4021657829042
58.631056006605476,117.26211201321095
32.40848100488287,64.81696200976575
73.70714114455996,147.4142822891199
21.235775669899382,42.471551339798765
64.88456475351153,129.76912950702305
47.593730474304465,95.18746094860893
44.1301698645312,88.2603397290624
65.66712818325773,131.33425636651546
93.97501580590553,187.95003161181106
87.88179973434683,175.76359946869366
73.22937877740765,146.4587575548153
45.1582218579001,90.3164437158002
49.49304055313175,98.9860811062635
2.1474169472302296,4.294833894460459
10.697130932295252,21.394261864590504
8.486553904253292,16.973107808506583
14.217452191691004,28.43490438338201
21.34982224977664,42.69964449955328
96.2017874397272,192.4035748794544
32.946236030259,65.892472060518
95.74116018252973,191.48232036505945
57.26421458737681,114.52842917475363
85.95047934849083,171.90095869698166
99.9185655837243,199.8371311674486
30.19579383351848,60.39158766703696
52.99828192140807,105.99656384281614
50.70849300123127,101.41698600246254
5.821850004668194,11.643700009336388
28.021788909681966,56.04357781936393
5.89336448206269,11.78672896412538
54.54997241901417,109.09994483802834
11.740944466094438,23.481888932188877
79.09273980361074,158.18547960722148
61.59683524963901,123.19367049927801
6.449469072009362,12.898938144018723
63.54958946358572,127.09917892717144
76.2693494216415,152.538698843283
82.54388050274909,165.08776100549818
81.35028204873926,162.70056409747852
71.07287327575182,142.14574655150363
58.051082576382264,116.10216515276453
57.34512512429997,114.69025024859994
8.365321821737947,16.730643643475894
50.84716176727818,101.69432353455636
84.83662525787776,169.6732505157555
79.24672953759116,158.49345907518233
4.119867589318316,8.239735178636632
29.145504868125162,58.291009736250324
91.76917564365782,183.53835128731563
86.51713037485254,173.03426074970508
14.029516389005359,28.059032778010717
90.84453054998059,181.68906109996118
41.154166514876934,82.30833302975387
83.51017301716449,167.02034603432898
40.36336073184914,80.72672146369828
96.29539173753734,192.5907834750747
37.20066122161517,74.40132244323034
77.21263120683652,154.42526241367304
51.216939814401094,102.43387962880219
8.824226501851351,17.648453003702702
20.286378790881187,40.572757581762374
97.47101521444304,194.94203042888608
4.8565720515455935,9.713144103091187
56.0249504735607,112.0499009471214
4.576811418063464,9.153622836126928
48.51849797770771,97.03699595541542
80.22656889055382,160.45313778110764
68.2171351395615,136.434270279123
25.662588459207825,51.32517691841565
59.610619361619065,119.22123872323813
84.55319395371895,169.1063879074379
33.79075917852039,67.58151835704078
17.908352287263185,35.81670457452637
86.06993147763134,172.13986295526269
58.64948399717822,117.29896799435645
57.401406284684754,114.80281256936951
64.65631467601703,129.31262935203407
58.65533391367135,117.3106678273427
56.07227038441355,112.1445407688271
75.30733427649328,150.61466855298656
9.294953042803034,18.589906085606067
66.07566163488828,132.15132326977655
76.40953245765759,152.81906491531518
98.69502050519057,197.39004101038114
1.8947679980048648,3.7895359960097297
37.726271907223264,75.45254381444653
95.2264219482651,190.4528438965302
71.12706724170349,142.25413448340697
1.487125343069895,2.97425068613979
70.37461040666561,140.74922081333122
19.026815939227248,38.053631878454496
22.050912797959754,44.10182559591951
2.349310425355222,4.698620850710444
17.324257655667306,34.64851531133461
98.86325377466811,197.72650754933622
54.054082850370314,108.10816570074063
7.7472312204416856,15.494462440883371
16.358441913033605,32.71688382606721
76.00809950101689,152.01619900203377
95.02004003256113,190.04008006512225
50.40634161993821,100.81268323987642
14.591268031211158,29.182536062422315
3.792330325920623,7.584660651841246
37.63004353168403,75.26008706336806
18.143942329697992,36.287884659395985
11.760354485371272,23.520708970742543
23.63773460252665,47.2754692050533
39.78279635393569,79.56559270787137
57.041263015620444,114.08252603124089
4.7468353664535385,9.493670732907077
50.80963941907955,101.6192788381591
97.03278218156053,194.06556436312107
40.0034116309692,80.0068232619384
46.35111114589998,92.70222229179996
69.77262783191757,139.54525566383515
32.29153715617606,64.58307431235212
54.32864541948813,108.65729083897627
51.93170775816589,103.86341551633178
64.18425655823047,128.36851311646095
76.82657623517585,153.6531524703517
35.06281266866835,70.1256253373367
99.1325194443745,198.265038888749
17.84964509036895,35.6992901807379
23.599696909768575,47.19939381953715
37.07520197282318,74.15040394564636
0.01679144726373094,0.03358289452746188
64.69116661720507,129.38233323441014
11.866465213146327,23.732930426292654
28.34422788317402,56.68845576634804
19.059820451397226,38.11964090279445
84.38108959931279,168.76217919862557
1.1878560556875417,2.3757121113750834
24.943424863144692,49.886849726289384
44.427021044682625,88.85404208936525
37.47205031388879,74.94410062777759
27.787362756442548,55.574725512885095
99.91188007917523,199.82376015835047
37.21803711817606,74.43607423635213
62.12825273829421,124.25650547658842
50.91767927738719,101.83535855477437
47.790394116722545,95.58078823344509
58.676801501000455,117.35360300200091
48.833797731139214,97.66759546227843
14.009100538925857,28.018201077851714
89.97634669104848,179.95269338209695
43.009489996588904,86.01897999317781
40.97600734998005,81.9520146999601
55.924628907749444,111.84925781549889
34.20549803369241,68.41099606738481
41.40747288639093,82.81494577278185
63.42455228518945,126.8491045703789
43.066121110341,86.132242220682
50.258109512983715,100.51621902596743
25.641116183543332,51.282232367086664
79.45879647350525,158.9175929470105
52.803778067514315,105.60755613502863
68.74997840872467,137.49995681744934
91.4074930590791,182.8149861181582
57.57963771358181,115.15927542716362
66.53828746418866,133.0765749283773
33.29749257721322,66.59498515442644
96.55513257499193,193.11026514998386
0.3991115465469042,0.7982230930938083
50.54545682625638,101.09091365251275
75.50180049957727,151.00360099915454
15.664881449482992,31.329762898965985
8.250012127952566,16.50002425590513
8.007488791782968,16.014977583565937
54.00677816675741,108.01355633351481
83.7087396274012,167.4174792548024
9.089142526230876,18.178285052461753
67.42778788593694,134.85557577187387
57.151093391234554,114.30218678246911
90.05481527134357,180.10963054268714
43.24156301803686,86.48312603607371
79.635784137819,159.271568275638
33.09004373666866,66.18008747333732
45.87403756273515,91.7480751254703
53.80556493257854,107.61112986515708
87.63862168945721,175.27724337891442
64.44438628689386,128.88877257378772
90.18469024691662,180.36938049383323
92.12649107245157,184.25298214490314
99.1043731758847,198.2087463517694
10.862523465563513,21.725046931127025
5.260261662194576,10.520523324389153
93.3476470827059,186.6952941654118
21.411636764480058,42.823273528960115
8.2571364834223,16.5142729668446
73.63143520810121,147.26287041620242
24.606460213297886,49.21292042659577
36.584934800901166,73.16986960180233
24.050033057393215,48.10006611478643
94.92737262778357,189.85474525556714
45.58954983758796,91.17909967517592
76.65311214616516,153.3062242923303
86.05055262574176,172.10110525148352
1.6221780506665895,3.244356101333179
48.5520659544655,97.104131908931
22.698883460089768,45.397766920179535
91.74278868062429,183.48557736124857
91.67097479975338,183.34194959950676
51.67479176541019,103.34958353082038
54.360402884917434,108.72080576983487
40.72516925062906,81.45033850125812
90.36669336643392,180.73338673286784
95.58544355103284,191.17088710206568
3.3305503074991805,6.661100614998361
65.19179770773157,130.38359541546313
70.648341907515,141.29668381503
12.90169962622426,25.80339925244852
36.08815633322566,72.17631266645132
61.134102149629896,122.26820429925979
88.00329596858448,176.00659193716896
76.08779456545462,152.17558913090923
61.12703682281339,122.25407364562678
24.99362895591667,49.98725791183334
86.1976392155341,172.3952784310682
68.73326724777664,137.46653449555328
48.837978325181034,97.67595665036207
23.15356186821932,46.30712373643864
70.51592435116635,141.0318487023327
47.62141869858885,95.2428373971777
40.55828631241558,81.11657262483116
23.193532818003792,46.387065636007584
19.237481672768773,38.474963345537546
69.20042091531637,138.40084183063274
61.52608804998161,123.05217609996322
96.2046085550071,192.4092171100142
11.35736591219667,22.71473182439334
0.7714731267670527,1.5429462535341054
77.94006714529365,155.8801342905873
7.442930789284119,14.885861578568239
33.738642394754436,67.47728478950887
37.56200224725136,75.12400449450271
29.695632207001953,59.391264414003906
23.36406912842338,46.72813825684676
31.480550675511275,62.96110135102255
57.14297965284841,114.28595930569682
93.72896721623128,187.45793443246257
33.04225275887818,66.08450551775636
55.23960750301055,110.4792150060211
93.60914106863895,187.2182821372779
14.71860076596101,29.43720153192202
85.01118937980905,170.0223787596181
21.66660595407842,43.33321190815684
47.2654876384208,94.5309752768416
60.441147835235185,120.88229567047037
15.449099249341923,30.898198498683847
13.227606486286847,26.455212972573694
5.801590486685448,11.603180973370897
83.85503144711521,167.71006289423042
89.02763882352191,178.05527764704382
59.608415925880806,119.21683185176161
19.198626474417303,38.397252948834605
8.633116798954344,17.266233597908688
69.4874273519438,138.9748547038876
38.84922930775553,77.69845861551106
20.16532233916397,40.33064467832794
77.85315751264041,155.70631502528082
51.498897218831864,102.99779443766373
53.33314529891193,106.66629059782386
44.29773901836811,88.59547803673622
58.074459778223996,116.14891955644799
90.82605217449438,181.65210434898876
92.83792979047595,185.6758595809519
72.80312915936895,145.6062583187379
27.936739395590592,55.873478791181185
6.1556601681238,12.3113203362476
45.52384702270953,91.04769404541906
53.202657159848556,106.40531431969711
48.784368721428315,97.56873744285663
67.76402087145615,135.5280417429123
14.48854252986841,28.97708505973682
3.927121900925279,7.854243801850558
39.30745546605176,78.61491093210353
8.117421239295775,16.23484247859155
61.15793233654595,122.3158646730919
7.639375253347347,15.278750506694694
52.702011597942075,105.40402319588415
22.009409955652394,44.01881991130479
58.8175365342129,117.6350730684258
26.714040617751333,53.42808123550267
63.27918707852558,126.55837415705116
36.16122217882351,72.32244435764702
34.80354307904202,69.60708615808404
33.38458456083746,66.76916912167492
6.318159208053609,12.636318416107217
70.99938951874819,141.99877903749638
15.418403557013939,30.836807114027877
93.27646491367422,186.55292982734844
92.20447331128523,184.40894662257045
69.61173582371839,139.22347164743678
66.39472945386967,132.78945890773934
72.3468528632821,144.6937057265642
74.29696484074798,148.59392968149595
0.6904475254161047,1.3808950508322093
11.510140113804312,23.020280227608623
66.35252520920855,132.7050504184171
37.848283183993125,75.69656636798625
95.33709625181575,190.6741925036315
62.72747003503875,125.4549400700775
24.470008442726897,48.940016885453794
62.63633527811749,125.27267055623498
87.09262880767083,174.18525761534167
27.953419726831253,55.906839453662506
92.96426571802513,185.92853143605026
47.95150432585218,95.90300865170435
61.021805401273625,122.04361080254725
76.81794521355553,153.63589042711106
34.191273253397725,68.38254650679545
1.071783497418255,2.14356699483651
47.25100158155181,94.50200316310362
64.79706698659702,129.59413397319403
56.25620534926834,112.51241069853668
88.7140685173793,177.4281370347586
63.93928114025677,127.87856228051353
98.74136853349495,197.4827370669899
66.61192420322047,133.22384840644094
92.51293051185121,185.02586102370242
60.891064438954736,121.78212887790947
35.242175404862216,70.48435080972443
81.76265806198906,163.52531612397812
6.495526832646215,12.99105366529243
27.949187398138797,55.898374796277594
27.15437999977479,54.30875999954958
48.162243026683214,96.32448605336643
18.152717160884023,36.30543432176805
8.232707632205848,16.465415264411696
57.717629749784095,115.43525949956819
93.22924235085,186.4584847017
39.65458929962299,79.30917859924598
51.40134914381779,102.80269828763558
93.27463747111182,186.54927494222363
88.52064988025387,177.04129976050774
2.1183337518129397,4.236667503625879
56.28440496028881,112.56880992057762
79.77601314715196,159.55202629430391
92.36838297204727,184.73676594409454
63.160566231448165,126.32113246289633
34.38669890165094,68.77339780330188
52.379177614663455,104.75835522932691
16.59596462896601,33.19192925793202
31.465570522014186,62.93114104402837
58.25737050561695,116.5147410112339
71.91831134249404,143.83662268498807
51.72303247154269,103.44606494308537
35.06797634733998,70.13595269467996
15.255007074723338,30.510014149446675
51.870795949538376,103.74159189907675
30.659715481227746,61.31943096245549
87.42072987270011,174.84145974540021
10.014988729173336,20.02997745834667
76.09541532146002,152.19083064292005
83.1080484242603,166.2160968485206
33.09929184529864,66.19858369059727
26.3028121417787,52.6056242835574
11.63492813115312,23.26985626230624
81.82077584350672,163.64155168701345
38.076225510679386,76.15245102135877
39.059268629629784,78.11853725925957
75.50025967811409,151.00051935622818
56.89631483880482,113.79262967760964
1.908800471062555,3.81760094212511
20.3473906753885,40.694781350777
70.25137207055205,140.5027441411041
77.7176595002309,155.4353190004618
86.80780334661925,173.6156066932385
94.33762610544561,188.67525221089122
39.18965101283347,78.37930202566695
83.10576764825453,166.21153529650906
18.98769181451092,37.97538362902184
94.39824753659732,188.79649507319465
31.46336009228994,62.92672018457988
78.98934908456967,157.97869816913934
75.82000922088612,151.64001844177224
64.3187684259267,128.6375368518534
31.04885979846621,62.09771959693242
72.44926621254152,144.89853242508303
48.887477358255246,97.77495471651049
95.71789341064965,191.4357868212993
69.21783095376858,138.43566190753717
15.847613476566346,31.695226953132693
83.58541957701823,167.17083915403646
36.00590121042947,72.01180242085894
42.57157168844952,85.14314337689903
30.921127004204852,61.842254008409704
36.612213038166445,73.22442607633289
70.48257515589057,140.96515031178114
60.190809434843786,120.38161886968757
35.225812153371685,70.45162430674337
48.740312448094784,97.48062489618957
45.26339028636072,90.52678057272144
10.97131161522016,21.94262323044032
30.97190841145614,61.94381682291228
58.68631690870413,117.37263381740826
90.10589310465211,180.21178620930422
83.46321037968718,166.92642075937437
35.53703325736437,71.07406651472874
77.19915535453414,154.39831070906828
36.64320081749432,73.28640163498864
38.510108579970094,77.02021715994019
88.618851141068,177.237702282136
38.215777694599964,76.43155538919993
45.25910356985143,90.51820713970287
68.5173141691522,137.0346283383044
77.08545010545811,154.17090021091622
7.9479587973196875,15.895917594639375
88.42518266529518,176.85036533059036
2.213429217587193,4.426858435174386
52.5826521942263,105.1653043884526
49.865180341839746,99.73036068367949
69.20097090587257,138.40194181174513
52.35572996926079,104.71145993852159
20.252080627720346,40.50416125544069
78.37743604259654,156.75487208519309
66.8526742175287,133.7053484350574
61.26951384234598,122.53902768469196
8.003145626192666,16.00629125238533
25.96780417748231,51.93560835496462
43.910205654693456,87.82041130938691
86.2937769699805,172.587553939961
29.376448821271172,58.752897642542344
66.88476620649529,133.76953241299057
96.7153534239711,193.4307068479422
10.405887643849532,20.811775287699064
3.6906951888327155,7.381390377665431
40.478154518839936,80.95630903767987
97.98435337625926,195.96870675251853
83.22762173531731,166.45524347063463
13.192813000830839,26.385626001661677
79.3209158180169,158.6418316360338
59.92253896929891,119.84507793859783
4.003819613600057,8.007639227200114
63.32750666412292,126.65501332824584
15.012219953012263,30.024439906024526
6.285080728911807,12.570161457823614
14.770174522681367,29.540349045362735
93.44977593289205,186.8995518657841
86.12893696688906,172.25787393377811
63.30386417479883,126.60772834959766
2.700122932881166,5.400245865762332
46.18444670669839,92.36889341339678
22.8746682689983,45.7493365379966
7.457162208840007,14.914324417680014
31.826956442181476,63.65391288436295
17.112787832300413,34.225575664600825
45.926147727448075,91.85229545489615
4.970422939327168,9.940845878654336
23.41370928176549,46.82741856353098
63.60357404230549,127.20714808461098
53.83654590314152,107.67309180628304
65.12407175738232,130.24814351476465
54.505112809734435,109.01022561946887
70.04053295551363,140.08106591102725
14.696942150563984,29.39388430112797
22.794706549327238,45.589413098654475
87.12626015114813,174.25252030229626
17.47518841575576,34.95037683151152
42.5517309563831,85.1034619127662
84.61342394972384,169.22684789944768
96.9286608506154,193.8573217012308
77.77830989162207,155.55661978324414
14.634778928430547,29.269557856861095
6.582673695189401,13.165347390378802
87.95397264352707,175.90794528705413
76.13048771120931,152.26097542241862
24.995776041022722,49.991552082045445
62.15743215817309,124.31486431634617
7.156136397788925,14.31227279557785
17.93601065207494,35.87202130414988
49.32619087127797,98.65238174255595
94.82478229136308,189.64956458272616
9.272524581836194,18.545049163672388
30.35532719851125,60.7106543970225
43.90227325262623,87.80454650525246
84.74241905598748,169.48483811197497
54.63409261841265,109.2681852368253
50.69511706808315,101.3902341361663
74.97639625569829,149.95279251139658
49.176848897110936,98.35369779422187
32.501355767937014,65.00271153587403
35.592958861261295,71.18591772252259
42.55571467548812,85.11142935097624
60.95291733103391,121.90583466206782
33.64534346518445,67.2906869303689
50.842644482720715,101.68528896544143
81.87410095878312,163.74820191756623
52.16328654477272,104.32657308954543
72.7705731234813,145.5411462469626
66.63937107691395,133.2787421538279
44.32234391483024,88.64468782966048
32.37118569288927,64.74237138577854
22.89513010778578,45.79026021557156
56.43425922403029,112.86851844806058
47.746335811577325,95.49267162315465
10.609713812609389,21.219427625218778
0.7772658977100222,1.5545317954200444
18.97626693185951,37.95253386371902
50.06077400405666,100.12154800811332
38.00950877988677,76.01901755977354
24.71562935195355,49.4312587039071
75.8553197393297,151.7106394786594
15.573426497073617,31.146852994147235
87.4869734937731,174.9739469875462
35.96114425735205,71.9222885147041
96.16896253892165,192.3379250778433
42.142855755063216,84.28571151012643
33.62450936460437,67.24901872920874
50.197794819280276,100.39558963856055
32.740872107550466,65.48174421510093
70.94696864780111,141.89393729560223
26.438177845661095,52.87635569132219
89.45591521647039,178.91183043294077
82.39896855966587,164.79793711933175
67.2371208637158,134.4742417274316
11.077825587477374,22.15565117495475
69.32843174198767,138.65686348397534
1.669831631872254,3.339663263744508
89.06326959615636,178.12653919231272
83.34130053855627,166.68260107711254
61.70636093691917,123.41272187383834
75.02394193897112,150.04788387794224
46.50522043298609,93.01044086597219
99.40831610214184,198.81663220428368
57.71973614590361,115.43947229180722
30.10496266341662,60.20992532683324
92.72085842518786,185.4417168503757
40.01276114929476,80.02552229858952
89.4851510966136,178.9703021932272
45.61207981197099,91.22415962394199
49.65659713150682,99.31319426301364
84.25208330333376,168.50416660666752
14.188871110749467,28.377742221498934
36.41783015469174,72.83566030938348
95.74112945988861,191.48225891977722
76.60460297370904,153.20920594741807
49.4132126902031,98.8264253804062
41.8796710007441,83.7593420014882
29.36068646729092,58.72137293458184
13.4159105172166,26.8318210344332
85.37239903375385,170.7447980675077
90.54144471624979,181.08288943249957
72.19572088485158,144.39144176970316
34.12365112170625,68.2473022434125
86.61656143533897,173.23312287067793
36.257157536374685,72.51431507274937
38.36443302827066,76.72886605654132
52.26681657879452,104.53363315758904
92.92349664134483,185.84699328268965
26.56497072920506,53.12994145841012
33.07771060167555,66.1554212033511
23.19521807636353,46.39043615272706
76.0022000699537,152.0044001399074
82.25057979154383,164.50115958308766
14.685413516886502,29.370827033773004
94.6776127372411,189.3552254744822
42.558667265780535,85.11733453156107
18.35910097514799,36.71820195029598
6.5305435386895265,13.061087077379053
47.704241110019375,95.40848222003875
35.82860831934638,71.65721663869276
99.33244129192546,198.66488258385093
90.14095854234944,180.28191708469888
0.950238296584005,1.90047659316801
95.85502563275892,191.71005126551785
44.41282632959418,88.82565265918836
77.8716520094132,155.7433040188264
3.338217778427177,6.676435556854354
70.75963912052329,141.51927824104658
91.81995464960339,183.63990929920678
94.50595594589709,189.01191189179417
18.583182357550676,37.16636471510135
40.10921590553757,80.21843181107513
7.3365823290492465,14.673164658098493
37.69001734287988,75.38003468575975
63.90310834804374,127.80621669608747
57.79681497765472,115.59362995530944
32.20223665255341,64.40447330510682
11.07732808206341,22.15465616412682
86.31422080153388,172.62844160306776
9.97765427770192,19.95530855540384
75.3388742649603,150.6777485299206
55.34630019359358,110.69260038718716
63.96456878156087,127.92913756312174
88.41681414544236,176.83362829088472
77.26316484083999,154.52632968167998
77.77197971806324,155.54395943612647
20.90773786749699,41.81547573499398
62.12921926608881,124.25843853217762
69.39334439942961,138.78668879885922
15.82987585037987,31.65975170075974
22.608779835401393,45.217559670802785
55.37449248387727,110.74898496775454
61.2520721618107,122.5041443236214
94.86157774339243,189.72315548678486
36.25730029079326,72.51460058158652
65.1910238481914,130.3820476963828
96.2579596418092,192.5159192836184
98.00503628205838,196.01007256411677
29.929028783465295,59.85805756693059
64.97396907102,129.94793814204
46.555716782749,93.111433565498
52.16505586440421,104.33011172880842
78.36359965974047,156.72719931948095
73.40694258067286,146.81388516134572
9.539485159993411,19.078970319986823
11.975326063512437,23.950652127024874
29.414338232512893,58.82867646502579
48.65707235853155,97.3141447170631
80.90701852742923,161.81403705485846
8.617748539097203,17.235497078194406
38.79925718486075,77.5985143697215
49.44049249120596,98.88098498241192
56.05218115498931,112.10436230997863
62.3756777792942,124.7513555585884
41.44690860597172,82.89381721194344
33.61096172081821,67.22192344163642
31.393372314126665,62.78674462825333
70.3503698248314,140.7007396496628
2.1277995229230795,4.255599045846159
62.61026637204172,125.22053274408344
29.888389362610248,59.776778725220495
68.45554351823483,136.91108703646967
25.343764361200627,50.687528722401254
2.428427448987436,4.856854897974872
97.48365176855243,194.96730353710487
34.657410877151406,69.31482175430281
44.3419016655338,88.6838033310676
2.4961603406982613,4.992320681396523
47.73323375125103,95.46646750250206
55.172239353520105,110.34447870704021
13.500880487300792,27.001760974601584
71.83802260591584,143.67604521183168
61.01426694927664,122.02853389855328
11.180237687199524,22.360475374399048
16.24111013915125,32.4822202783025
82.39759895411385,164.7951979082277
52.964747732311594,105.92949546462319
73.73270143739272,147.46540287478544
29.465134717477625,58.93026943495525
41.0417289950868,82.0834579901736
15.273245600424367,30.546491200848735
1.909729328272003,3.819458656544006
89.42489480260602,178.84978960521204
60.165624470505676,120.33124894101135
44.442235776317276,88.88447155263455
36.3215935322786,72.6431870645572
25.384021351926943,50.76804270385389
89.6027665115162,179.2055330230324
20.226973961668826,40.45394792333765
20.255533326786125,40.51106665357225
48.7381322474724,97.4762644949448
4.281653449985279,8.563306899970557
81.02687545898395,162.0537509179679
15.703434244067049,31.406868488134098
54.27032596155759,108.54065192311518
81.65069166014615,163.3013833202923
32.336426455903236,64.67285291180647
34.86726907151012,69.73453814302025
48.171279170770866,96.34255834154173
73.88287849650554,147.76575699301108
55.683582872119416,111.36716574423883
80.87890228292838,161.75780456585676
2.7998990547776326,5.599798109555265
42.84822141233241,85.69644282466481
54.47183873874236,108.94367747748473
73.72813773506695,147.4562754701339
79.47802652899553,158.95605305799106
46.62680643367712,93.25361286735424
13.768526087530187,27.537052175060374
85.78032781075086,171.56065562150172
20.745066923036724,41.49013384607345
42.379881627154084,84.75976325430817
99.55087472422908,199.10174944845815
90.46508341591606,180.9301668318321
76.0391995848963,152.0783991697926
1.0435471386905482,2.0870942773810963
22.859525417706628,45.719050835413256
43.70258871202323,87.40517742404646
47.424098582688366,94.84819716537673
14.52415672593077,29.04831345186154
84.0205471970105,168.041094394021
41.89615977838677,83.79231955677353
46.783252952399515,93.56650590479903
74.48825279597142,148.97650559194284
27.480048011025904,54.96009602205181
34.80781680584266,69.61563361168533
99.83365987843845,199.6673197568769
89.10997511425126,178.2199502285025
33.93731315929885,67.8746263185977
30.767584551289808,61.535169102579616
6.844985224364841,13.689970448729682
82.1485105185155,164.297021037031
17.186206246888027,34.372412493776054
78.17877893712175,156.3575578742435
95.83294063150275,191.6658812630055
58.929589335509405,117.85917867101881
11.772640931570788,23.545281863141575
49.128968103508505,98.25793620701701
80.57441385349135,161.1488277069827
19.15829136909497,38.31658273818994
11.124841777794003,22.249683555588007
45.02501391529569,90.05002783059138
63.08045692338984,126.16091384677968
10.737694625675287,21.475389251350574
74.19125751702298,148.38251503404595
42.308729168185955,84.61745833637191
75.99287701341036,151.98575402682073
11.058995808018734,22.117991616037468
57.80683192624463,115.61366385248925
22.517153143373903,45.03430628674781
22.821672842683206,45.64334568536641
97.3657653863927,194.7315307727854
99.45916382885802,198.91832765771605
49.45140799983289,98.90281599966578
2.052673479440559,4.105346958881118
75.66913992372464,151.3382798474493
59.57233062482609,119.14466124965217
61.52936168253637,123.05872336507274
3.3816356560720795,6.763271312144159
25.23021015593374,50.46042031186748
42.40113677893723,84.80227355787446
45.25026876634695,90.5005375326939
6.228039958405429,12.456079916810857
66.51109589589834,133.02219179179667
19.515463529924983,39.030927059849965
45.05818859643832,90.11637719287664
22.237385235701733,44.47477047140347
7.8348703072249055,15.669740614449811
16.195624363861693,32.39124872772339
48.279883812230295,96.55976762446059
71.32782334429697,142.65564668859395
37.257916836830276,74.51583367366055
71.6870381764596,143.3740763529192
2.783697934806739,5.567395869613478
88.08486484192744,176.16972968385488
48.31899800730833,96.63799601461666
23.063659707807528,46.127319415615055
0.7453917698229229,1.4907835396458458
71.40568358958271,142.81136717916542
13.982725279104159,27.965450558208317
18.83802658472009,37.67605316944018
72.94150967218755,145.8830193443751
31.240661202878083,62.48132240575617
36.985694292584,73.971388585168
80.4436615176262,160.8873230352524
98.40071780341405,196.8014356068281
69.73212630939955,139.4642526187991
96.89885972927861,193.79771945855722
99.16707547204618,198.33415094409236
3.4174500859047274,6.834900171809455
46.31933995105592,92.63867990211185
70.07180576728477,140.14361153456954
18.210480538308495,36.42096107661699
39.52816838568862,79.05633677137725
66.9704790666769,133.9409581333538
25.36488256868822,50.72976513737644
2.060421642965604,4.120843285931208
8.134483635460954,16.26896727092191
26.264339294872418,52.528678589744835
21.50776681708524,43.01553363417048
27.633365492186922,55.266730984373844
45.91791764844828,91.83583529689656
97.25189736890661,194.50379473781322
41.17309878591189,82.34619757182378
98.41796302393098,196.83592604786196
23.864606227552233,47.72921245510447
74.75292987566384,149.50585975132768
83.33314005246535,166.6662801049307
80.66224149291486,161.32448298582972
48.460689394299514,96.92137878859903
80.92221747704397,161.84443495408794
60.959152579993614,121.91830515998723
40.84851786401492,81.69703572802985
17.701575174526262,35.403150349052524
98.78329989890608,197.56659979781216
53.99994773720896,107.99989547441793
91.87885651334135,183.7577130266827
98.47969262408905,196.9593852481781
82.13448275569753,164.26896551139507
66.13805442675815,132.2761088535163
39.91630262241522,79.83260524483045
14.244405493999013,28.488810987998026
89.0580270944101,178.1160541888202
73.70758769207075,147.4151753841415
74.0802638563932,148.1605277127864
17.61214178903634,35.22428357807268
37.8874878944867,75.7749757889734
63.75798435891894,127.51596871783788
20.81237102244803,41.62474204489606
32.227843051250346,64.45568610250069
16.58852365570489,33.17704731140978
0.034793987750514344,0.06958797550102869
5.112881052760388,10.225762105520776
73.93413177242996,147.86826354485993
3.5238645242892996,7.047729048578599
45.85607827955188,91.71215655910376
40.80468661286669,81.60937322573338
15.953498512423714,31.906997024847428
35.46509339853229,70.93018679706458
37.94670366788686,75.89340733577372
91.44022991208752,182.88045982417503
90.58355568459825,181.1671113691965
92.32438696798293,184.64877393596586
35.53749739802655,71.0749947960531
57.747658509057956,115.49531701811591
17.125621897086752,34.251243794173504
78.96959036208948,157.93918072417895
63.83034022739745,127.6606804547949
8.372345167892236,16.744690335784473
4.259838742665867,8.519677485331734
22.737454011204484,45.47490802240897
62.261864302562294,124.52372860512459
41.36483086406945,82.7296617281389
64.82009318789387,129.64018637578775
51.91302560975398,103.82605121950796
41.45629118490549,82.91258236981098
20.648204852430286,41.29640970486057
2.5791043290226967,5.158208658045393
90.30977178672944,180.61954357345888
3.4539818565150093,6.907963713030019
43.85019127941118,87.70038255882235
23.994039048986625,47.98807809797325
44.518901225826625,89.03780245165325
5.839279928911145,11.67855985782229
49.52965334174863,99.05930668349725
34.11047444234415,68.2209488846883
46.21024104289734,92.42048208579467
34.62331727977319,69.24663455954638
13.087776303373477,26.175552606746955
82.35819264447971,164.71638528895943
8.20506370388352,16.41012740776704
95.32416894768545,190.6483378953709
48.73322293810547,97.46644587621094
84.53670687424837,169.07341374849673
42.26265562941214,84.52531125882427
23.568962015089255,47.13792403017851
50.267156210543526,100.53431242108705
8.163620643815461,16.327241287630923
32.08278072318282,64.16556144636564
29.45094535269328,58.90189070538656
86.9882139185704,173.9764278371408
47.75398555015175,95.5079711003035
8.927262963391936,17.85452592678387
71.16637852784267,142.33275705568533
10.234728714071794,20.46945742814359
39.471341645638994,78.94268329127799
55.03860276854725,110.0772055370945
85.72436662986466,171.44873325972932
58.20758411526664,116.41516823053328
20.738135054319518,41.476270108639035
93.41215286127714,186.82430572255427
79.64293796740967,159.28587593481933
60.29594825499144,120.59189650998287
35.183523809502745,70.36704761900549
15.207087822641496,30.41417564528299
3.1395675647406085,6.279135129481217
19.109381377427137,38.218762754854275
8.87578682837823,17.75157365675646
71.10531209740505,142.2106241948101
5.46254189921489,10.92508379842978
56.17065355642076,112.34130711284152
6.741324354313316,13.482648708626632
23.795814846945028,47.591629693890056
86.22942689188834,172.45885378377668
3.988511324877597,7.977022649755194
56.87602065474695,113.7520413094939
75.97222599864986,151.94445199729972
0.3437265473454021,0.6874530946908042
58.06626512377776,116.13253024755552
86.23928633105263,172.47857266210525
60.97646154893358,121.95292309786716
75.06302117144229,150.12604234288457
63.346591094127305,126.69318218825461
26.048516093326956,52.09703218665391
67.71767163994124,135.4353432798825
31.02139749908406,62.04279499816812
8.152485917616714,16.304971835233427
31.408055730687867,62.81611146137573
49.96050049245858,99.92100098491716
56.60424300191702,113.20848600383404
63.28497740506999,126.56995481013998
45.1606120829624,90.3212241659248
44.212663633992236,88.42532726798447
36.48251533633069,72.96503067266138
55.9200598225196,111.8401196450392
3.826356302871403,7.652712605742806
73.533498963355,147.06699792671
0.16391050043512712,0.32782100087025423
41.227398127894645,82.45479625578929
24.650158217670715,49.30031643534143
22.777534995927528,45.555069991855056
82.63104809556162,165.26209619112325
47.185211936280844,94.37042387256169
17.002708233688523,34.005416467377046
67.65972782496935,135.3194556499387
22.824750654525182,45.649501309050365
25.08764714421482,50.17529428842964
0.8617924298240487,1.7235848596480974
57.622453032652324,115.24490606530465
82.49132403148792,164.98264806297584
71.32433590868862,142.64867181737725
77.38544442946393,154.77088885892786
17.471053324486252,34.942106648972505
32.17620077286868,64.35240154573737
4.14748316890493,8.29496633780986
60.08279297506085,120.1655859501217
72.40883026847679,144.81766053695358
6.4298822495319925,12.859764499063985
56.725025487544414,113.45005097508883
14.141883909426845,28.28376781885369
34.87054138549783,69.74108277099566
45.474445379866445,90.94889075973289
68.84346928593408,137.68693857186815
59.5447777816127,119.0895555632254
77.05689124439581,154.11378248879163
38.90416387314026,77.80832774628053
23.030881326959197,46.06176265391839
81.14552888113727,162.29105776227453
51.722009915649714,103.44401983129943
8.033414544081996,16.066829088163992
4.956444993143039,9.912889986286078
19.64294699689404,39.28589399378808
52.99380191225633,105.98760382451266
53.64955158465939,107.29910316931878
91.91943303365088,183.83886606730175
35.79496430962937,71.58992861925874
22.788067614258512,45.576135228517025
45.40645843025155,90.8129168605031
34.25571229868536,68.51142459737072
66.57700454254484,133.15400908508968
27.455228631955674,54.91045726391135
32.554526183177856,65.10905236635571
50.814161541183886,101.62832308236777
93.13682323885453,186.27364647770906
27.257319740561815,54.51463948112363
97.46290795221097,194.92581590442194
57.53113257238329,115.06226514476658
35.8672553501579,71.7345107003158
51.533482913215146,103.06696582643029
38.69685153648739,77.39370307297477
43.07513363501793,86.15026727003585
28.220871459750953,56.441742919501905
36.77554745139386,73.55109490278772
3.534738673221771,7.069477346443542
66.96740498058188,133.93480996116375
75.85940915644306,151.71881831288613
67.58613669705642,135.17227339411284
10.781847695628377,21.563695391256754
82.1504600820026,164.3009201640052
67.26485559833812,134.52971119667623
75.19152194299913,150.38304388599826
13.637687976320867,27.275375952641735
56.94197478799258,113.88394957598516
91.36246391391099,182.72492782782197
98.10257425426573,196.20514850853147
55.279521089428684,110.55904217885737
34.203221185421675,68.40644237084335
27.08885178108902,54.17770356217804
14.402573233573502,28.805146467147004
4.807321253218544,9.614642506437088
10.756596683300124,21.513193366600248
81.62671229600187,163.25342459200374
13.983264225896985,27.96652845179397
85.86988264278668,171.73976528557336
70.14013796788264,140.28027593576527
97.93862975068926,195.87725950137852
70.64109270288111,141.28218540576222
64.83469888261205,129.6693977652241
32.91094403616112,65.82188807232224
37.126947781960276,74.25389556392055
26.406837027143627,52.813674054287254
62.40440421436924,124.80880842873847
60.66893043607603,121.33786087215206
0.3125389601838058,0.6250779203676116
53.245609148577934,106.49121829715587
99.05829934898857,198.11659869797714
83.99771606741419,167.99543213482838
58.83606176874211,117.67212353748423
46.840488774120374,93.68097754824075
55.85560206821061,111.71120413642122
16.889255857792197,33.77851171558439
80.04947609248889,160.09895218497778
66.4530591573492,132.9061183146984
98.77143216772681,197.54286433545363
66.75380820413758,133.50761640827517
6.252490750572914,12.504981501145828
34.63728003384672,69.27456006769344
15.727636462720906,31.45527292544181
6.24517837479347,12.49035674958694
62.110564456175986,124.22112891235197
19.15355620034337,38.30711240068674
15.051062787168746,30.102125574337492
3.58292295477326,7.16584590954652
97.91625332195203,195.83250664390405
2.9077887258609048,5.8155774517218095
58.467905597030324,116.93581119406065
6.733578735042012,13.467157470084024
87.79949790077661,175.59899580155323
77.66517908253203,155.33035816506407
18.13948772801156,36.27897545602312
31.683447340335967,63.36689468067193
36.07645458698248,72.15290917396496
39.20775098924106,78.41550197848213
51.41565431755534,102.83130863511067
29.825515772639466,59.65103154527893
23.53243146544626,47.06486293089252
49.272861351512844,98.54572270302569
96.1027499902593,192.2054999805186
33.39331459827955,66.7866291965591
4.634472971419168,9.268945942838336
1.7220439961142753,3.4440879922285506
2.333447279572687,4.666894559145374
54.2663152138076,108.5326304276152
42.416841550616645,84.83368310123329
35.276195209827854,70.55239041965571
24.794309904406088,49.588619808812176
34.94334114883656,69.88668229767312
17.000635608907565,34.00127121781513
60.56628034180984,121.13256068361969
18.766676073100708,37.533352146201416
38.95799462633298,77.91598925266597
74.29166192129189,148.58332384258378
11.290791354532637,22.581582709065273
11.19626215846189,22.39252431692378
91.1749605597282,182.3499211194564
79.92761886668013,159.85523773336027
67.63586654446436,135.27173308892873
54.146481287890566,108.29296257578113
95.08846712639988,190.17693425279975
56.327279648038584,112.65455929607717
41.24932094778144,82.49864189556288
39.046133389477674,78.09226677895535
11.089372806917265,22.17874561383453
82.37602929562307,164.75205859124614
67.9678446820646,135.9356893641292
75.48273196135217,150.96546392270434
17.146938564576995,34.29387712915399
8.589226568167485,17.17845313633497
33.25142738562925,66.5028547712585
55.23686617726025,110.4737323545205
0.633324072714514,1.266648145429028
1.9468359387154188,3.8936718774308376
89.10466029966886,178.20932059933773
79.90448407887607,159.80896815775213
81.70840321108503,163.41680642217005
90.8640613500448,181.7281227000896
59.464784742022424,118.92956948404485
56.44783954542315,112.8956790908463
54.03666757713589,108.07333515427177
95.72047477599067,191.44094955198133
20.95616138594624,41.91232277189248
77.99823332468212,155.99646664936424
3.8162742396008142,7.6325484792016285
6.316295538914418,12.632591077828836
56.20252436890828,112.40504873781656
78.97803491319704,157.95606982639407
15.298311635019168,30.596623270038336
11.751378474487284,23.502756948974568
87.93035364545585,175.8607072909117
92.12798952472923,184.25597904945846
46.67405518957764,93.34811037915529
72.6189186953782,145.2378373907564
47.59114857578572,95.18229715157145
34.494731345789035,68.98946269157807
45.601437386953336,91.20287477390667
90.28882799185803,180.57765598371606
76.85358445753211,153.70716891506422
80.5801872084843,161.1603744169686
58.21553621012111,116.43107242024222
27.13018639676451,54.26037279352902
52.90922074477857,105.81844148955715
31.960648823017166,63.92129764603433
99.84263875497321,199.68527750994642
62.71573891525834,125.43147783051668
46.834386502200076,93.66877300440015
69.03422730788863,138.06845461577726
57.10059189090998,114.20118378181996
89.89850740219451,179.79701480438902
5.291612217660536,10.583224435321071
64.8870476345183,129.7740952690366
10.619269608410187,21.238539216820374
56.51417014789968,113.02834029579935
11.991201264503637,23.982402529007274
2.0097830718539322,4.0195661437078645
99.89925947510345,199.7985189502069
25.94549140594976,51.89098281189952
1.2620357760517842,2.5240715521035684
75.37088011470354,150.74176022940708
44.66208297748938,89.32416595497877
28.87130618422441,57.74261236844882
20.522745969751476,41.04549193950295
42.730385229423426,85.46077045884685
21.9604404327299,43.9208808654598
59.842161027341504,119.68432205468301
43.501167641472435,87.00233528294487
2.415913227500799,4.831826455001598
80.35763002707412,160.71526005414825
30.255520055715824,60.51104011143165
98.463330925169,196.926661850338
24.999264417345803,49.998528834691605
96.9893767613254,193.9787535226508
66.60967808635763,133.21935617271527
11.205248051989125,22.41049610397825
45.49752076125241,90.99504152250482
86.78424100809472,173.56848201618945
37.54055822132308,75.08111644264616
55.85417568804911,111.70835137609822
16.452535982448712,32.905071964897424
97.18070112037597,194.36140224075194
29.42591696482103,58.85183392964206
34.75614731566075,69.5122946313215
50.06281611746831,100.12563223493662
96.05953865144781,192.11907730289562
9.279514720265947,18.559029440531894
41.71541002458753,83.43082004917505
7.839019418687332,15.678038837374665
21.675713988661826,43.35142797732365
48.4580949951092,96.9161899902184
68.91950648498786,137.83901296997573
46.84146463546697,93.68292927093394
1.978106262640511,3.956212525281022
47.122101056280165,94.24420211256033
9.607443842013442,19.214887684026884
61.29797128590445,122.5959425718089
98.4668423467149,196.9336846934298
66.67735796649457,133.35471593298914
48.56440953287281,97.12881906574562
28.03674430403347,56.07348860806694
14.611964315244652,29.223928630489304
68.86583764736467,137.73167529472934
96.76082730699275,193.5216546139855
50.587459709825374,101.17491941965075
86.02814085719965,172.0562817143993
24.543107559751142,49.086215119502285
90.67228799308212,181.34457598616424
8.236064362288975,16.47212872457795
21.95418527395313,43.90837054790626
46.977175478483524,93.95435095696705
85.27491317246285,170.5498263449257
86.18972314824664,172.37944629649328
33.419456515422674,66.83891303084535
99.83899413345387,199.67798826690773
66.91052335344729,133.82104670689458
82.0846930388972,164.1693860777944
44.0391951810275,88.078390362055
57.015305967069075,114.03061193413815
32.45966955336242,64.91933910672483
67.07476193665404,134.14952387330808
94.18446573049329,188.36893146098657
82.95352148833311,165.90704297666622
61.036522085401046,122.07304417080209
29.12284998524982,58.24569997049964
52.45491554148174,104.90983108296348
26.42086105010143,52.84172210020286
29.028998699870023,58.057997399740046
23.601077721240593,47.202155442481185
56.94292471140135,113.8858494228027
69.532895477738,139.065790955476
70.47324260656318,140.94648521312635
39.22797744625183,78.45595489250366
9.637709867220378,19.275419734440757
54.01988337017125,108.0397667403425
64.58809601844813,129.17619203689625
53.34326001104217,106.68652002208434
33.5365258813715,67.073051762743
3.4531910180938596,6.906382036187719
44.46831760089586,88.93663520179172
54.45672384737371,108.91344769474742
21.327101173671934,42.65420234734387
29.007454964721056,58.01490992944211
61.47074237475274,122.94148474950548
71.37322210418418,142.74644420836836
31.632067120209918,63.264134240419835
48.422825613508415,96.84565122701683
81.45134036217286,162.90268072434571
36.90967777018969,73.81935554037938
61.78957138462715,123.5791427692543
94.58806747471532,189.17613494943063
31.96563856108018,63.93127712216036
90.8429078001816,181.6858156003632
22.806288034232956,45.61257606846591
92.55757339297237,185.11514678594475
12.211806244522716,24.423612489045432
82.8082400676307,165.6164801352614
52.70257038139673,105.40514076279347
57.21440855232793,114.42881710465586
29.179703988429896,58.35940797685979
8.795902618722495,17.59180523744499
21.337764996835308,42.675529993670615
50.253003000879225,100.50600600175845
67.25949121852088,134.51898243704176
35.16727205614391,70.33454411228782
36.82772315295303,73.65544630590605
5.217927797364963,10.435855594729926
13.636195274355556,27.272390548711112
87.34082441213349,174.68164882426697
87.6603016067996,175.3206032135992
82.63190877824417,165.26381755648833
73.53813833885107,147.07627667770214
99.6825129649912,199.3650259299824
48.81119420604008,97.62238841208016
5.834252360626168,11.668504721252337
30.459762077338947,60.919524154677895
87.96331578490225,175.9266315698045
51.796213647743684,103.59242729548737
17.643838560252302,35.287677120504604
63.40658490891511,126.81316981783021
57.19144982064611,114.38289964129223
38.46429072248284,76.92858144496569
2.7291892971016085,5.458378594203217
3.1637415087185317,6.327483017437063
5.072869651101863,10.145739302203726
68.84049208830275,137.6809841766055
78.00024603844061,156.00049207688122
38.46214167377718,76.92428334755436
0.12140232384746374,0.2428046476949275
95.28008028504654,190.56016057009307
89.76087533014346,179.52175066028693
65.87108561448301,131.74217122896601
53.59082421188952,107.18164842377904
66.38413561483979,132.76827122967958
70.84241833370221,141.68483666740443
39.2981549274586,78.5963098549172
44.307751817584474,88.61550363516895
95.82206159972422,191.64412319944844
35.94946714391109,71.89893428782219
67.08563621073132,134.17127242146265
4.114048845377516,8.228097690755032
69.84425405886456,139.68850811772913
94.57467803415346,189.14935606830693
28.268952601367058,56.537905202734116
16.894513417730415,33.78902683546083
57.875729842079195,115.75145968415839
16.45273631311086,32.90547262622172
63.795823336542114,127.59164667308423
40.22046439679371,80.44092879358742
91.58955898510997,183.17911797021995
56.121525784048146,112.24305156809629
70.92974726612579,141.85949453225157
72.42669733453468,144.85339466906936
50.66798181724713,101.33596363449426
52.72939653121534,105.45879306243069
27.905558852911216,55.81111770582243
36.07915706325343,72.15831412650687
14.219739160223877,28.439478320447755
42.78303236292237,85.56606472584474
52.93064003612731,105.86128007225462
46.059665593773424,92.11933118754685
83.83261526796069,167.66523053592138
92.31272669049105,184.6254533809821
36.00768964225863,72.01537928451727
60.58997288404624,121.17994576809248
16.735511296177574,33.47102259235515
83.46391478016332,166.92782956032664
57.2132968185873,114.4265936371746
16.058437460418574,32.11687492083715
77.92011404786356,155.84022809572713
87.12642459864188,174.25284919728375
70.68209676102894,141.3641935220579
22.028545852085646,44.05709170417129
13.605167612242465,27.21033522448493
94.39376857284711,188.78753714569422
85.28531729742028,170.57063459484056
59.24467676001605,118.4893535200321
15.426167642952816,30.85233528590563
1.2301234234730951,2.4602468469461902
91.81600579442596,183.63201158885192
5.353738950185538,10.707477900371076
8.929978947506466,17.859957895012933
13.025911344207008,26.051822688414017
45.72233290380125,91.4446658076025
46.76885983963706,93.53771967927412
44.4597884681374,88.9195769362748
21.18983526210968,42.37967052421936
52.251394178173896,104.50278835634779
47.94111036086657,95.88222072173313
96.27386906713852,192.54773813427704
29.091115820763324,58.18223164152665
69.50120273436323,139.00240546872647
46.3836980423801,92.7673960847602
18.11275344201193,36.22550688402386
50.21063021070159,100.42126042140318
39.608879010325005,79.21775802065001
91.77548661542502,183.55097323085005
37.287668992063196,74.57533798412639
75.856310548941,151.712621097882
49.76863606246516,99.53727212493033
63.714986264201144,127.42997252840229
11.083869356585552,22.167738713171104
1.3262062756076554,2.6524125512153107
3.562783805760761,7.125567611521522
88.29603288734576,176.59206577469152
3.3579837991323025,6.715967598264605
67.41415312903412,134.82830625806824
43.09916508312486,86.19833016624972
78.82816102866066,157.65632205732132
82.59270364127835,165.1854072825567
11.202869863442144,22.40573972688429
14.007635949870867,28.015271899741734
16.67396619164171,33.34793238328342
66.0237356633256,132.0474713266512
27.280843694640044,54.56168738928009
20.038653092317748,40.077306184635496
24.934333789870234,49.86866757974047
21.76629438460286,43.53258876920572
70.32389639717054,140.6477927943411
15.09770193959904,30.19540387919808
69.56576397370362,139.13152794740725
48.559894183337846,97.11978836667569
70.29051277118079,140.58102554236157
13.177007512926785,26.35401502585357
92.18622458357898,184.37244916715795
89.51016065755097,179.02032131510194
62.16403742095863,124.32807484191726
31.104047709916482,62.208095419832965
77.79657068998888,155.59314137997777
53.53278632833085,107.0655726566617
25.95346187998704,51.90692375997408
56.81484978999746,113.62969957999492
28.21384412599133,56.42768825198266
14.28264890581481,28.56529781162962
22.396663421880092,44.793326843760184
26.40937986885612,52.81875973771224
78.16522827302434,156.33045654604868
11.204846438855165,22.40969287771033
58.68453268151818,117.36906536303636
1.9142558051606917,3.8285116103213834
78.83697297841064,157.67394595682129
0.11998685596570358,0.23997371193140715
81.90942189613595,163.8188437922719
98.70002260963112,197.40004521926224
24.02393810344048,48.04787620688096
10.34072437719532,20.68144875439064
94.2837931926675,188.567586385335
2.2859800385814144,4.571960077162829
57.91542876373422,115.83085752746844
9.82940196895309,19.65880393790618
83.46708061504945,166.9341612300989
11.463450189223224,22.926900378446447
94.35962321103888,188.71924642207776
65.52910774394047,131.05821548788094
61.188015001155094,122.37603000231019
20.400326590069874,40.80065318013975
69.98799130967657,139.97598261935315
23.659373160059694,47.31874632011939
39.85259166097956,79.70518332195913
9.260844834833048,18.521689669666095
41.351141225247886,82.70228245049577
87.08731230656603,174.17462461313207
95.97433439994094,191.9486687998819
69.6217227439394,139.2434454878788
25.532825850130536,51.06565170026107
61.98017078809438,123.96034157618875
82.60052056735876,165.2010411347175
20.756745712655455,41.51349142531091
24.621523811723335,49.24304762344667
53.032919699275226,106.06583939855045
89.45611484028755,178.9122296805751
55.24548543183769,110.49097086367539
10.41343706992668,20.82687413985336
64.57059539993352,129.14119079986705
90.46232587762871,180.92465175525743
36.521820274528416,73.04364054905683
3.1053483970192475,6.210696794038495
8.412180186049289,16.824360372098578
6.1539511713384005,12.307902342676801
19.03953599951349,38.07907199902698
96.74837422211611,193.49674844423222
15.886891666502478,31.773783333004957
85.87510949286201,171.75021898572402
81.7869402898177,163.5738805796354
37.086656068810974,74.17331213762195
97.57025497682781,195.14050995365562
32.19448742974544,64.38897485949089
10.957934632957611,21.915869265915223
5.028187741719236,10.056375483438472
10.288376677857247,20.576753355714494
72.35191722926626,144.70383445853253
3.5724200574116627,7.144840114823325
69.25597081283072,138.51194162566145
43.061372387973606,86.12274477594721
5.1621969345021945,10.324393869004389
46.55591340441727,93.11182680883454
91.88985374674003,183.77970749348006
35.85220021301638,71.70440042603276
38.99333998293615,77.9866799658723
33.32859902050526,66.65719804101052
41.534002679845614,83.06800535969123
43.63766297991462,87.27532595982925
79.14264714955601,158.28529429911202
57.943117250666354,115.88623450133271
0.2282008416880421,0.4564016833760842
30.58784376740613,61.17568753481226
44.215875570749695,88.43175114149939
41.91156453451293,83.82312906902585
98.03776303529884,196.07552607059768
79.73575435853833,159.47150871707666
1.410880288479388,2.821760576958776
48.790462186422566,97.58092437284513
93.7322937339983,187.4645874679966
20.555271063181134,41.11054212636227
65.91311383857813,131.82622767715625
87.37529832640065,174.7505966528013
29.386095805590383,58.772191611180766
16.26627646449579,32.53255292899158
10.050279706350207,20.100559412700413
30.798308234095018,61.596616468190035
67.22897829261171,134.45795658522343
87.83760573531714,175.67521147063428
93.69952646877032,187.39905293754063
36.46830711939618,72.93661423879236
48.89206199088603,97.78412398177205
75.96314383240039,151.92628766480078
34.68091322780056,69.36182645560112
68.40767911840267,136.81535823680534
23.733992645351087,47.467985290702174
25.17278351378548,50.34556702757096
18.366371526614998,36.732743053229996
68.2877495518568,136.5754991037136
12.009892288305235,24.01978457661047
45.94583821827336,91.89167643654672
29.52206910844709,59.04413821689418
45.146870307711126,90.29374061542225
84.76947016351947,169.53894032703894
33.770219293023196,67.54043858604639
18.303668054645208,36.607336109290415
13.989564552236633,27.979129104473266
44.440615768471595,88.88123153694319
75.14906493225354,150.29812986450708
31.09999632343312,62.19999264686624
63.6539497588713,127.3078995177426
70.19965569925067,140.39931139850134
80.67835421801476,161.35670843602952
62.339214565631366,124.67842913126273
24.652391761345537,49.304783522691075
24.313390264414636,48.62678052882927
43.81644221945527,87.63288443891054
19.387880067263218,38.775760134526436
33.87329787938802,67.74659575877604
56.60407333760875,113.2081466752175
16.584801936078676,33.16960387215735
41.441427825976206,82.88285565195241
93.35026656792516,186.70053313585032
61.098295466008466,122.19659093201693
88.25805375424194,176.51610750848388
97.94111193451981,195.88222386903962
4.573889347357618,9.147778694715235
79.2628647043413,158.5257294086826
13.231416339433366,26.462832678866732
83.50190863932167,167.00381727864334
32.862730493705946,65.72546098741189
85.5566188560011,171.1132377120022
38.47559368108857,76.95118736217714
20.660044667743705,41.32008933548741
68.91050981668836,137.82101963337672
91.5173388464462,183.0346776928924
74.3396915217686,148.6793830435372
81.57080076237999,163.14160152475998
49.042011185763236,98.08402237152647
18.68784914644316,37.37569829288632
98.82704313823784,197.65408627647568
12.268403295298192,24.536806590596385
7.5997567048137205,15.199513409627441
30.95494246967586,61.90988493935172
11.85566993827215,23.7113398765443
21.896876292226242,43.793752584452484
67.81981739522598,135.63963479045196
10.796290470287516,21.592580940575033
76.63002798785288,153.26005597570577
76.49206578340217,152.98413156680434
21.407710258908374,42.81542051781675
14.419393722127772,28.838787444255544
62.648827511525674,125.29765502305135
11.529976071886638,23.059952143773277
74.2565092285259,148.5130184570518
83.6818326316803,167.3636652633606
65.14533219100454,130.29066438200908
28.845975431443737,57.691950862887474
33.66694479189716,67.33388958379432
93.22511331709296,186.45022663418592
66.00579345444575,132.0115869088915
4.27758779848314,8.55517559696628
79.61809522782211,159.23619045564422
8.921761106969583,17.843522213939167
66.71040844011009,133.42081688022017
95.1809352961947,190.3618705923894
86.4312750058745,172.862550011749
20.484891943673823,40.969783887347646
6.263073114368645,12.52614622873729
79.95923969186735,159.9184793837347
4.729403022461565,9.45880604492313
58.20056331471237,116.40112662942474
27.394993802004553,54.789987604009106
97.5161095088863,195.0322190177726
19.928717975495992,39.857435950991984
36.70498846327146,73.40997692654292
30.7310648713742,61.4621297427484
77.14189597782925,154.2837919556585
38.61837371179464,77.23674742358928
7.014133772164499,14.028267544328997
6.2196104337278735,12.439220867455747
44.312015472397995,88.62403094479599
52.45105334664858,104.90210669329716
22.6408059407772,45.2816118815544
47.47530266712873,94.95060533425746
7.080053982076196,14.160107964152392
47.47744463901697,94.95488927803395
54.1465813306623,108.2931626613246
93.26001465835246,186.52002931670492
95.54232414594966,191.08464829189933
50.1669809199122,100.3339618398244
63.55135532332774,127.10271064665548
11.700285529611065,23.40057105922213
45.625327847350746,91.25065569470149
39.445395377211604,78.89079075442321
9.059340010201778,18.118680020403556
78.91637881140959,157.83275762281917
40.01640022545391,80.03280045090781
17.157822743665474,34.31564548733095
16.198677549216423,32.39735509843285
63.19835293706174,126.39670587412348
84.61540878100195,169.2308175620039
60.10811249522025,120.2162249904405
91.1803591002742,182.3607182005484
26.55066374475199,53.10132748950398
23.033493455201615,46.06698691040323
98.15551138507391,196.31102277014782
55.960196705812415,111.92039341162483
53.32988256118894,106.65976512237788
85.31964121108793,170.63928242217585
55.60029648066974,111.20059296133948
45.98287579611063,91.96575159222127
56.11608015013274,112.23216030026548
42.961573566804745,85.92314713360949
6.451693587657569,12.903387175315139
16.94967249786894,33.89934499573788
0.7278148241151916,1.4556296482303832
51.45357801243111,102.90715602486222
33.044575467798275,66.08915093559655
98.09961721787252,196.19923443574504
50.178858122325984,100.35771624465197
17.40402019655839,34.80804039311678
99.36013350268398,198.72026700536796
38.81088914990103,77.62177829980206
96.31256707675008,192.62513415350017
80.57439369038383,161.14878738076766
87.42815901625127,174.85631803250254
22.845172174893612,45.690344349787225
73.51755252241136,147.03510504482273
25.253549151834953,50.507098303669906
54.17392929501522,108.34785859003044
1.982251633863208,3.964503267726416
7.8128209867256215,15.625641973451243
70.80639129936546,141.61278259873092
61.95970168723949,123.91940337447897
36.41142805747823,72.82285611495647
62.13759364362055,124.2751872872411
93.98003661484296,187.96007322968592
26.825518543402303,53.65103708680461
67.03283970722718,134.06567941445437
9.079161801898127,18.158323603796255
77.53016050851693,155.06032101703386
72.22502068929086,144.45004137858172
23.912414120796754,47.82482824159351
48.856729925287034,97.71345985057407
47.19572419985254,94.39144839970508
56.036208002625074,112.07241600525015
15.034745984271636,30.06949196854327
16.89720579369406,33.79441158738812
70.76664052341424,141.53328104682848
86.65870073360426,173.31740146720853
8.740866964238482,17.481733928476963
43.03081688170457,86.06163376340913
11.428078526475115,22.85615705295023
25.370544157188814,50.74108831437763
49.196830179546595,98.39366035909319
55.64673368896068,111.29346737792136
13.450361562688762,26.900723125377525
64.3519076815515,128.703815363103
65.18287820776374,130.36575641552747
47.03599023768411,94.07198047536822
55.46936376190887,110.93872752381775
73.6449206524721,147.2898413049442
96.264175095345,192.52835019069
52.938230968527165,105.87646193705433
19.490612206200474,38.98122441240095
44.858846216808224,89.71769243361645
83.5864074832559,167.1728149665118
41.34865135986884,82.69730271973768
57.16227303885923,114.32454607771847
3.9884501106793424,7.976900221358685
95.26525806079724,190.53051612159447
6.7218129416515175,13.443625883303035
68.72501334012601,137.45002668025202
3.453798318935719,6.907596637871438
59.832661226604515,119.66532245320903
1.2234125333871915,2.446825066774383
28.38263877120716,56.76527754241432
76.79832427644233,153.59664855288466
87.64091271293456,175.28182542586913
61.64657715619637,123.29315431239274
25.8880354299729,51.7760708599458
17.22549728404169,34.45099456808338
11.048340627054476,22.09668125410895
49.50217635943589,99.00435271887179
32.388687473948316,64.77737494789663
60.071796358644036,120.14359271728807
19.72128230913428,39.44256461826856
75.02303839044203,150.04607678088405
45.56201266078226,91.12402532156452
42.04411511106733,84.08823022213465
10.508712527968033,21.017425055936066
42.06404863649843,84.12809727299685
46.353113383130705,92.70622676626141
68.52401400033159,137.04802800066318
12.332482978280112,24.664965956560224
9.789734196450961,19.579468392901923
68.26385073998348,136.52770147996696
61.335914309522686,122.67182861904537
53.77696494523844,107.55392989047688
24.745661917121808,49.491323834243616
89.67579558171501,179.35159116343002
14.47836854085841,28.95673708171682
12.28171377250009,24.56342754500018
40.379677220613665,80.75935444122733
95.95215899988898,191.90431799977796
43.289439302782554,86.57887860556511
71.43471702051977,142.86943404103954
99.0364686174602,198.0729372349204
52.89514371090181,105.79028742180363
27.578816197190157,55.157632394380315
72.815060737834,145.630121475668
56.23080422530903,112.46160845061806
53.709628263157995,107.41925652631599
42.36850069159903,84.73700138319806
6.535761197223666,13.071522394447332
38.509016968496276,77.01803393699255
32.877593604906764,65.75518720981353
79.8698714620848,159.7397429241696
90.56076234730097,181.12152469460193
68.63463913363074,137.26927826726148
69.87360369669821,139.74720739339642
11.461483135658845,22.92296627131769
87.243508664119,174.487017328238
60.54313761066086,121.08627522132171
54.27505784819022,108.55011569638044
97.44425961238848,194.88851922477696
59.937969228036025,119.87593845607205
33.07040114617473,66.14080229234946
46.43837138338973,92.87674276677946
0.18041765188061554,0.3608353037612311
78.78734735267747,157.57469470535494
40.856301609578324,81.71260321915665
66.14695927539451,132.29391855078902
14.108745216624285,28.21749043324857
19.254129666689245,38.50825933337849
49.942092312424094,99.88418462484819
74.21165744831612,148.42331489663223
67.74152700476066,135.4830540095213
97.64301169173453,195.28602338346906
22.786137463151647,45.572274926303294
69.0013851728725,138.002770345745
98.28248556825885,196.5649711365177
86.56109269583379,173.12218539166759
39.95956251594842,79.91912503189684
61.30482652383997,122.60965304767994
49.59285256269145,99.1857051253829
78.93283302381438,157.86566604762876
45.8746063413367,91.7492126826734
29.58188714475326,59.16377428950652
87.22767397394533,174.45534794789066
89.35433250279048,178.70866500558097
14.19876829269201,28.39753658538402
19.9526792712749,39.9053585425498
40.42268993836794,80.84537987673588
53.12600707117029,106.25201414234058
9.940530093723932,19.881060187447865
5.898029498159607,11.796058996319214
23.798840880995662,47.597681761991325
33.41507253665886,66.83014507331772
8.949677911195298,17.899355822390596
38.17868030128847,76.35736060257695
32.93422586346472,65.86845172692944
73.33466284430568,146.66932568861137
60.49426965229215,120.9885393045843
87.15416653049779,174.30833306099558
28.89407425839037,57.78814851678074
35.45862245089181,70.91724490178362
42.33296229657917,84.66592459315834
17.93972504925939,35.87945009851878
53.51466319707777,107.02932639415555
81.98373429973789,163.96746859947578
56.07870077578294,112.15740155156588
54.27742292447844,108.55484584895687
41.426587593885856,82.85317518777171
93.31510327252226,186.63020654504453
96.74578577541803,193.49157155083606
83.00161901465466,166.00323802930933
41.522156369567206,83.04431273913441
20.477248910265157,40.954497820530314
2.0223854599359603,4.044770919871921
77.84584958202129,155.69169916404257
39.515493723733876,79.03098744746775
7.8804832885259195,15.760966577051839
40.15485648451145,80.3097129690229
58.85725808418489,117.71451616836978
11.28536291790696,22.57072583581392
1.7941943865451337,3.5883887730902675
0.6532983779309887,1.3065967558619773
74.45882278698754,148.91764557397508
40.89264528062111,81.78529056124222
47.942141799608315,95.88428359921663
90.80444519174165,181.6088903834833
79.04544605002859,158.09089210005718
21.50048577997472,43.00097155994944
86.92027615623074,173.84055231246148
49.31056535909356,98.62113071818712
50.96435010395724,101.92870020791447
62.980352157459386,125.96070431491877
25.97699815105511,51.95399630211022
40.78422526134675,81.5684505226935
95.01096778681722,190.02193557363444
80.42778456510803,160.85556913021605
40.19868627226888,80.39737254453776
79.04763597677562,158.09527195355125
92.25969726287191,184.51939452574382
65.5512858787255,131.102571757451
94.57254808027473,189.14509616054946
19.77673969792617,39.55347939585234
68.59118994932814,137.18237989865628
46.657426434787574,93.31485286957515
62.38867145577649,124.77734291155298
56.813696326935535,113.62739265387107
97.03982993699712,194.07965987399425
40.44934971521822,80.89869943043644
18.172420958204505,36.34484191640901
66.75722967806576,133.5144593561315
47.92466451723713,95.84932903447427
24.762289293647278,49.524578587294556
8.832931340930228,17.665862681860457
95.63439092001194,191.26878184002388
35.82288018853574,71.64576037707148
71.68968428288998,143.37936856577997
57.31609020761416,114.63218041522832
7.825630991364552,15.651261982729103
11.040277799593113,22.080555599186226
59.14882318789629,118.29764637579258
73.06630912364601,146.13261824729202
51.5548003147788,103.1096006295576
1.7709353884880374,3.541870776976075
21.471796901333175,42.94359380266635
62.350555420993814,124.70111084198763
58.14774334891073,116.29548669782146
59.985998875373255,119.97199775074651
39.647030442903564,79.29406088580713
72.0300595196572,144.0601190393144
15.105903176843317,30.211806353686633
23.264620895347875,46.52924179069575
69.80669177025123,139.61338354050247
97.14590642410197,194.29181284820393
28.961152297471095,57.92230459494219
46.50468832729394,93.00937665458788
34.44324043155984,68.88648086311969
86.82053475688579,173.64106951377158
79.47314435578731,158.94628871157462
70.56187931630477,141.12375863260954
98.55620045734479,197.11240091468957
3.1669513087614676,6.333902617522935
32.76028845116328,65.52057690232655
99.20353360459332,198.40706720918664
4.578140787677054,9.156281575354107
28.291559811148193,56.58311962229639
70.69730741292331,141.39461482584662
60.43820060173135,120.8764012034627
93.44146482129494,186.8829296425899
21.9489309585868,43.8978619171736
24.83589673381108,49.67179346762216
40.56519019731974,81.13038039463947
55.94516493352102,111.89032986704204
48.47203265081609,96.94406530163218
29.20581968923036,58.41163937846072
4.458666664623245,8.91733332924649
7.024030520068414,14.048061040136828
72.00125981047408,144.00251962094816
61.78525298985321,123.57050597970643
17.82398062697894,35.64796125395788
74.88746600206635,149.7749320041327
63.56567074427977,127.13134148855954
16.557391254388687,33.114782508777374
28.205857143292114,56.41171428658423
68.3940483783215,136.788096756643
32.557811310835795,65.11562262167159
64.55206910333676,129.10413820667353
77.55377865468837,155.10755730937674
51.29211324044098,102.58422648088197
74.4338478655115,148.867695731023
36.18678218093727,72.37356436187454
1.3743324451827799,2.7486648903655597
53.6046344929063,107.2092689858126
96.85142389153195,193.7028477830639
45.17335027287112,90.34670054574224
33.43673380736983,66.87346761473967
81.3951689367204,162.7903378734408
63.27474009132714,126.54948018265428
63.31827106461317,126.63654212922634
63.94115804055871,127.88231608111742
20.458586596873218,40.917173193746436
25.917590804871395,51.83518160974279
0.17217781513052532,0.34435563026105065
79.74812138392383,159.49624276784766
34.85188735066593,69.70377470133187
27.528027507005326,55.05605501401065
15.530286592297237,31.060573184594475
7.081451506392755,14.16290301278551
85.60443166913797,171.20886333827593
27.735271339740876,55.47054267948175
43.04010873387344,86.08021746774688
35.86342477549079,71.72684955098158
3.7851124508689216,7.570224901737843
27.262762334385403,54.52552466877081
94.11718199623758,188.23436399247515
93.88068070164003,187.76136140328006
74.16131604025888,148.32263208051776
20.209779960590335,40.41955992118067
94.43245552750756,188.8649110550151
88.3156867149299,176.6313734298598
22.591845183826653,45.183690367653305
16.050447286451195,32.10089457290239
16.514117653337813,33.028235306675626
37.22592706178052,74.45185412356103
48.74546729973128,97.49093459946256
60.468970857366934,120.93794171473387
26.288927618780967,52.577855237561934
27.046684487776606,54.09336897555321
20.34439701620704,40.68879403241408
5.931761608363084,11.863523216726168
31.306961791482692,62.613923582965384
32.43397827627837,64.86795655255673
74.42959839389084,148.85919678778168
87.61074509085084,175.22149018170168
54.59858674239906,109.19717348479811
54.237706085690085,108.47541217138017
12.383925823169562,24.767851646339125
0.6003912304806014,1.2007824609612028
62.005083280886474,124.01016656177295
74.14760442707643,148.29520885415286
27.798877238758703,55.597754477517405
91.9583096891423,183.9166193782846
68.57693624959305,137.1538724991861
93.89744818843249,187.79489637686498
66.14507454223035,132.2901490844607
29.040786252277627,58.081572504555254
63.84537182372292,127.69074364744584
0.8945002647218869,1.7890005294437739
45.02712744512495,90.0542548902499
96.46082075016967,192.92164150033935
94.95983062722296,189.9196612544459
76.23963104335012,152.47926208670023
33.00863938662815,66.0172787732563
46.570702581307025,93.14140516261405
93.1511356648851,186.3022713297702
35.266321058598095,70.53264211719619
65.81548358044974,131.63096716089947
59.01961202418017,118.03922404836034
32.83234379273494,65.66468758546988
42.52117268837575,85.0423453767515
10.79738055719589,21.59476111439178
14.091173790351586,28.182347580703173
79.21334287220083,158.42668574440165
27.401410852266416,54.80282170453283
73.54663794854773,147.09327589709545
63.78079032064136,127.56158064128272
55.24204741640081,110.48409483280162
96.7299620835785,193.459924167157
77.70226664236942,155.40453328473885
82.84920407460223,165.69840814920445
9.702510634934603,19.405021269869206
86.44032252965013,172.88064505930026
42.84054874967672,85.68109749935344
47.391498187278316,94.78299637455663
90.14515427681964,180.29030855363928
0.9780966255136248,1.9561932510272495
83.18747601585221,166.37495203170442
14.104566983302448,28.209133966604895
1.75553472574711,3.51106945149422
8.393910299577689,16.787820599155378
58.44764515032457,116.89529030064914
64.69583353529131,129.39166707058263
40.04753455107153,80.09506910214306
23.16547362720619,46.33094725441238
71.64050099750662,143.28100199501324
40.29982095024251,80.59964190048503
72.66175674525078,145.32351349050157
79.10980039661588,158.21960079323176
83.03368799166017,166.06737598332035
37.33404915955787,74.66809831911574
57.1710019653464,114.3420039306928
77.97787421921709,155.95574843843417
41.346100346154515,82.69220069230903
48.675694007124626,97.35138801424925
57.207965811716555,114.41593162343311
48.188720493954975,96.37744098790995
43.50175766812253,87.00351533624506
88.32478113632166,176.64956227264332
27.94044305149772,55.88088610299544
34.102785994584586,68.20557198916917
56.29727986340204,112.59455972680408
30.897757119762726,61.79551423952545
18.039835145085036,36.07967029017007
51.343506773086865,102.68701354617373
17.061911411835496,34.12382282367099
63.23776147089304,126.47552294178608
35.722660630928004,71.44532126185601
99.44081251937631,198.88162503875262
52.25669656903544,104.51339313807088
53.409959343923276,106.81991868784655
5.949102415281415,11.89820483056283
99.60950699537162,199.21901399074324
74.02145695847337,148.04291391694673
29.543286171284844,59.08657234256969
23.02475922327375,46.0495184465475
99.84154576817599,199.68309153635198
90.81532045975551,181.63064091951102
44.475449992058316,88.95089998411663
12.419791402134617,24.839582804269234
17.95126530854647,35.90253061709294
84.38261969934317,168.76523939868633
94.99806495708327,189.99612991416654
49.03598311344478,98.07196622688956
13.067748676612778,26.135497353225556
2.381881509546979,4.763763019093958
10.949286097981826,21.898572195963652
17.290790345056905,34.58158069011381
1.437070277816166,2.874140555632332
40.75437111825841,81.50874223651682
37.72727652733712,75.45455305467424
90.25484900220604,180.5096980044121
38.461951540521476,76.92390308104295
96.01263341078985,192.0252668215797
63.20764080584016,126.41528161168031
28.69482130189237,57.38964260378474
2.355327597233481,4.710655194466962
7.754039790864153,15.508079581728307
97.56893434900267,195.13786869800535
10.622746345862433,21.245492691724866
9.17900027028219,18.35800054056438
63.342927959647355,126.68585591929471
60.158838630270715,120.31767726054143
61.82920027032854,123.65840054065708
35.01721503066623,70.03443006133246
6.936484159287781,13.872968318575563
19.637668837346855,39.27533767469371
47.03826330475016,94.07652660950032
24.336380781529876,48.67276156305975
13.24035162933611,26.48070325867222
12.897158241493333,25.794316482986666
31.63711878953721,63.27423757907442
12.305718633849539,24.611437267699078
66.67644431622666,133.35288863245333
35.74441384571835,71.4888276914367
27.771889514392754,55.54377902878551
21.355088294364332,42.710176588728665
53.95339578884931,107.90679157769863
14.219969407071709,28.439938814143417
79.74375302870962,159.48750605741924
27.509856713870317,55.01971342774063
69.55424081634416,139.10848163268832
13.577792638515652,27.155585277031303
14.48533904712841,28.97067809425682
26.829740859547012,53.659481719094025
27.608343129825784,55.21668625965157
31.909020055745085,63.81804011149017
49.06152767152475,98.1230553430495
36.52562461189161,73.05124922378322
18.70172784172528,37.40345568345056
90.55709084205459,181.11418168410918
56.30488956895028,112.60977913790056
68.20176894373826,136.40353788747652
72.31542656685058,144.63085313370115
69.51029692111163,139.02059384222326
26.40594659549167,52.81189319098334
92.10325381485114,184.2065076297023
47.75665764817204,95.51331529634408
34.68963303075145,69.3792660615029
83.16005480290217,166.32010960580433
27.475766243850096,54.95153248770019
83.47141159960893,166.94282319921786
28.182487649377585,56.36497529875517
17.62012273006125,35.2402454601225
32.39293247500282,64.78586495000565
28.2707798071966,56.5415596143932
25.027597730141025,50.05519546028205
72.35701689289219,144.71403378578438
66.95586056900986,133.91172113801971
90.20129130574786,180.40258261149572
38.243457771768654,76.48691554353731
93.09649446388903,186.19298892777806
60.00549223049261,120.01098446098521
96.98494933281535,193.9698986656307
70.9267188336281,141.8534376672562
57.40502170674462,114.81004341348924
26.960995045477375,53.92199009095475
54.270772028452896,108.54154405690579
64.78490805561728,129.56981611123456
35.861626226668164,71.72325245333633
0.2691786974430954,0.5383573948861908
65.73024409575214,131.46048819150428
53.070382302777354,106.14076460555471
61.37581818308531,122.75163636617062
54.553865260265624,109.10773052053125
97.95543479137743,195.91086958275486
24.108452052154128,48.216904104308256
2.636219970339082,5.272439940678164
94.73357175300784,189.46714350601567
75.90491762991549,151.80983525983098
74.66489857802445,149.3297971560489
99.72763921405486,199.45527842810972
42.503018360523356,85.00603672104671
69.34884145471851,138.69768290943702
42.968381177453686,85.93676235490737
41.347869704130716,82.69573940826143
62.54630064052517,125.09260128105034
40.79935016478938,81.59870032957876
17.805214605332132,35.610429210664265
87.02719837639876,174.05439675279752
98.1244477533686,196.2488955067372
74.03569343368689,148.07138686737377
67.34304465119743,134.68608930239486
87.81750613657776,175.63501227315552
72.56981507217759,145.13963014435518
56.37043828284891,112.74087656569782
58.99471064004997,117.98942128009995
34.298992773598044,68.59798554719609
61.83273697049499,123.66547394098998
55.93658994759097,111.87317989518193
49.95968127105651,99.91936254211302
48.21518703434412,96.43037406868824
52.72376015718487,105.44752031436974
45.948795494475405,91.89759098895081
9.763595256940405,19.52719051388081
21.12392350359834,42.24784700719668
2.6871095158718328,5.3742190317436656
63.44201889038376,126.88403778076751
53.04131719407778,106.08263438815555
42.88685917813637,85.77371835627274
9.022523172251018,18.045046344502037
58.951130730802184,117.90226146160437
31.378803677013945,62.75760735402789
61.811328941508606,123.62265788301721
34.01055520880482,68.02111041760963
11.64712910697202,23.29425821394404
66.52241097424417,133.04482194848833
95.21353631317704,190.4270726263541
80.9283077759818,161.8566155519636
65.26523461662846,130.53046923325692
40.785031096116455,81.57006219223291
56.76941386541722,113.53882773083444
73.77687066738528,147.55374133477056
95.5259725432725,191.051945086545
64.53957483422444,129.07914966844888
91.60149951299083,183.20299902598165
54.643254166323295,109.28650833264659
81.72431231454553,163.44862462909106
46.94217331263363,93.88434662526726
60.70099830213176,121.40199660426352
73.12831937523887,146.25663875047775
93.54020083234272,187.08040166468544
90.53927317990534,181.07854635981067
97.36571301242932,194.73142602485865
9.469234934530778,18.938469869061556
33.998182406733775,67.99636481346755
15.024302424414026,30.048604848828052
82.47330484344359,164.94660968688717
38.78732192495053,77.57464384990107
2.7171377673960717,5.434275534792143
52.20770608785467,104.41541217570933
87.2151159921624,174.4302319843248
9.96778269332691,19.93556538665382
61.34639749194041,122.69279498388082
33.55955516012954,67.11911032025908
72.14782260923928,144.29564521847857
42.699356017225774,85.39871203445155
46.48878572573453,92.97757145146906
22.20876769681214,44.41753539362428
97.3909728044409,194.7819456088818
36.74843433276976,73.49686866553952
71.2777054619651,142.5554109239302
11.938607946706403,23.877215893412806
7.8287570841651615,15.657514168330323
16.997073811330655,33.99414762266131
87.63173524931602,175.26347049863205
39.61263142455075,79.2252628491015
41.64703097168703,83.29406194337406
1.9665771157402978,3.9331542314805956
24.198094213982113,48.396188427964226
20.770792205621834,41.54158441124367
53.39724267164979,106.79448534329958
32.981270766253004,65.96254153250601
48.189898450243774,96.37979690048755
61.84467567561291,123.68935135122582
76.13510339505636,152.27020679011272
64.32763160227134,128.65526320454268
91.43990946597016,182.87981893194032
91.51785352904353,183.03570705808707
71.52995972851012,143.05991945702024
97.95262998712505,195.9052599742501
0.01535712037238346,0.03071424074476692
59.350705097592936,118.70141019518587
11.19564352149669,22.39128704299338
58.960523211455616,117.92104642291123
30.602151779339735,61.20430355867947
63.222592993833516,126.44518598766703
74.81406337469843,149.62812674939687
48.19235709523023,96.38471419046046
56.616702713466026,113.23340542693205
6.458278700411945,12.91655740082389
54.429039907567265,108.85807981513453
66.36866578292799,132.73733156585598
12.646504078018605,25.29300815603721
51.60814391334292,103.21628782668584
26.30148442504493,52.60296885008986
17.610746293881054,35.22149258776211
41.77526294584452,83.55052589168903
77.1951674920367,154.3903349840734
11.474516097917709,22.949032195835418
94.14857364967416,188.29714729934832
6.785927640937639,13.571855281875278
65.18942420603014,130.37884841206028
52.894936706875896,105.78987341375179
14.290510121431122,28.581020242862245
23.978939829907596,47.95787965981519
2.729717078738858,5.459434157477716
71.9826281669507,143.9652563339014
95.93761034914367,191.87522069828734
59.48425877655848,118.96851755311695
59.159624467842434,118.31924893568487
54.58639688273199,109.17279376546398
15.295420516884327,30.590841033768655
70.62401078322374,141.24802156644748
64.18368463746599,128.36736927493197
28.141394488608242,56.282788977216484
63.41400894468035,126.8280178893607
80.32558047503241,160.65116095006482
80.48405278895349,160.96810557790698
83.86717822340762,167.73435644681524
14.361275457141687,28.722550914283374
7.966779201189778,15.933558402379555
26.383990493454736,52.76798098690947
58.00094344523805,116.0018868904761
46.52956563666294,93.05913127332587
71.42459550398387,142.84919100796773
70.34854359851458,140.69708719702916
26.612232824749615,53.22446564949923
66.96269300132457,133.92538600264913
96.20271564569295,192.4054312913859
44.409433916360676,88.81886783272135
67.7043469528417,135.4086939056834
89.43725911972852,178.87451823945705
98.96854109578187,197.93708219156375
55.039473362854366,110.07894672570873
32.870799273004124,65.74159854600825
98.6274426435925,197.254885287185
5.845035680459587,11.690071360919173
63.47909646151949,126.95819292303898
23.46917585539118,46.93835171078236
28.679837044542133,57.359674089084265
58.76663408441889,117.53326816883778
53.28993655619861,106.57987311239722
26.906006251788163,53.81201250357633
9.685953176841355,19.37190635368271
99.01532088726009,198.03064177452018
31.482558180802233,62.965116361604466
3.685045339982085,7.37009067996417
80.36570620193014,160.73141240386028
50.70944115482858,101.41888230965716
94.70242651655546,189.40485303311092
46.44818094554063,92.89636189108126
2.296167808193983,4.592335616387966
47.9333340690082,95.8666681380164
37.82261209889052,75.64522419778103
65.19281202053246,130.38562404106491
62.34641088238758,124.69282176477516
72.81586028485077,145.63172056970154
34.52449213515805,69.0489842703161
72.22635101141655,144.4527020228331
50.12290432883704,100.24580865767408
70.18547718608544,140.37095437217087
66.92927457377967,133.85854914755933
47.70663524416414,95.41327048832828
17.220610156546734,34.44122031309347
99.14374585469506,198.2874917093901
39.76299192546436,79.52598385092872
81.3374323181675,162.674864636335
31.759267089526887,63.51853417905377
44.98572437912013,89.97144875824026
36.03346218058546,72.06692436117092
47.990510985045745,95.98102197009149
55.66125108879268,111.32250217758536
93.93002308492184,187.86004616984368
93.40703908229283,186.81407816458565
88.19422700111741,176.38845400223482
3.0791766560158362,6.1583533120316725
54.82672506727907,109.65345013455814
91.65306454436704,183.30612908873408
38.54257483055948,77.08514966111896
7.736415662448481,15.472831324896962
62.0481533164013,124.0963066328026
54.59323856929949,109.18647713859897
76.97450866517002,153.94901733034004
98.86515154535238,197.73030309070475
59.777159796590915,119.55431959318183
59.38989303497281,118.77978606994562
6.116855333068505,12.23371066613701
25.166478896429865,50.33295779285973
99.25956958161571,198.51913916323142
48.18859007987274,96.37718015974548
91.74974071398289,183.49948142796578
12.654957236944275,25.30991447388855
49.52461384935633,99.04922769871266
30.216840367233168,60.433680734466336
95.45797246302709,190.91594492605418
65.7118721502602,131.4237443005204
38.32683578926538,76.65367157853076
1.0775753244561703,2.1551506489123406
62.333470657578104,124.66694131515621
34.84171214858981,69.68342429717961
65.2613065233027,130.5226130466054
14.90242108121701,29.80484216243402
99.60216160528717,199.20432321057433
96.03920497148837,192.07840994297675
73.41509492464468,146.83018984928935
37.23037388100793,74.46074776201586
49.01819751545528,98.03639503091055
68.28674071329776,136.57348142659552
4.161689500938037,8.323379001876074
49.421667902443914,98.84333580488783
44.82987130819226,89.65974261638452
78.21874494181061,156.43748988362123
64.2143526556429,128.4287053112858
73.486951504148,146.973903008296
51.853580486539016,103.70716097307803
27.864751240558316,55.72950248111663
20.92567173650135,41.8513434730027
90.89397951793224,181.78795903586447
27.158237789034434,54.31647557806887
44.22518530020838,88.45037060041676
83.25435839607094,166.50871679214188
77.17447791028933,154.34895582057865
30.953181220755198,61.906362441510396
15.47594681619927,30.95189363239854
93.37872528111775,186.7574505622355
41.942121966547866,83.88424393309573
40.548641871440616,81.09728374288123
35.74245162875991,71.48490325751982
51.41977908170534,102.83955816341069
8.235525199079918,16.471050398159836
94.13878508091182,188.27757016182363
19.722661748385605,39.44532349677121
9.292053457624217,18.584106915248434
22.41843501230143,44.83687002460286
26.55779588534265,53.1155917706853
47.79865704653806,95.59731409307612
13.919436448175249,27.838872896350498
88.67373905392061,177.34747810784123
79.67533568619075,159.3506713723815
43.958433130534324,87.91686626106865
43.7584369559606,87.5168739119212
24.43532331347168,48.87064662694336
99.31605880998247,198.63211761996493
6.165927089007395,12.33185417801479
71.20486571043853,142.40973142087705
18.462458703110517,36.924917406221034
76.32579085579921,152.65158171159842
30.22353748777916,60.44707497555832
85.51530748637465,171.0306149727493
10.309547845542898,20.619095691085796
46.31145712159469,92.62291424318938
33.05414945183232,66.10829890366465
98.87385705467574,197.74771410935148
63.96550274980286,127.93100549960572
29.19698820869232,58.39397641738464
31.264948746780107,62.52989749356021
89.22744299096304,178.45488598192608
12.24492507996665,24.4898501599333
62.31242803246877,124.62485606493755
9.979740866286823,19.959481732573646
69.08686900308494,138.17373800616988
34.318519032321305,68.63703806464261
63.90218617941478,127.80437235882955
83.35928502644472,166.71857005288945
38.506844860772695,77.01368972154539
74.7533325342831,149.5066650685662
80.21511975191989,160.43023950383977
17.700375609790175,35.40075121958035
57.50215633236772,115.00431266473544
68.50214935969866,137.00429871939733
51.649454820915,103.29890964183
38.47475853546843,76.94951707093686
89.94000707628763,179.88001415257526
19.192034522228763,38.384069044457526
83.31431302080411,166.62862604160821
40.34433704003185,80.6886740800637
92.65929743084492,185.31859486168983
40.97845658893229,81.95691317786458
51.82554286901375,103.6510857380275
49.6768620104894,99.3537240209788
85.0820066342951,170.1640132685902
35.98597525608454,71.97195051216907
21.61279654170858,43.22559308341716
29.33107087561644,58.66214175123288
0.9474060774117055,1.894812154823411
16.42202466031806,32.84404932063612
32.20637356295395,64.4127471259079
22.03735328899583,44.07470657799166
73.56343381804156,147.12686763608312
52.653121919322246,105.30624383864449
25.048302773437136,50.09660554687427
8.754698803072515,17.50939760614503
81.86776606307316,163.73553212614632
32.88969558829673,65.77939117659346
83.65562276758699,167.31124553517398
8.432458951357802,16.864917902715604
55.872755205863115,111.74551041172623
36.801201725186026,73.60240345037205
80.80443108407161,161.60886216814322
0.33379447353847347,0.6675889470769469
15.041028434994075,30.08205686998815
74.22807704626918,148.45615409253836
19.989471478803132,39.978942957606264
71.50833330466398,143.01666660932796
77.02753821258878,154.05507642517756
44.94652520544269,89.89305041088538
90.44478349378142,180.88956698756283
25.27128726505694,50.54257453011388
37.89703460959406,75.79406921918812
52.06561756580279,104.13123513160558
28.85892403639322,57.71784807278644
59.73423841096023,119.46847682192046
13.21020697996913,26.42041395993826
24.459941972070776,48.91988394414155
97.04948707851744,194.0989741570349
84.34239517343677,168.68479034687354
71.45087858011078,142.90175716022156
37.92790282643698,75.85580565287395
46.00436571365433,92.00873142730866
92.99496532501645,185.9899306500329
3.2656230294560995,6.531246058912199
44.476787612662996,88.95357522532599
18.123835540946153,36.24767108189231
75.43496486952587,150.86992973905174
60.2317883062666,120.4635766125332
61.24105633693744,122.48211267387488
13.111756101390771,26.223512202781542
69.00878369499843,138.01756738999686
91.83131762566012,183.66263525132024
98.18477931271734,196.36955862543468
54.61971230859525,109.2394246171905
43.00413261860528,86.00826523721057
25.45952173872109,50.91904347744218
68.30577203267487,136.61154406534973
86.17713754186815,172.3542750837363
69.14378461082569,138.28756922165138
30.532536017418977,61.065072034837954
95.15742294111269,190.31484588222537
36.223535305902956,72.44707061180591
83.00107056610267,166.00214113220534
81.50634879536403,163.01269759072807
65.36554516209036,130.7310903241807
28.877530763875846,57.75506152775169
54.40800177960617,108.81600355921233
57.96230811161984,115.92461622323968
18.61298241530116,37.22596483060232
84.19891194069204,168.39782388138408
40.822556200211245,81.64511240042249
0.0016467790355134682,0.0032935580710269363
71.98108818127105,143.9621763625421
30.66613485489763,61.33226970979526
80.45091002172374,160.9018200434475
93.9597043142997,187.9194086285994
80.71333848099519,161.42667696199038
57.969713868824,115.939427737648
11.921959633081903,23.843919266163805
47.925681898571234,95.85136379714247
19.69146669833668,39.38293339667336
27.074390286990845,54.14878057398169
17.812056590025215,35.62411318005043
7.791070494898323,15.582140989796645
62.440326402399826,124.88065280479965
97.22814687742928,194.45629375485856
81.584998631419,163.169997262838
52.93410149638837,105.86820299277674
18.640389294094916,37.28077858818983
71.68918107852201,143.37836215704402
51.34968298765502,102.69936597531004
57.266038610378885,114.53207722075777
24.766685249589816,49.53337049917963
99.70874014587669,199.41748029175338
46.27173000931391,92.54346001862783
75.19995261444387,150.39990522888775
32.774865977964126,65.54973195592825
86.88058915230233,173.76117830460467
96.53242335192182,193.06484670384364
5.2504215637149905,10.500843127429981
85.64059070937684,171.28118141875368
86.31126053524689,172.62252107049378
42.574329969267566,85.14865993853513
3.001970903160578,6.003941806321156
39.844561247611324,79.68912249522265
21.281027183465884,42.56205436693177
52.744772537056214,105.48954507411243
84.18590920387248,168.37181840774497
1.0978065290507266,2.1956130581014532
73.7513058468221,147.5026116936442
90.36204508193431,180.72409016386862
84.85389810930243,169.70779621860487
75.58595524465309,151.17191048930619
46.253719850043296,92.50743970008659
73.34236910005242,146.68473820010485
86.58769378747591,173.17538757495183
6.862997891698363,13.725995783396726
18.754446404221405,37.50889280844281
61.61300405890871,123.22600811781741
62.35694506663408,124.71389013326817
15.554754042605046,31.10950808521009
96.74778192912183,193.49556385824366
47.717843583574094,95.43568716714819
66.70040934600257,133.40081869200515
32.515345176563585,65.03069035312717
16.715529839667497,33.43105967933499
75.58110473298957,151.16220946597915
36.25067817891304,72.50135635782608
18.240272425677027,36.480544851354054
96.58803441871821,193.17606883743642
64.2330480994199,128.4660961988398
30.82872019809849,61.65744039619698
98.15007739324841,196.30015478649682
62.956925200794544,125.91385040158909
17.340603950539524,34.68120790107905
10.69387761986219,21.38775523972438
59.71286972044511,119.42573944089023
35.038102094350556,70.07620418870111
76.87705730069906,153.75411460139813
37.61855430077817,75.23710860155634
16.785849521386563,33.571699042773126
79.60330516361279,159.20661032722558
37.66655167245007,75.33310334490014
44.11865025240774,88.23730050481548
68.7619556029144,137.5239112058288
82.06421890872251,164.12843781744502
93.8216693856961,187.6433387713922
36.736030867213074,73.47206173442615
19.218209097870975,38.43641819574195
60.822172498181594,121.64434499636319
1.6725873835167548,3.3451747670335097
76.3308086397658,152.6616172795316
0.4918816361133893,0.9837632722267786
64.83351611711777,129.66703223423553
75.41608695342981,150.83217390685962
75.66898208663217,151.33796417326434
61.89188764865804,123.78377529731608
20.971553596549786,41.94310719309957
17.265583876695466,34.53116775339093
72.44982482443247,144.89964964886494
97.29911488506188,194.59822977012377
92.75814595973881,185.51629191947762
23.03895950273892,46.07791900547784
62.62421879094292,125.24843758188584
54.56149696309134,109.12299392618267
25.345425909815255,50.69085181963051
37.682727349951236,75.36545469990247
60.131694045556294,120.26338809111259
14.579091686990164,29.15818337398033
34.034404668286435,68.06880933657287
36.918264289567915,73.83652857913583
0.17841986353627215,0.3568397270725443
94.55755364689097,189.11510729378193
65.40779438734744,130.81558877469487
36.505841119583124,73.01168223916625
12.727033003444543,25.454066006889086
63.513482448558115,127.02696489711623
2.2871171830584847,4.574234366116969
20.771661201101644,41.54332240220329
17.41982894932168,34.83965789864336
52.75410399297793,105.50820798595586
28.34164968799655,56.6832993759931
11.740520835996426,23.481041671992852
24.720259025073844,49.44051805014769
20.051103098749124,40.10220619749825
21.32977380632871,42.65954761265742
61.95272968812694,123.90545937625387
98.07053774517954,196.14107549035907
78.94295416194375,157.8859083238875
31.690830641451527,63.38166128290305
42.336879118401015,84.67375823680203
60.815564667960196,121.63112933592039
77.9023521083598,155.8047042167196
1.0266215876527207,2.0532431753054414
63.74115606544678,127.48231213089356
56.88388407655759,113.76776815311518
48.22631878084881,96.45263756169761
82.86410628141579,165.72821256283157
23.12409268468646,46.24818536937292
83.45610818131222,166.91221636262443
95.89681484566941,191.79362969133882
1.2678020979031368,2.5356041958062736
85.82277873297481,171.64555746594962
81.20654815852463,162.41309631704925
52.94088803967796,105.88177607935592
94.3892262277761,188.7784524555522
47.14987043251716,94.29974086503432
53.58563835821437,107.17127671642874
20.58077996183617,41.16155992367234
87.5020473329852,175.0040946659704
91.79650625453763,183.59301250907527
72.0606614941778,144.1213229883556
53.150620775864375,106.30124155172875
39.81014585780104,79.62029171560208
95.97748092698616,191.95496185397232
73.66313343685307,147.32626687370615
38.149382026433365,76.29876405286673
89.02248602979441,178.04497205958882
83.30570897235043,166.61141794470086
92.7430138052164,185.4860276104328
31.209508977198997,62.419017954397994
44.94274116606248,89.88548233212497
55.298321430150885,110.59664286030177
40.41187540896532,80.82375081793064
83.59578541841753,167.19157083683507
46.20355370985179,92.40710741970358
77.05232977441484,154.1046595488297
83.42403999841204,166.84807999682408
27.715578513321802,55.431157026643604
5.1374966194790765,10.274993238958153
21.90514210687108,43.81028421374216
43.52309520728846,87.04619041457693
51.79268319665798,103.58536639331597
8.827306500227827,17.654613000455655
9.090115082573892,18.180230165147783
30.819262069640796,61.63852413928159
88.32169579087164,176.6433915817433
52.072657327164826,104.14531465432965
74.97503329732697,149.95006659465395
88.04496793069563,176.08993586139127
79.23418971171088,158.46837942342177
89.15986190999024,178.31972381998048
68.86921360143208,137.73842720286416
7.7878535153164785,15.575707030632957
87.04697598013996,174.09395196027992
67.52513587775066,135.0502717555013
16.077462866305435,32.15492573261087
58.17922887376604,116.35845774753209
1.460331322721442,2.920662645442884
89.01427612273945,178.0285522454789
88.9851742533837,177.9703485067674
19.90246249583376,39.80492499166752
35.37433989556609,70.74867979113218
10.63911552288963,21.27823104577926
29.91452444642636,59.82904889285272
85.7275210503198,171.4550421006396
93.99090356458431,187.98180712916863
69.93246308376342,139.86492616752685
53.760775312734296,107.52155062546859
38.27878500796372,76.55757001592744
41.77191203777127,83.54382407554255
31.2163081064768,62.4326162129536
11.239658464423396,22.479316928846792
37.1204001137159,74.2408002274318
41.63797375802063,83.27594751604126
27.63964687074275,55.2792937414855
5.960753777281558,11.921507554563116
50.236110469077445,100.47222093815489
15.598185235261475,31.19637047052295
75.24681411824442,150.49362823648883
69.7321620237131,139.4643240474262
7.42983364468095,14.8596672893619
73.58398399876378,147.16796799752757
6.460482200620854,12.920964401241708
93.892053522842,187.784107045684
93.7728549623393,187.5457099246786
61.638836957452995,123.27767391490599
39.94538887173202,79.89077774346404
83.03735621618063,166.07471243236125
42.95138081049033,85.90276162098066
15.654915351292164,31.30983070258433
75.22411284266458,150.44822568532916
24.89703344195823,49.79406688391646
29.79354721862253,59.58709443724506
9.196889290438392,18.393778580876784
37.34830269562135,74.6966053912427
12.715654483064487,25.431308966128974
69.69262382076994,139.38524764153988
83.57357693087116,167.1471538617423
21.92707907916467,43.85415815832934
14.964959280229905,29.92991856045981
13.794625881265032,27.589251762530065
72.83514982080519,145.67029964161037
4.495448990111306,8.990897980222613
94.23512108721789,188.47024217443578
47.65192848349618,95.30385696699236
30.65535474071721,61.31070948143442
40.387067131512175,80.77413426302435
56.87464338818352,113.74928677636704
40.484478182338435,80.96895636467687
34.01693142488408,68.03386284976816
33.38012963117312,66.76025926234624
97.18063554175286,194.36127108350573
91.37811709916963,182.75623419833926
85.14136894563083,170.28273789126166
99.58099645825597,199.16199291651193
66.88861745139151,133.77723490278302
88.63130202456459,177.26260404912918
71.85846405124383,143.71692810248766
45.039438234607545,90.07887646921509
52.58052908140108,105.16105816280216
17.91196700989638,35.82393401979276
68.10204960176073,136.20409920352145
43.309753792736416,86.61950758547283
57.95893618430422,115.91787236860844
92.33835275701551,184.67670551403103
8.81411636827698,17.62823273655396
36.25318312966667,72.50636625933333
85.33408910468856,170.66817820937712
53.898046359845885,107.79609271969177
97.22925114167936,194.4585022833587
5.275679262584165,10.55135852516833
79.38572911696858,158.77145823393715
67.25536208684412,134.51072417368823
49.12976534238626,98.25953068477251
17.845634982186944,35.69126996437389
30.476836416129448,60.953672832258896
4.322940416162857,8.645880832325714
6.902703829782231,13.805407659564462
83.46772312451466,166.93544624902933
24.85479536006855,49.7095907201371
33.377310326408605,66.75462065281721
57.22536484171204,114.45072968342409
19.071204662516717,38.142409325033434
98.96521401787804,197.93042803575608
27.136125274749812,54.272250549499624
71.35702339420212,142.71404678840423
20.51763737607931,41.03527475215862
67.64571187428662,135.29142374857324
50.091396738804505,100.18279347760901
59.00996784022902,118.01993568045803
19.977660271982856,39.95532054396571
63.73115213992201,127.46230427984402
77.83846193733429,155.67692387466857
94.94250605540758,189.88501211081515
43.617064839733075,87.23412967946615
93.25331814034575,186.5066362806915
0.003102677799426967,0.006205355598853934
88.9452211511245,177.890442302249
75.70221860690836,151.40443721381672
82.2169527827662,164.4339055655324
50.42320908531281,100.84641817062563
87.82174700657674,175.6434940131535
50.14522576085211,100.29045152170421
88.96128205521141,177.92256411042283
88.95066368800306,177.90132737600612
67.63299307810749,135.26598615621498
94.53926656331893,189.07853312663786
64.45808532092951,128.91617064185903
86.00091576628745,172.0018315325749
73.43985114244444,146.87970228488888
84.2561963804911,168.5123927609822
38.20610760254905,76.4122152050981
11.451100311950968,22.902200623901937
40.083454969951504,80.16690993990301
64.71853522377997,129.43707044755993
46.40410568978292,92.80821137956583
20.027210008586394,40.05442001717279
86.44444194365417,172.88888388730834
6.989109193183818,13.978218386367637
59.637434020883695,119.27486804176739
94.85058730740951,189.70117461481902
36.669519669824204,73.33903933964841
91.73123362131992,183.46246724263983
65.24274447717777,130.48548895435553
89.75352840893258,179.50705681786516
62.49651397843211,124.99302795686422
70.04669848129377,140.09339696258755
27.528612348623447,55.057224697246895
91.17323263019573,182.34646526039145
47.06276501832295,94.1255300366459
63.0759477425392,126.1518954850784
78.01030989467435,156.0206197893487
27.91982059181478,55.83964118362956
29.244460063062427,58.48892012612485
17.198174925835296,34.39634985167059
1.1001252139481443,2.2002504278962887
64.68370902854163,129.36741805708326
66.21864717730138,132.43729435460276
28.253830199837115,56.50766039967423
82.69767414178972,165.39534828357944
28.88570544310737,57.77141088621474
53.59865114855581,107.19730229711162
22.877778745326992,45.755557490653985
58.38937892193672,116.77875784387344
83.87504553501658,167.75009107003316
95.81244640555614,191.6248928111123
94.95541878149054,189.91083756298107
75.468680717079,150.937361434158
4.064133415354043,8.128266830708085
16.487353887073443,32.974707774146886
54.207761433941734,108.41552286788347
78.20334163415075,156.4066832683015
29.04317665389439,58.08635330778878
95.27557815721893,190.55115631443786
73.87358198120533,147.74716396241067
32.998864478173736,65.99772895634747
43.23812779369387,86.47625558738774
39.985368982144195,79.97073796428839
95.80103738556026,191.60207477112053
54.08331795132462,108.16663590264923
54.192709308801376,108.38541861760275
14.858433790847359,29.716867581694718
5.201408246701611,10.402816493403222
30.11305622871149,60.22611245742298
1.9918855492469967,3.9837710984939934
5.111134891566893,10.222269783133786
12.415065018697135,24.83013003739427
47.52246205802568,95.04492411605136
19.105231476564978,38.210462953129955
10.586396007517306,21.172792015034613
88.9104345923663,177.8208691847326
94.14120152452216,188.28240304904432
27.810321398257585,55.62064279651517
5.522554126046253,11.045108252092506
43.847383894524604,87.69476778904921
79.42622148712167,158.85244297424333
69.41564593888265,138.8312918777653
80.52549561613287,161.05099123226574
26.17973989476483,52.35947978952966
35.31135769346555,70.6227153869311
33.96876609297007,67.93753218594014
38.76086211450275,77.5217242290055
72.57287125372915,145.1457425074583
39.676389615787876,79.35277923157575
67.13394698951932,134.26789397903863
57.76931111520035,115.5386222304007
72.53233117612035,145.0646623522407
94.6208061094641,189.2416122189282
5.201461952658104,10.402923905316207
55.54653971042933,111.09307942085866
74.34431180559817,148.68862361119633
35.22658436523942,70.45316873047884
60.91591624939588,121.83183249879175
32.964346036693726,65.92869207338745
16.91486254634873,33.82972509269746
38.27089594821559,76.54179189643118
62.433150907416376,124.86630181483275
39.46171859868943,78.92343719737886
48.391256007682095,96.78251201536419
57.76723800532029,115.53447601064057
66.20434845901725,132.4086969180345
91.80101882757657,183.60203765515314
45.63603089345287,91.27206178690574
23.55287373543241,47.10574747086482
65.3635294363255,130.727058872651
51.40529210502053,102.81058421004106
54.596302399659635,109.19260479931927
11.474004189534991,22.948008379069982
64.26673615594798,128.53347231189596
77.97027477700605,155.9405495540121
71.31571943880087,142.63143887760174
52.85920612802525,105.7184122560505
89.05411518657894,178.10823037315788
61.35753667453123,122.71507334906246
45.90448386300253,91.80896772600506
64.28061486409284,128.56122972818568
34.0974050139262,68.1948100278524
47.326962778456625,94.65392555691325
2.0335712506252768,4.0671425012505535
77.07639149580858,154.15278299161716
23.39264558401446,46.78529116802892
64.60646862940644,129.21293725881287
56.605572479220854,113.21114495844171
41.28554075890325,82.5710815178065
52.215571392180415,104.43114278436083
5.492376961856882,10.984753923713765
27.085932913096666,54.17186582619333
56.24069433221317,112.48138866442633
81.15677623638973,162.31355247277946
78.31002733566599,156.62005467133199
48.978126012514124,97.95625202502825
83.02046870967918,166.04093741935836
87.9570412857669,175.9140825715338
99.3683835987186,198.7367671974372
38.70917441092434,77.41834882184868
46.99694079473631,93.99388158947262
76.05100284926559,152.10200569853117
10.472094316059344,20.94418863211869
11.534463417348439,23.068926834696878
82.83263751967236,165.66527503934472
73.42663941475996,146.85327882951992
42.47991634075742,84.95983268151484
85.4054440014049,170.8108880028098
91.86297117926114,183.72594235852227
41.858190105840706,83.71638021168141
51.94567357088192,103.89134714176384
13.185441507494765,26.37088301498953
30.58243544643021,61.16487089286042
44.025832208140635,88.05166441628127
14.535328723140461,29.070657446280922
97.48247208232421,194.96494416464841
66.50543732397118,133.01087464794236
89.7347515983306,179.4695031966612
11.149986190164041,22.299972380328082
94.95757484706152,189.91514969412304
72.32143686730586,144.64287373461173
1.0618588537082307,2.1237177074164615
65.34578183881214,130.6915636776243
87.12087613745395,174.2417522749079
68.14101570213357,136.28203140426714
53.3881022231936,106.7762044463872
85.87288780643435,171.7457756128687
22.698091435705404,45.39618287141081
55.34240879284684,110.68481758569368
2.42402102015844,4.84804204031688
55.11023561177556,110.22047122355112
59.28512163301747,118.57024326603494
42.472192148817356,84.94438429763471
46.13508211605117,92.27016423210235
78.04891995471826,156.09783990943652
10.84670687846543,21.69341375693086
64.35586914419666,128.71173828839332
30.67202579642978,61.34405159285956
96.82524006386805,193.6504801277361
70.78059240278276,141.56118480556552
39.21635656348661,78.43271312697323
11.142732056018456,22.285464112036912
69.86461653974247,139.72923307948494
70.75196296451068,141.50392592902136
30.96625237166617,61.93250474333234
74.15244039968125,148.3048807993625
87.9182314558668,175.8364629117336
37.395433857404555,74.79086771480911
55.182794766582724,110.36558953316545
22.55510565070039,45.11021130140078
63.80445456248317,127.60890912496635
81.695312158129,163.390624316258
34.87740027864312,69.75480055728625
87.8161912526212,175.6323825052424
33.923294843181864,67.84658968636373
12.76618886189067,25.53237772378134
68.76469013217728,137.52938026435456
44.90951547053701,89.81903094107402
29.609043625079824,59.21808725015965
33.06622778591686,66.13245557183372
93.55620795363298,187.11241590726596
34.81220286606372,69.62440573212744
82.29616754309302,164.59233508618604
94.13020346642847,188.26040693285694
11.863131897034496,23.72626379406899
23.340097357308153,46.680194714616306
18.23958257977538,36.47916515955076
24.782958509602903,49.565917019205806
67.47765389645899,134.95530779291798
18.45734844359521,36.91469688719042
5.240941130993448,10.481882261986897
67.43232784466474,134.86465568932948
65.15920316261446,130.31840632522892
72.93416530227846,145.86833060455692
7.114327061179948,14.228654122359895
34.79180383001016,69.58360766002032
45.80359955336461,91.60719910672923
79.5945293463514,159.1890586927028
88.13555050680984,176.27110101361967
60.24399197391934,120.48798394783869
20.107156540501016,40.21431308100203
84.11570827319605,168.2314165463921
12.908359435392159,25.816718870784317
82.99833678023293,165.99667356046587
57.93857402718518,115.87714805437037
81.3427942921518,162.6855885843036
44.842182004165664,89.68436400833133
76.67728999814123,153.35457999628247
82.23608575071026,164.47217150142052
44.92114563519046,89.84229127038093
23.933238956777526,47.86647791355505
75.49239712096937,150.98479424193874
41.065715562905666,82.13143112581133
16.33746130566759,32.67492261133518
37.21770794513775,74.4354158902755
38.43857821094229,76.87715642188458
68.25433969154645,136.5086793830929
18.35495343036402,36.70990686072804
11.353117459966477,22.706234919932953
7.654724146366898,15.309448292733796
13.005143730234426,26.010287460468852
13.592995899731154,27.185991799462307
75.70386188044861,151.40772376089723
47.784797636068944,95.56959527213789
93.23692765243867,186.47385530487733
0.7331352563026416,1.4662705126052833
3.6951115618410024,7.390223123682005
87.80670815384404,175.61341630768808
66.35499836112366,132.70999672224733
43.83255760871053,87.66511521742106
22.820345237894337,45.64069047578867
32.944597582540545,65.88919516508109
11.318983066253551,22.637966132507103
92.64793993565596,185.2958798713119
68.75133030390857,137.50266060781715
0.07160676668304111,0.14321353336608222
55.22583749066198,110.45167498132396
34.945514240276374,69.89102848055275
93.41927148438262,186.83854296876524
26.06162109132395,52.1232421826479
50.020060991413004,100.04012198282601
74.49381567469732,148.98763134939463
85.88069258403077,171.76138516806154
64.28773281397798,128.57546562795596
88.88223264012261,177.76446528024522
78.32196836315624,156.6439367263125
42.689194109330245,85.37838821866049
9.102455572059064,18.204911144118128
46.52675995421222,93.05351990842443
52.89610657924293,105.79221315848586
51.241562846783516,102.48312569356703
79.86498501509226,159.72997003018452
64.0971019562818,128.1942039125636
24.281677801740422,48.563355603480844
90.01064714766682,180.02129429533363
28.95346279348222,57.90692558696444
50.53994280111983,101.07988560223966
28.003686495794245,56.00737299158849
60.953125063766464,121.90625012753293
14.995287509290556,29.99057501858111
74.71810131664061,149.43620263328123
3.6408865985101846,7.281773197020369
42.48039322369856,84.96078644739713
87.76527951746846,175.5305590349369
26.922675627348326,53.84535125469665
11.251805406392778,22.503610812785556
67.36901139396568,134.73802278793136
21.296648392004748,42.593296784009496
44.12677220177845,88.2535444035569
56.62996622555939,113.25993245111879
56.90013539852763,113.80027079705526
16.138747597420622,32.277495194841244
74.70527975917543,149.41055951835085
75.15733988890871,150.31467977781742
53.0293001098293,106.0586002196586
78.65653827076842,157.31307654153684
98.94208686033717,197.88417372067434
45.753296387702036,91.50659277540407
85.08111846345344,170.16223692690687
72.55916579930434,145.11833159860868
57.74112779176781,115.48225558353562
98.34383664052694,196.6876732810539
69.28996188928373,138.57992377856746
3.2369707597604713,6.473941519520943
5.83251772673713,11.66503545347426
37.20297214890614,74.40594429781228
98.7123358808725,197.424671761745
22.31301430759941,44.62602861519882
47.26276244711202,94.52552489422403
16.1665089015975,32.333017803195
86.51501906764992,173.03003813529983
35.372879938971366,70.74575987794273
53.44575086225342,106.89150172450684
33.6080223199488,67.2160446398976
53.84072341772188,107.68144683544377
61.6806611365043,123.3613222730086
28.121655649311418,56.243311298622835
53.28699619954149,106.57399239908298
92.07128698624707,184.14257397249415
58.59637022494506,117.19274044989012
96.24051622037922,192.48103244075844
73.3619003957525,146.723800791505
13.036136518493013,26.072273036986026
85.75611511458422,171.51223022916844
3.252174899576632,6.504349799153264
56.856987547255656,113.71397509451131
88.49000284686464,176.98000569372928
62.892073534529814,125.78414706905963
21.238248170762684,42.47649634152537
58.38901105850562,116.77802211701125
54.123894549382726,108.24778909876545
28.276050650211427,56.552101300422855
16.781315007049823,33.562630014099646
99.88682657990694,199.77365315981388
69.85888211275338,139.71776422550676
46.061870531333035,92.12374106266607
62.2071486411436,124.4142972822872
39.55459605487921,79.10919210975842
46.46050981201856,92.92101962403711
6.839981092250847,13.679962184501694
76.8697142382784,153.7394284765568
24.840592731630462,49.681185463260924
98.04712776519938,196.09425553039875
78.61704838915163,157.23409677830327
9.524780107871289,19.049560215742577
76.89444816536262,153.78889633072524
96.84168414631782,193.68336829263563
71.08556524192305,142.1711304838461
32.66843854491556,65.33687708983112
52.98347304354978,105.96694608709956
65.06593070714625,130.1318614142925
54.20199220145495,108.4039844029099
14.173932425764013,28.347864851528026
41.50206994541771,83.00413989083542
78.40552625260321,156.81105250520642
54.22529869104626,108.45059738209252
23.256679530481904,46.51335906096381
93.68231736072491,187.36463472144982
49.36723972356106,98.73447944712213
71.33770152609921,142.67540305219842
87.8224569674421,175.6449139348842
2.4510360884998916,4.902072176999783
62.28966114155704,124.57932228311408
39.07244344761256,78.14488689522511
93.59395301320563,187.18790602641127
24.690493050725458,49.380986101450915
33.50515065770507,67.01030131541015
12.72292173489542,25.44584346979084
12.817906868533857,25.635813737067714
49.54942675393984,99.09885350787968
89.3219200888257,178.6438401776514
6.868935648275976,13.737871296551951
1.9093915839981324,3.8187831679962647
70.1810086569438,140.3620173138876
27.728555639988382,55.457111279976765
13.842758697986312,27.685517395972624
31.472867769310064,62.94573553862013
21.042858040540157,42.085716081080314
99.88784470144296,199.77568940288592
74.25247006741533,148.50494013483066
53.72499132274352,107.44998264548704
4.668802707540176,9.337605415080352
66.53579252132921,133.07158504265843
38.765429635380755,77.53085927076151
50.715270693075695,101.43054138615139
21.936541975974666,43.87308395194933
23.562554850317284,47.12510970063457
57.531729655711686,115.06345931142337
22.768469565900862,45.536939131801724
30.494975683346492,60.989951366692985
88.74201392832795,177.4840278566559
86.20263487404893,172.40526974809785
48.09967404458355,96.1993480891671
62.9990477921913,125.9980955843826
85.66237094597507,171.32474189195014
18.368816628163586,36.73763325632717
76.01009891834578,152.02019783669155
52.17662530994042,104.35325061988084
91.36723629018229,182.73447258036458
90.18421272146313,180.36842544292625
0.31576496901354334,0.6315299380270867
37.4302263913036,74.8604527826072
63.29221732591942,126.58443465183883
22.945200196954506,45.89040039390901
13.552469319202931,27.104938638405862
39.26914075784415,78.5382815156883
72.05188264346262,144.10376528692524
30.924466430955178,61.848932861910356
20.157897137218516,40.31579427443703
40.186303040282986,80.37260608056597
82.56189442248339,165.12378884496678
17.178071956975227,34.356143913950454
41.00020525430421,82.00041050860843
34.22796987801113,68.45593975602226
16.828570114253182,33.657140228506364
21.47544705279738,42.95089410559476
75.87611819598527,151.75223639197054
18.581264446397473,37.162528892794946
2.598958640934834,5.197917281869668
85.76681314382614,171.53362628765228
2.7663842325988175,5.532768465197635
32.683352059696055,65.36670411939211
64.1726753377331,128.3453506754662
36.084671601552444,72.16934320310489
21.38467399847982,42.76934799695964
93.0070760020785,186.014152004157
52.66096005636549,105.32192011273098
68.2353951994199,136.4707903988398
22.749079200227317,45.498158400454635
61.90162279722291,123.80324559444583
72.30023000171973,144.60046000343945
87.50857693586822,175.01715387173644
31.777952784213383,63.555905568426766
10.03825223244964,20.07650446489928
43.83872732953805,87.6774546590761
95.3508531285975,190.701706257195
52.64074661104621,105.28149322209242
42.27068864494379,84.54137728988758
56.49994713138522,112.99989426277044
80.3726295306967,160.7452590613934
27.573544347907863,55.147088695815725
17.77795265328679,35.55590530657358
88.58654658052366,177.17309316104732
97.90047551030293,195.80095102060585
72.8663179241571,145.7326358483142
86.9845231711977,173.9690463423954
74.53750022956449,149.07500045912897
55.96156936184475,111.9231387236895
55.628832318846065,111.25766463769213
26.05836538151306,52.11673076302612
79.97165688294615,159.9433137658923
24.41784425603528,48.83568851207056
77.84041174693004,155.6808234938601
98.39395327106348,196.78790654212696
15.751929158183497,31.503858316366994
87.3588993000462,174.7177986000924
89.328980481555,178.65796096311
55.13862880476451,110.27725760952902
93.68836630543042,187.37673261086084
12.924232040256845,25.84846408051369
42.62750561591413,85.25501123182826
92.45705281484628,184.91410562969256
93.87558585589733,187.75117171179465
53.316366707960995,106.63273341592199
5.871499506800193,11.742999013600386
38.78859252842224,77.57718505684448
27.52983101412514,55.05966202825028
70.44769707749231,140.89539415498461
80.10705803372656,160.21411606745312
27.993287825278735,55.98657565055747
75.30201820175535,150.6040364035107
39.56831810325281,79.13663620650561
67.86286107042962,135.72572214085923
11.588311343794999,23.176622687589997
43.2393361493432,86.4786722986864
44.43265596666415,88.8653119333283
91.38032202999804,182.76064405999608
20.707536635145196,41.41507327029039
78.68321617317808,157.36643234635616
96.21175148309635,192.4235029661927
28.28417237929708,56.56834475859416
67.75339333477056,135.50678666954113
65.17547037280244,130.35094074560487
11.082070989579329,22.164141979158657
30.645814411211745,61.29162882242349
19.09230626726345,38.1846125345269
18.492342522885117,36.984685045770235
15.46919353579639,30.93838707159278
64.977478065905,129.95495613181
68.06407447475384,136.12814894950768
24.30507429091444,48.61014858182888
59.430539750229386,118.86107950045877
37.0439172452303,74.0878344904606
95.37022706755836,190.74045413511672
11.041692843315666,22.08338568663133
83.87024646604873,167.74049293209745
65.01912617217171,130.03825234434342
27.41631881850115,54.8326376370023
39.677557066003274,79.35511413200655
34.31148521038034,68.62297042076068
21.21412517011666,42.42825034023332
26.67050001826139,53.34100003652278
19.861353068313502,39.722706136627004
54.47937817275944,108.95875634551888
93.1360516918805,186.272103383761
23.047087457577863,46.094174915155726
7.627374532958919,15.254749065917839
78.16501469961071,156.33002939922142
72.6706942678777,145.3413885357554
25.206429850823998,50.412859701647996
58.30320673645595,116.6064134729119
94.15615543032412,188.31231086064824
63.280348806287144,126.56069761257429
92.72463399869785,185.4492679973957
81.24978003209571,162.49956006419143
62.44418613399024,124.88837226798049
62.89374358966956,125.78748717933912
80.56128853587883,161.12257707175766
73.24549485467583,146.49098970935165
17.73782951732017,35.47565903464034
93.63659872658803,187.27319745317607
86.36667579666596,172.73335159333192
30.961162461445767,61.922324922891534
70.42775484124893,140.85550968249785
34.04650173500957,68.09300347001914
6.124382582718113,12.248765165436225
98.41320924242629,196.82641848485258
58.650931798817176,117.30186359763435
56.934436717363155,113.86887343472631
98.0719216305851,196.1438432611702
57.95251740093712,115.90503480187424
45.344929525737655,90.68985905147531
73.2741995948429,146.5483991896858
91.46336526531171,182.92673053062342
67.54917564660224,135.09835129320447
68.0637954869605,136.127590973921
8.018712040324715,16.03742408064943
73.10765138363578,146.21530276727157
71.52505709183504,143.05011418367008
25.738261483895474,51.47652296779095
89.37591713907953,178.75183427815907
6.105154670200996,12.210309340401992
8.67310505647475,17.3462101129495
65.47582955397799,130.95165910795598
97.0798744442799,194.1597488885598
8.63104397042671,17.26208794085342
93.43804177538472,186.87608355076944
84.69019798918097,169.38039597836195
90.0641256786575,180.128251357315
48.678441632686166,97.35688326537233
95.50514988883086,191.01029977766171
67.24269444410098,134.48538888820195
73.84939340424698,147.69878680849396
8.466069643791519,16.932139287583038
88.61207381559375,177.2241476311875
66.21107789161084,132.42215578322168
82.03500952135656,164.0700190427131
51.86887194047838,103.73774388095676
65.50939685782632,131.01879371565263
45.88006570118889,91.76013140237778
7.200576874241538,14.401153748483075
90.02405034444993,180.04810068889986
92.75326064783648,185.50652129567297
44.09781691532905,88.1956338306581
2.424168883548161,4.848337767096322
72.86456796629554,145.72913593259108
79.60969699263947,159.21939398527894
26.58800888487953,53.17601776975906
68.56370100355542,137.12740200711085
80.15550678306612,160.31101356613223
76.56046861208891,153.12093722417782
19.10440783312414,38.20881566624828
20.117455812342698,40.234911624685395
15.237160965713326,30.47432193142665
46.595573182235626,93.19114636447125
90.09196048429511,180.18392096859023
73.65126880938934,147.30253761877867
82.12410071446332,164.24820142892665
63.25702048822526,126.51404097645052
17.727413355875566,35.45482671175113
61.37713607083886,122.75427214167772
20.773925149758288,41.547850299516575
85.1109795776364,170.2219591552728
26.097431844159246,52.19486368831849
6.117727191518774,12.235454383037547
83.70584120380846,167.41168240761692
4.7315554151041495,9.463110830208299
64.98733980688756,129.97467961377512
52.56808908273919,105.13617816547838
25.085839690234124,50.17167938046825
54.268942540367306,108.53788508073461
48.758614436399206,97.51722887279841
23.05874752188449,46.11749504376898
58.07124258017857,116.14248516035714
98.69059317487392,197.38118634974785
76.69067541554178,153.38135083108355
43.3552071814035,86.710414362807
71.72246879817706,143.44493759635412
71.41846890102059,142.83693780204118
7.5409357419171315,15.081871483834263
40.31585160573743,80.63170321147486
41.003152736510465,82.00630547302093
47.774752964552704,95.54950592910541
57.40615539602467,114.81231079204935
15.977847363994579,31.955694727989158
21.90461506329231,43.80923012658462
80.64012655692878,161.28025311385755
53.15565808850727,106.31131617701455
71.04700929488061,142.09401858976122
52.838882004994026,105.67776400998805
43.39391020008782,86.78782040017563
96.1524024080758,192.3048048161516
11.69123010851738,23.38246021703476
56.476481625466235,112.95296325093247
23.346762556331026,46.69352511266205
29.379287690391365,58.75857538078273
25.35174942737872,50.70349885475744
55.6066069754217,111.2132139508434
74.01257304345008,148.02514608690015
60.33709610935527,120.67419221871054
71.63294188900893,143.26588377801787
69.23952489598364,138.47904979196727
63.58318482540918,127.16636965081835
10.68933818089689,21.37867636179378
92.87701319886934,185.75402639773867
84.09409409023034,168.18818818046068
72.52941459647249,145.05882919294498
98.23410694071607,196.46821388143215
43.48313806307951,86.96627612615902
67.98977646098025,135.9795529219605
36.21691783219253,72.43383566438506
68.91593427572789,137.83186855145578
23.394938825952394,46.78987765190479
65.36309451611261,130.72618903222522
79.91638815684557,159.83277631369114
58.349708490187325,116.69941698037465
11.943201276173765,23.88640255234753
86.41234845525837,172.82469691051674
93.77132273223832,187.54264546447664
95.16179510525482,190.32359021050965
34.72756171567215,69.4551234313443
10.367000410406312,20.734000820812625
79.39333854684317,158.78667709368634
4.48113344441976,8.96226688883952
36.62679140800531,73.25358281601062
64.4755023075135,128.951004615027
87.60511658667731,175.21023317335462
6.531586354319662,13.063172708639325
13.222693571791055,26.44538714358211
72.79676506610218,145.59353013220436
41.82739538234061,83.65479076468122
97.20802735640976,194.41605471281952
73.3088721422862,146.6177442845724
89.91206209374884,179.8241241874977
29.77943094617821,59.55886189235642
68.64954802555106,137.2990960511021
44.66082767893559,89.32165535787118
94.02409512660952,188.04819025321905
11.869707196247159,23.739414392494318
98.16808427248586,196.3361685449717
77.49630741165106,154.99261482330212
39.489885053482844,78.97977010696569
55.11901431668351,110.23802863336702
37.508375400853296,75.01675080170659
0.4784031990659021,0.9568063981318042
49.80505813867866,99.61011627735732
43.927639879810876,87.85527975962175
46.776921437810536,93.55384287562107
72.92133000738967,145.84266001477934
78.75139670658572,157.50279341317145
18.451603101282387,36.903206202564775
14.14796296162285,28.2959259232457
74.17406108302309,148.34812216604618
72.66478850230695,145.3295770046139
58.509911567114656,117.01982313422931
64.68198696268517,129.36397392537035
35.85331276948107,71.70662553896214
23.35410220083172,46.70820440166344
17.692253228680034,35.38450645736007
55.9897736561393,111.9795473122786
73.16635653766365,146.3327130753273
21.678184046355785,43.35636809271157
19.695687485640768,39.391374971281536
63.73882797103684,127.47765594207368
19.887883948753238,39.775767897506476
21.576830782535595,43.15366156507119
59.15332095352974,118.30664190705949
34.77989976263727,69.55979952527454
13.886103588526721,27.772207177053442
54.878927951050514,109.75785590210103
4.5195842877087,9.0391685754174
74.43768593177279,148.87537186354558
63.30337632268419,126.60675264536837
36.63607272166072,73.27214544332143
70.2069645308447,140.4139290616894
1.455829322471336,2.911658644942672
10.647689495412294,21.295378990824588
92.08724287918709,184.17448575837417
12.86847137556001,25.73694275112002
0.90661349143627,1.81322698287254
62.57412394206172,125.14824788412344
52.443225365408516,104.88645073081703
27.166415833562006,54.33283166712401
62.41025173433128,124.82050346866257
23.698360068121506,47.39672013624301
72.48004843115274,144.96009686230548
32.43629227834005,64.8725845566801
59.39348812004407,118.78697624008814
35.638949378628915,71.27789875725783
53.8970939652871,107.7941879305742
87.58855379162276,175.17710758324552
9.126819917507166,18.253639835014333
55.2468022314104,110.4936044628208
6.450797356978755,12.90159471395751
6.04760334446206,12.09520668892412
57.82063579193822,115.64127158387645
45.958657968029236,91.91731593605847
99.54084459203256,199.0816891840651
63.34480288046813,126.68960576093626
60.57929116164462,121.15858232328924
36.129003498065835,72.25800699613167
23.838404092544597,47.67680818508919
96.79701920000994,193.59403840001988
32.57112332126489,65.14224664252978
21.00884663939241,42.01769327878482
64.36931363367665,128.7386272673533
8.170556352080439,16.341112704160878
64.8491138975339,129.6982277950678
40.06864067323336,80.13728134646672
51.67160647221657,103.34321294443313
28.631489790850463,57.262979581700925
88.19672676247481,176.39345352494962
51.33358040446721,102.66716080893443
54.62676108879844,109.25352217759688
34.69972282316422,69.39944564632845
9.130068602702146,18.26013720540429
94.84872786629992,189.69745573259985
30.90448751586532,61.80897503173064
7.303238854962579,14.606477709925159
96.27818699137275,192.5563739827455
2.940422912776175,5.88084582555235
51.91615706014447,103.83231412028894
96.67019970885342,193.34039941770683
73.2634853121377,146.5269706242754
0.44785949366538125,0.8957189873307625
30.015743494815094,60.03148698963019
22.27833778789936,44.55667557579872
9.601485105812202,19.202970211624404
76.63912723633085,153.2782544726617
7.276860098157245,14.55372019631449
63.86839765080635,127.7367953016127
92.09732245831901,184.19464491663803
30.864439434135825,61.72887886827165
97.11882651791993,194.23765303583986
30.30476829443507,60.60953658887014
34.04557653080261,68.09115306160523
75.34495591190532,150.68991182381063
9.011747967279138,18.023495934558277
69.14587892672188,138.29175785344376
87.80821730511312,175.61643461022624
82.91450862231234,165.82901724462468
97.63730238105883,195.27460476211766
39.775678315783736,79.55135663156747
28.576431957592064,57.15286391518413
6.816109920532176,13.632219841064352
7.807845872860819,15.615691745721637
87.29319974575958,174.58639949151916
92.26379161578076,184.52758323156152
74.24444265394092,148.48888530788184
91.93502192661946,183.8700438532389
82.93707437886188,165.87414875772376
25.453944144905083,50.90788828981017
53.452076032785556,106.90415206557111
97.31273227342375,194.6254645468475
19.598631819761557,39.197263639523115
10.550900792471406,21.101801584942812
95.48476934480517,190.96953868961035
68.80480238982659,137.60960477965318
56.30096259287992,112.60192518575984
62.702097425819936,125.40419485163987
20.782842046049275,41.56568409209855
33.53988684463607,67.07977368927214
6.644031861507626,13.288063723015252
56.2188740888961,112.4377481777922
93.82000865675843,187.64001731351686
29.814915136971987,59.62983027394397
59.361609612084166,118.72321922416833
68.03955942886462,136.07911885772924
2.2453392381385995,4.490678476277199
51.97559345857135,103.9511869171427
44.91918950181828,89.83837900363656
68.97320438606562,137.94640877213124
99.26832851065129,198.53665702130257
30.930201752416377,61.86040350483275
71.3788158357688,142.7576316715376
8.61204061437305,17.2240812287461
8.482480371621381,16.964960743242763
70.75102573400518,141.50205146801036
94.84246821650781,189.68493643301562
85.0183210426794,170.0366420853588
72.4878665417451,144.9757330834902
44.42569040886928,88.85138081773856
37.727660822480836,75.45532164496167
2.0035047246450666,4.007009449290133
72.7252260893558,145.4504521787116
88.63730589164598,177.27461178329196
84.33831169021605,168.6766233804321
20.69801429902782,41.39602859805564
21.036221500221142,42.072443000442284
89.7123194004332,179.4246388008664
96.40480725008275,192.8096145001655
67.63694879014363,135.27389758028727
3.321797270004101,6.643594540008202
90.27908748430985,180.5581749686197
54.61418281808892,109.22836563617784
56.11422287719668,112.22844575439336
2.1576530179305053,4.315306035861011
29.984620004643737,59.969240009287475
91.90310428844033,183.80620857688066
19.094380444373904,38.18876088874781
31.524724295856966,63.04944859171393
47.86837900116861,95.73675800233723
7.983737972555971,15.967475945111943
86.15166164855188,172.30332329710376
71.76506699885232,143.53013399770464
42.240180812399316,84.48036162479863
67.34342117774818,134.68684235549637
92.34345013817612,184.68690027635225
87.23023745576354,174.4604749115271
0.7343207227759607,1.4686414455519214
1.8115236634392407,3.6230473268784813
88.52693894724493,177.05387789448986
67.55150333087069,135.10300666174138
10.678653979382347,21.357307958764693
28.62470443788879,57.24940887577758
57.6952310550099,115.3904621100198
46.80840708400322,93.61681416800644
26.78179395869912,53.56358791739824
65.43374639913331,130.86749279826662
35.28267713674749,70.56535427349498
96.3743461782503,192.7486923565006
10.678381391557878,21.356762783115755
75.01200777885921,150.02401555771843
76.75004475083334,153.50008950166668
55.320789381701644,110.64157876340329
68.36250961018489,136.72501922036977
12.857953305809232,25.715906611618465
24.799392989255043,49.59878597851009
21.3444861537326,42.6889723074652
47.22169544498198,94.44339088996396
50.74419757044202,101.48839514088404
40.26120653475619,80.52241306951238
31.58833781676812,63.17667563353624
45.66686485586504,91.33372971173009
1.7748210631200134,3.549642126240027
9.766279852046111,19.532559704092222
62.99654415225475,125.9930883045095
98.28923644510097,196.57847289020194
40.60228155950776,81.20456311901552
27.450736025231915,54.90147205046383
94.06056176432652,188.12112352865304
79.85993921050836,159.71987842101672
77.41107969981911,154.82215939963822
45.35840861397683,90.71681722795365
87.17336600282881,174.34673200565763
48.62345175913204,97.24690351826408
98.62441841653786,197.24883683307573
15.771070653279562,31.542141306559124
39.15873033786521,78.31746067573042
47.700411296877135,95.40082259375427
36.93290537761443,73.86581075522886
51.1768932771949,102.3537865543898
9.123654763983025,18.24730952796605
5.332849459662226,10.665698919324452
80.58223151492618,161.16446302985236
57.45681124102161,114.91362248204322
6.078397073189901,12.156794146379802
65.12954706570704,130.2590941314141
8.263800784158192,16.527601568316385
80.53260717319787,161.06521434639575
16.943032630408585,33.88606526081717
38.9956695702243,77.9913391404486
95.91531210707062,191.83062421414124
29.643240384586623,59.286480769173245
30.660644297044158,61.321288594088315
22.774143846233564,45.54828769246713
90.53165549670427,181.06331099340855
70.04702373649648,140.09404747299297
73.16694743622386,146.33389487244773
85.8977248280302,171.7954496560604
59.460068477104464,118.92013695420893
9.4236557111111,18.8473114222222
89.19064624450093,178.38129248900185
91.99352600022632,183.98705200045265
18.180358910958738,36.360717821917476
37.00289294556368,74.00578589112736
51.54628150778632,103.09256301557264
70.55137423019828,141.10274846039655
75.38721561074645,150.7744312214929
70.83140829910627,141.66281659821254
33.86950394203774,67.73900788407548
90.89409320499632,181.78818640999265
49.395082466640275,98.79016493328055
93.8150570788061,187.6301141576122
10.021600804697883,20.043201609395766
56.9425437421307,113.8850874842614
39.6468806213646,79.2937612427292
94.56558624617522,189.13117249235043
67.05673155230252,134.11346310460505
24.87244879504503,49.74489759009006
10.414051693079628,20.828103386159256
51.31095790949932,102.62191581899864
95.64121691658927,191.28243383317854
43.80495332999151,87.60990665998303
73.18244358606101,146.36488717212202
84.83152533759768,169.66305067519536
25.39648772455523,50.79297544911046
8.565514795778084,17.131029591556167
30.23802160971757,60.47604321943514
83.66808039602172,167.33616079204344
42.12487925446199,84.24975850892397
38.75509504593543,77.51019009187085
30.208210102435885,60.41642020487177
45.43890727727209,90.87781455454417
53.13854468449707,106.27708936899414
50.979205211721734,101.95841042344347
70.48380521446968,140.96761042893937
84.97825505013562,169.95651010027123
27.35492280358358,54.70984560716716
0.48152742323918085,0.9630548464783617
24.804350975430644,49.60870195086129
62.287204210177016,124.57440842035403
95.52303178670489,191.04606357340978
36.51531792940972,73.03063585881944
22.32590110743392,44.65180221486784
66.33778991857548,132.67557983715096
37.647762122783355,75.29552424556671
86.30264989163545,172.6052997832709
97.85614007144079,195.71228014288158
72.2183014742342,144.4366029484684
13.138353371502964,26.276706743005928
9.324643952765864,18.64928790553173
86.99295862216799,173.98591724433598
28.14544065745833,56.29088131491666
13.021351250847102,26.042702501694205
30.179659091305776,60.35931818261155
35.972272070260466,71.94454414052093
30.5939118329137,61.1878236658274
35.45389185436812,70.90778370873625
83.24411135307399,166.48822270614798
49.53222993225067,99.06445986450134
7.105622917707278,14.211245835414555
61.03009898037129,122.06019796074258
59.34256299856106,118.68512599712211
42.461505843439596,84.92301168687919
88.05906892706523,176.11813785413045
46.22007593523111,92.44015187046222
99.5573509176766,199.1147018353532
69.5665077754293,139.1330155508586
42.415753890574926,84.83150778114985
89.7454872526928,179.4909745053856
11.383843111529558,22.767686223059115
28.530561084166383,57.061122168332766
54.90474105475591,109.80948210951182
97.36981662900558,194.73963325801117
1.6694625507359118,3.3389251014718235
78.66668829370546,157.33337658741092
24.694062465370138,49.388124930740275
67.22364393502754,134.44728787005508
22.010341743297058,44.020683486594116
10.435028132600443,20.870056265200887
52.4907369711562,104.9814739423124
61.27270865714759,122.54541731429518
7.377501749343507,14.755003498687014
5.886931167831988,11.773862335663976
87.20054169818907,174.40108339637814
31.38049935571058,62.76099871142116
46.450991396927364,92.90198279385473
33.005251794191025,66.01050358838205
7.135892721018566,14.271785442037132
77.77547207538758,155.55094415077517
72.61796091048545,145.2359218209709
89.19337579681887,178.38675159363774
9.215908650575011,18.431817301150023
37.46248514483285,74.9249702896657
7.290730753420027,14.581461506840053
78.02660841761784,156.05321683523567
69.75167880826076,139.50335761652153
1.1504101838648806,2.300820367729761
77.63667498274809,155.27334996549618
96.45409916189422,192.90819832378844
60.675322401363054,121.35064480272611
1.7739303586998045,3.547860717399609
69.75200463339083,139.50400926678165
6.400286140464906,12.800572280929812
39.55531250150359,79.11062500300719
60.45103920118336,120.90207840236673
98.40984614431821,196.81969228863642
99.91894005625254,199.83788011250508
14.228791016008058,28.457582032016116
21.271553733618532,42.543107467237064
67.74723246225457,135.49446492450915
2.0519145193069077,4.103829038613815
88.22013134304505,176.4402626860901
35.73523369652769,71.47046739305539
79.21919356827695,158.4383871365539
7.854264234191755,15.70852846838351
91.22374386702326,182.44748773404652
80.56335627106392,161.12671254212785
51.220652842442284,102.44130568488457
28.867450222576775,57.73490044515355
99.24142200176291,198.48284400352583
36.375922190955734,72.75184438191147
64.90939205357562,129.81878410715123
92.87230603614144,185.74461207228288
1.1274497737971179,2.2548995475942357
64.7250716708958,129.4501433417916
49.41989803325644,98.83979606651287
21.905733018327545,43.81146603665509
0.28753861400127034,0.5750772280025407
2.8158271524134193,5.631654304826839
65.00253437946355,130.0050687589271
65.77161810926542,131.54323621853084
56.01044912978852,112.02089825957704
77.73394850051785,155.4678970010357
5.4383962578049445,10.876792515609889
69.144568687898,138.289137375796
54.008669334992184,108.01733866998437
62.23585448835907,124.47170897671813
82.33830050321299,164.67660100642598
54.92875886846189,109.85751773692378
10.524942947898474,21.049885895796947
84.11763366078323,168.23526732156645
24.946593152118158,49.893186304236316
27.846550651826828,55.693101303653656
42.95690111575363,85.91380223150726
94.15418301387157,188.30836602774315
22.661993654465263,45.323987308930526
10.971301365379936,21.942602730759873
42.20649757508366,84.41299515016732
32.87379948048588,65.74759896097176
31.53343611337934,63.06687222675868
94.81027997717827,189.62055995435654
8.061825799752443,16.123651599504885
5.135928951504686,10.271857903009373
12.565228386870796,25.130456773741592
5.545645928643605,11.09129185728721
81.25580533116057,162.51161066232115
11.858505864046986,23.717011728093972
31.126850144961494,62.25370028992299
90.79764016162379,181.59528032324758
13.935699588098549,27.871399176197098
89.15686973513345,178.3137394702669
34.03891766238202,68.07783532476404
57.491003427465934,114.98200685493187
42.25840914750304,84.51681829500608
20.855104105833778,41.710208211667556
63.99931034390306,127.99862068780612
52.08361790188361,104.16723580376723
98.2089363989849,196.4178727979698
57.012264909971265,114.02452981994253
41.1347320901986,82.2694641803972
54.161424248166036,108.32284849633207
58.68543125423255,117.3708625084651
25.92441858085114,51.84883716170228
17.05094567526444,34.10189135052888
36.381651255721835,72.76330251144367
53.68805726014627,107.37611452029255
94.49167865224219,188.98335730448437
28.879251791206627,57.758503582413255
71.47675083998604,142.95350167997208
98.14184087167628,196.28368174335256
6.56816466011052,13.13632932022104
9.040578160070723,18.081156320141446
38.61732545325564,77.23465090651128
15.704826867794852,31.409653735589703
44.87593382931101,89.75186765862202
81.44327233287815,162.8865446657563
86.49414650723313,172.98829301446625
76.09127764739982,152.18255529479964
62.95012230115821,125.90024460231642
66.95353858091045,133.9070771618209
71.10981760198044,142.21963520396088
49.094938749550735,98.18987749910147
2.8241075425348483,5.648215085069697
17.2127842853941,34.4255685707882
4.428147053614461,8.856294107228923
50.45801488116531,100.91602976233062
8.872414451883193,17.744828903766386
61.79428234568154,123.58856469136308
57.48025235122694,114.96050470245387
69.3283720892072,138.6567441784144
57.82744576895489,115.65489153790978
49.59677381386376,99.19354762772753
42.499072941278946,84.99814588255789
69.3916855460738,138.7833710921476
84.10367270599606,168.20734541199212
86.22854606725348,172.45709213450695
14.144351253910614,28.288702507821228
93.63248329842976,187.26496659685952
89.45682601121517,178.91365202243034
31.327966688633644,62.65593337726729
54.3819087316298,108.7638174632596
22.187940722186383,44.375881444372766
19.82583850485311,39.65167700970622
82.95886779914476,165.9177355982895
68.72286499776763,137.44572999553526
29.56708226904946,59.13416453809892
38.33732162099959,76.67464324199918
78.43062041896037,156.86124083792075
89.86431473898286,179.7286294779657
34.62409027876468,69.24818055752937
27.65819711233477,55.31639422466954
55.81502510076085,111.6300502015217
66.6723043038271,133.3446086076542
54.35064194439519,108.70128388879039
6.4967287675768315,12.993457535153663
68.24763239166961,136.49526478333922
52.40101701920311,104.80203403840622
22.83119976042117,45.66239952084234
48.75477782926182,97.50955565852364
12.280546426987794,24.561092853975588
19.205713217626787,38.411426435253574
82.2855958955923,164.5711917911846
11.0027861929051,22.0055723858102
27.109119921795433,54.218239843590865
7.300972648520732,14.601945297041464
49.69223869144024,99.38447738288048
17.736719862091743,35.473439724183486
72.29057897291395,144.5811579458279
20.763842638114827,41.527685276229654
31.640674509450584,63.28134901890117
62.801530416659034,125.60306083331807
51.74893389017552,103.49786778035104
92.71591155094629,185.43182310189258
16.796366066358203,33.59273213271641
34.44923521820067,68.89847043640134
6.324559998966706,12.649119997933411
99.53142587578114,199.06285175156228
30.46804098947794,60.93608197895588
2.3665738905763845,4.733147781152769
22.77521782971903,45.55043565943806
64.02629131269815,128.0525826253963
89.28224084869171,178.56448169738343
78.40164571113827,156.80329142227654
93.65587773031426,187.31175546062852
62.89071878435244,125.78143756870487
73.47486525295939,146.94973050591878
31.718776597244503,63.437553194489006
90.77739977049072,181.55479954098143
68.28037210468311,136.56074420936622
5.686943813755063,11.373887627510125
45.26148458036483,90.52296916072966
68.06674634765315,136.1334926953063
97.77951224262856,195.5590244852571
6.217140445787106,12.434280891574211
69.9247984532838,139.8495969065676
92.88465352396442,185.76930704792883
41.0716564290976,82.1433128581952
47.38966665803554,94.77933331607107
96.98170110883675,193.9634022176735
18.34395104004669,36.68790208009338
70.16830738962855,140.3366147792571
89.06162952799438,178.12325905598877
62.53319236314374,125.06638472628748
10.013764528019253,20.027529056038507
81.09534778426583,162.19069556853165
93.42830294853896,186.8566058970779
22.727952999496015,45.45590599899203
31.6229647975694,63.2459295951388
97.0790255540266,194.1580511080532
77.0543529898304,154.1087059796608
8.015655668746302,16.031311337492603
20.438543542841458,40.877087085682916
29.366031258805968,58.732062517611936
6.708417972798031,13.416835945596063
74.14331810872461,148.28663621744923
5.848099607212809,11.696199214425619
67.02395811393775,134.0479162278755
42.46599178163596,84.93198356327191
90.58776878937593,181.17553757875186
64.67542958359677,129.35085916719353
41.602312253000974,83.20462450600195
76.39823878554691,152.79647757109382
39.82828819695876,79.65657639391752
55.800163125999724,111.60032625199945
73.06684555866248,146.13369111732496
66.75603678211775,133.5120735642355
78.0870417510033,156.1740835020066
2.624593832002131,5.249187664004262
13.328731830354734,26.657463660709467
80.84977422195796,161.69954844391592
47.53936808165828,95.07873616331656
17.162885259728387,34.325770519456775
17.688912087876584,35.37782417575317
15.83446602344274,31.66893204688548
55.37901270506529,110.75802541013059
61.872677446814386,123.74535489362877
41.75153821518871,83.50307643037742
90.93957075917346,181.87914151834693
10.724436994925856,21.448873989851712
29.54601608308223,59.09203216616446
34.39092891870863,68.78185783741726
29.51330183609251,59.02660367218502
95.60038363220265,191.2007672644053
21.219743802907985,42.43948760581597
36.74325646796529,73.48651293593058
21.191139230760204,42.38227846152041
10.750626185533307,21.501252371066613
44.03427596542184,88.06855193084368
3.2084941845361703,6.416988369072341
28.618224940270753,57.23644988054151
59.79800265839468,119.59600531678936
13.751345717213647,27.502691434427295
59.66746543700102,119.33493087400204
16.151890837364824,32.30378167472965
20.89650650011293,41.79301300022586
14.484764254246263,28.969528508492527
41.930496976950934,83.86099395390187
30.77676289433403,61.55352578866806
71.15126865200499,142.30253730400997
63.65840165106399,127.31680330212798
33.56507366645288,67.13014733290576
75.59528503496439,151.19057006992878
29.770954088015667,59.541908176031335
35.44413048809491,70.88826097618983
33.1074660082262,66.2149320164524
0.9297129922734126,1.8594259845468253
71.58256024527046,143.16512049054091
23.374026720951314,46.74805344190263
47.328350586135215,94.65670117227043
85.80030956428084,171.60061912856168
18.926149848788054,37.85229969757611
25.016399375623454,50.03279875124691
90.96631690992521,181.93263381985042
10.153299692625062,20.306599385250124
0.7080333866591904,1.4160667733183807
7.979841477999194,15.959682955998389
41.86115352098375,83.7223070419675
48.70818117127812,97.41636234255624
97.79328231356575,195.5865646271315
27.709768139699285,55.41953627939857
74.48751967317855,148.9750393463571
82.78802712545982,165.57605425091964
72.39233649730332,144.78467299460664
94.27132299388705,188.5426459877741
95.74394542682381,191.48789085364763
5.858998624503197,11.717997249006395
5.788535119053351,11.577070238106701
30.603959128400614,61.20791825680123
98.4828163008573,196.9656326017146
69.97945846345903,139.95891692691805
28.54065392647143,57.08130785294286
42.770975052470796,85.54195010494159
19.355937889723563,38.711875779447126
41.50512729740119,83.01025459480238
91.77116589045096,183.54233178090192
57.28112371865423,114.56224743730846
56.22721632446323,112.45443264892646
17.678278457905417,35.356556915810835
39.70551198860559,79.41102397721119
62.02053933498453,124.04107866996905
83.96078258243563,167.92156516487125
87.38665491117324,174.77330982234648
23.147269200313968,46.294538400627935
25.94106641514726,51.88213283029452
4.9390531571125385,9.878106314225077
11.163878403367377,22.327756806734754
61.70431953051169,123.40863906102338
45.66159072676139,91.32318145352278
96.10481201626104,192.20962403252207
42.865852841554045,85.73170568310809
27.028917046856904,54.05783409371381
25.573580529471883,51.147161058943766
38.963567313421976,77.92713462684395
47.77816401844199,95.55632803688398
84.29651616494921,168.59303232989842
59.55076882600581,119.10153765201161
16.70988051240667,33.41976102481334
21.21477667347279,42.42955334694558
29.297319260622988,58.594638521245976
31.35341559164927,62.70683118329854
69.38980698146415,138.7796139629283
28.443418135966414,56.88683627193283
2.833434173595528,5.666868347191056
87.112664664108,174.225329328216
3.903996001084842,7.807992002169684
56.163649493797266,112.32729898759453
37.28266848236898,74.56533696473797
57.236794032942385,114.47358806588477
74.79383684195757,149.58767368391514
70.75353041938183,141.50706083876366
40.064079671376675,80.12815934275335
86.36007526134244,172.7201505226849
94.95944508929574,189.91889017859148
40.32336433156858,80.64672866313715
30.17453744202907,60.34907488405814
64.68331043072799,129.36662086145597
96.37759949348083,192.75519898696166
25.228041973754124,50.45608394750825
58.62072837356121,117.24145674712241
47.113350999283895,94.22670199856779
71.29433697154633,142.58867394309266
77.09056884554143,154.18113769108285
82.53352620952275,165.0670524190455
74.39943291892862,148.79886583785725
37.589841161844795,75.17968232368959
63.55304666595285,127.1060933319057
31.03620538584536,62.07241077169072
17.801735195088163,35.60347039017633
51.26065985891295,102.5213197178259
44.19229739285635,88.3845947857127
8.273050442694585,16.54610088538917
1.2847502257105958,2.5695004514211917
96.674929214701,193.349858429402
84.51645481646165,169.0329096329233
99.93613623548858,199.87227247097715
81.68438157694345,163.3687631538869
44.709757758955185,89.41951551791037
56.74172195403258,113.48344390806515
36.25129214932189,72.50258429864378
5.995843500737208,11.991687001474416
60.689268121508434,121.37853624301687
70.8419883758768,141.6839767517536
51.048852894087574,102.09770578817515
25.141198291570323,50.282396583140645
25.304528650728297,50.609057301456595
83.27870370101907,166.55740740203814
25.30653433156431,50.61306866312862
10.53445607150676,21.06891214301352
84.62440996225389,169.24881992450779
94.73185026798518,189.46370053597036
60.749854499989276,121.49970899997855
72.24805544788401,144.49611089576803
13.778061781216044,27.556123562432088
22.643677774903036,45.28735554980607
21.70908530314495,43.4181706062899
85.03489243787118,170.06978487574236
85.18035434531728,170.36070869063457
83.49438025406918,166.98876050813837
37.384471683709144,74.76894336741829
22.93398320679212,45.86796641358424
67.05615108065317,134.11230216130633
23.238422725791054,46.47684545158211
5.379871870187114,10.759743740374228
86.23834046643861,172.47668093287723
84.8116347789054,169.6232695578108
85.18083681516303,170.36167363032607
70.23932426851138,140.47864853702276
7.928884218480081,15.857768436960162
16.666783429938604,33.33356685987721
4.586481777749707,9.172963555499415
97.5894901332877,195.1789802665754
58.571665816602206,117.14333163320441
76.7872253869822,153.5744507739644
89.7830154412067,179.5660308824134
43.49364451045133,86.98728902090267
53.03743365321495,106.0748673064299
19.73394693584475,39.4678938716895
3.68569754684569,7.37139509369138
44.417117616627046,88.83423523325409
71.79309627080353,143.58619254160706
48.31058487841568,96.62116975683136
88.18790380848873,176.37580761697745
19.12259513999375,38.2451902799875
35.87290721206179,71.74581442412358
75.47159979689981,150.94319959379962
91.14895996441379,182.29791992882758
22.171748291376815,44.34349658275363
64.30555358002455,128.6111071600491
21.863006199365785,43.72601239873157
16.187106786687067,32.374213573374135
93.07932715697096,186.15865431394192
32.028309190483995,64.05661838096799
43.37447779271465,86.7489555854293
9.642367202432157,19.284734404864313
51.67354445174232,103.34708890348465
41.656813965118886,83.31362793023777
0.7269619128647875,1.453923825729575
76.21948906340454,152.43897812680908
89.23919238289545,178.4783847657909
13.514564409110008,27.029128818220016
35.916636492688426,71.83327298537685
56.66250402885026,113.32500805770051
7.286653765094275,14.57330753018855
31.033215016013948,62.066430032027895
9.889531824731257,19.779063649462515
0.8599000360479003,1.7198000720958007
73.47548515314466,146.95097030628932
47.77966655725431,95.55933311450862
13.537153220210541,27.074306440421083
80.32033488999515,160.6406697799903
85.67251520156071,171.34503040312143
66.78250441031138,133.56500882062275
79.01366508392893,158.02733016785785
11.141200019089093,22.282400038178185
28.786139398321865,57.57227879664373
91.4798140277038,182.9596280554076
30.691953625615852,61.383907251231705
63.713265763791796,127.42653152758359
80.45324383674517,160.90648767349035
29.409044663981433,58.818089327962866
54.84394955722362,109.68789911444723
36.32803235117517,72.65606470235033
41.69523350624096,83.39046701248192
41.29939748231352,82.59879496462705
15.537498428744712,31.074996857489424
15.825763465510324,31.651526931020648
56.82718528585099,113.65437057170197
40.60357286684428,81.20714573368856
57.7748311733973,115.5496623467946
48.88179666817651,97.76359333635303
20.020638206095608,40.041276412191216
87.79379168209145,175.5875833641829
1.5771268919891557,3.1542537839783114
9.983649771998603,19.967299543997207
37.577544166010625,75.15508833202125
42.17909694836147,84.35819389672294
6.615328666524611,13.230657333049223
89.21171343283456,178.42342686566911
70.37798623914547,140.75597247829094
4.961221557473072,9.922443114946145
18.569516393746945,37.13903278749389
61.320234397591456,122.64046879518291
89.06525107685901,178.13050215371803
79.1811396249018,158.3622792498036
97.27084652847388,194.54169305694776
89.01167658406446,178.02335316812892
73.75858739807893,147.51717479615786
56.83357322383207,113.66714644766414
82.92290180403685,165.8458036080737
20.135990657472604,40.27198131494521
71.9026479768059,143.8052959536118
75.52049904714643,151.04099809429286
78.95023652392882,157.90047304785764
91.07912351591015,182.1582470318203
4.478977125861938,8.957954251723876
73.42217411136623,146.84434822273246
27.62827488034929,55.25654976069858
63.98755967008336,127.97511934016671
71.52951170941692,143.05902341883385
82.79043831359657,165.58087662719313
72.42130541464878,144.84261082929757
26.05155174088195,52.1031034817639
95.27444518679184,190.54889037358367
50.78875150290333,101.57750300580666
11.155832032048929,22.311664064097858
98.29689569107556,196.59379138215112
61.554737387064705,123.10947477412941
5.095180464391635,10.19036092878327
51.50857485033,103.01714970066
48.224860303409066,96.44972060681813
55.88690284644807,111.77380569289615
12.49025316484208,24.98050632968416
27.17935251617385,54.3587050323477
51.10006666424258,102.20013332848517
94.74373598206046,189.4874719641209
21.990239854885807,43.980479709771615
60.10951599729768,120.21903199459535
53.88528891020302,107.77057782040605
94.24625999111983,188.49251998223966
33.3360692927018,66.6721385854036
44.1016868488384,88.2033736976768
76.3244666037233,152.6489332074466
50.69431077906865,101.3886215581373
76.29805531479154,152.59611062958308
18.114883616890122,36.229767233780244
39.2580865767705,78.516173153541
80.03268027799963,160.06536055599926
54.694905733829145,109.38981146765829
11.637360692166643,23.274721384333287
42.97560352951437,85.95120705902875
58.17739678900398,116.35479357800796
37.74124853945572,75.48249707891144
87.21392032011099,174.42784064022197
42.85489352441898,85.70978704883797
92.74626599812409,185.49253199624818
85.38268310613182,170.76536621226364
46.837399284840664,93.67479856968133
9.354719265890399,18.709438531780798
64.44802493995118,128.89604987990236
91.85742346836648,183.71484693673295
60.20990015821801,120.41980031643602
76.3352920762663,152.6705841525326
14.705587236099426,29.41117447219885
48.66216346686196,97.32432693372392
74.10366177212344,148.2073235442469
15.332049812232407,30.664099624464814
41.046941865657985,82.09388373131597
42.182866735683376,84.36573347136675
59.93007915544266,119.86015831088532
13.968040506919666,27.93608101383933
42.79610489840729,85.59220979681459
15.036161337486377,30.072322674972753
5.360216302806764,10.720432605613528
27.199380489154677,54.398760978309355
10.931769160927352,21.863538321854705
97.88924179809865,195.7784835961973
40.48535016183619,80.97070032367238
22.56065483069658,45.12130966139316
69.45661253759727,138.91322507519453
1.9978918323173,3.9957836646346
80.78383070231887,161.56766140463773
0.48728156684610946,0.9745631336922189
82.95309715878568,165.90619431757136
9.662170214569887,19.324340429139774
89.46727495305281,178.93454990610562
53.281036876724855,106.56207375344971
79.36120645558138,158.72241291116276
54.991871748065094,109.98374349613019
2.580197111830518,5.160394223661036
94.11989999918933,188.23979999837866
87.12962088783928,174.25924177567856
90.1414024109178,180.2828048218356
5.571669287363468,11.143338574726936
24.026839772595523,48.053679545191045
41.26625030146644,82.53250060293288
9.217735758050393,18.435471516100787
40.52945540498939,81.05891080997878
36.38448470713909,72.76896941427817
34.91777495710215,69.8355499142043
80.67647302787489,161.35294605574978
55.89019339924954,111.78038679849908
52.25889528719587,104.51779057439174
19.781787575412125,39.56357515082425
46.60455209176282,93.20910418352564
87.99400203070562,175.98800406141123
28.392275296215395,56.78455059243079
71.4579416989879,142.9158833979758
19.898577497568184,39.79715499513637
94.15495487100355,188.3099097420071
57.49659089468647,114.99318178937294
97.3207503718085,194.641500743617
78.5331325332805,157.066265066561
74.61900344409949,149.23800688819898
62.77931875811093,125.55863751622186
71.43347982708674,142.86695965417348
21.293477669651082,42.586955339302165
25.792422605732458,51.584845211464916
7.494685764433728,14.989371528867457
52.64948684030409,105.29897368060819
78.62717193471916,157.25434386943832
8.027126636531555,16.05425327306311
89.39065419877338,178.78130839754675
33.60659756724906,67.21319513449812
53.830875059163304,107.66175011832661
62.77496295794731,125.54992591589462
33.52814345905853,67.05628691811707
21.79583683087316,43.59167366174632
28.7685178797631,57.5370357595262
86.63184726029756,173.26369452059512
81.9933957502433,163.9867915004866
89.23464382025998,178.46928764051995
68.12370187822255,136.2474037564451
40.36307662262819,80.72615324525638
23.46085766387841,46.92171532775682
63.08642436837732,126.17284873675464
44.153085956838545,88.30617191367709
63.36361045865376,126.72722091730752
85.49599395982837,170.99198791965674
60.544063186557885,121.08812637311577
90.74529846990488,181.49059693980976
73.24422919401718,146.48845838803436
42.2611713998881,84.5223427997762
20.128921259163434,40.25784251832687
22.672737156902155,45.34547431380431
57.16623299366799,114.33246598733598
46.75507034231501,93.51014068463002
20.28795724604159,40.57591449208318
72.37943922200549,144.75887844401097
54.97997664756657,109.95995329513315
31.223734032595207,62.447468065190414
44.27064172703308,88.54128345406616
33.96076277377597,67.92152554755194
22.45298212693456,44.90596425386912
56.0264405991941,112.0528811983882
13.743546813765928,27.487093627531856
81.75463451222724,163.50926902445448
97.65659794194696,195.3131958838939
60.91161348427951,121.82322696855903
37.242590102417736,74.48518020483547
83.64309111683819,167.28618223367639
22.85110746686142,45.70221493372284
76.69089705891022,153.38179411782045
75.93822560506553,151.87645121013105
19.89048425950649,39.78096851901298
85.31078847533253,170.62157695066506
76.07742249779601,152.15484499559201
37.864187667065465,75.72837533413093
23.391736068520817,46.783472137041635
87.81958600342612,175.63917200685225
50.29468576364559,100.58937152729118
24.173069791102343,48.346139582204685
97.13812122305885,194.2762424461177
22.05244216827733,44.10488433655466
67.34389310169513,134.68778620339026
78.9073807424985,157.814761484997
74.86611604405894,149.73223208811788
75.2458592036996,150.4917184073992
25.142104758429372,50.284209516858745
64.02225581590812,128.04451163181625
72.97295240665768,145.94590481331537
69.67236884311217,139.34473768622433
96.79482550285641,193.58965100571282
28.55043393204767,57.10086786409534
9.413707364043955,18.82741472808791
56.293619428119115,112.58723885623823
42.578341515658266,85.15668303131653
22.61799317271369,45.23598634542738
23.577351016348068,47.154702032696136
74.87651511777848,149.75303023555696
34.596350674780595,69.19270134956119
32.09927167476532,64.19854334953064
33.620023050046875,67.24004610009375
77.0396642252804,154.0793284505608
55.31243053674959,110.62486107349918
2.585717776838803,5.171435553677606
82.33656424645916,164.67312849291832
72.47659364846423,144.95318729692846
86.5071511521427,173.0143023042854
4.017300366503818,8.034600733007636
26.76002484194564,53.52004968389128
5.396698936024702,10.793397872049404
45.73051596262491,91.46103192524981
29.51535654296019,59.03071308592038
85.1036122680826,170.2072245361652
71.35315155280139,142.70630310560279
96.29220847644315,192.5844169528863
65.31661636020206,130.63323272040412
82.49668360073865,164.9933672014773
12.224508479112284,24.44901695822457
85.08809916153717,170.17619832307435
18.94810263060449,37.89620526120898
90.58515948345674,181.17031896691347
84.71642057744776,169.43284115489553
87.06978521786684,174.13957043573367
12.700862672515322,25.401725345030645
10.645064015903804,21.29012803180761
69.27932611112547,138.55865222225094
82.20645025031995,164.4129005006399
69.7173495756019,139.4346991512038
70.30446619289509,140.60893238579018
88.56469809198471,177.12939618396942
81.93345151500121,163.86690303000242
54.613240444574394,109.22648088914879
96.13002257541949,192.26004515083898
78.54961450980747,157.09922901961494
67.6255918738147,135.2511837476294
42.41243906677331,84.82487813354662
95.37043677074443,190.74087354148887
16.54309701844895,33.0861940368979
47.053154585110576,94.10630917022115
3.0373386278708003,6.074677255741601
3.960911602269135,7.92182320453827
65.37862797748375,130.7572559549675
45.67614155573841,91.35228311147682
20.607984316496797,41.215968632993594
34.89344970949735,69.7868994189947
13.32682475791157,26.65364951582314
48.83972658335058,97.67945316670117
33.51573479436142,67.03146958872284
17.616556171882213,35.233112343764425
29.713652454849427,59.427304909698854
29.531162450670234,59.06232490134047
99.83499753655765,199.6699950731153
27.14894419853978,54.29788839707956
13.20503814366617,26.41007628733234
78.76806572920462,157.53613145840924
7.132840900210269,14.265681800420538
83.86579443008357,167.73158886016714
50.18805590293552,100.37611180587103
73.91581190272292,147.83162380544584
41.482268034142,82.964536068284
67.65937194993722,135.31874389987445
39.7980343574327,79.5960687148654
95.40470606341162,190.80941212682325
50.81091587297946,101.62183174595891
82.59658439588209,165.19316879176418
47.128511211839374,94.25702242367875
32.31483215633239,64.62966431266479
97.04447680563801,194.08895361127603
0.6792833659894248,1.3585667319788497
55.12033937856358,110.24067875712716
31.598442390539304,63.19688478107861
64.9940338514421,129.9880677028842
3.4713027009141695,6.942605401828339
81.25775266630467,162.51550533260934
42.169886878353566,84.33977375670713
81.15156764515882,162.30313529031764
92.60797752056745,185.2159550411349
85.67595287796746,171.35190575593492
19.183924341956615,38.36784868391323
32.446760343827165,64.89352068765433
96.53275413264872,193.06550826529744
85.9887749905025,171.977549981005
80.33180418492122,160.66360836984245
8.427477537301941,16.854955074603883
42.6131165675623,85.2262331351246
31.609203250061878,63.218406500123756
15.886995892417099,31.773991784834198
92.59920410216648,185.19840820433296
22.472810186832927,44.945620373665854
90.80929120122126,181.6185824024425
53.357495387096144,106.71499077419229
1.198558303999786,2.397116607999572
42.0619309876508,84.1238619753016
85.52815119382119,171.05630238764238
11.542324443202068,23.084648886404135
64.31435566087302,128.62871132174604
84.39549013839543,168.79098027679086
38.33227285322206,76.66454570644412
99.60009291310932,199.20018582621864
19.142192185390538,38.284384370781076
81.13176329147788,162.26352658295576
59.26468227648709,118.52936455297419
72.4415524991588,144.8831049983176
51.73560160888061,103.47120321776121
62.96356789278591,125.92713578557182
36.341300531199096,72.68260106239819
24.377611895070082,48.755223790140164
41.277149912365296,82.55429982473059
72.33475495219466,144.66950990438932
24.0460386213986,48.0920772427972
62.01864847882705,124.0372969576541
86.80485948499928,173.60971896999857
48.08137246262213,96.16274492524425
1.1914277264245543,2.3828554528491086
33.04552183161251,66.09104366322502
24.515814091154297,49.031628182308594
59.666706979981356,119.33341395996271
59.721589863273685,119.44317972654737
22.948279814766337,45.896559629532675
73.0340746976894,146.0681493953788
23.061692662963175,46.12338532592635
43.31426761737334,86.62853523474668
42.00899325960389,84.01798651920778
18.33363518315847,36.66727036631694
76.13952750578787,152.27905501157574
28.56681755864977,57.13363511729954
87.82721497378752,175.65442994757504
0.22891098990974745,0.4578219798194949
87.26109390557328,174.52218781114655
51.29272124018096,102.58544248036192
58.20453136887297,116.40906273774594
14.83178136395944,29.66356272791888
75.96379971787518,151.92759943575035
99.92019233787302,199.84038467574604
56.82736265424452,113.65472530848903
89.6762264539702,179.3524529079404
35.96718553141607,71.93437106283214
10.804409568567774,21.608819137135548
21.807653115357507,43.615306230715014
80.13074578454061,160.26149156908122
98.40930819599538,196.81861639199076
60.11061811225852,120.22123622451704
8.667237716836485,17.33447543367297
59.277131030392496,118.55426206078499
36.68872110430994,73.37744220861988
82.03519349189197,164.07038698378395
55.730856563455525,111.46171312691105
71.03746263177767,142.07492526355534
83.21897722292024,166.4379544458405
22.240158787379073,44.480317574758146
4.028255170669226,8.056510341338452
97.52800410173325,195.0560082034665
6.438929984708741,12.877859969417482
54.946705908952595,109.89341181790519
57.77019612064967,115.54039224129934
0.6480995366993092,1.2961990733986184
64.6733647835665,129.346729567133
44.49385780291632,88.98771560583263
51.27983534850573,102.55967069701146
4.472047598225338,8.944095196450675
82.76817560320885,165.5363512064177
61.08666406352295,122.1733281270459
39.000687663443856,78.00137532688771
27.45878087154795,54.9175617430959
19.82960234867227,39.65920469734454
73.6133265393315,147.226653078663
18.588291126242773,37.176582252485545
39.21858295072399,78.43716590144798
89.55965411885364,179.1193082377073
60.48087344940247,120.96174689880495
96.60750587121771,193.21501174243542
46.581695176627804,93.16339035325561
90.53168513092345,181.0633702618469
57.368352577541245,114.73670515508249
45.26175522077259,90.52351044154518
97.17860353064192,194.35720706128384
45.48886197933605,90.9777239586721
32.938845765884764,65.87769153176953
52.91856056255553,105.83712112511105
10.414629642513018,20.829259285026037
4.140080492095766,8.280160984191532
68.13703718815648,136.27407437631297
95.6756974200022,191.3513948400044
84.05520137796006,168.11040275592012
21.244109081567032,42.488218163134064
96.5118174809303,193.0236349618606
68.2563175795219,136.5126351590438
15.282278590712572,30.564557181425144
84.77448512503175,169.5489702500635
46.53586802524262,93.07173605048524
41.31973724878042,82.63947449756084
38.76647637621981,77.53295275243963
48.36782046819298,96.73564093638596
71.52035347819928,143.04070695639857
60.42099614234918,120.84199228469836
66.84125202255487,133.68250404510974
79.60181082257411,159.20362164514822
87.10250632888341,174.20501265776682
6.272993697717222,12.545987395434445
99.34470561012738,198.68941122025475
48.53470100273518,97.06940200547037
32.59013532614625,65.1802706522925
95.16159256458675,190.3231851291735
79.66631887409422,159.33263774818843
81.20083679455145,162.4016735891029
78.34237511695555,156.6847502339111
60.65825448770236,121.31650897540472
42.211836280943,84.423672561886
33.397776948416556,66.79555389683311
68.73188558562683,137.46377117125365
40.83641970937211,81.67283941874422
65.22754422790715,130.4550884558143
90.86264552368158,181.72529104736316
22.971430556559913,45.942861113119825
64.58987340166577,129.17974680333154
4.534594908134637,9.069189816269274
25.909822586770147,51.819645173540295
52.33476623093713,104.66953246187425
39.369460152027045,78.73892030405409
81.28345081141103,162.56690162282206
52.63392635170274,105.26785270340548
11.677546149172379,23.355092298344758
90.0292595104179,180.0585190208358
57.80191434968731,115.60382869937462
86.37794241092027,172.75588482184054
62.40829248877756,124.81658497755512
80.71986425764537,161.43972851529074
26.285662922456744,52.57132584491349
30.02732219629167,60.05464439258334
57.18136934370912,114.36273868741824
65.3508960969478,130.7017921938956
79.46095424115018,158.92190848230035
45.20443719887174,90.40887439774347
51.427535440434724,102.85507088086945
81.57357130773859,163.14714261547718
90.08885545162877,180.17771090325755
37.28682622709783,74.57365245419567
94.91968075632606,189.83936151265212
37.6094166588725,75.218833317745
44.95161743676547,89.90323487353093
93.78323840324944,187.56647680649888
21.347397971319314,42.69479594263863
43.75088573624264,87.50177147248527
0.8180348196486276,1.6360696392972551
85.33383676389725,170.6676735277945
45.384421791219474,90.76884358243895
43.1131026603999,86.2262053207998
75.21337177988075,150.4267435597615
31.818601489626374,63.63720297925275
20.567929973100707,41.135859946201414
57.51517833504989,115.03035667009978
77.67046438407596,155.3409287681519
6.311156531044338,12.622313062088676
27.43609601040564,54.87219202081128
87.33658225693729,174.67316451387458
75.40263254299768,150.80526508599536
95.7597786410735,191.519557282147
82.51051848118834,165.02103696237668
4.026896070232944,8.053792140465887
23.550190125701942,47.100380251403884
88.99112323520761,177.98224647041522
70.7942516791464,141.5885033582928
32.78759931954928,65.57519863909856
28.01936909054025,56.0387381810805
93.7154334515077,187.4308669030154
62.41583214732142,124.83166429464283
1.900529893079883,3.801059786159766
75.37167537090876,150.74335074181752
24.57615543248305,49.1523108649661
60.325253135521216,120.65050627104243
95.73445821313845,191.4689164262769
78.90028289992618,157.80056579985236
2.4684349392505966,4.936869878501193
3.532626631330882,7.065253262661764
36.86861664844698,73.73723329689396
24.979099735803047,49.95819947160609
13.673922872484479,27.347845744968957
44.632026296246664,89.26405259249333
4.081462757342402,8.162925514684805
2.4320968141359867,4.864193628271973
51.2163786055806,102.4327572111612
92.65265642885879,185.30531285771758
63.981403528064675,127.96280705612935
43.37776861846949,86.75553723693898
47.69447619590848,95.38895239181696
93.08247369706667,186.16494739413335
34.71143215353344,69.42286430706687
18.10772633704706,36.21545267409412
46.98776433824642,93.97552867649284
27.250381853983008,54.500763707966016
80.57804941528894,161.1560988305779
12.671999180436178,25.343998360872355
9.420617671150389,18.841235342300777
32.15817217620269,64.31634435240538
16.26949062443146,32.53898124886292
29.941456733559647,59.882913467119295
76.12776139425131,152.25552278850262
51.621548020435704,103.24309604087141
93.38884079811514,186.77768159623028
46.32662014959086,92.65324029918172
64.35032647850429,128.70065295700857
35.803522362300974,71.60704472460195
21.380330277855254,42.76066055571051
73.58195916465452,147.16391832930904
16.169756005817003,32.33951201163401
58.012481890287226,116.02496378057445
13.409457626910982,26.818915253821963
37.202345867724574,74.40469173544915
33.260175271629564,66.52035054325913
87.41700662225723,174.83401324451447
73.24677992477024,146.49355984954047
19.562127616684055,39.12425523336811
48.55722845542757,97.11445691085514
79.73721780407068,159.47443560814136
35.846223280985654,71.69244656197131
13.440878461557016,26.881756923114033
54.01912634502178,108.03825269004356
34.42522364720748,68.85044729441496
99.07441975350659,198.14883950701318
19.347893001730178,38.695786003460356
65.81151561454504,131.6230312290901
99.97657502635246,199.95315005270493
13.381655331001795,26.76331066200359
23.894789221135447,47.789578442270894
10.27655393939122,20.55310787878244
41.00110443062811,82.00220886125622
1.2544376760550202,2.5088753521100404
76.08709523856368,152.17419047712735
80.98573855842156,161.97147711684312
77.0253421112653,154.0506842225306
95.26228983179388,190.52457966358776
53.351382671269576,106.70276534253915
1.6028098259326495,3.205619651865299
22.632686623566777,45.26537324713355
29.50735419324626,59.01470838649252
61.05265218180948,122.10530436361896
28.927971976890955,57.85594395378191
66.31341119351339,132.62682238702678
48.28396802672661,96.56793605345322
37.34266785993685,74.6853357198737
39.80561247868144,79.61122495736288
51.75862739468266,103.51725478936532
74.86616266221814,149.7323253244363
90.6484950528185,181.296990105637
94.44048084397618,188.88096168795235
30.09949993232238,60.19899986464476
60.13048895436391,120.26097790872782
28.012289402209657,56.02457880441931
50.18680645261795,100.3736129052359
10.64718740582775,21.2943748116555
93.61895715623699,187.23791431247398
92.0612743572013,184.1225487144026
73.13285304853468,146.26570609706937
34.55771266410752,69.11542532821504
92.73201369327796,185.46402738655593
67.9354643522834,135.8709287045668
60.9634320506765,121.926864101353
2.1538103147894616,4.307620629578923
81.1978123505526,162.3956247011052
11.777298965057327,23.554597930114653
52.685680619852604,105.37136123970521
98.3613848242658,196.7227696485316
63.88427964476848,127.76855928953697
44.01589012391093,88.03178024782186
35.41264065872176,70.82528131744353
13.205482456504292,26.410964913008584
38.64094386824711,77.28188773649423
2.679913631935027,5.359827263870054
80.948201928863,161.896403857726
59.268593584280495,118.53718716856099
1.719150191737906,3.438300383475812
99.11559303939299,198.23118607878598
4.414796677683819,8.829593355367638
83.32121696073781,166.64243392147563
55.06719171392371,110.13438342784742
93.94930839241779,187.89861678483558
49.37720033702796,98.75440067405592
97.39919465194944,194.7983893038989
67.13787478791767,134.27574957583533
48.5149645471983,97.0299290943966
89.278562465279,178.557124930558
95.686781940104,191.373563880208
40.77396479402806,81.54792958805612
49.13928636927266,98.27857273854532
14.793797560861588,29.587595121723176
2.6029642616685944,5.205928523337189
51.19069179149501,102.38138358299003
82.32373873651426,164.64747747302852
60.604241977538074,121.20848395507615
51.16169222098358,102.32338444196716
20.457846071545628,40.915692143091256
95.09317416312062,190.18634832624124
99.50818593345356,199.01637186690712
59.8487405807566,119.6974811615132
60.93122619459951,121.86245238919902
21.156397681195738,42.312795362391476
80.10736143161658,160.21472286323316
46.92751231662653,93.85502463325307
32.04457843948102,64.08915687896204
16.11801191412444,32.23602382824888
61.52052099411499,123.04104198822998
3.81863893434109,7.63727786868218
87.72835165958323,175.45670331916645
8.753148869472206,17.50629773894441
15.929091084769398,31.858182169538797
45.35263780390378,90.70527560780756
90.64208519564629,181.28417039129258
48.68424544554967,97.36849089109934
86.33588194968436,172.67176389936873
21.427856861480908,42.855713722961816
0.2139298611841478,0.4278597223682956
9.910815856097155,19.82163171219431
85.75330542705937,171.50661085411875
38.933412582007996,77.86682516401599
21.26005761016012,42.52011522032024
55.895511287832136,111.79102257566427
94.66050137180494,189.32100274360988
95.37202270008035,190.7440454001607
95.79369304255232,191.58738608510464
74.90239726354756,149.8047945270951
40.279364967588116,80.55872993517623
25.846747423672646,51.69349484734529
4.025714323141649,8.051428646283298
89.81535905080386,179.63071810160773
90.20280499115967,180.40560998231933
28.15277097040081,56.30554194080162
57.615975579008136,115.23195115801627
81.96375286360407,163.92750572720814
42.21195673747875,84.4239134749575
51.869520682369455,103.73904136473891
5.483816583763213,10.967633167526426
47.06139076330441,94.12278152660882
23.515945103379778,47.031890206759556
11.329587323209667,22.659174646419334
7.1317671123298565,14.263534224659713
68.18654872998377,136.37309745996754
91.9089320855466,183.8178641710932
74.20859235373179,148.41718470746358
76.9241471151263,153.8482942302526
42.91079876128472,85.82159752256943
5.340270790417801,10.680541580835602
61.49906067902747,122.99812135805495
29.40726212966017,58.81452425932034
32.202530998110966,64.40506199622193
20.787915530584034,41.57583106116807
49.33894356629271,98.67788713258543
42.432114927625456,84.86422985525091
38.87900425938757,77.75800851877514
15.971991065597313,31.943982131194627
64.16471969764865,128.3294393952973
47.45106009680191,94.90212019360382
23.693301332712156,47.38660266542431
78.99508439189576,157.99016878379152
5.681192359813359,11.362384719626718
62.64138677600853,125.28277355201706
51.334347930794124,102.66869586158825
31.752522413845018,63.505044827690035
11.533041575752579,23.066083151505158
79.35937136738846,158.71874273477692
83.19715038544412,166.39430077088824
67.42004395138035,134.8400879027607
67.11641158933716,134.23282317867432
12.05572297791181,24.11144595582362
98.5783588241647,197.1567176483294
15.98996827951451,31.97993655902902
66.87079018739287,133.74158037478574
96.97203056589981,193.94406113179963
99.11383591658573,198.22767183317146
50.79401266403584,101.58802532807168
27.693640152843923,55.387280305687845
12.44244221710824,24.88488443421648
68.24134044963127,136.48268089926253
37.177890681294535,74.35578136258907
45.12264146256949,90.24528292513898
39.99515325667829,79.99030651335659
58.23845704545262,116.47691409090524
28.144888375078082,56.289776750156165
20.222112683345163,40.444225366690326
48.30384050945794,96.60768101891588
90.85962336793095,181.7192467358619
42.74900896303107,85.49801792606215
87.20956415484822,174.41912830969645
80.9357830985698,161.8715661971396
57.323284786404706,114.64656957280941
48.63515434704063,97.27030869408127
92.957137920142,185.914275840284
67.12682352966853,134.25364705933706
24.859261190458394,49.71852238091679
68.58310713104322,137.16621426208644
5.553200870796038,11.106401741592077
81.75712252516314,163.51424505032628
53.60449456399896,107.20898912799792
77.13905821809949,154.27811643619899
84.91892485975796,169.83784971951593
65.70822809062395,131.4164561812479
85.97010125029419,171.94020250058838
55.45599634602512,110.91199269205023
59.95871747520278,119.91743495040556
0.5855738618265827,1.1711477236531653
46.343336098452525,92.68667219690505
26.930000816847908,53.860001633695816
52.502236468406515,105.00447293681303
47.329994401482125,94.65998880296425
34.27200960037526,68.54401920075053
91.2454021058009,182.4908042116018
33.906716997136584,67.81343399427317
64.5966986253523,129.1933972507046
58.402397564989926,116.80479512997985
5.588083076876893,11.176166153753787
69.91404123824572,139.82808247649143
96.9183559092249,193.8367118184498
61.85755596026571,123.71511192053141
39.59950342495592,79.19900684991184
74.89980518204014,149.79961036408028
47.7326595088294,95.4653190176588
23.74570224081132,47.49140448162264
93.07702924184926,186.15405848369852
29.890590490552327,59.781180981104654
69.17160332548949,138.34320665097897
11.4679747239956,22.9359494479912
76.06106669220237,152.12213338440475
47.30765421373179,94.61530842746357
54.46360076471032,108.92720152942064
73.45626839649226,146.91253679298453
74.36100649373034,148.7220129874607
7.5560305849196485,15.112061169839297
99.83158386532529,199.66316773065057
31.638195475546972,63.276390951093944
40.59215402308956,81.18430804617913
40.275138122265616,80.55027624453123
72.84282180926428,145.68564361852856
57.79901745329129,115.59803490658258
80.15573784734073,160.31147569468146
71.87453159466138,143.74906318932275
98.1679161586443,196.3358323172886
16.26558475646712,32.53116951293424
34.51659281938767,69.03318563877534
40.634362232549535,81.26872446509907
25.064990618221394,50.12998123644279
96.9504802670021,193.9009605340042
68.99760100685329,137.99520201370657
71.03572997065702,142.07145994131403
33.38015871126439,66.76031742252879
15.641045100286977,31.282090200573954
36.76172161014003,73.52344322028006
38.13902532601182,76.27805065202364
12.821954789747213,25.643909579494427
16.705187907209883,33.410375814419766
97.29290354373033,194.58580708746067
97.20231918403475,194.4046383680695
88.99321331960813,177.98642663921626
85.81310814803535,171.6262162960707
61.07363259915235,122.1472651983047
76.66930023254307,153.33860046508613
85.34156130278356,170.68312260556712
11.74624893863372,23.49249787726744
81.77391536803091,163.54783073606183
65.6036830900301,131.2073661800602
46.13524506224134,92.27049012448268
78.18641598650461,156.37283197300923
11.11682372754238,22.23364745508476
41.267282923918025,82.53456584783605
61.01128619381161,122.02257238762321
28.463501299555173,56.927002599110345
79.42616451827044,158.85232903654088
7.122655077315443,14.245310154630886
63.11312703913885,126.2262540782777
41.709901697145945,83.41980339429189
70.73845157718934,141.47690315437868
44.91099084295321,89.82198168590642
11.236206878675292,22.472413757350584
10.46562572694909,20.93125145389818
71.10692192630135,142.2138438526027
28.995053442205688,57.990106884411375
57.83456612218018,115.66913224436036
45.26692700354544,90.53385400709088
48.486960197810504,96.97392039562101
57.52191945913694,115.04383891827388
49.09829885394057,98.19659770788114
35.358049630543945,70.71609926108789
89.86471729530861,179.72943459061722
50.48747733761035,100.9749546752207
57.00453868829819,114.00907737659638
20.13655688136825,40.2731137627365
75.24279363930059,150.48558727860117
20.808643877253008,41.617287754506016
23.529429092680175,47.05885818536035
53.56427547491024,107.12855094982048
41.28971546094532,82.57943092189063
15.039528045824191,30.079056091648383
55.12223885381585,110.2444777076317
33.97792663920263,67.95585327840526
2.039956947453936,4.079913894907872
52.84582553511732,105.69165107023464
65.36722617244489,130.73445234488977
67.05693083671345,134.1138616734269
69.28338985159405,138.5667797031881
46.01691002554826,92.03382005109653
12.671885958677754,25.343771917355507
43.550161616815785,87.10032323363157
66.55604289250624,133.11208578501248
18.73537936241255,37.4707587248251
28.53795656939039,57.07591313878078
94.0561686350528,188.1123372701056
61.92560090707209,123.85120181414418
23.842718449653077,47.685436899306154
54.14673229266997,108.29346458533993
89.63636636360572,179.27273272721143
67.15974540796297,134.31949081592595
61.19654277614226,122.39308555228452
31.14632503044468,62.29265006088936
71.65231172433022,143.30462344866044
69.23639308611523,138.47278617223046
78.87498347524259,157.74996695048517
56.01285522855049,112.02571045710098
26.943539701431863,53.887079402863726
43.53000607489776,87.06001214979553
35.73125101383929,71.46250202767858
42.94832639131301,85.89665278262602
79.64793355956455,159.2958671191291
96.41483415076696,192.82966830153393
87.85883434312146,175.71766868624292
38.00881952731749,76.01763905463498
35.3466349003775,70.693269800755
9.424378166027648,18.848756332055295
97.9311436366647,195.8622872733294
73.83321917986106,147.66643835972212
66.09126488810205,132.1825297762041
60.82445955964311,121.64891911928622
41.905691268877256,83.81138253775451
16.641787838470535,33.28357567694107
46.133913884099286,92.26782776819857
20.747320134361825,41.49464026872365
15.529459259718992,31.058918519437984
84.73529773981235,169.4705954796247
17.833877611355142,35.667755222710284
79.7848671829555,159.569734365911
59.17672092720567,118.35344185441134
39.04653427988449,78.09306855976898
20.000336762977287,40.000673525954575
95.90228220910765,191.8045644182153
47.7309637825582,95.4619275651164
84.87678370209575,169.7535674041915
14.89857145021639,29.79714290043278
1.9127056129318198,3.8254112258636397
74.76632611803822,149.53265223607644
78.09674810081589,156.19349620163177
70.44566761746192,140.89133523492384
83.15221881742133,166.30443763484266
4.45845568194515,8.9169113638903
60.54772128796746,121.09544257593492
45.20645496370235,90.4129099274047
65.63854722520887,131.27709445041774
75.28698708011373,150.57397416022746
34.213110185294404,68.42622037058881
89.05464938058049,178.10929876116097
93.86856954895634,187.7371390979127
5.551253436468285,11.10250687293657
59.01501720472196,118.03003440944391
60.557162371899544,121.11432474379909
29.482681986742964,58.96536397348593
40.52499750702794,81.04999501405588
53.341299785881326,106.68259957176265
65.16395161331057,130.32790322662115
80.47558541276743,160.95117082553486
90.26502040150316,180.53004080300633
11.547329564235842,23.094659128471683
70.34309259674302,140.68618519348604
6.009387707218783,12.018775414437567
31.08921558214126,62.17843116428252
70.88665360249372,141.77330720498745
29.581506990716512,59.163013981433025
3.063676465009213,6.127352930018426
0.9642026383709368,1.9284052767418736
5.429571974162428,10.859143948324856
55.19503375699208,110.39006751398416
96.43057054627265,192.8611410925453
80.39851159582712,160.79702319165423
53.13370545774709,106.26741091549418
39.18228323834994,78.36456647669988
21.32719753938195,42.6543950787639
94.97870431842634,189.95740863685268
73.19988957291352,146.39977914582704
87.45344391906046,174.90688783812092
69.98468976313731,139.96937952627462
97.0660084203344,194.1320168406688
79.15615696641098,158.31231393282195
31.466717595397718,62.933435190795436
39.43990564570643,78.87981129141286
91.89385698097138,183.78771396194276
76.94640917607505,153.8928183521501
16.122688940537678,32.245377881075356
5.950508123199771,11.901016246399543
63.53205886509382,127.06411773018765
29.00549777035437,58.01099554070874
8.252520870473369,16.505041740946737
10.876563741917078,21.753127483834156
27.432734434158057,54.865468868316114
79.07856470780719,158.15712941561438
27.74210102454575,55.4842020490915
41.587442270737206,83.17488454147441
53.19687074958204,106.39374149916408
74.67304964669717,149.34609929339433
57.51970422290997,115.03940844581994
67.41532829233972,134.83065658467945
69.71223561422045,139.4244712284409
31.005388668084976,62.01077733616995
2.6048104817892437,5.209620963578487
32.50435109197678,65.00870218395356
13.404943420177972,26.809886840355944
66.28966011151718,132.57932022303436
71.04701153867933,142.09402307735866
12.459874254782143,24.919748509564286
89.50217908368676,179.0043581673735
78.10849123274168,156.21698246548337
7.5934446479543505,15.186889295908701
46.29857784483501,92.59715568967002
89.41689216174935,178.8337843234987
27.13563891715439,54.27127783430878
8.194254015256108,16.388508030512217
21.681229229314837,43.362458458629675
44.82159060111782,89.64318120223564
38.85902547624893,77.71805095249786
81.36157489453653,162.72314978907306
74.88692788391884,149.7738557678377
2.692873265712903,5.385746531425806
68.95440957036061,137.90881914072122
39.415223472098816,78.83044694419763
6.143749770812478,12.287499541624957
31.74967037055233,63.49934074110466
94.43921428177693,188.87842856355385
39.87192567883137,79.74385135766273
30.82348999846889,61.64697999693778
38.22152351611382,76.44304703222764
56.5102477402451,113.0204954804902
78.25646735896909,156.51293471793818
18.704306655063142,37.408613310126285
15.79662956078196,31.59325912156392
20.452783862348166,40.90556772469633
16.67319476218442,33.34638952436884
50.589376367575014,101.17875273515003
93.4688078155082,186.9376156310164
45.31596477381746,90.63192954763493
26.815293294763933,53.630586589527866
46.39253420944177,92.78506841888354
81.70818345244733,163.41636690489466
91.45856755691862,182.91713511383725
88.03406224322525,176.0681244864505
7.431314836550351,14.862629673100702
18.204440467149418,36.408880934298836
15.282349626343382,30.564699252686765
26.52949151787616,53.05898303575232
0.2876139917221132,0.5752279834442264
86.60061841187505,173.2012368237501
95.72582150189201,191.45164300378403
15.819298301781116,31.63859660356223
8.90352889346645,17.8070577869329
13.253264829945676,26.506529659891353
96.49008702044878,192.98017404089757
83.60909729540722,167.21819459081445
5.195941433168572,10.391882866337143
66.49932699200014,132.99865398400027
81.51960599438691,163.03921198877381
15.33184206234589,30.66368412469178
40.97743254214986,81.95486508429973
20.50942252738549,41.01884505477098
97.05013993078853,194.10027986157706
44.88448176119751,89.76896352239503
61.86722053454534,123.73444106909068
45.94441911554734,91.88883823109468
64.02843234600547,128.05686469201095
24.218228809678422,48.436457619356844
90.2785927013998,180.5571854027996
2.720377870630708,5.440755741261416
46.20286060972853,92.40572121945706
32.13079680953119,64.26159361906238
65.95648777303121,131.91297554606243
24.805646681159942,49.611293362319884
55.52141406954212,111.04282813908424
45.106188542216586,90.21237708443317
92.40368351293807,184.80736702587615
97.64721753070347,195.29443506140694
51.66719131039815,103.3343826207963
77.81812315514807,155.63624631029614
95.40358841155776,190.80717682311553
60.573369969862846,121.14673993972569
39.49442257174529,78.98884514349058
51.60064865504048,103.20129731008096
80.50125354819016,161.00250709638033
85.69606338219454,171.39212676438908
17.699446497789893,35.398892995579786
53.51567076130881,107.03134152261762
64.28409124061083,128.56818248122167
73.62132278395606,147.24264556791212
39.12577213491304,78.25154426982608
84.65249595732544,169.30499191465088
33.344865390691346,66.68973078138269
52.93515951116359,105.87031902232718
71.83692476987989,143.67384953975977
53.521039636527966,107.04207927305593
62.036508982724705,124.07301796544941
34.948616523034204,69.89723304606841
77.2693858433043,154.5387716866086
38.16394969093066,76.32789938186131
30.523608720072748,61.047217440145495
46.32500502777594,92.65001005555187
12.83535787449911,25.67071574899822
16.704110622247892,33.408221244495785
46.70056701247242,93.40113402494484
69.92138285468418,139.84276570936836
19.95962092439093,39.91924184878186
15.165713224817068,30.331426449634137
94.4202216618795,188.840443323759
36.19116804733174,72.38233609466349
62.57876848829428,125.15753697658856
22.434463195813315,44.86892639162663
99.8218741211261,199.6437482422522
46.398007124975834,92.79601424995167
90.1374640561769,180.2749281123538
44.17547452000873,88.35094904001745
20.757259463391485,41.51451892678297
35.74511912607215,71.4902382521443
4.194893018878898,8.389786037757796
92.08167326418084,184.16334652836167
94.3413365969726,188.6826731939452
60.19098431064476,120.38196862128952
44.00756241826422,88.01512483652844
83.77500903162648,167.55001806325296
88.77986300008762,177.55972600017523
87.74056838254559,175.48113676509118
27.871227827756194,55.74245565551239
57.02923017543583,114.05846035087166
23.763769639031974,47.52753927806395
79.06032978712851,158.12065957425702
13.67277256585896,27.34554513171792
42.32836920285427,84.65673840570854
2.1130440927129235,4.226088185425847
39.48318749660768,78.96637499321535
44.58627370702516,89.17254741405031
81.37627460039364,162.75254920078729
68.7104618187595,137.420923637519
44.008944185314306,88.01788837062861
40.5110535613873,81.0221071227746
86.47560984810481,172.95121969620962
4.238760839265598,8.477521678531197
40.270181407523985,80.54036281504797
60.07357082748113,120.14714165496225
2.6286835345502024,5.257367069100405
67.36034556714931,134.72069113429862
55.16539272199188,110.33078544398376
62.18848017786785,124.3769603557357
36.63175151566721,73.26350303133442
88.77975001531863,177.55950003063725
44.79129610236284,89.58259220472569
67.31901692060897,134.63803384121795
23.439528576973746,46.87905715394749
44.33012830030749,88.66025660061499
63.147276488779966,126.29455297755993
8.368646199269381,16.737292398538763
52.00051507103347,104.00103014206694
26.9936962936518,53.9873925873036
65.74926538395255,131.4985307679051
27.59760402998812,55.19520805997624
90.1304301241916,180.2608602483832
11.515329986923328,23.030659973846657
88.69182877287093,177.38365754574187
91.3581979212214,182.7163958424428
11.95753620328004,23.91507240656008
33.962161213336884,67.92432242667377
74.4086607325981,148.8173214651962
16.436527687757994,32.87305537551599
3.8497576377315545,7.699515275463109
40.81153100237079,81.62306200474158
68.63395632857468,137.26791265714937
1.7905082072759981,3.5810164145519963
95.5966389631347,191.1932779262694
89.59293943766373,179.18587887532746
90.07148360080191,180.14296720160382
85.75144505676366,171.50289011352731
54.8136511228438,109.6273022456876
13.503868787612316,27.00773757522463
62.98336973129801,125.96673946259602
60.29852329333221,120.59704658666442
32.12359440314203,64.24718880628406
46.816482450671494,93.63296490134299
78.02576747062314,156.05153494124627
67.09033438063466,134.18066876126932
40.52024728589464,81.04049457178928
77.52183727891506,155.04367455783012
53.72189602395135,107.4437920479027
16.75624463532226,33.51248927064452
7.29455370982971,14.58910741965942
6.723076622164037,13.446153244328073
44.301279071813404,88.60255814362681
17.149287831147486,34.29857566229497
36.87383594537753,73.74767189075506
5.417824014367422,10.835648028734845
0.82356844194863,1.64713688389726
37.5343756784172,75.0687513568344
49.54684470246712,99.09368940493424
57.97774006828516,115.95548013657032
87.6743780965197,175.3487561930394
2.57609614735248,5.15219229470496
65.6093397345898,131.2186794691796
79.29687507353293,158.59375014706586
13.155176141219194,26.310352282438387
63.18279030120131,126.36558060240262
96.69157495841138,193.38314991682276
67.05103580667662,134.10207161335325
18.23383974597117,36.46767949194234
65.44150259485998,130.88300518971997
2.536334677807195,5.07266935561439
37.7155266312733,75.4310532625466
92.29798608533243,184.59597217066485
56.00818496772432,112.01636993544864
36.83765441372402,73.67530882744803
90.39850190031851,180.79700380063701
52.888678818932355,105.77735763786471
69.75642921539537,139.51285843079074
24.148088831904357,48.29617766380871
20.628795867121987,41.257591734243974
28.841182266229424,57.68236453245885
26.545626726093985,53.09125345218797
8.100804601218226,16.20160920243645
44.799951916716694,89.59990383343339
88.7674101481773,177.5348202963546
76.05753371543537,152.11506743087074
99.97190811500984,199.94381623001968
72.09018258981527,144.18036517963054
70.2296190853203,140.4592381706406
20.135936764242544,40.27187352848509
40.28847884743695,80.5769576948739
58.34120691129807,116.68241382259615
59.38346926121268,118.76693852242536
97.66945890216036,195.33891780432072
0.35020605698803386,0.7004121139760677
38.25713365255523,76.51426730511047
32.96381009108402,65.92762018216804
48.45816865120949,96.91633730241898
54.498167839679255,108.99633567935851
36.55810638130801,73.11621276261602
92.89805003305838,185.79610006611676
90.38220732908006,180.76441465816012
20.006480077692355,40.01296015538471
31.863474166386098,63.726948332772196
67.46686589406515,134.9337317881303
73.18870708651934,146.3774141730387
77.93849869658214,155.8769973931643
68.49166605176265,136.9833321035253
17.973925852182514,35.94785170436503
4.370394385106014,8.740788770212028
7.873119260548888,15.746238521097776
23.62488264158823,47.24976528317646
99.38157449940852,198.76314899881703
76.28865372624429,152.57730745248858
5.809503014645879,11.619006029291757
97.21793864176246,194.43587728352492
86.36670732831847,172.73341465663694
9.26157267181036,18.52314534362072
43.943020087585424,87.88604017517085
3.8369504637747465,7.673900927549493
58.884600773481885,117.76920154696377
35.250844614703155,70.50168922940631
63.39063850898107,126.78127701796214
6.247785311483833,12.495570622967666
70.52474954058792,141.04949908117584
34.05064433520521,68.10128867041043
12.120233916345601,24.240467832691202
65.64748041732209,131.29496083464417
66.78030627952332,133.56061255904663
26.576095028075887,53.152190056151774
81.64895992689631,163.29791985379262
88.19566433420802,176.39132866841604
67.17951353167656,134.35902706335312
54.19024685574148,108.38049371148296
35.61091953214508,71.22183906429017
40.34092988667626,80.68185977335251
69.2969273972357,138.5938547944714
23.50974120903827,47.01948241807654
41.02220876448267,82.04441752896534
77.45551888725332,154.91103777450664
8.555377879939375,17.11075575987875
89.13344232481062,178.26688464962123
78.75124949656399,157.50249899312797
67.50458469147172,135.00916938294344
10.85907435637009,21.71814871274018
79.98821649378989,159.97643298757978
19.853591542438398,39.707183084876796
1.8505852656761634,3.701170531352327
98.1820924551649,196.3641849103298
91.2168261925809,182.4336523851618
80.23382244854736,160.46764489709471
1.2265824848787243,2.4531649697574487
58.60439252485826,117.20878504971652
61.884362684162156,123.76872536832431
14.337461850683086,28.674923701366172
56.29052185167058,112.58104370334117
75.89230931662271,151.78461863324543
12.410526698502778,24.821053397005556
61.99647357255456,123.99294714510911
3.4483927230839817,6.896785446167963
55.623169956134745,111.24633991226949
41.994651427287685,83.98930285457537
32.85471411665508,65.70942823331016
21.73066930171884,43.46133860343768
16.303814640433455,32.60762928086691
6.557367245770118,13.114734491540236
37.91318629391952,75.82637258783905
92.75847783288278,185.51695566576555
0.0594652937166984,0.1189305874333968
17.390039657750755,34.78007931550151
88.91502784604923,177.83005569209845
79.38309091687155,158.7661818337431
86.0830326312929,172.1660652625858
45.37882073917437,90.75764147834875
12.307913833591055,24.61582766718211
36.7426428830173,73.4852857660346
61.63486701328637,123.26973402657273
5.496144277167481,10.992288554334962
81.07324356993749,162.14648713987498
13.370912403509816,26.741824807019633
46.680963099106584,93.36192619821317
1.1996556086651178,2.3993112173302356
75.53266681026261,151.06533362052522
86.41241501778835,172.8248300355767
73.97833771996227,147.95667543992454
29.05724654471363,58.11449308942726
3.189958654728331,6.379917309456662
94.62172492112425,189.2434498422485
12.12758746944289,24.25517493888578
11.993534285157004,23.98706857031401
27.724408935472233,55.44881787094447
6.266321542044395,12.53264308408879
51.89610986513043,103.79221973026085
68.33322949809796,136.66645899619593
15.995622988748625,31.99124597749725
39.76369815389287,79.52739630778574
27.996483444780452,55.992966889560904
73.85226305587172,147.70452611174343
92.86621115042311,185.73242230084622
55.835457189530565,111.67091437906113
38.5470705272478,77.0941410544956
75.30000391671449,150.60000783342898
39.914618610209885,79.82923722041977
59.09138103895094,118.18276207790188
3.459296074880369,6.918592149760738
84.00406612424372,168.00813224848744
74.17874205327445,148.3574841065489
22.67590298998409,45.35180597996818
12.910309908668815,25.82061981733763
29.76901497784055,59.5380299556811
41.261214977467695,82.52242995493539
42.164819929222794,84.32963985844559
28.082525173776084,56.16505034755217
80.45051103568342,160.90102207136684
53.178095733572405,106.35619146714481
40.732010098786695,81.46402019757339
66.47209730724958,132.94419461449917
32.927251000329136,65.85450200065827
38.96153408279024,77.92306816558047
33.93593109557964,67.87186219115928
50.50657688654544,101.01315377309088
53.5727455703478,107.1454911406956
35.78898132403378,71.57796264806755
2.3741636547871092,4.7483273095742184
40.43586940872837,80.87173881745674
23.49493473210842,46.98986946421684
79.61768498379928,159.23536996759856
35.45544990690509,70.91089981381018
77.17197813887152,154.34395627774305
47.75114537339924,95.50229074679848
46.33581521123132,92.67163042246264
25.539042853236793,51.07808570647359
81.46209201710472,162.92418403420945
15.300500076886859,30.601000153773718
15.650796378545984,31.301592757091967
10.831213081864055,21.66242616372811
64.14639573148972,128.29279146297944
52.47465509847318,104.94931019694636
58.568877900350145,117.13775580070029
62.3814198736517,124.7628397473034
20.070873949288437,40.141747898576874
98.10551224757663,196.21102449515325
34.950507311792734,69.90101462358547
4.694815782875605,9.38963156575121
58.99679471268647,117.99358942537295
35.39570619974612,70.79141239949224
20.560198816399,41.120397632798
62.781507205591325,125.56301441118265
85.2627286133223,170.5254572266446
75.54992305874653,151.09984611749306
13.001624766644781,26.003249533289562
31.660076922179847,63.320153844359695
77.3804527206587,154.7609054413174
61.96973940975516,123.93947881951031
15.414840361418147,30.829680722836294
88.01588277998006,176.03176555996012
94.80273637586643,189.60547275173286
86.6542831048876,173.3085662097752
21.247043389730123,42.49408677946025
10.847407602071357,21.694815204142714
64.79772207161072,129.59544414322144
76.2280203038145,152.456040607629
70.95505128211171,141.91010256422342
9.77310762846818,19.54621525693636
22.185830678058682,44.371661356117365
61.368892984282596,122.73778596856519
99.35718351816509,198.71436703633017
30.021545718746122,60.043091437492244
11.487283250966996,22.974566501933992
34.80862326825994,69.61724653651989
59.60909179122499,119.21818358244998
7.517375471979959,15.034750943959917
84.68338440391912,169.36676880783824
89.5899502282138,179.1799004564276
48.54618038553375,97.0923607710675
47.042595133312595,94.08519026662519
23.571634058511272,47.143268117022544
93.44168930640923,186.88337861281846
79.83554827087991,159.67109654175982
30.64481237427875,61.2896247485575
63.560726529485045,127.12145305897009
13.538152516867164,27.07630503373433
61.317798822537675,122.63559764507535
75.27676964336064,150.55353928672127
93.90599340626848,187.81198681253696
39.361169287587884,78.72233857517577
32.15639741990752,64.31279483981504
74.67541014394146,149.35082028788293
96.84598074683495,193.6919614936699
95.20991360997603,190.41982721995205
95.98236244951319,191.96472489902638
71.82103033675773,143.64206067351546
74.43998695552426,148.87997391104852
83.5555572128799,167.1111144257598
1.375636256403534,2.751272512807068
16.693346699493706,33.38669339898741
65.21490853190383,130.42981706380766
5.267772870292909,10.535545740585817
87.57893145031085,175.1578629006217
92.33510972444803,184.67021944889606
92.0761809139677,184.1523618279354
76.58875281652813,153.17750563305626
14.864710920065615,29.72942184013123
76.58942899097444,153.17885798194888
7.123846527235922,14.247693054471844
95.93899468166576,191.87798936333152
60.309844641603746,120.61968928320749
2.997469690852239,5.994939381704478
2.4460297935898545,4.892059587179709
98.31360860375676,196.62721720751352
38.15160256049531,76.30320512099063
38.93409012728504,77.86818025457008
46.24442174365739,92.48884348731478
65.72472605410303,131.44945210820606
86.33712763908845,172.6742552781769
11.533555272851427,23.067110545702853
88.51233592921339,177.02467185842679
95.21057515368399,190.42115030736798
57.79665654559724,115.59331309119447
69.05344505424311,138.10689010848623
2.3848476861200063,4.769695372240013
71.85999857061745,143.7199971412349
69.00904401364936,138.01808802729872
87.07693244580031,174.15386489160062
76.29795340026575,152.5959068005315
40.80421209195004,81.60842418390008
61.905734086819145,123.81146817363829
86.35069686005363,172.70139372010726
70.4998552829004,140.9997105658008
3.505895750581145,7.01179150116229
18.39971211246727,36.79942422493454
16.323471438265813,32.646942876531625
24.096112605837106,48.19222521167421
11.910184255095778,23.820368510191557
2.3594224383589046,4.718844876717809
19.674029976287354,39.34805995257471
0.16357872155530195,0.3271574431106039
92.17768352612956,184.3553670522591
38.331367778880185,76.66273555776037
17.615575664930926,35.23115132986185
98.83130997374529,197.66261994749058
37.3505141501809,74.7010283003618
78.71296068612986,157.42592137225972
96.57997800028828,193.15995600057656
21.77238003466625,43.5447600693325
15.180676729315923,30.361353458631847
25.94101145811957,51.88202291623914
2.6322672178412,5.2645344356824
67.59109422741967,135.18218845483935
8.81624053967045,17.6324810793409
34.689727795448434,69.37945559089687
29.693242962701703,59.386485925403406
10.922258347958358,21.844516695916717
56.205916824135535,112.41183364827107
70.38081561483843,140.76163122967685
23.325415775817703,46.650831551635406
18.919581355487757,37.839162710975515
1.2069809429333778,2.4139618858667555
54.515773151753564,109.03154630350713
45.28050398465424,90.56100796930848
54.55414408184387,109.10828816368775
79.21847878617196,158.4369575723439
81.28025930103341,162.56051860206682
97.39097820635666,194.78195641271333
82.26681020359334,164.53362040718667
66.69311869553573,133.38623739107146
72.92809275676848,145.85618551353696
67.09733847762843,134.19467695525685
92.77367926158657,185.54735852317313
1.0368328278186012,2.0736656556372024
72.30170457207254,144.60340914414508
48.0897053688088,96.1794107376176
84.48586080623842,168.97172161247684
80.86734969379772,161.73469938759544
14.138282994201557,28.276565988403114
69.01402531070079,138.02805062140158
74.2477433379243,148.4954866758486
76.56487028389029,153.12974056778057
53.27884145319097,106.55768290638194
58.771644906360606,117.54328981272121
28.94517881530313,57.89035763060626
27.170888160275165,54.34177632055033
81.60521031123892,163.21042062247784
47.96317498330336,95.92634996660672
42.977880728230886,85.95576145646177
13.551438356368795,27.10287671273759
70.71514909496877,141.43029818993753
97.9938927279781,195.9877854559562
38.62029362242109,77.24058724484217
10.232830754433476,20.46566150886695
89.23720743175248,178.47441486350496
60.62250449415584,121.24500898831168
78.88301823346939,157.76603646693877
67.55015348134697,135.10030696269394
99.080666427429,198.161332854858
89.50955680241236,179.01911360482472
32.50936908707532,65.01873817415064
95.72823852783284,191.4564770556657
73.3045637832142,146.6091275664284
80.45934912447463,160.91869824894926
0.3300270851144038,0.6600541702288076
50.388197425791724,100.77639485158345
53.26239103462089,106.52478206924178
88.63192876865634,177.26385753731267
38.317034480380386,76.63406896076077
64.28953170599137,128.57906341198273
39.42912130870224,78.85824261740449
9.53142671603542,19.06285343207084
30.84214517360554,61.68429034721108
50.98861993887333,101.97723987774665
36.60229776737173,73.20459553474346
98.62593336378094,197.2518667275619
57.4726822648737,114.9453645297474
69.06086114255916,138.12172228511832
71.04566681708029,142.09133363416058
26.67455085437377,53.34910170874754
92.3274699013366,184.6549398026732
52.701459744069034,105.40291948813807
36.4532946844683,72.9065893689366
92.54401896840119,185.08803793680238
98.12795556695892,196.25591113391783
42.84284049839157,85.68568099678313
2.9112357903204544,5.822471580640909
93.92209022286593,187.84418044573187
38.40755484284747,76.81510968569494
19.321210573301308,38.642421146602615
86.81181262631463,173.62362525262927
82.56216953599662,165.12433907199323
29.176680833199697,58.353361666399394
46.12842536703404,92.25685073406808
46.246201342398685,92.49240268479737
7.540422836218042,15.080845672436084
6.600562399603227,13.201124799206454
77.93540630797148,155.87081261594295
57.03953397621861,114.07906795243721
1.3414804198268127,2.6829608396536253
78.7847655471109,157.5695310942218
1.8121618384704496,3.6243236769408993
13.419064922247792,26.838129844495583
22.254800193852887,44.509600387705774
89.08671428222031,178.17342856444063
80.52275389682636,161.04550779365272
40.031979734895216,80.06395946979043
11.108506792471262,22.217013584942524
36.619722595955594,73.23944519191119
18.80477613696465,37.6095522739293
68.59660815432638,137.19321630865275
71.52553074628239,143.05106149256477
37.2702277166725,74.540455433345
41.28062949546144,82.56125899092288
28.86500179546386,57.73000359092772
15.004589056944395,30.00917811388879
86.01769606790475,172.0353921358095
52.92974758849992,105.85949517699984
56.42823920712763,112.85647841425526
57.37572946569603,114.75145893139207
37.1421453256072,74.2842906512144
28.022125622434302,56.044251244868605
87.52952423684452,175.05904847368905
98.219349278833,196.438698557666
22.44404639463191,44.88809278926382
27.417447636540405,54.83489527308081
31.97282297050128,63.94564594100256
56.95794019244309,113.91588038488618
95.42896855488591,190.85793710977183
17.752991793104066,35.50598358620813
3.617441284785239,7.234882569570478
12.59567504963931,25.19135009927862
56.33402434835093,112.66804869670186
46.78293451966439,93.56586903932877
48.07260410411535,96.1452082082307
73.39938637602322,146.79877275204643
87.3461783336715,174.692356667343
28.579836357153866,57.15967271430773
41.948966959591935,83.89793391918387
73.70696246638846,147.41392493277692
47.64076431328028,95.28152862656056
25.066623725118966,50.13324745023793
53.83694888153791,107.67389776307581
14.989393539682428,29.978787079364857
36.09232866378941,72.18465732757882
30.960879169237433,61.921758338474866
28.078474191179158,56.156948382358316
96.75818809978954,193.51637619957907
40.678438838026935,81.35687767605387
74.1147365464663,148.2294730929326
72.29702412571766,144.5940482514353
48.394104106880235,96.78820821376047
40.52968089265532,81.05936178531064
45.867848771447385,91.73569754289477
57.64786281638642,115.29572563277284
67.6217571821659,135.2435143643318
39.63875074035129,79.27750148070258
21.65884948207197,43.31769896414394
86.9947492716981,173.9894985433962
33.957379247807005,67.91475849561401
79.43013001048386,158.86026002096773
32.43031415984747,64.86062831969494
86.4230803827562,172.8461607655124
59.55824523092434,119.11649046184868
83.66983654830563,167.33967309661125
70.5342272221551,141.0684544443102
68.94973521956985,137.8994704391397
91.41849046987707,182.83698093975414
29.938074572192384,59.87614914438477
0.3864204045085029,0.7728408090170058
65.31131075197003,130.62262150394005
86.39150318381132,172.78300636762265
66.9518163535003,133.9036327070006
36.29153783253215,72.5830756650643
78.48389325968503,156.96778651937007
39.177745219131346,78.35549043826269
51.50446500547924,103.00893001095848
24.69525458873676,49.39050917747352
89.05642277404485,178.1128455480897
77.96331657312717,155.92663314625435
95.15065248074693,190.30130496149386
77.22937323107311,154.45874646214622
89.80631405013257,179.61262810026514
21.617127725587537,43.23425545117507
5.6739220172181355,11.347844034436271
47.51120697769144,95.02241395538287
67.37034253014453,134.74068506028905
49.60692888059155,99.2138577611831
30.5809190963915,61.161838192783
11.101400062709077,22.202800125418154
40.242995290189775,80.48599058037955
50.638351317462515,101.27670263492503
52.983441072055314,105.96688214411063
3.022315348580362,6.044630697160724
68.62737970643747,137.25475941287493
67.26384554803344,134.5276910960669
95.37472625882636,190.7494525176527
35.3150586882136,70.6301173764272
79.7258181017716,159.4516362035432
16.927934866750448,33.855869733500896
74.74172785133727,149.48345570267455
51.55861289374465,103.1172257874893
65.39527741236898,130.79055482473797
62.16115304481069,124.32230608962138
77.45394265825885,154.9078853165177
89.89168911874178,179.78337823748356
47.085387191065244,94.17077438213049
55.54866599488758,111.09733198977516
51.934175882581556,103.86835176516311
16.543223821449093,33.086447642898186
65.17597047129199,130.35194094258398
20.47265236582245,40.9453047316449
69.21096052792232,138.42192105584465
25.97458429942645,51.9491685988529
47.52210723223359,95.04421446446717
59.93673058262352,119.87346116524704
99.92595670474138,199.85191340948276
40.55497748178703,81.10995496357405
93.35283538905304,186.70567077810608
35.473275276236414,70.94655055247283
19.625816296870823,39.25163259374165
45.41037479297872,90.82074958595744
88.33156389860551,176.66312779721102
98.86277030796407,197.72554061592814
91.29314822276325,182.5862964455265
2.050273151872939,4.100546303745878
48.2752811682345,96.550562336469
17.35636972357647,34.71273944715294
34.66472053508488,69.32944107016976
54.52539125755742,109.05078251511485
45.101001870498116,90.20200374099623
86.83599918098992,173.67199836197983
9.718716419268702,19.437432838537404
85.47344192797672,170.94688385595344
20.35730854501545,40.7146170900309
92.78133860780986,185.56267721561971
37.95112085582777,75.90224171165553
76.33488809267156,152.66977618534312
85.83361894646269,171.66723789292539
72.09696565259294,144.19393130518588
69.14282737208521,138.28565474417042
54.85395117778842,109.70790235557683
40.678218987306415,81.35643797461283
40.148457436280005,80.29691487256001
48.9996392607408,97.9992785214816
36.079791584695585,72.15958316939117
18.62918516010329,37.25837032020658
45.95960490184026,91.91920980368052
10.011418251756332,20.022836503512664
38.01155394689039,76.02310789378078
70.31830553035779,140.63661106071558
15.80705298646624,31.61410597293248
31.954297867650205,63.90859573530041
90.2459497312379,180.4918994624758
66.17205491185895,132.3441098237179
42.407556455567274,84.81511291113455
43.47926632528869,86.95853265057738
93.16849545634595,186.3369909126919
32.10197390511448,64.20394781022895
86.93302981937188,173.86605963874376
83.71646315759071,167.43292631518142
20.594231812698705,41.18846362539741
2.482250611970316,4.964501223940632
84.95465373753174,169.90930747506349
63.881541125997074,127.76308225199415
1.123906715731271,2.247813431462542
28.180938721953986,56.36187744390797
27.751254487570133,55.502508975140266
77.46402204302859,154.92804408605718
78.46295996031242,156.92591992062484
94.59986882208835,189.1997376441767
75.85426247442348,151.70852494884696
12.632901635234372,25.265803270468744
86.01794861138343,172.03589722276686
15.156304242217967,30.312608484435934
40.449970206544435,80.89994041308887
18.090765491683914,36.18153098336783
43.95240047839049,87.90480095678097
15.078142685849716,30.156285371699433
0.23170430948692422,0.46340861897384844
84.98101735952058,169.96203471904116
22.255096867440784,44.51019373488157
30.640547423911933,61.281094847823866
18.505952105078226,37.01190421015645
65.99382286407156,131.98764572814312
49.04332362816587,98.08664725633174
59.58083935803189,119.16167871606378
91.0530458689876,182.1060917379752
80.80473275306008,161.60946550612016
11.096083073554375,22.19216614710875
8.906677721359479,17.813355442718958
30.252204964073314,60.50440992814663
1.2595587303603217,2.5191174607206435
31.60365037988907,63.20730075977814
77.27058633493294,154.5411726698659
9.967263277610428,19.934526555220856
67.06525731165233,134.13051462330466
4.369192740549332,8.738385481098664
6.894915856097428,13.789831712194855
79.50293455143584,159.00586910287169
88.27197989439706,176.54395978879413
65.33130296834736,130.66260593669472
88.21167153767442,176.42334307534884
88.76428265817772,177.52856531635544
29.09979157659588,58.19958315319176
71.0451203183563,142.0902406367126
73.12842037397732,146.25684074795464
3.6721638880519825,7.344327776103965
72.29026106121623,144.58052212243246
32.45339913952419,64.90679827904837
47.380747593376974,94.76149518675395
67.64856099133684,135.29712198267367
10.582788300650813,21.165576601301627
67.35239403304703,134.70478806609407
3.3278430793427627,6.655686158685525
72.65345804179361,145.30691608358723
23.872313096497876,47.74462619299575
83.65035382118883,167.30070764237766
44.00462421606473,88.00924843212945
6.919953006804702,13.839906013609404
87.72852423928285,175.4570484785657
23.24478673468051,46.48957346936102
33.63086207066884,67.26172414133768
92.73121434065693,185.46242868131387
39.96320137528083,79.92640275056166
21.401965096130514,42.80393019226103
56.67682841279106,113.35365682558212
82.99188790566386,165.98377581132772
68.946726783722,137.893453567444
14.58200984403587,29.16401968807174
8.914194771294559,17.828389542589118
33.69995153711104,67.39990307422208
81.13130125211794,162.26260250423587
13.155140080948502,26.310280161897005
79.46795672384059,158.93591344768117
40.20246330261881,80.40492660523762
0.46874470571792726,0.9374894114358545
42.611688898341484,85.22337779668297
73.35999031710429,146.71998063420858
77.3041487472891,154.6082974945782
94.9419781962369,189.8839563924738
58.342718786133155,116.68543757226631
64.4248442039945,128.849688407989
37.29555310301118,74.59110620602236
65.1351212505118,130.2702425010236
65.34581403194304,130.69162806388607
72.58801064923894,145.17602129847788
55.53972842767817,111.07945685535634
11.05091202868742,22.10182405737484
29.91996170919762,59.83992341839524
60.233377783726006,120.46675556745201
98.06218776507345,196.1243755301469
16.34254938118437,32.68509876236874
6.096370549049668,12.192741098099336
36.489325322119214,72.97865064423843
93.61876585431519,187.23753170863037
97.53352985443821,195.06705970887643
37.32487210712663,74.64974421425326
13.642826483752202,27.285652967504404
69.972354402252,139.944708804504
94.00745403775744,188.01490807551488
73.23854502845019,146.47709005690038
87.30456131265233,174.60912262530465
71.6509266197909,143.3018532395818
49.2086539132941,98.4173078265882
18.25496693772095,36.5099338754419
76.60034646313876,153.20069292627753
13.043244727954894,26.08648945590979
99.21021932127768,198.42043864255535
56.938372105351164,113.87674421070233
3.890192567787909,7.780385135575818
49.786121449184584,99.57224289836917
79.93997723469097,159.87995446938194
64.63820625877483,129.27641251754966
45.703657842446376,91.40731568489275
91.30215240783653,182.60430481567306
43.518285800975264,87.03657160195053
28.869193196240417,57.738386392480834
62.08027259792169,124.16054519584338
15.451045323182777,30.902090646365554
29.949246273039076,59.89849254607815
57.70780484023943,115.41560968047887
29.98731867800305,59.9746373560061
7.846770311182583,15.693540622365166
30.59993358207562,61.19986716415124
36.91024259200335,73.8204851840067
40.957863048709754,81.91572609741951
25.865282628984144,51.73056525796829
68.26872626039567,136.53745252079133
10.904008166422619,21.808016332845238
64.01499163110978,128.02998326221956
40.527571179715984,81.05514235943197
61.03469638397646,122.06939276795292
10.0073416166641,20.0146832333282
6.842140113471961,13.684280226943923
38.151088574846035,76.30217714969207
61.931792709978126,123.86358541995625
77.53121885272957,155.06243770545913
87.8996692892743,175.7993385785486
75.15518408893489,150.31036817786978
51.1006399083402,102.2012798166804
25.53140441752273,51.06280883504546
81.44382303337704,162.8876460667541
15.878429795106753,31.756859590213505
2.1075695909374637,4.215139181874927
72.69915148947013,145.39830297894025
35.41652800078573,70.83305600157146
75.43267385810748,150.86534771621496
71.65700109650288,143.31400219300576
90.03580947721942,180.07161895443883
88.89630294551648,177.79260589103296
12.84217322875698,25.68434645751396
29.061076519890705,58.12215303978141
6.901881967602074,13.803763935204149
51.50742982028254,103.01485964056508
17.670959717882628,35.341919435765256
76.69126833675891,153.38253667351782
28.89924253325247,57.79848506650494
25.66492646959171,51.32985293918342
17.112993261459398,34.225986522918795
41.3283689223575,82.656737844715
67.67974299635127,135.35948599270253
72.28073105691698,144.56146211383395
48.40466004353321,96.80932008706642
37.30404029439338,74.60808058878676
50.77640939753729,101.55281879507459
80.0568225167459,160.1136450334918
77.54148086836587,155.08296173673173
20.372029907681586,40.74405981536317
4.964978948544385,9.92995789708877
95.9618503383001,191.9237006766002
14.122258499713624,28.244516999427248
74.82281820275848,149.64563640551697
49.59476860318781,99.18953720637562
44.19910346191376,88.39820692382752
45.608527557543546,91.21705511508709
44.96062967612126,89.92125935224252
71.0410301200815,142.082060240163
67.61268965467575,135.2253793093515
87.50784339690789,175.01568679381577
44.46798955346895,88.9359791069379
63.138915515129376,126.27783103025875
4.28189992045922,8.56379984091844
3.1802533496455565,6.360506699291113
28.57057672841047,57.14115345682094
52.98026123208789,105.96052246417578
42.876262636465746,85.75252527293149
56.15924934348172,112.31849868696344
46.71381873005179,93.42763746010358
79.18746327265148,158.37492654530297
44.57375469835168,89.14750939670336
85.30478400415004,170.60956800830007
73.2159736730342,146.4319473460684
73.976329342487,147.952658684974
21.3522064475154,42.7044128950308
12.499467920086893,24.998935840173786
90.5649312957667,181.1298625915334
20.47108887953053,40.94217775906106
86.88222992259415,173.7644598451883
45.58533970475068,91.17067940950136
62.05838989947908,124.11677979895816
18.023101066690273,36.04620213338055
97.82389613597873,195.64779227195746
65.35319352632567,130.70638705265134
91.10706495194728,182.21412990389456
33.01134017435405,66.0226803487081
88.66545722832208,177.33091445664417
92.09406060648573,184.18812121297145
56.67544058745534,113.35088117491068
0.31761159269061423,0.6352231853812285
37.480530234101636,74.96106046820327
92.8926135258105,185.785227051621
43.59730668019971,87.19461336039942
22.20178074132715,44.4035614826543
28.859434667787877,57.718869335575754
55.73665146043704,111.47330292087408
14.909366073250684,29.818732146501368
50.252276816391216,100.50455363278243
34.45395805730198,68.90791611460396
29.29066651204303,58.58133302408606
89.19248755259437,178.38497510518874
33.848276208988594,67.69655241797719
8.081952843826246,16.16390568765249
59.57083592433806,119.14167184867613
38.48412378064017,76.96824756128034
83.76926950521805,167.5385390104361
55.73638100127024,111.47276200254048
15.18596017598508,30.37192035197016
17.49009948640031,34.98019897280062
50.305803613400656,100.61160722680131
37.84803811831764,75.69607623663528
89.89906096245281,179.79812192490562
0.8964488513345414,1.7928977026690829
34.70359053464964,69.40718106929928
64.84306258058132,129.68612516116264
91.01631928267379,182.03263856534758
83.15910938917533,166.31821877835065
73.88775334311754,147.77550668623508
49.139732438519104,98.27946487703821
32.06866516275403,64.13733032550806
99.2625345540942,198.5250691081884
66.00272680766444,132.0054536153289
24.486565983848074,48.97313196769615
38.43904852336881,76.87809704673762
22.1992333306282,44.3984666612564
76.12968793425286,152.2593758685057
44.16780829394564,88.33561658789128
43.616482683417814,87.23296536683563
41.73550327846135,83.4710065569227
38.04586363544856,76.09172727089712
17.207220032448934,34.41444006489787
78.86230763384103,157.72461526768205
70.67454709853509,141.34909419707017
58.296802239687295,116.59360447937459
60.23941545036116,120.47883090072231
43.45297218798058,86.90594437596116
26.77217487564728,53.54434975129456
16.215015376751218,32.430030753502436
83.07073274642303,166.14146549284607
96.94621898976203,193.89243797952406
51.149997649595136,102.29999529919027
10.835394400123356,21.67078880024671
25.766216989545775,51.53243397909155
6.895417495389911,13.790834990779821
40.6742572449906,81.3485144899812
50.79447752662476,101.58895505324952
23.309228838138864,46.61845767627773
73.04615662209908,146.09231324419815
30.461039992717488,60.922079985434976
74.08332007916886,148.1666401583377
17.98097840830417,35.96195681660834
30.508116913795945,61.01623382759189
82.13320299042033,164.26640598084066
35.750231475114546,71.50046295022909
34.991235406409174,69.98247081281835
75.11183266715327,150.22366533430653
71.41703403954406,142.83406807908813
25.297275593501467,50.594551187002935
60.021723153062645,120.04344630612529
91.1069883689665,182.213976737933
91.2812881790077,182.5625763580154
52.54419406206017,105.08838812412034
61.144488105715865,122.28897621143173
71.23332210211314,142.46664420422627
87.43766552429928,174.87533104859855
71.17956979043961,142.35913958087923
34.97493923674523,69.94987847349046
82.43962914389053,164.87925828778106
68.72395862649073,137.44791725298145
48.28307733159816,96.56615466319631
19.361198467200946,38.72239693440189
7.168479467104061,14.336958934208122
6.88646817217522,13.77293634435044
34.46189628023413,68.92379256046826
75.523251608692,151.046503217384
94.50260998231545,189.0052199646309
84.31592924501781,168.63185849003563
11.14084935059293,22.28169870118586
96.84578658748939,193.69157317497877
52.300965434808575,104.60193086961715
34.57253529228434,69.14507058456869
93.92853076462008,187.85706152924016
76.36238910280947,152.72477820561895
27.930919299781376,55.86183859956275
11.595217060285446,23.19043412057089
56.34295535802971,112.68591071605942
51.660691601796415,103.32138320359283
50.13420013422674,100.26840026845348
29.67503425850492,59.35006851700984
54.68282604421061,109.36565208842121
60.09596847449622,120.19193694899243
49.05864352577988,98.11728705155976
11.348344296063607,22.696688592127213
95.52006350310508,191.04012700621016
81.61551898975826,163.23103797951651
75.34766130292648,150.69532260585297
32.1268143623843,64.2536287247686
61.784041032618795,123.56808206523759
55.93433545392327,111.86867090784654
90.98666369057132,181.97332738114264
48.95769338319963,97.91538676639927
98.01273932337439,196.02547864674878
66.40420349953403,132.80840699906807
67.8071336734064,135.6142673468128
24.81643538746534,49.63287077493068
78.37251222242014,156.74502444484028
45.10047065140499,90.20094130280998
82.31040107041166,164.62080214082332
86.45877809780904,172.9175561956181
29.90559874967219,59.81119749934438
86.57013207895174,173.1402641579035
30.221275871847432,60.442551743694864
87.86740784696624,175.7348156939325
24.679243581645228,49.358487163290455
81.4489579585353,162.8979159170706
44.34171591461236,88.68343182922472
84.72190295959349,169.44380591918699
16.03726708191644,32.07453416383288
30.54033750099341,61.08067500198682
90.08919159632373,180.17838319264746
30.220988568187924,60.44197713637585
65.15517694496516,130.31035388993033
6.646392964617876,13.292785929235752
80.9902900696295,161.980580139259
5.015105659765418,10.030211319530835
99.32946752650933,198.65893505301867
49.52444491162667,99.04888982325333
20.056463133161806,40.11292626632361
83.60657446977329,167.21314893954658
72.84959702009853,145.69919404019706
11.050579083164646,22.10115816632929
69.97707553876147,139.95415107752294
13.502472678196442,27.004945356392884
73.09145399996734,146.18290799993468
27.564211264396754,55.12842252879351
98.67587112891843,197.35174225783686
30.830602954162423,61.661205908324845
72.22838360442289,144.45676720884578
10.360513054194854,20.721026108389708
54.36900332733452,108.73800665466904
76.14187239845363,152.28374479690726
98.47485338001826,196.94970676003652
44.9051566289485,89.810313257897
33.09238745165881,66.18477490331762
81.24608624853693,162.49217249707385
88.13150694347199,176.26301388694398
63.6667040183292,127.3334080366584
57.095013554454965,114.19002710890993
65.36471818754517,130.72943637509033
11.624875266751522,23.249750533503043
77.60281730239426,155.20563460478851
2.9698951126756246,5.939790225351249
67.72909981006356,135.45819962012712
23.79712199692755,47.5942439938551
39.58123870352681,79.16247740705361
55.90165411796847,111.80330823593694
85.31067832993573,170.62135665987145
89.3345008173348,178.6690016346696
45.61581844610393,91.23163689220786
53.7727939826687,107.5455879653374
46.68218428211479,93.36436856422958
52.208881961362565,104.41776392272513
88.51591442911275,177.0318288582255
17.13221577330346,34.26443154660692
26.927924554529035,53.85584910905807
94.53001885697353,189.06003771394705
99.93858818958707,199.87717637917413
29.60555416732046,59.21110833464092
70.34856666132752,140.69713332265505
70.16375110198067,140.32750220396133
90.4438172022156,180.8876344044312
41.734488954202156,83.46897790840431
40.299877297824594,80.59975459564919
75.53263179229863,151.06526358459726
99.13316141732471,198.26632283464943
84.87234959379506,169.74469918759013
46.55012914168394,93.10025828336788
22.335995042182212,44.671990084364424
42.73702301692448,85.47404603384896
75.38008958914656,150.76017917829313
66.05278340191633,132.10556680383266
1.9309280404080753,3.8618560808161506
96.86264677858813,193.72529355717626
99.15788133949603,198.31576267899206
89.98339337975597,179.96678675951193
9.326438105992342,18.652876211984683
85.64354055807037,171.28708111614074
45.3115637563109,90.6231275126218
17.701578584309964,35.40315716861993
32.637812805400465,65.27562561080093
92.2707477130035,184.541495426007
97.1943108575394,194.3886217150788
6.109363789860323,12.218727579720646
19.442539048795847,38.885078097591695
28.88982358709693,57.77964717419386
49.21812573840027,98.43625147680054
34.41915159932192,68.83830319864384
12.378485835146268,24.756971670292536
43.97814717819652,87.95629435639304
1.1678431535653289,2.3356863071306577
25.111308392808585,50.22261678561717
66.23525875867861,132.47051751735722
23.216415072442288,46.432830144884576
96.80425924883227,193.60851849766453
32.02810760318997,64.05621520637995
59.19006730354963,118.38013460709927
66.99917373827488,133.99834747654975
45.3768144525162,90.7536289050324
27.520150637521766,55.04030127504353
78.19602842955786,156.3920568591157
62.12184357569893,124.24368715139786
9.393341466727145,18.78668293345429
46.626138661839036,93.25227732367807
22.537486764282487,45.074973528564975
19.469960200861713,38.93992040172343
87.97402202155807,175.94804404311614
12.824052313514523,25.648104627029046
80.35693743270036,160.71387486540073
95.56968570649722,191.13937141299445
64.03736155692228,128.07472311384456
87.37203054591279,174.74406109182559
49.88955318530586,99.77910637061171
40.92809047086,81.85618094172
61.13410803814014,122.26821607628028
47.20761253294805,94.4152250658961
69.64006345178659,139.28012690357318
16.473046416427405,32.94609283285481
37.90334112984569,75.80668225969139
7.993351601599564,15.986703203199127
57.55894659618141,115.11789319236281
1.1876414912491917,2.3752829824983834
67.83853769888302,135.67707539776603
22.833470379340113,45.66694075868023
97.62286655603775,195.2457331120755
84.55588538353061,169.11177076706122
92.68069037434145,185.3613807486829
95.49800680426124,190.99601360852247
32.54539136255038,65.09078272510077
72.05591217094329,144.11182434188657
11.157628112413997,22.315256224827994
73.23655241679658,146.47310483359317
94.03081249943058,188.06162499886116
0.9682289604501904,1.9364579209003807
33.21542744580247,66.43085489160494
7.559644391790476,15.119288783580952
43.1140807589395,86.228161517879
93.50177158377568,187.00354316755136
36.63781709214249,73.27563418428498
14.033472782326173,28.066945564652347
71.49831407157171,142.99662814314343
23.422443743225518,46.844887486451036
67.17581592955858,134.35163185911716
59.769011653751825,119.53802330750365
97.84571153514212,195.69142307028423
12.108767103351848,24.217534206703696
26.857473033669464,53.71494606733893
49.87425537344162,99.74851074688324
70.73653365380437,141.47306730760874
54.48864181230657,108.97728362461314
92.46811175104483,184.93622350208966
61.143047920950245,122.28609584190049
23.61799694933665,47.2359938986733
68.73110875082912,137.46221750165824
79.38426486882615,158.7685297376523
55.667720113085096,111.33544022617019
85.41435927757662,170.82871855515324
85.540986311534,171.081972623068
16.051041063713743,32.10208212742749
4.537687712254435,9.07537542450887
28.123222641366,56.246445282732
54.18090664537322,108.36181329074644
96.83717974317642,193.67435948635284
98.05041453248762,196.10082906497524
38.66324812692159,77.32649625384317
48.63791535777593,97.27583071555186
27.84269329800223,55.68538659600446
15.907238639955356,31.81447727991071
11.369947128297609,22.739894256595218
46.47424239054598,92.94848478109196
49.48864959118732,98.97729918237464
26.83692043229008,53.67384086458016
37.03449727920442,74.06899455840885
76.50595941638271,153.01191883276542
85.3503574222458,170.7007148444916
11.223520231691108,22.447040463382216
49.87768004131418,99.75536008262836
62.927451545968474,125.85490309193695
85.55038802636815,171.1007760527363
9.29341468568854,18.58682937137708
15.407517973319429,30.815035946638858
48.37697358213888,96.75394716427776
98.60718124504182,197.21436249008363
64.7686538847386,129.5373077694772
47.400394089148534,94.80078817829707
48.791022351665625,97.58204470333125
78.04157490852832,156.08314981705664
42.10195809207645,84.2039161841529
70.92540367065277,141.85080734130554
51.808842364902475,103.61768472980495
68.71662112544539,137.43324225089077
88.17118657549065,176.3423731509813
14.34515962650359,28.69031925300718
90.91631517720504,181.83263035441007
64.92318134162622,129.84636268325244
20.06643519943414,40.13287039886828
60.6708622972383,121.3417245944766
15.144390447987998,30.288780895975997
8.618585387726153,17.237170775452306
72.15593771905472,144.31187543810944
16.93087972617947,33.86175945235894
19.722810327488737,39.445620654977475
99.29106084737745,198.5821216947549
9.670319613045908,19.340639226091817
55.731297856472914,111.46259571294583
27.418417684369455,54.83683536873891
13.524542512556902,27.049085025113804
65.66373418499774,131.32746836999547
92.55474271583913,185.10948543167825
10.743299225750725,21.48659845150145
66.60425617895635,133.2085123579127
0.41648177230318995,0.8329635446063799
12.26375552158464,24.52751104316928
39.71579691555369,79.43159383110738
39.37646106237366,78.75292212474731
99.36878327420509,198.73756654841017
55.77723644808531,111.55447289617062
82.32508926589345,164.6501785317869
96.36087120292581,192.72174240585161
72.00824868878945,144.0164973775789
4.308565664445907,8.617131328891814
46.66163405843848,93.32326811687696
64.53502123947416,129.07004247894832
31.718092295097676,63.43618459019535
3.0389933196997676,6.077986639399535
85.35645263594913,170.71290527189825
56.03920712576211,112.07841425152422
7.260270336814212,14.520540673628425
92.94010832703637,185.88021665407274
90.07071306193201,180.14142612386402
74.74697248825784,149.49394497651568
80.91809700099152,161.83619400198305
3.0415173162247844,6.083034632449569
29.846188539010832,59.692377078021664
24.75285762096684,49.50571524193368
49.18210165892023,98.36420331784046
89.62099033820553,179.24198067641106
14.36273102981036,28.72546205962072
75.84313393850984,151.68626787701967
95.11082694482118,190.22165388964237
85.64502629881522,171.29005259763045
42.99353120451788,85.98706240903576
36.8435861896631,73.6871723793262
13.77383061858688,27.54766123717376
30.982846537508678,61.965693075017356
64.91350379087629,129.82700758175258
24.227622236570213,48.455244473140425
9.812051719496607,19.624103438993213
11.907727452352201,23.815454904704403
53.610556638598474,107.22111327719695
47.82897896949698,95.65795793899396
25.68332608848297,51.36665217696594
84.56026245313686,169.12052490627372
44.34619329586533,88.69238659173067
26.912463031391233,53.82492606278247
55.88608442241476,111.77216884482952
81.59605372618874,163.19210745237748
0.6077893981421445,1.215578796284289
69.90774163748324,139.81548327496648
78.90254131543696,157.80508263087393
1.474989871512078,2.949979743024156
46.06338411726061,92.12676823452122
70.41142369360588,140.82284738721177
50.32309357540187,100.64618715080374
79.09635225082852,158.19270450165703
93.64353819465194,187.28707638930388
73.68263589285701,147.36527178571401
83.82554138380816,167.65108276761632
27.32261029032761,54.64522058065522
12.04460952810832,24.08921905621664
38.632169421656414,77.26433884331283
32.8071757358152,65.6143514716304
2.232138363608427,4.464276727216854
81.05723781482507,162.11447562965014
40.09598197761572,80.19196395523144
34.82196602381795,69.6439320476359
59.16226454312089,118.32452908624178
57.8262177473854,115.6524354947708
40.620250683250006,81.24050136650001
89.32886883867599,178.65773767735197
75.50678812737277,151.01357625474554
92.35837064235818,184.71674128471636
86.45979102374342,172.91958204748684
30.007614132167593,60.015228264335185
82.51367776526173,165.02735553052347
76.5692595608672,153.1385191217344
17.975858454815132,35.951716909630264
12.302434879538293,24.604869759076585
40.11387113541437,80.22774227082874
24.08766679051584,48.17533358103168
38.96294538080652,77.92589076161303
22.698604488861662,45.397208977723324
24.170750092815897,48.341500185631794
27.90924523300511,55.81849046601022
82.09188111214198,164.18376222428395
95.70890235175817,191.41780470351634
84.83762951202229,169.67525902404458
68.67252451158687,137.34504902317374
36.28604733588996,72.57209467177992
35.7144340126899,71.4288680253798
85.93765451433653,171.87530902867306
96.5446988336193,193.0893976672386
33.816595484029875,67.63319096805975
22.698489534220013,45.396979068440025
73.26074354677144,146.52148709354287
57.853978693080485,115.70795738616097
24.522278383035832,49.044556766071665
28.50292122832925,57.0058424566585
42.638785997628204,85.27757199525641
10.27546231633043,20.55092463266086
80.36018572437614,160.72037144875227
22.170942336621035,44.34188467324207
17.336736578103505,34.67347315620701
97.1124067523814,194.2248135047628
80.44931380653952,160.89862761307904
32.75840099065343,65.51680198130686
42.48385460730337,84.96770921460674
14.426518434226388,28.853036868452776
52.139282082413764,104.27856416482753
44.88031542852339,89.76063085704678
36.009109087942015,72.01821817588403
35.426306928984005,70.85261385796801
91.33265584890991,182.66531169781982
75.2542626519549,150.5085253039098
1.3143633558842072,2.6287267117684143
97.73875645248879,195.47751290497757
75.23445599064864,150.46891198129728
28.015589975855615,56.03117995171123
56.77717129351929,113.55434258703858
37.58105287279376,75.16210574558752
99.45750503201631,198.91501006403263
12.055167684087387,24.110335368174773
72.08330795862688,144.16661591725375
13.208471103226127,26.416942206452255
50.060364462617635,100.12072892523527
67.89148207908863,135.78296415817726
38.17740534031112,76.35481068062224
4.256531520595064,8.513063041190128
92.45076704720422,184.90153409440845
18.705480011051236,37.41096002210247
27.789602922697497,55.579205845394995
71.08036097933788,142.16072195867577
63.16002433959936,126.32004867919872
6.305030781828725,12.61006156365745
13.972524672537146,27.945049345074292
18.791711141476576,37.58342228295315
76.16085910975028,152.32171821950055
7.0403565075868535,14.080713015173707
44.34120649971977,88.68241299943953
14.720210314005556,29.44042062801111
6.29405419136404,12.58810838272808
28.014257829183297,56.028515658366594
79.80612568622128,159.61225137244256
31.280265571823563,62.560531143647125
43.437249041261985,86.87449808252397
56.744657218181715,113.48931443636343
33.65383485866005,67.3076697173201
1.6525859998052228,3.3051719996104456
11.726299924421612,23.452599848843224
56.94878216627709,113.89756433255418
69.71525489379418,139.43050978758836
30.549850975476744,61.09970195095349
91.92547566283797,183.85095132567594
78.5843968304033,157.1687936608066
5.803912301532899,11.607824603065797
6.9324890506168195,13.864978101233639
84.51357578421434,169.02715156842868
95.74004893168396,191.48009786336792
23.861162449612383,47.722324899224766
80.4268086928521,160.8536173857042
75.7262117327038,151.4524234654076
17.923225068612993,35.846450137225986
24.72817578523908,49.45635157047816
11.167973920480723,22.335947840961445
86.4177149223601,172.8354298447202
71.57049206311234,143.14098412622468
23.14728184128667,46.29456368257334
94.10500452788888,188.21000905577776
28.798506117091392,57.597012234182785
48.355664919476396,96.71132983895279
45.69242948436185,91.3848589687237
24.751699197967426,49.50339839593485
73.26494183009513,146.52988366019025
86.44289974535691,172.88579949071382
75.74886755064136,151.49773510128273
29.10420389143703,58.20840778287406
53.668539697239446,107.33707939447889
25.144655327563783,50.289310655127565
9.956304381160452,19.912608762320904
27.770602619696273,55.541205239392546
21.40139817140325,42.8027963428065
88.74930266680283,177.49860533360567
42.076045578694966,84.15209115738993
4.786248419955164,9.572496839910327
53.24310297562762,106.48620595125524
45.29197135191724,90.58394270383448
91.60474857465842,183.20949714931683
56.914984785200986,113.82996957040197
31.037957520080685,62.07591504016137
64.0806392685285,128.161278537057
4.9060758659121735,9.812151731824347
18.89205129865553,37.78410259731106
14.736422985633013,29.472845971266025
0.667604166279645,1.33520833255929
52.7312940585456,105.4625881170912
32.42573279753093,64.85146559506185
58.75880834071846,117.51761668143692
50.45634755351542,100.91269510703084
36.18888869776361,72.37777739552722
69.49389648925413,138.98779297850825
15.376641371267885,30.75328274253577
31.937246472475934,63.87449294495187
2.3411719796829322,4.6823439593658644
27.663513123987325,55.32702624797465
19.17917413446677,38.35834826893354
76.69895931583301,153.39791863166602
19.20554116305532,38.41108232611064
99.66469123842488,199.32938247684976
2.8771554173409153,5.754310834681831
6.826691763274995,13.65338352654999
27.423260398560135,54.84652079712027
10.113494995664729,20.226989991329457
93.58660281787242,187.17320563574484
11.4215498474742,22.8430996949484
0.27579900797005674,0.5515980159401135
81.04615151322072,162.09230302644144
4.42252581590441,8.84505163180882
83.21095988965753,166.42191977931506
69.47589372983141,138.95178745966282
19.40796624043687,38.81593248087374
43.27985821961352,86.55971643922705
15.552261274465817,31.104522548931634
10.493216213515888,20.986432427031776
79.89005158041121,159.78010316082242
30.400190052058885,60.80038010411777
12.044316075963746,24.08863215192749
99.48287697571307,198.96575395142614
80.70230690811059,161.40461381622117
74.71828302966082,149.43656605932165
74.01392502237059,148.02785004474117
81.05267828328911,162.10535656657822
55.69275075552855,111.3855015110571
59.51048693252802,119.02097386505604
68.39150570131468,136.78301140262937
52.674254297079784,105.34850859415957
33.93242191677047,67.86484383354095
44.827608056609115,89.65521611321823
60.05905655182154,120.11811310364308
89.93059495941768,179.86118991883535
38.64512694949242,77.29025389898484
63.651165883050744,127.30233176610149
31.744361200973557,63.488722401947115
4.988413536496095,9.97682707299219
32.76206108867811,65.52412217735622
88.82120918688209,177.64241837376417
13.589319901682973,27.178639803365947
23.572744811363876,47.14548962272775
33.38556097275796,66.77112194551592
79.61021641519301,159.22043283038602
30.496121554822153,60.992243109644306
82.88625368512295,165.7725073702459
7.826989634120729,15.653979268241457
93.21217709447947,186.42435418895894
72.97925307834227,145.95850615668454
11.775537131959258,23.551074263918515
47.17521378702704,94.35042757405408
40.43282252617723,80.86564505235447
96.14642793365941,192.29285586731882
73.60047547348462,147.20095094696924
99.47736392604885,198.9547278520977
96.7093370790912,193.4186741581824
38.914685698004035,77.82937139600807
97.18335356504144,194.3667071300829
61.746206518133185,123.49241303626637
89.04489890844181,178.08979781688362
94.61955958582277,189.23911917164554
25.410600927707616,50.82120185541523
24.443785111538862,48.887570223077724
89.94047893407185,179.8809578681437
97.49012454472195,194.9802490894439
67.20354890277196,134.4070978055439
63.00053328055948,126.00106656111896
1.5537108348079087,3.1074216696158174
50.73663601660466,101.47327203320933
45.19257352878397,90.38514705756793
15.084154767576784,30.16830953515357
41.0328590750736,82.0657181501472
26.218238623333445,52.43647724666689
95.0034479448458,190.0068958896916
16.337981089377397,32.675962178754794
30.955046306992628,61.910092613985256
77.77933890337664,155.55867780675328
86.46689202673846,172.93378405347693
52.26565543613786,104.53131087227572
73.75112516017992,147.50225032035985
4.477034235096178,8.954068470192356
41.56531972188551,83.13063944377102
41.76792158485112,83.53584316970225
80.66265034705631,161.32530069411263
7.467835572624093,14.935671145248186
2.014002836578166,4.028005673156332
65.63507118945464,131.27014237890927
22.6643320746864,45.3286641493728
95.01119758446652,190.02239516893303
36.362103438863244,72.72420687772649
16.977972583216207,33.955945166432414
24.91960232061279,49.83920464122558
61.28271342430839,122.56542684861678
14.44180614840791,28.88361229681582
52.69081213370489,105.38162426740978
81.47762041930385,162.9552408386077
67.94151996016473,135.88303992032945
46.49033195649779,92.98066391299558
12.019894716927704,24.039789433855407
99.08637951771362,198.17275903542725
43.7117778762968,87.4235557525936
88.41226163544988,176.82452327089976
92.7295651947455,185.459130389491
77.87837552508479,155.75675105016958
20.87752760094648,41.75505520189296
3.0148366832722373,6.029673366544475
67.1572245563587,134.3144491127174
33.295286922201605,66.59057384440321
41.65626603328085,83.3125320665617
10.199859077029327,20.399718154058654
74.24827919320106,148.4965583864021
20.397358637516326,40.79471727503265
66.95876235045897,133.91752470091794
59.32225409825439,118.64450819650878
58.86100212072489,117.72200424144978
4.73204848916936,9.46409697833872
60.09286268682798,120.18572537365596
15.860398367490202,31.720796734980404
49.95885398507156,99.91770797014313
52.034357160012824,104.06871432002565
15.762532297023258,31.525064594046516
84.0045788727895,168.009157745579
95.6940757626387,191.3881515252774
15.243140761050068,30.486281522100136
4.694164971778725,9.38832994355745
50.38480360969714,100.76960721939427
2.815552705674218,5.631105411348436
21.447221386849,42.894442773698
50.55337729714069,101.10675459428138
78.91856033159513,157.83712066319026
84.16358727494718,168.32717454989435
88.66691274262853,177.33382548525705
30.48878362649443,60.97756725298886
55.49579550873515,110.9915910174703
36.12286296963172,72.24572593926344
78.51445693113212,157.02891386226423
32.439908455862174,64.87981691172435
29.030979810225567,58.061959620451134
61.51405764778977,123.02811529557954
1.0115168338639902,2.0230336677279803
5.880471741435622,11.760943482871244
4.736878423746338,9.473756847492677
55.54468327022772,111.08936654045544
51.24568199779924,102.49136399559848
17.041141963671603,34.082283927343205
97.84622840072295,195.6924568014459
47.37906720221009,94.75813440442018
26.602360801942027,53.20472160388405
14.900950553309421,29.801901106618843
14.468571147980402,28.937142295960804
96.98048769549985,193.9609753909997
84.67269370336203,169.34538740672406
54.58886491070869,109.17772982141739
80.72297348079375,161.4459469615875
89.98807372432974,179.97614744865948
69.43174406805845,138.8634881361169
3.263452061821226,6.526904123642452
44.556769249040265,89.11353849808053
5.712142070953085,11.42428414190617
6.720716311262809,13.441432622525618
83.45226383699531,166.90452767399063
49.245064628609356,98.49012925721871
56.141211274132964,112.28242254826593
70.19929378598286,140.39858757196572
64.4153039157322,128.8306078314644
47.62119327149179,95.24238654298358
30.952431817285074,61.90486363457015
84.52149682832322,169.04299365664644
34.73183056207141,69.46366112414282
4.291069898704059,8.582139797408118
73.63873004514284,147.27746009028567
1.0846680674522435,2.169336134904487
75.24108806607852,150.48217613215704
28.98767133762521,57.97534267525042
27.03815541073391,54.07631082146782
27.81018301673347,55.62036603346694
46.25472576568054,92.50945153136108
17.99390987517644,35.98781975035288
24.111209527788414,48.22241905557683
26.833395004694495,53.66679000938899
41.999272855075674,83.99854571015135
47.27531229694545,94.5506245938909
39.38208666902072,78.76417333804145
61.49184703301079,122.98369406602158
88.91117054594508,177.82234109189017
27.59482901080298,55.18965802160596
69.97352707636924,139.94705415273847
54.17144750010514,108.34289500021028
15.35678007450536,30.71356014901072
71.78606091961854,143.57212183923707
59.72145472136406,119.44290944272812
16.261296603531683,32.522593207063366
61.61661583412369,123.23323166824738
76.97655467932822,153.95310935865643
77.33857463587671,154.67714927175342
90.36104088852824,180.72208177705647
81.37119074605232,162.74238149210464
92.25138337098639,184.50276674197278
64.60685473095985,129.2137094619197
58.81091633617967,117.62183267235935
79.02030470546372,158.04060941092743
56.56303244105973,113.12606488211946
54.31656108215681,108.63312216431362
35.13624780041889,70.27249560083779
91.44188308342058,182.88376616684116
11.518812513802146,23.037625027604292
54.511772699015616,109.02354539803123
8.681681232902584,17.363362465805167
64.77466945195867,129.54933890391735
79.5587918585717,159.1175837171434
24.790810734620216,49.58162146924043
76.5949899571448,153.1899799142896
16.73472669023399,33.46945338046798
57.709383378779776,115.41876675755955
16.15390129793328,32.30780259586656
27.954999671853177,55.90999934370635
12.75727481749539,25.51454963499078
84.18631511426547,168.37263022853094
96.42958107372087,192.85916214744174
83.27165577972721,166.54331155945442
48.822065659184254,97.64413131836851
14.01942427487759,28.03884854975518
18.264543522548593,36.529087045097185
73.85965049743251,147.71930099486502
6.908327982624806,13.816655965249613
28.8904166409065,57.780833281813
89.37176653020168,178.74353306040337
45.97405927960408,91.94811855920815
91.07948548088835,182.1589709617767
34.82539705613769,69.65079411227538
79.9136141707091,159.8272283414182
35.15516754305478,70.31033508610956
83.85120584180652,167.70241168361304
20.01066951171927,40.02133902343854
44.999448464273726,89.99889692854745
11.461071097380305,22.92214219476061
75.14942660670204,150.29885321340407
74.15207408489431,148.30414816978862
5.503603165334658,11.007206330669316
31.663525192723373,63.327050385446746
5.987600970742346,11.975201941484691
45.702256666920185,91.40451333384037
58.64079002382295,117.2815800476459
36.42585040520508,72.85170081041016
8.244263904174264,16.48852780834853
64.03548354023435,128.0709670804687
96.3921749716588,192.7843499433176
24.028183550145254,48.05636710029051
6.773599144710873,13.547198289421747
49.1963843722656,98.3927687445312
57.60358487000242,115.20716974000484
19.46963760620617,38.93927521241234
93.99304638886888,187.98609277773775
62.87231196816602,125.74462393633203
0.599388981442317,1.198777962884634
80.95666956197786,161.91333912395572
25.846816449200528,51.693632898401056
66.29174091900758,132.58348183801516
54.831963340322886,109.66392668064577
6.836095543831366,13.672191087662732
14.2371791904076,28.4743583808152
81.53024606307295,163.0604921261459
52.51440506919989,105.02881013839978
5.123016448324091,10.246032896648183
85.30060516816982,170.60121033633965
69.8905423749119,139.7810847498238
34.64453659177465,69.2890731835493
47.76958896245594,95.53917792491188
48.10158405912007,96.20316811824014
16.385016754178782,32.770033508357564
66.09509541313659,132.19019082627318
43.172115824937485,86.34423164987497
49.03278854724466,98.06557709448931
64.74486721441932,129.48973442883863
44.256003556050395,88.51200711210079
86.28522521159584,172.5704504231917
6.750746380638795,13.50149276127759
65.66474067358209,131.32948134716418
17.657551806338102,35.315103612676204
11.878418272201152,23.756836544402304
83.33476679164403,166.66953358328806
87.33567259105926,174.67134518211853
85.83935763597566,171.67871527195132
48.72942398163514,97.45884796327029
54.608291130617445,109.21658226123489
60.7748445681395,121.549689136279
24.70519530665146,49.41039061330292
8.998670001573462,17.997340003146924
72.04756667026354,144.09513334052707
80.5193469502101,161.0386939004202
82.38171832340679,164.76343664681357
3.354622767002502,6.709245534005004
63.245636794185934,126.49127358837187
16.399710667953492,32.799421335906985
83.74621320999776,167.49242641999552
44.19151314139672,88.38302628279344
8.086229988379445,16.17245997675889
42.16875927269857,84.33751854539715
48.78129119387673,97.56258238775347
32.847271615499494,65.69454323099899
61.32523968499184,122.65047936998369
26.00902807556563,52.01805615113126
22.13940928667363,44.27881857334726
31.028181990330495,62.05636398066099
30.544248258284746,61.08849651656949
61.300178392111626,122.60035678422325
5.613930690976776,11.227861381953552
32.08643182149983,64.17286364299966
50.13496626122792,100.26993252245585
94.71467231240277,189.42934462480554
47.06749637233799,94.13499274467598
8.214777422354791,16.429554844709582
8.146166337820537,16.292332675641074
89.27908127685853,178.55816255371707
16.004047780340393,32.008095560680786
83.75488921373005,167.5097784274601
55.74511437360906,111.49022874721813
95.6960788112423,191.3921576224846
65.85821272395829,131.71642544791658
51.45911377202289,102.91822754404578
74.7831237024839,149.5662474049678
31.0068234696288,62.0136469392576
7.401474731515856,14.802949463031712
15.652063838128926,31.304127676257853
73.80182138843244,147.6036427768649
2.309305969049835,4.61861193809967
18.044036220256878,36.088072440513756
73.59413303062098,147.18826606124196
63.62303203301789,127.24606406603579
56.726348051443395,113.45269610288679
60.00544857554495,120.0108971510899
4.532261880048027,9.064523760096055
43.436495917040375,86.87299183408075
99.57891260886687,199.15782521773374
4.666377802762711,9.332755605525422
45.46083665058474,90.92167330116948
43.35707085348992,86.71414170697985
4.599927652859348,9.199855305718696
24.76770081997257,49.53540163994514
29.47536172951468,58.95072345902936
56.04963820332939,112.09927640665877
49.003446507175376,98.00689301435075
78.7515224818779,157.5030449637558
34.45091355041986,68.90182710083972
39.24830447285055,78.4966089457011
41.05506329868269,82.11012659736538
17.89394428852341,35.78788857704682
25.233633886593644,50.46726777318729
95.9383053676209,191.8766107352418
16.480982096676332,32.961964193352664
98.99766399948118,197.99532799896235
56.07716138780832,112.15432277561663
35.97033378259553,71.94066756519106
91.3686762946414,182.7373525892828
79.43845185525957,158.87690371051914
14.107409944043702,28.214819888087405
43.95117166753616,87.90234333507232
40.93199613630789,81.86399227261577
38.39060768192434,76.78121536384867
82.45343718624166,164.90687437248332
75.17231599848951,150.34463199697902
41.02227389931971,82.04454779863941
67.75204330396868,135.50408660793735
60.525359153876,121.050718307752
38.34975478869962,76.69950957739924
47.29522994077088,94.59045988154176
78.25813461183573,156.51626922367146
64.82253874878845,129.6450774975769
71.67412877700309,143.34825755400618
39.35677342432838,78.71354684865676
29.95664151731663,59.91328303463326
23.235365569406408,46.470731138812816
52.86117275263466,105.72234550526932
0.8854786077176713,1.7709572154353426
47.22963512686774,94.45927025373548
5.443372894857368,10.886745789714736
61.27383645960348,122.54767291920696
90.01229412194904,180.02458824389808
25.69747872757977,51.39495745515954
44.70078516434012,89.40157032868024
54.49734334651319,108.99468669302638
20.838995266606585,41.67799053321317
65.27558205683525,130.5511641136705
28.795530533933878,57.591061067867756
80.9862662676473,161.9725325352946
36.969907824669434,73.93981564933887
47.91242399806177,95.82484799612354
37.64958794227046,75.29917588454092
71.28733527324916,142.5746705464983
70.10789889216608,140.21579778433215
57.142359396437534,114.28471879287507
52.51665790591971,105.03331581183942
75.69371887565322,151.38743775130644
22.08646121161949,44.17292242323898
80.92619308549607,161.85238617099213
36.21590689400974,72.43181378801948
18.883704968123006,37.76740993624601
96.81350187603319,193.62700375206637
42.05529222244401,84.11058444488802
50.15122244590478,100.30244489180956
86.776706515103,173.553413030206
20.425534094319186,40.85106818863837
31.85863539416286,63.71727078832572
52.51676883660086,105.03353767320172
82.19758909481362,164.39517818962725
62.1141498710725,124.228299742145
15.795212080891275,31.59042416178255
81.44846556233503,162.89693112467006
60.59434024263787,121.18868048527574
10.790759607438694,21.58151921487739
2.6090856459834444,5.218171291966889
91.36530992408164,182.7306198481633
3.657978387401273,7.315956774802546
13.596818418879176,27.19363683775835
26.723437560716455,53.44687512143291
23.77149143632544,47.54298287265088
75.95948992342606,151.91897984685212
35.461162385999465,70.92232477199893
21.48512022945478,42.97024045890956
56.78821984679894,113.57643969359788
12.99246771050816,25.98493542101632
69.69875083062092,139.39750166124185
87.23979604953234,174.4795920990647
68.32649161067611,136.65298322135223
12.59023133300513,25.18046266601026
94.25622336170628,188.51244672341255
85.80983545159164,171.61967090318328
89.71541596799747,179.43083193599495
74.85086953583885,149.7017390716777
6.40385990653618,12.80771981307236
4.409903415867722,8.819806831735445
1.9773005440602787,3.9546010881205573
21.45971980901631,42.91943961803262
87.2170699983461,174.4341399966922
88.13122660286304,176.26245320572608
95.83052701920084,191.6610540384017
80.49918438310868,160.99836876621737
52.68424703195278,105.36849406390556
19.595678228348092,39.191356456696184
64.96144820819644,129.9228964163929
18.223331192078142,36.446662384156284
55.79808237212147,111.59616474424294
49.312359984762246,98.62471996952449
71.13970433488632,142.27940866977264
98.457758251053,196.915516502106
73.71249719640576,147.42499439281153
47.10382562213476,94.20765124426951
76.79866656545133,153.59733313090265
75.34255080327328,150.68510160654657
57.14071583412302,114.28143166824604
34.186482656557025,68.37296531311405
24.026186969363195,48.05237393872639
82.32695921446678,164.65391842893357
46.2287626897673,92.4575253795346
48.316528174268825,96.63305634853765
84.54222317156841,169.08444634313682
5.436453195693547,10.872906391387094
48.141538052981836,96.28307610596367
79.61068832931801,159.22137665863602
43.358485047214415,86.71697009442883
71.51697955150736,143.03395910301472
9.998609229919264,19.99721845983853
14.374380143244124,28.74876028648825
10.048930139557399,20.097860279114798
2.269017248624905,4.53803449724981
89.12647482168367,178.25294964336734
8.724863583923403,17.449727167846806
16.648029811297928,33.296059622595855
95.48796427658775,190.9759285531755
28.55786919115705,57.1157383823141
5.710492714073068,11.420985428146135
14.53411535516469,29.06823071032938
0.5952791940063595,1.190558388012719
79.01476637527865,158.0295327505573
16.84146257181329,33.68292514362658
37.68136027841567,75.36272055683133
96.83782956648645,193.6756591329729
99.09536676776912,198.19073353553824
89.71716317812768,179.43432635625535
32.947596255273616,65.89519251054723
49.86266339166426,99.72532678332853
80.22052999428082,160.44105998856165
89.00760815812461,178.01521631624922
97.79074841778981,195.58149683557963
23.72236948875843,47.44473897751686
40.59169686979901,81.18339373959802
58.190250874180606,116.38050174836121
88.86902841905768,177.73805683811537
23.116308401457008,46.232616802914016
36.73824842939758,73.47649685879516
98.67025244060517,197.34050488121034
53.15203421473945,106.3040684294789
80.61444347386548,161.22888694773096
97.48970913008036,194.9794182601607
16.74759620469003,33.49519240938006
49.38642565865836,98.77285131731672
19.913174292733625,39.82634858546725
39.485881043842056,78.97176208768411
12.996105078713683,25.992210157427365
79.14834994365499,158.29669988730998
38.10337658946469,76.20675317892938
77.65204736286836,155.30409472573672
53.91808360388587,107.83616720777174
52.6756235716924,105.3512471433848
99.30057223495422,198.60114446990843
52.34368639415832,104.68737278831664
57.30253069350676,114.60506138701352
30.62677128870743,61.25354257741486
36.75680724318602,73.51361448637203
10.027533702553026,20.05506740510605
33.94436454234252,67.88872908468504
40.70749494654295,81.4149898930859
63.35815664006681,126.71631328013362
62.29815039212853,124.59630078425705
18.36495388233056,36.72990776466112
17.57562340496107,35.15124680992214
75.06069043733477,150.12138087466954
89.84513202698562,179.69026405397125
80.54828689948151,161.09657379896302
31.207165855362952,62.414331710725904
40.89333126853394,81.78666253706788
54.26306161568441,108.52612323136881
97.10540223301003,194.21080446602005
10.888691327999656,21.77738265599931
77.91788182216297,155.83576364432594
42.5284809604807,85.0569619209614
13.79658101260498,27.59316202520996
42.05516997958798,84.11033995917596
33.141559142836975,66.28311828567395
75.1809464396151,150.3618928792302
6.09933249104988,12.19866498209976
37.66493841086797,75.32987682173594
11.24512979311072,22.49025958622144
77.24468168381333,154.48936336762665
81.1847453195081,162.3694906390162
50.68040500081715,101.3608100016343
44.31433796945691,88.62867593891382
77.97056964014841,155.94113928029682
12.527462276794543,25.054924553589085
54.856588513283434,109.71317702656687
95.9721146468298,191.9442292936596
52.91681385608996,105.83362771217992
66.11323857578458,132.22647715156916
12.360251383276077,24.720502766552155
42.3663205827843,84.7326411655686
97.97550184759585,195.9510036951917
99.98986252268628,199.97972504537256
58.623019647322884,117.24603929464577
47.673012108377954,95.34602421675591
69.89380179017562,139.78760358035123
51.88968021064243,103.77936042128486
91.46847143217165,182.9369428643433
29.171621784871114,58.34324356974223
13.52204825878035,27.0440965175607
90.68581530619716,181.3716306123943
38.564166787968745,77.12833357593749
24.84479517517315,49.6895903503463
26.90141758694532,53.80283517389064
96.82635591304732,193.65271182609465
26.074665626653815,52.14933125330763
24.804829133423567,49.609658266847134
56.24836308065304,112.49672616130609
89.54781743403623,179.09563486807247
12.796741346617512,25.593482693235025
95.45200586209602,190.90401172419203
45.98584701630672,91.97169403261344
82.5873183969128,165.1746367938256
77.40300086417182,154.80600172834363
70.97730020607487,141.95460041214974
85.72940480009005,171.4588096001801
47.09333995938446,94.18667991876892
31.880664286270523,63.761328572541046
82.8779195787308,165.7558391574616
71.23153687478799,142.46307374957598
86.43584894307334,172.87169788614668
17.33223006243364,34.66446012486728
18.427007479358515,36.85401495871703
72.23421432533705,144.4684286506741
18.980599449347967,37.96119889869593
24.570552217439655,49.14110443487931
4.87424085951279,9.74848171902558
85.42990163573451,170.85980327146902
59.53237956198188,119.06475912396375
61.37837939498988,122.75675878997976
89.91010160094409,179.82020320188818
80.78598886676825,161.5719777335365
81.22552180780525,162.4510436156105
92.13021442691661,184.26042885383322
30.41555886432612,60.83111772865224
54.36777007078373,108.73554014156745
63.27988051311094,126.55976102622188
90.84490842335714,181.68981684671428
28.953942911787333,57.90788582357467
84.5953198067828,169.1906396135656
85.03393654366948,170.06787308733897
92.20119062559937,184.40238125119873
58.36830370840611,116.73660741681222
5.8548152857628155,11.709630571525631
5.825753296836966,11.651506593673933
24.44115052027531,48.88230104055062
84.38963028461232,168.77926056922465
65.0801218717285,130.160243743457
47.42678984699628,94.85357969399256
49.42850793688214,98.85701587376428
15.88986118118292,31.77972236236584
87.9575643250149,175.9151286500298
11.21755814600901,22.43511629201802
55.05679952204581,110.11359904409161
10.322663905325912,20.645327810651825
38.011050596544536,76.02210119308907
5.878562815891753,11.757125631783506
97.20133946930487,194.40267893860974
36.148009307532,72.296018615064
90.21412059339463,180.42824118678925
19.092208434088953,38.184416868177905
57.70226153140181,115.40452306280362
19.383466309324238,38.766932618648475
13.555660642705035,27.11132128541007
61.32636651381637,122.65273302763273
85.78561274114533,171.57122548229066
61.57643708054229,123.15287416108458
61.052523412280735,122.10504682456147
61.084762156463356,122.16952431292671
1.836845914063312,3.673691828126624
87.94901061871013,175.89802123742027
89.52291418588572,179.04582837177145
80.70138920493304,161.40277840986607
66.17393705358153,132.34787410716305
2.4526525651795583,4.905305130359117
65.91443281112522,131.82886562225045
31.30143409517594,62.60286819035188
34.60827033132572,69.21654066265144
7.301157893909727,14.602315787819453
4.51562760357368,9.03125520714736
76.3359844710201,152.6719689420402
50.405968853693764,100.81193770738753
83.48595189757519,166.97190379515038
25.51337902380686,51.02675804761372
80.27158999506632,160.54317999013264
59.77734910504752,119.55469821009504
62.766787096212084,125.53357419242417
69.2595209173574,138.5190418347148
96.95401872175754,193.90803744351507
5.713567373234952,11.427134746469903
3.0503769234997313,6.100753846999463
55.8056023601197,111.6112047202394
28.29416181605331,56.58832363210662
26.989171404456492,53.978342808912984
56.00345672266679,112.00691344533358
71.79567420674452,143.59134841348904
36.79002064295578,73.58004128591156
24.019511112770175,48.03902222554035
69.68992923400509,139.37985846801018
25.484135037705403,50.96827007541081
39.68895169481765,79.3779033896353
72.49126052141337,144.98252104282673
1.1118355213117659,2.2236710426235318
3.0781274053229835,6.156254810645967
53.01208461837822,106.02416923675644
48.26810879619804,96.53621759239608
26.35712982147321,52.71425964294642
8.396002984360285,16.79200596872057
9.904318317349004,19.808636634698008
10.695642707493358,21.391285414986715
47.405611292375404,94.81122258475081
68.69152753787728,137.38305507575456
85.15303889335848,170.30607778671697
92.82690872509738,185.65381745019477
21.06892942351415,42.1378588470283
22.35795456341353,44.71590912682706
92.27400283791508,184.54800567583015
74.10152708190378,148.20305416380756
44.58177528488123,89.16355056976246
45.14902936851289,90.29805873702578
96.19750983417865,192.3950196683573
57.2999216416759,114.5998432833518
15.322853198109188,30.645706396218376
25.04001254705005,50.0800250941001
80.99974989764125,161.9994997952825
0.8104657127724901,1.6209314255449803
11.987538221059113,23.975076442118226
45.236724154380546,90.47344830876109
15.296890880622705,30.59378176124541
96.34561782007049,192.69123564014097
99.69468724570491,199.38937449140982
2.68939836164791,5.37879672329582
94.95710847981724,189.91421695963447
15.957505480975499,31.915010961950998
27.33094024832723,54.66188049665446
48.82871928470733,97.65743856941467
86.99202084150727,173.98404168301454
27.738910807691873,55.477821615383746
64.55028654188264,129.10057308376528
18.770257754831555,37.54051550966311
99.91534195130379,199.83068390260757
59.541206653386716,119.08241330677343
36.29374473141962,72.58748946283924
48.39664246630135,96.7932849326027
8.039425864306715,16.07885172861343
44.97347126488441,89.94694252976882
38.472929108818036,76.94585821763607
18.151890880096467,36.30378176019293
32.82423068809662,65.64846137619324
20.80767009042902,41.61534018085804
57.5739421836157,115.1478843672314
79.26410196821368,158.52820393642736
10.608719720654335,21.21743944130867
97.56852004169974,195.13704008339948
55.8852530707604,111.7705061415208
86.84184267192936,173.6836853438587
89.40346218492266,178.80692436984532
65.60917175293073,131.21834350586147
33.56854574625208,67.13709149250415
89.86540780670188,179.73081561340376
91.61102761397095,183.2220552279419
35.20519549093347,70.41039098186694
90.4908858921663,180.9817717843326
21.211202218583512,42.422404437167025
69.04741983236264,138.09483966472527
81.39288476611878,162.78576953223757
47.414443029727,94.828886059454
8.558204746090558,17.116409492181116
2.348630779759475,4.69726155951895
53.50571917397112,107.01143834794225
81.51391505416385,163.0278301083277
67.89290928139813,135.78581856279627
14.850803163079906,29.701606326159812
6.9667229608809,13.9334459217618
37.80795386687294,75.61590773374589
60.96666264177326,121.93332528354652
0.33050607136990706,0.6610121427398141
55.82236101737814,111.64472203475628
49.124092145540885,98.24818429108177
48.85770356111172,97.71540712222344
65.8646144715635,131.729228943127
71.03388686563235,142.0677737312647
19.751727010363307,39.503454020726615
43.190500805362845,86.38100161072569
60.238169281611405,120.47633856322281
43.36830821986488,86.73661643972976
67.72535073465602,135.45070146931204
61.02189936599526,122.04379873199052
12.332619112333154,24.665238224666307
49.627950203770766,99.25590040754153
91.3546299012526,182.7092598025052
64.40231044208416,128.80462088416832
75.9883629435491,151.9767258870982
60.71535237709029,121.43070475418058
62.1651108346846,124.3302216693692
30.259768653253417,60.519537306506834
7.876824937121041,15.753649874242083
68.65688678665911,137.31377357331823
73.58325979371425,147.1665195874285
19.871115403753393,39.742230807506786
10.300378253428978,20.600756506857955
93.18407877610929,186.36815755221858
89.92760467323109,179.85520934646217
5.494833405828958,10.989666811657916
16.29568884132817,32.59137768265634
96.58069338914972,193.16138677829943
39.63133067433966,79.26266134867932
10.004618954919831,20.009237909839662
66.50597916870763,133.01195833741525
6.442218777236297,12.884437554472594
94.53021635048037,189.06043270096075
72.36667820460096,144.73335640920192
33.430803099325736,66.86160619865147
58.851366389082095,117.70273277816419
62.57129154257118,125.14258308514236
64.62592031378956,129.25184062757913
99.77153995526544,199.54307991053088
83.27867406495886,166.55734812991773
96.43247740229691,192.86495480459382
20.683933524301512,41.367867048603024
66.9466373989776,133.8932747979552
14.686168259519572,29.372336519039145
62.43924012538308,124.87848025076616
65.4931108143584,130.9862216287168
36.560114990630495,73.12022998126099
16.081296090557963,32.162592181115926
80.56188273072492,161.12376546144984
33.58200775001474,67.16401550002948
80.86287900097288,161.72575800194576
89.03218000743968,178.06436001487936
66.18989755208202,132.37979510416403
29.67161621457446,59.34323242914892
33.131310265343316,66.26262053068663
7.140753522560617,14.281507045121234
69.82337418554127,139.64674837108254
49.088721515386844,98.17744303077369
1.5860182759790509,3.1720365519581017
20.487425655159896,40.97485131031979
10.269602547733225,20.53920509546645
11.963467319206632,23.926934638413265
67.7184502929903,135.4369005859806
74.66854736931374,149.33709473862748
2.45166126699935,4.9033225339987
67.79063758431522,135.58127516863044
70.40112592941364,140.80225185882728
15.64328199815388,31.28656399630776
32.682334665225824,65.36466933045165
98.56178705549758,197.12357411099515
90.04225578248939,180.08451156497878
18.210096747286396,36.42019349457279
42.89908990675666,85.79817981351331
25.393217843119775,50.78643568623955
48.99004523079481,97.98009046158963
45.603665506013755,91.20733101202751
55.17226395836904,110.34452791673807
21.05669878849562,42.11339757699124
62.215117565471424,124.43023513094285
77.39015088422708,154.78030176845417
66.38611279925925,132.7722255985185
27.129778636080815,54.25955727216163
47.12377023430889,94.24754046861779
62.956344716300514,125.91268943260103
38.79745654519863,77.59491309039726
54.703799283013744,109.40759856602749
16.364604776598934,32.72920955319787
83.8015105534652,167.6030211069304
39.486658440281055,78.97331688056211
24.588579117449104,49.17715823489821
62.731862525452954,125.46372505090591
27.796265173850976,55.59253034770195
71.54225569858471,143.08451139716942
64.06246512801103,128.12493025602205
60.05823398071072,120.11646796142144
4.882017023657193,9.764034047314386
31.376865480835914,62.75373096167183
69.22762633651475,138.4552526730295
80.53244030608991,161.06488061217982
51.57902874634651,103.15805749269302
62.562540666535504,125.12508133307101
71.80226832747094,143.60453665494188
23.860884655485194,47.72176931097039
65.99729899264874,131.99459798529747
40.47989581305301,80.95979162610602
67.36193504785982,134.72387009571963
26.711844112536774,53.42368822507355
17.313077803408582,34.626155606817164
27.613184547832958,55.226369095665916
22.757048390328382,45.514096780656764
73.29291237033283,146.58582474066566
83.35701324685114,166.71402649370228
89.56910682304742,179.13821364609484
62.226423589982495,124.45284717996499
97.48083801505206,194.96167603010412
61.248236039100554,122.49647207820111
27.683215470337842,55.366430940675684
51.17939612080193,102.35879224160387
47.89950460333836,95.79900920667671
16.556277712706624,33.11255542541325
46.78168114095642,93.56336228191284
86.01628950973043,172.03257901946085
24.65995889003758,49.31991778007516
78.1509451864186,156.3018903728372
85.75018938638412,171.50037877276824
10.69578154288533,21.39156308577066
3.168479196043006,6.336958392086012
59.578295450275434,119.15659090055087
66.19260214436497,132.38520428872994
98.4267485808044,196.8534971616088
6.252981967930626,12.505963935861253
78.7666641185715,157.533328237143
54.873330988261216,109.74666197652243
49.00219909389987,98.00439818779974
31.059832892307227,62.119665784614455
60.54482444526259,121.08964889052518
86.62438794928471,173.24877589856942
22.9719019716356,45.9438039432712
88.08716900647488,176.17433801294976
40.33373181128738,80.66746362257476
2.7330977117273836,5.466195423454767
7.399025243652979,14.798050487305957
46.50334201379198,93.00668402758396
0.42659300131734357,0.8531860026346871
9.172891234890468,18.345782469780936
67.19156495187872,134.38312990375744
79.43951831078925,158.8790366215785
89.65281079222845,179.3056215844569
36.99411568688091,73.98823137376182
12.413024491973557,24.826048983947114
24.794650402609097,49.589300805218194
19.351475952831,38.702951905662
99.74443955686793,199.48887911373586
32.56295598146557,65.12591196293114
58.79214086194284,117.58428172388568
94.26977387690407,188.53954775380814
1.3347163968747577,2.6694327937495155
50.48975736074522,100.97951472149045
20.658072432359987,41.31614486471997
17.746809165829347,35.493618331658695
9.671888552975494,19.343777105950988
85.94199015988202,171.88398031976405
6.840397952439048,13.680795904878096
59.9281803480632,119.8563606961264
17.585515570466836,35.17103114093367
40.32385491816534,80.64770983633068
75.14693606182182,150.29387212364364
79.42578273108568,158.85156546217135
43.62879647209308,87.25759294418616
78.67891661319487,157.35783322638974
53.77386441327623,107.54772882655246
56.714341480547404,113.42868296109481
0.807388668259823,1.614777336519646
19.88141817316623,39.76283634633246
57.522272338068845,115.04454467613769
51.5835565010621,103.1671130021242
1.0318781951396905,2.063756390279381
86.83614701789418,173.67229403578835
58.11395959792799,116.22791919585597
72.33335077894392,144.66670155788785
14.614154359026976,29.228308718053952
6.536142650455535,13.07228530091107
76.14608007015765,152.2921601403153
79.09325455598515,158.1865091119703
54.574952175095824,109.14990435019165
0.2948786870510922,0.5897573741021844
21.879006195855766,43.75801239171153
88.76952547467702,177.53905094935405
69.42224243158135,138.8444848631627
24.98201479388755,49.9640295877751
34.21812567258202,68.43625134516404
82.44942576232448,164.89885152464896
61.43844598364866,122.87689196729733
63.89089555690789,127.78179111381579
46.06780664309321,92.13561328618643
0.9209086418489498,1.8418172836978997
1.6337359148215436,3.267471829643087
5.93754156795484,11.87508313590968
81.98350417464056,163.96700834928112
35.82841695442571,71.65683390885143
99.74878378284892,199.49756756569784
9.297249934378138,18.594499868756277
81.66943600854788,163.33887201709575
28.416341297311742,56.832682594623485
94.57746237892447,189.15492475784893
29.970698615416246,59.94139723083249
0.4832526710957241,0.9665053421914482
89.85450661426705,179.7090132285341
28.711011832292233,57.422023664584465
95.72223232727606,191.44446465455212
71.81506842543646,143.63013685087293
96.09025015064817,192.18050030129635
14.943735765135347,29.887471530270695
38.88771804366172,77.77543608732344
87.09163350365037,174.18326700730074
11.66140703727998,23.32281407455996
92.86472470403156,185.72944940806312
25.429732634493053,50.859465268986106
84.48202109690826,168.9640421938165
36.64391569434675,73.2878313886935
4.8377115973485925,9.675423194697185
5.56348694462947,11.12697388925894
13.3197593284631,26.6395186569262
59.920169130475095,119.84033826095019
79.84210428417158,159.68420856834317
8.478673668044912,16.957347336089825
85.96791617839408,171.93583235678815
8.160340127464504,16.32068025492901
77.63848773987024,155.27697547974049
19.21586994007799,38.43173988015598
14.642872352015823,29.285744704031647
74.8611172270014,149.7222344540028
60.6556440695705,121.311288139141
10.396181569106888,20.792363138213776
29.36080808228717,58.72161616457434
96.30816646561998,192.61633293123995
88.8057162544429,177.6114325088858
8.104993619745404,16.209987239490808
82.75456875160012,165.50913750320024
25.331610013242756,50.66322002648551
94.54435316323693,189.08870632647387
39.892323860336056,79.78464772067211
12.596323712896274,25.192647425792547
63.89918194895161,127.79836389790322
81.57991024915336,163.15982049830671
10.10438072085641,20.20876144171282
2.3933712757866488,4.7867425515732975
30.969666214158142,61.939332428316284
2.122115138822911,4.244230277645822
26.294023053938297,52.58804610787659
16.995281454995226,33.99056290999045
56.519355355199586,113.03871071039917
57.065408175030555,114.13081635006111
50.72259480934241,101.44518961868482
55.324777182663766,110.64955436532753
29.22694161985455,58.4538832397091
46.82488885851544,93.64977771703089
71.21940670303957,142.43881340607913
77.84004861683279,155.68009723366558
75.21905832438003,150.43811664876006
20.378038573700874,40.75607714740175
26.89198267018299,53.78396534036598
0.7690669427221852,1.5381338854443705
36.21181253256077,72.42362506512154
82.35473534057144,164.70947068114288
99.75065387451073,199.50130774902146
35.74593657715228,71.49187315430456
15.61256801346218,31.22513602692436
5.075372601273376,10.150745202546751
62.23093659094896,124.46187318189791
30.120670340467647,60.241340680935295
20.77381802189904,41.54763604379808
62.17165964627577,124.34331929255154
26.79792387358185,53.5958477471637
40.793246258358884,81.58649251671777
2.413551559909699,4.827103119819398
91.55631328144874,183.11262656289747
45.962545310026535,91.92509062005307
47.81379952081149,95.62759904162299
36.68475358208833,73.36950716417665
40.77632819297905,81.5526563859581
8.231125716999188,16.462251433998375
30.89106244517038,61.78212489034076
25.826524832427232,51.653049664854464
13.830903215300117,27.661806430600233
76.66273439880081,153.32546879760162
21.275983050674974,42.55196610134995
18.729677581578528,37.459355163157056
43.679488261244984,87.35897652248997
1.7959776718830422,3.5919553437660845
62.26058104715248,124.52116209430496
67.84687858571768,135.69375717143535
62.44559849721202,124.89119699442404
99.66004286382125,199.3200857276425
96.99183133966328,193.98366267932656
69.63672437957312,139.27344875914625
58.609689242780306,117.21937848556061
72.12735137834831,144.25470275669662
15.054664556720676,30.10932911344135
29.2286456853189,58.4572913706378
86.1112803853187,172.2225607706374
25.9195710159984,51.8391420319968
26.03913164850805,52.0782632970161
42.28401471225685,84.5680294245137
35.503069954571764,71.00613990914353
13.220107975235805,26.44021595047161
78.26084047727278,156.52168095454556
55.0647115385032,110.1294230770064
41.75818447731029,83.51636895462057
98.72278375421793,197.44556750843586
11.505660296239672,23.011320592479343
32.391298124224036,64.78259624844807
94.92662112304224,189.85324224608448
11.338292022921781,22.676584045843562
57.50386307391837,115.00772614783673
46.05962151478491,92.11924302956982
12.631525968589564,25.263051937179128
51.99692187293557,103.99384374587115
87.4035164619498,174.8070329238996
92.84356127907523,185.68712255815046
54.31979565820918,108.63959131641836
54.04892680649718,108.09785361299436
91.8440017613527,183.6880035227054
7.877881141906407,15.755762283812814
72.03008122848622,144.06016245697245
83.31416795320867,166.62833590641733
83.53465120356734,167.06930240713467
15.59902112366408,31.19804224732816
46.53236201132519,93.06472402265038
5.3363402876560055,10.672680575312011
29.172995635571965,58.34599127114393
42.79413945845025,85.5882789169005
70.92272549010706,141.8454509802141
29.593050433353095,59.18610086670619
36.54332327307911,73.08664654615822
14.413591842471796,28.82718368494359
51.90875387513031,103.81750775026062
20.41955884762281,40.83911769524562
5.255172715795419,10.510345431590839
90.6674003044566,181.3348006089132
87.46163116204868,174.92326232409735
98.34559762354017,196.69119524708034
17.32892511012569,34.65785022025138
31.68190367707594,63.36380735415188
34.532323478191174,69.06464695638235
4.151724969544935,8.30344993908987
19.525527683358636,39.05105536671727
77.93923358247625,155.8784671649525
21.021455600251816,42.04291120050363
23.587574773282427,47.17514954656485
34.5336647596746,69.0673295193492
8.892468751573047,17.784937503146093
74.730031707949,149.460063415898
85.3721986931425,170.744397386285
43.72388204123758,87.44776408247516
34.94570777029923,69.89141554059846
53.339443409623186,106.67888681924637
15.34745300890583,30.69490601781166
74.5567820877112,149.1135641754224
35.603843092438446,71.20768618487689
46.83559112032305,93.6711822406461
86.8377290612511,173.6754581225022
73.74941585671507,147.49883171343015
51.25382218680271,102.50764437360542
28.42952525059147,56.85905050118294
28.190866098931156,56.38173219786231
81.91490794652913,163.82981589305825
40.76401020965946,81.52802041931892
81.69584677996158,163.39169355992317
66.854237949879,133.708475899758
68.56020586315009,137.12041172630018
73.52219542977892,147.04439085955784
1.3657465607610275,2.731493121522055
42.78757841766962,85.57515683533924
34.35765883999279,68.71531767998557
3.1871922423297727,6.374384484659545
57.97251459247972,115.94502918495944
77.1541401976534,154.3082803953068
65.28222697929961,130.56445395859922
85.61932974255853,171.23865948511707
73.45082608566887,146.90165217133773
19.45808943396309,38.91617886792618
2.9059817262162446,5.811963452432489
83.94283591948457,167.88567183896913
92.40354638401458,184.80709276802915
11.5379717693725,23.075943538745
50.85335142832944,101.70670285665888
39.90801720048754,79.81603440097508
18.743652416327706,37.48730483265541
36.3329747919422,72.6659495838844
26.01141848843409,52.02283697686818
52.735410328289674,105.47082065657935
69.46950748997152,138.93901497994304
57.834497480048405,115.66899496009681
77.40194443888757,154.80388887777514
4.548231705309657,9.096463410619315
15.322967829120904,30.645935658241807
65.89317841929838,131.78635683859676
86.73015986709055,173.4603197341811
92.38574899106355,184.7714979821271
0.788237797319058,1.576475594638116
65.15036920826519,130.30073841653038
23.88264887656859,47.76529775313718
57.25552592866067,114.51105185732133
18.617199273375242,37.234398546750484
18.986679012900996,37.97335802580199
36.37250494977887,72.74500989955774
60.29670370258201,120.59340740516402
85.15168568933083,170.30337137866167
29.425805385218506,58.85161077043701
70.41695686957739,140.83391373915478
98.4864438338461,196.9728876676922
28.90467675072853,57.80935350145706
5.516109825541871,11.032219651083741
99.72909652943815,199.4581930588763
40.31088659428005,80.6217731885601
99.77893066264527,199.55786132529053
53.41020050038324,106.82040100076648
63.48163662026627,126.96327324053254
99.8672219682659,199.7344439365318
79.32352035610091,158.64704071220183
35.086674292208805,70.17334858441761
53.895822870116014,107.79164574023203
74.0142011701086,148.0284023402172
32.47444603361336,64.94889206722672
76.87293353556595,153.7458670711319
82.73014316284586,165.46028632569173
78.10396378929634,156.2079275785927
91.58673098881226,183.17346197762453
26.830241277391742,53.660482554783485
84.88904942733264,169.77809885466527
12.70696992019571,25.41393984039142
44.30913668396218,88.61827336792436
91.83949266086836,183.67898532173672
16.38411209481593,32.76822418963186
77.73692472370077,155.47384944740153
62.68512074468629,125.37024148937257
48.329984069440194,96.65996813888039
10.015645103918525,20.03129020783705
60.59703543111189,121.19407086222378
43.83975675313442,87.67951350626883
80.44443714871112,160.88887429742223
54.642394578274924,109.28478915654985
33.303594076735465,66.60718815347093
84.09298486829911,168.18596973659822
11.406550625273248,22.813101250546495
13.48751596607517,26.97503193215034
25.691092848890797,51.382185697781594
73.91429964894519,147.82859929789038
28.1623478578546,56.3246957157092
33.14847797990439,66.29695595980878
42.50551530943031,85.01103061886062
29.407352533227858,58.814705066455716
74.7110495433914,149.4220990867828
42.69822034957779,85.39644069915558
69.3721350676434,138.7442701352868
51.23244589504489,102.46489179008978
34.47843647408002,68.95687294816004
95.59953381680508,191.19906763361016
3.307797860808148,6.615595721616296
5.5173084084999875,11.034616816999975
29.23729112163046,58.47458224326092
69.97922530432156,139.95845060864312
68.77830550598554,137.55661101197109
36.51080017964941,73.02160035929882
9.539085808245652,19.078171616491304
27.754896725316446,55.50979345063289
30.092187134466652,60.184374268933304
19.492026316911225,38.98405263382245
89.07713772198697,178.15427544397394
28.993417404503084,57.98683480900617
4.594135160422475,9.18827032084495
75.20402098415201,150.40804196830402
29.430917735755948,58.861835471511895
13.669026612664403,27.338053225328807
76.14795646153365,152.2959129230673
86.59289088092717,173.18578176185434
90.03873085969332,180.07746171938663
33.89611547161474,67.79223094322948
43.02302725987737,86.04605451975473
95.78291764881615,191.5658352976323
85.59172454447564,171.18344908895128
5.520547178698676,11.041094357397352
53.626391592588604,107.25278318517721
93.47587027486692,186.95174054973384
38.23786909030926,76.47573818061852
44.81478763202581,89.62957526405162
96.69313049840082,193.38626099680164
4.413471053548967,8.826942107097935
13.564592272650733,27.129184545301467
49.76606729468001,99.53213458936003
51.258211617446136,102.51642323489227
39.44793831533045,78.8958766306609
31.226763221185415,62.45352644237083
34.197729163615065,68.39545832723013
34.671861358217626,69.34372271643525
27.012932210376274,54.02586442075255
12.99645510357631,25.99291020715262
38.59446218347256,77.18892436694512
48.16574131172363,96.33148262344726
97.97639526110066,195.95279052220133
15.729103182709814,31.458206365419628
63.0813210568844,126.1626421137688
69.36635242028326,138.73270484056653
48.8905794494171,97.7811588988342
51.57184747517057,103.14369495034114
90.46582351461961,180.93164702923923
46.84545379654198,93.69090759308396
69.8360800612409,139.6721601224818
24.40260696697677,48.80521393395354
59.27480308111436,118.54960616222871
92.31212416102953,184.62424832205906
47.45346402540493,94.90692805080985
34.91977954579938,69.83955909159876
25.344509090297386,50.68901818059477
61.195745928421566,122.39149185684313
56.71062446297972,113.42124892595945
25.964732396444347,51.929464792888695
12.86768385644984,25.73536771289968
21.967192012526347,43.934384025052694
39.51210673490622,79.02421346981244
17.3562382894894,34.7124765789788
77.65831803813941,155.31663607627883
28.412470664021892,56.824941328043785
33.186104537260505,66.37220907452101
57.333724797900175,114.66744959580035
70.67594959636449,141.35189919272898
17.077048377377004,34.15409675475401
31.05646919603228,62.11293839206456
27.26999866668414,54.53999733336828
84.23284542975351,168.46569085950702
73.6587603538469,147.3175207076938
75.21499224999789,150.42998449999578
81.3804478153634,162.7608956307268
48.13812473293875,96.2762494658775
66.89502556701132,133.79005113402263
8.60822129475748,17.21644258951496
24.940839539090533,49.881679078181065
36.2630139271503,72.5260278543006
16.87771450796375,33.7554290159275
10.826049931717275,21.65209986343455
88.60894561730763,177.21789123461525
6.679730040591291,13.359460081182583
37.650006118932936,75.30001223786587
78.2747313717016,156.5494627434032
76.96531905584938,153.93063811169876
4.0901180656705005,8.180236131341001
51.16444457878189,102.32888915756378
20.852529311354438,41.705058622708876
42.419748089997135,84.83949617999427
78.81253251685108,157.62506503370216
90.17360151907164,180.34720303814328
69.74910285172355,139.4982057034471
22.66932045010487,45.33864090020974
43.96805906526565,87.9361181305313
82.96163861584516,165.92327723169032
84.23801156785258,168.47602313570516
52.42356900737729,104.84713801475458
10.380705628260811,20.761411256521622
36.52724890923385,73.0544978184677
45.270806965067145,90.54161393013429
21.842041552837255,43.68408310567451
88.84803820368306,177.69607640736612
65.13051857771299,130.26103715542598
34.534214368933846,69.06842873786769
64.77070336181124,129.5414067236225
31.000414641367158,62.000829282734315
52.80213329007698,105.60426658015396
75.23844065871897,150.47688131743794
18.851235296144896,37.70247059228979
85.9964964505896,171.9929929011792
62.0360706865276,124.0721413730552
79.29023244045493,158.58046488090986
45.41446466897931,90.82892933795863
57.065238736635656,114.13047747327131
54.380914412385664,108.76182882477133
3.127934954211875,6.25586990842375
12.35348742973892,24.70697485947784
52.626182711899105,105.25236542379821
9.739070773239167,19.478141546478334
16.254268756230317,32.508537512460634
11.196730747901507,22.393461495803013
53.61032668695379,107.22065337390758
3.8528768893728915,7.705753778745783
98.94515859176694,197.89031718353388
15.261964378144599,30.523928756289198
28.668044263603278,57.336088527206556
68.8493566432254,137.6987132864508
37.3962796208797,74.7925592417594
82.74729473384049,165.49458946768098
75.93620906521596,151.87241813043192
88.78289616188223,177.56579232376447
80.0667454758889,160.1334909517778
61.96317538537337,123.92635077074674
4.360847643398902,8.721695286797804
3.4502496630352653,6.9004993260705305
73.21269124359054,146.42538248718108
67.77976602443294,135.5595320488659
10.179317297403557,20.358634594807114
3.3263482200103667,6.652696440020733
35.55713020909498,71.11426041818996
22.45774614011129,44.91549228022258
92.36006665661766,184.72013331323532
36.508871506792836,73.01774301358567
38.4151653144988,76.8303306289976
10.137415768115021,20.274831536230042
98.83490899230492,197.66981798460984
39.952535388843756,79.90507077768751
44.739085885436346,89.47817177087269
93.49745185944668,186.99490371889337
77.35397596652838,154.70795193305676
78.66086316922178,157.32172633844357
50.23392001893853,100.46784003787705
21.15804172253901,42.31608344507802
16.581184340087397,33.162368680174794
52.99995732382702,105.99991464765404
99.50487865677451,199.00975731354902
55.11373221115319,110.22746442230638
30.3560938788622,60.7121877577244
37.89567312865352,75.79134625730704
17.62548810360801,35.25097620721602
54.326784245860225,108.65356849172045
53.11575231396992,106.23150462793984
43.05336125939911,86.10672251879822
74.26083407716672,148.52166815433344
91.831192761294,183.662385522588
17.666113810170646,35.33222762034129
78.863723401456,157.727446802912
33.04221514527731,66.08443029055462
13.69678370008648,27.39356740017296
80.45771165025712,160.91542330051425
34.56101110081241,69.12202220162482
1.0246581136803656,2.0493162273607313
92.17056003188605,184.3411200637721
48.690005234927,97.380010469854
77.27485001554177,154.54970003108355
94.46938989235495,188.9387797847099
68.96142308310158,137.92284616620316
27.42265994373534,54.84531988747068
19.05953439751562,38.11906879503124
18.48606866464897,36.97213732929794
7.562663486268406,15.125326972536811
90.4016952735596,180.8033905471192
99.40674689987962,198.81349379975924
25.130814071533802,50.261628143067604
4.576489115787751,9.152978231575503
17.266654859490593,34.53330971898119
84.43909279249722,168.87818558499444
87.8419355663751,175.6838711327502
7.270263785943055,14.54052757188611
59.868840395295344,119.73768079059069
23.97669769150872,47.95339538301744
45.236932164704946,90.47386432940989
25.028588308176268,50.057176616352535
6.431809492810425,12.86361898562085
87.07430578330133,174.14861156660265
39.345120729152136,78.69024145830427
94.35796307990788,188.71592615981575
69.34925780612815,138.6985156122563
99.85693341777866,199.71386683555733
73.74724804986498,147.49449609972996
68.46122749346509,136.92245498693018
51.62862873939124,103.25725747878248
23.079849644008434,46.15969928801687
9.866774219928987,19.733548439857973
68.43937508060813,136.87875016121626
75.36261458888865,150.7252291777773
91.86842071538625,183.7368414307725
18.373968803499462,36.747937606998924
66.914344147855,133.82868829571
73.54695343584974,147.0939068716995
43.390797115994495,86.78159423198899
89.22844170222749,178.45688340445497
70.61665660858031,141.23331321716063
50.95912879245857,101.91825758491714
34.54135585276059,69.08271170552118
41.19579679011775,82.3915935802355
4.649773252570921,9.299546505141842
86.99414712937839,173.98829425875678
64.86680952564654,129.7336190512931
15.209943630295664,30.419887260591327
62.474474211109865,124.94894842221973
70.67699279735528,141.35398559471057
95.65453519601517,191.30907039203035
27.239769409791627,54.479538819583254
36.12672234807479,72.25344469614959
51.9432258635954,103.8864517271908
52.64742992132011,105.29485984264022
85.99982063798905,171.9996412759781
25.38985908311121,50.77971816622242
37.89722155489616,75.79444310979233
36.02732323195881,72.05464646391762
35.34587069285896,70.69174138571792
56.95802849414812,113.91605698829623
63.77722104656307,127.55444209312614
53.7173174508388,107.4346349016776
4.185152885332178,8.370305770664356
43.66858668948929,87.33717337897858
94.49234184690668,188.98468369381337
10.056160390525138,20.112320781050276
88.9538215770986,177.9076431541972
86.37699576944247,172.75399153888495
35.864199964067865,71.72839992813573
62.287094341408554,124.57418868281711
60.21336302112038,120.42672604224076
94.47979223561425,188.9595844712285
75.48861512114385,150.9772302422877
62.603554339488724,125.20710867897745
17.119534773573754,34.23906954714751
63.383837589941194,126.76767517988239
33.446346602016064,66.89269320403213
78.40905373604612,156.81810747209224
50.96655269878945,101.9331053975789
48.95400790503127,97.90801581006254
75.00868654588247,150.01737309176494
38.932947503891455,77.86589500778291
67.27318690380946,134.54637380761892
51.39880173795219,102.79760347590438
21.758488271593357,43.516976543186715
62.645635379568034,125.29127075913607
10.765546156443461,21.531092312886923
52.89737724851389,105.79475449702778
95.14283263807198,190.28566527614396
91.7211628337574,183.4423256675148
90.74284784447204,181.48569568894408
87.58234810123345,175.1646962024669
94.25237522204488,188.50475044408975
59.58427701501158,119.16855403002316
29.775463768540355,59.55092753708071
12.631098775049022,25.262197550098044
38.046312757635924,76.09262551527185
19.41233978521385,38.8246795704277
47.95039980421141,95.90079960842282
19.209712074455577,38.419424148911155
58.11914021636302,116.23828043272604
11.726348609129822,23.452697218259644
65.86516364077038,131.73032728154075
95.57458456447715,191.1491691289543
89.65836989507096,179.31673979014192
60.96833742152743,121.93667484305486
14.917975550058793,29.835951100117587
81.62178105880628,163.24356211761256
82.43732619819242,164.87465239638485
75.57318004293471,151.14636008586942
24.425695002494187,48.851390004988374
10.834805156772898,21.669610313545796
13.047756588058157,26.095513176116313
29.42460783898675,58.8492156779735
39.09181942706669,78.18363885413338
56.700727784281334,113.40145556856267
95.56045770498625,191.1209154099725
24.0130750285262,48.0261500570524
93.28126682452876,186.5625336490575
23.327832942379644,46.65566588475929
55.2701485094913,110.5402970189826
78.18282148740347,156.36564297480695
46.2733387695564,92.5466775391128
15.492141426778549,30.984282853557097
85.67265612551319,171.34531225102637
17.222297929764018,34.444595859528036
51.14443346983932,102.28886693967864
83.13949141342806,166.27898282685612
96.1624476606415,192.324895321283
96.73121046226926,193.46242092453852
69.84375830305011,139.68751660610022
98.88630256224047,197.77260512448095
24.066702791137086,48.13340558227417
39.131262567910284,78.26252513582057
33.27231111574701,66.54462223149402
64.88461775125681,129.76923550251362
8.581080665424812,17.162161330849624
48.88737722924348,97.77475445848695
55.493222309610665,110.98644461922133
15.885507841968616,31.771015683937232
96.14322251516818,192.28644503033635
3.6366178554007145,7.273235710801429
8.40528289565775,16.8105657913155
64.8340068679601,129.6680137359202
49.007665031171335,98.01533006234267
26.484042024410115,52.96808404882023
39.206690492514554,78.41338098502911
35.36405591570424,70.72811183140848
47.76070841126238,95.52141682252476
77.11463794307652,154.22927588615303
38.014024480920924,76.02804896184185
60.4737909582355,120.947581916471
15.327183020655454,30.654366041310908
35.75458342027139,71.50916684054278
22.728776279320893,45.45755255864179
10.99299060831883,21.98598121663766
86.33721616260058,172.67443232520117
83.88825000311925,167.7765000062385
38.808989593525645,77.61797918705129
19.534264465409045,39.06852893081809
84.95704718112184,169.91409436224367
26.84272781189785,53.6854556237957
30.03122012616438,60.06244025232876
68.93391742133278,137.86783484266556
33.716963538989795,67.43392707797959
58.95382341349351,117.90764682698702
74.60106430781852,149.20212861563704
84.87770824427548,169.75541648855096
57.51811337400975,115.0362267480195
8.802204853170071,17.604409706340142
30.69358930127447,61.38717860254894
60.02313365180364,120.04626730360728
24.180589457160607,48.361178914321215
78.20855091554515,156.4171018310903
2.1910551801721967,4.382110360344393
21.614919129667765,43.22983825933553
73.24729658566123,146.49459317132246
30.700622498997664,61.40124499799533
26.520300355011795,53.04060071002359
62.83801111029328,125.67602222058656
33.00932982011737,66.01865964023474
69.64828023755952,139.29656047511904
58.16866530792776,116.33733061585552
71.76504601164633,143.53009202329267
88.38375289853492,176.76750579706984
22.340947945003,44.681895890006
72.21831960585651,144.43663921171301
56.723013294884964,113.44602658976993
52.549253647399055,105.09850729479811
25.68437199648901,51.36874399297802
28.973878442722402,57.947756885444804
64.4014132985154,128.8028265970308
81.53036580217466,163.06073160434931
27.6392766254831,55.2785532509662
56.39759240940878,112.79518481881756
61.98906519186881,123.97813038373762
4.17094746903569,8.34189493807138
72.77068789500251,145.54137579000502
48.89924622377699,97.79849244755398
82.13656015932722,164.27312031865443
78.38135811908306,156.76271623816612
82.07891531963172,164.15783063926344
55.67357634610812,111.34715269221624
50.977917508391435,101.95583501678287
68.05835032254689,136.11670064509377
9.81378555608271,19.62757111216542
63.003826774885255,126.00765354977051
22.883516706480055,45.76703341296011
99.30152055037017,198.60304110074034
20.716780151134195,41.43356030226839
8.020681456206269,16.041362912412538
72.18520907411768,144.37041814823536
56.50099708315873,113.00199416631746
34.55812108300735,69.1162421660147
84.18257420034945,168.3651484006989
12.827123991867062,25.654247983734123
58.49951053983978,116.99902107967957
77.46175577380349,154.92351154760698
39.64391466997467,79.28782933994934
74.51455034968964,149.02910069937928
8.5455758415109,17.0911516830218
7.215511257593132,14.431022515186264
61.47674798038793,122.95349596077585
22.013200368873232,44.026400737746464
46.522282771780866,93.04456554356173
23.41651665290102,46.83303330580204
2.700033258234502,5.400066516469004
44.569349132182246,89.13869826436449
84.77760739355496,169.55521478710992
4.336868348131462,8.673736696262925
28.278479776846453,56.556959553692906
69.68658141912096,139.3731628382419
18.971979406855255,37.94395881371051
47.35037998853817,94.70075997707634
92.68101606381668,185.36203212763337
87.94641774673423,175.89283549346845
60.63374045752151,121.26748091504302
83.09771140248367,166.19542280496734
28.74437380191196,57.48874760382392
41.52501729815814,83.05003459631628
64.34323646385013,128.68647292770027
36.12669543581081,72.25339087162162
40.92683398891307,81.85366797782613
37.870739809868304,75.74147961973661
53.46717511674933,106.93435023349866
73.004648861125,146.00929772225
11.360380014333881,22.720760028667762
13.03362779193299,26.06725558386598
95.10837842482324,190.2167568496465
43.86534524744696,87.73069049489392
77.20153255387207,154.40306510774414
32.91175367164738,65.82350734329476
99.37678320525558,198.75356641051116
78.71836435022689,157.43672870045378
47.753703996735595,95.50740799347119
21.912314647901976,43.82462929580395
77.08061682147631,154.16123364295262
80.71975185111042,161.43950370222083
36.89522503264334,73.79045006528668
58.892607628664074,117.78521525732815
94.60169443690341,189.20338887380683
1.0100535164425106,2.0201070328850212
47.852819209807585,95.70563841961517
35.72668280518763,71.45336561037526
68.85315623054478,137.70631246108957
62.93873219596632,125.87746439193263
31.396396891117107,62.79279378223421
84.50595741448922,169.01191482897843
53.67789209298247,107.35578418596494
4.745535271557566,9.491070543115132
47.707894948107885,95.41578989621577
10.98504568983827,21.97009137967654
58.35058844566133,116.70117689132266
9.7830853195506,19.5661706391012
81.43446242323247,162.86892484646495
44.72607331074499,89.45214662148997
95.14734612580844,190.29469225161688
28.403026066168422,56.806052132336845
29.137598649263218,58.275197298526436
20.105177580001698,40.210355160003395
24.623400407144615,49.24680081428923
81.52204331567641,163.04408663135283
16.889045170279626,33.77809034055925
92.87924092152305,185.7584818430461
44.666422324808444,89.33284464961689
49.201706995830044,98.40341399166009
67.90248224918695,135.8049644983739
48.2062528833725,96.412505766745
47.17844843213641,94.35689686427283
56.76201970290171,113.52403940580342
71.27714948349349,142.55429896698698
3.1711129241950853,6.342225848390171
7.998581963257456,15.997163926514911
30.133023783907397,60.266047567814795
48.02296386315952,96.04592772631904
26.396398056082816,52.79279611216563
93.05706993258677,186.11413986517354
16.00031322312837,32.00062644625674
18.0085544722856,36.0171089445712
28.89380098161639,57.78760196323278
32.963186200669305,65.92637240133861
49.62645605250992,99.25291210501985
72.14706282420342,144.29412564840683
49.24246558824807,98.48493117649615
28.41971833826915,56.8394366765383
86.99109731355622,173.98219462711245
76.34229341858149,152.68458683716298
83.44958585365012,166.89917170730024
64.59366013564842,129.18732027129684
5.360889979543448,10.721779959086897
76.02317525902647,152.04635051805295
24.58622431712394,49.17244863424788
70.49308084382602,140.98616168765204
58.855968499779884,117.71193699955977
40.15703005605191,80.31406011210382
88.26382386968804,176.52764773937608
71.90479408397917,143.80958816795834
0.9502419062300427,1.9004838124600854
3.828906650934749,7.657813301869498
83.01131114311588,166.02262228623175
36.66668816477957,73.33337632955914
52.67516364509655,105.3503272901931
87.64618134932888,175.29236269865777
32.78137163301149,65.56274326602298
52.25063970717153,104.50127941434306
60.6110442999942,121.2220885999884
93.42488109789252,186.84976219578505
79.32771580159509,158.65543160319018
32.87063286742883,65.74126573485766
15.300975738256673,30.601951476513346
49.97218075652851,99.94436151305702
20.740678439156735,41.48135687831347
89.79894609307274,179.5978921861455
99.02583376033091,198.05166752066182
39.05295236882339,78.10590473764678
51.023003519833445,102.04600703966689
72.85798203935643,145.71596407871286
1.336867107802886,2.673734215605772
42.53904735537788,85.07809471075576
94.55021670152838,189.10043340305677
67.81606857511105,135.6321371502221
65.7997379784979,131.5994759569958
17.02037394601247,34.04074789202494
97.77320803045156,195.5464160609031
15.898463968755184,31.796927937510368
5.974258600465054,11.948517200930109
3.817214659898527,7.634429319797054
43.36222456507102,86.72444913014203
58.43303786701857,116.86607573403714
18.744158528650278,37.488317057300556
89.46065453870492,178.92130907740983
81.67991275830437,163.35982551660874
19.540717389622884,39.08143477924577
79.57325060679499,159.14650121358997
9.962838266932794,19.925676533865587
41.63519546663298,83.27039093326596
59.38420658704962,118.76841317409924
68.19424757518465,136.3884951503693
90.75892078684502,181.51784157369005
96.60954242547508,193.21908485095017
43.38329652614911,86.76659305229822
16.341969153025605,32.68393830605121
48.92450166425124,97.84900332850248
97.66348387167865,195.3269677433573
7.944781046745852,15.889562093491705
89.55264883599122,179.10529767198244
39.38529256053167,78.77058512106333
48.354910306307765,96.70982061261553
45.88630057640055,91.7726011528011
38.65183230894939,77.30366461789878
79.6342814321655,159.268562864331
1.484928140111852,2.969856280223704
68.76488129237016,137.52976258474033
11.518659035190314,23.03731807038063
20.252654483085852,40.505308966171704
51.64227475648497,103.28454951296995
62.6901220548055,125.380244109611
8.809091418481362,17.618182836962724
24.98689408461743,49.97378816923486
74.60981504909724,149.21963009819447
83.05059680445164,166.1011936089033
17.267148919922594,34.53429783984519
37.8197794174762,75.6395588349524
74.57068471065783,149.14136942131566
57.86627769906243,115.73255539812486
47.69600930155223,95.39201860310446
83.34880389615718,166.69760779231436
46.64655107996598,93.29310215993196
97.05344483282526,194.10688966565053
69.09027375407206,138.18054750814412
91.05901990182032,182.11803980364064
62.04823514412916,124.09647028825832
78.55263673520388,157.10527347040775
6.332033715145357,12.664067430290714
48.76183461418159,97.52366922836318
30.730802885422946,61.46160577084589
28.74922153299967,57.49844306599934
22.460219891431787,44.920439782863575
98.16330014297729,196.32660028595458
75.44144409087194,150.88288818174388
17.84385802564884,35.68771605129768
13.419079727704219,26.838159455408437
53.135182158794215,106.27036431758843
66.10386839576813,132.20773679153626
0.4336389545493202,0.8672779090986404
48.0557552507887,96.1115105015774
46.41121903999801,92.82243807999602
81.2020419713833,162.4040839427666
67.58096454535618,135.16192909071236
94.54950355005384,189.09900710010768
18.70962769905273,37.41925539810546
21.730045089334162,43.460090178668324
59.9694773106303,119.9389546212606
99.07482355713115,198.1496471142623
42.6018926867155,85.203785373431
95.91972332347862,191.83944664695724
89.23172717239049,178.46345434478098
45.38506548822399,90.77013097644797
4.7561006252595845,9.512201250519169
95.14707567589777,190.29415135179553
59.12576571368986,118.25153142737972
11.485466537794519,22.970933075589038
12.729123964536749,25.458247929073497
59.645153503586,119.290307007172
39.49338525711524,78.98677051423049
2.0096848144756985,4.019369628951397
50.08678475877385,100.1735695175477
41.62525924091894,83.25051848183789
18.271924074518363,36.54384814903673
66.25521352781254,132.5104270556251
30.301738597119808,60.603477194239616
4.3820085689621475,8.764017137924295
59.60097367207787,119.20194734415574
13.786841150477102,27.573682300954204
3.8886135017161205,7.777227003432241
28.335274187466,56.670548374932
67.80273071883028,135.60546143766055
56.767433651182664,113.53486730236533
20.894187037920965,41.78837407584193
58.75499069929096,117.50998139858191
57.566271282990066,115.13254256598013
70.43415313834619,140.86830627669238
43.151573181332225,86.30314636266445
93.5734971945911,187.1469943891822
48.29685023754122,96.59370047508244
51.20468978217589,102.40937956435178
79.8029984859957,159.6059969719914
17.004308907713707,34.008617815427414
20.78087467751275,41.5617493550255
51.20713466566335,102.4142693313267
88.58991050363845,177.1798210072769
64.13538440843726,128.27076881687452
57.410690293037725,114.82138058607545
73.53204757200325,147.0640951440065
48.69203183468026,97.38406366936051
90.62234562940836,181.24469125881672
22.149188283537,44.298376567074
53.785271318552596,107.57054263710519
95.11517546824622,190.23035093649244
46.60822751931014,93.21645503862028
2.6500515829324667,5.300103165864933
92.28871170994572,184.57742341989143
82.38888698276948,164.77777396553896
1.8350317818093154,3.6700635636186307
86.04277235364187,172.08554470728373
31.797910116832174,63.59582023366435
58.20479023545939,116.40958047091878
52.82807474494496,105.65614948988993
80.9595333024727,161.9190666049454
18.19282040209991,36.38564080419982
66.41391326967026,132.82782653934052
11.630123402359594,23.260246804719188
60.13020161381829,120.26040322763659
12.882427868569835,25.76485573713967
59.283379024699414,118.56675804939883
60.96583455500575,121.9316691100115
87.27849551192918,174.55699102385836
62.29380661202457,124.58761322404914
0.22337040908649852,0.44674081817299705
53.35334482630392,106.70668965260784
97.90862229700585,195.8172445940117
62.306321002567834,124.61264200513567
63.23876130684963,126.47752261369926
75.27158988713528,150.54317977427056
85.42409255694483,170.84818511388966
51.33057309918372,102.66114619836743
59.67841659041909,119.35683318083818
35.17617747760211,70.35235495520422
17.28405602131525,34.5681120426305
32.620228557054034,65.24045711410807
75.28251651140278,150.56503302280555
53.1836783614236,106.3673567228472
74.14878545220327,148.29757090440654
78.9885137880562,157.9770275761124
55.46192601333051,110.92385202666102
2.451807033642728,4.903614067285456
83.99217829184659,167.98435658369317
19.257970608235077,38.515941216470154
0.5843340641596084,1.1686681283192168
38.67611169167565,77.3522233833513
20.17031061802721,40.34062123605442
99.70154061761338,199.40308123522675
47.80677714194701,95.61355428389402
50.71053036832372,101.42106073664743
20.42004505997006,40.84009011994012
86.03330893858688,172.06661787717377
44.090986997029766,88.18197399405953
5.262539209965844,10.525078419931688
29.810656546072845,59.62131309214569
52.663014000845955,105.32602800169191
33.758589350826774,67.51717870165355
99.86486980046534,199.72973960093069
51.71616088480041,103.43232176960082
40.38663644277511,80.77327288555021
52.62880358433857,105.25760716867714
68.05402199641519,136.10804399283037
13.163419202682803,26.326838405365606
27.035684724923126,54.07136944984625
59.14099909434536,118.28199818869072
36.038608906592785,72.07721781318557
66.63706731234741,133.27413462469482
17.756101679697856,35.51220335939571
36.73500283009904,73.47000566019808
12.42362725303795,24.8472545060759
7.852814797445307,15.705629594890613
18.593311926999633,37.186623853999265
8.629379913572443,17.258759827144885
84.1871602690198,168.3743205380396
71.91950802456648,143.83901604913297
67.80538444299425,135.6107688859885
22.98570242579189,45.97140485158378
58.63058536751809,117.26117073503617
52.92928540587387,105.85857081174774
18.754653940565504,37.50930788113101
0.8885786486683256,1.7771572973366512
10.069944000695196,20.139888001390393
70.3302878466427,140.6605756932854
64.80441627452856,129.60883254905713
41.464699281028295,82.92939856205659
59.59424764532859,119.18849529065719
18.36761516391292,36.73523032782584
0.585387210384658,1.170774420769316
37.42754786403506,74.85509572807013
27.04586259912477,54.09172519824954
66.49944748243632,132.99889496487265
0.5795296601016076,1.1590593202032151
73.38530749018169,146.77061498036338
19.402292579633517,38.804585159267035
37.06710057613386,74.13420115226772
40.84894345393568,81.69788690787136
62.83561591779455,125.6712318355891
19.089617639670298,38.179235279340595
41.791274667100176,83.58254933420035
58.67070979606759,117.34141959213518
14.832049936849545,29.66409987369909
35.13544189133455,70.2708837826691
65.002187635855,130.00437527171
24.723844241573868,49.447688483147736
6.27251902036392,12.54503804072784
83.41488296868656,166.8297659373731
92.88324113704553,185.76648227409106
43.17643410148976,86.35286820297952
37.76809323375308,75.53618646750616
30.862084949573777,61.724169899147554
24.295241070814257,48.59048214162851
48.15425009435847,96.30850018871693
22.889143833857307,45.778287667714615
98.85276267233523,197.70552534467046
45.319371681483226,90.63874336296645
94.12018250790646,188.24036501581293
29.609909467178873,59.21981893435775
46.54423925211908,93.08847850423815
11.380931065424882,22.761862130849764
40.90467106410548,81.80934212821096
45.461455946731675,90.92291189346335
46.880702112234154,93.76140422446831
62.073193644064354,124.14638728812871
30.709587733980637,61.419175467961274
21.46378408179439,42.92756816358878
18.25565086508779,36.51130173017558
24.095859538239893,48.191719076479785
97.27351434532115,194.5470286906423
76.08706956129033,152.17413912258067
6.929058346620587,13.858116693241174
29.47308520705252,58.94617041410504
9.779879814915816,19.559759629831632
85.91513788765013,171.83027577530027
12.634482286060534,25.268964572121067
34.50075244701235,69.0015048940247
0.11989598083942399,0.23979196167884798
51.19172043756954,102.38344087513909
32.48290787645396,64.96581575290791
19.599534437417574,39.19906887483515
87.43715647207374,174.87431294414748
71.18509761005576,142.37019522011153
24.498478209028008,48.996956418056016
24.35548882011902,48.71097764023804
13.164347607748505,26.32869521549701
62.5362666721611,125.0725333443222
70.4673523826312,140.9347047652624
17.231506789245298,34.463013578490596
70.83877045851878,141.67754091703756
6.797704535312221,13.595409070624441
16.055796456738857,32.111592913477715
31.04475154208567,62.08950308417134
75.18418848222946,150.36837696445892
80.18421740488952,160.36843480977905
44.11687390532535,88.2337478106507
76.49772109961542,152.99544219923084
84.84786112660866,169.69572225321733
72.66780626337925,145.3356125267585
47.25951353552708,94.51902707105415
81.96785367203734,163.93570734407467
61.03456419014046,122.06912838028092
47.754819564125086,95.50963912825017
44.462781989392816,88.92556397878563
94.52530890753061,189.05061781506123
3.8051169793235973,7.6102339586471945
91.46142265975888,182.92284531951776
39.409350543478695,78.81870108695739
90.79475716771557,181.58951433543115
15.088609048077062,30.177218096154125
43.48693671154882,86.97387342309764
34.43874741312478,68.87749482624956
48.130699066927676,96.26139813385535
13.090805941578587,26.181611883157174
62.8185146959879,125.6370293919758
11.878226337695763,23.756452675391525
46.30385731301631,92.60771462603262
94.74181192319725,189.4836238463945
57.96068239975825,115.9213647995165
49.39859867781268,98.79719735562536
39.12215417873329,78.24430835746658
81.42554930403915,162.8510986080783
26.015846820176904,52.03169364035381
0.8965440850999817,1.7930881701999635
21.14758191973728,42.29516383947456
74.8812049295522,149.7624098591044
10.47542443476014,20.95084886952028
44.12090797942048,88.24181595884096
69.00328602110781,138.00657204221562
51.13905991405958,102.27811982811916
92.51790108243033,185.03580216486066
86.7159833644834,173.4319667289668
22.490344723853905,44.98068944770781
6.053532260902994,12.107064521805988
80.84539251157493,161.69078502314986
69.79641081630876,139.59282163261753
25.54056999742701,51.08113999485402
77.5019054621393,155.0038109242786
21.225162501162252,42.450325002324504
52.36942641209657,104.73885282419315
91.62001614852035,183.2400322970407
91.56137414859872,183.12274829719743
23.999490004268488,47.998980008536975
39.08817150361591,78.17634300723182
37.4668998923987,74.9337997847974
79.16271539994786,158.3254307998957
81.4759463789356,162.9518927578712
67.11068247242147,134.22136494484295
92.9722394983808,185.9444789967616
11.488441789935989,22.976883579871977
47.167252821765345,94.33450564353069
70.87142480127098,141.74284960254195
92.18763779393622,184.37527558787244
27.70408878142403,55.40817756284806
71.30164607861336,142.60329215722672
90.91817124438715,181.8363424887743
90.64847983505658,181.29695967011315
97.56206209847215,195.1241241969443
59.683369611273754,119.36673922254751
96.20216006241871,192.40432012483743
66.53797898335728,133.07595796671455
40.118277915094716,80.23655583018943
97.09213746152942,194.18427492305884
85.85737903036717,171.71475806073434
69.66838813300863,139.33677626601727
95.08967601883668,190.17935203767337
67.90550383088646,135.81100766177292
47.00555277993648,94.01110555987296
54.382498970185836,108.76499794037167
76.25615486549147,152.51230973098293
42.65008566614651,85.30017133229302
18.4698713106763,36.9397426213526
0.305557365731679,0.611114731463358
75.52683974930977,151.05367949861954
70.08535160384416,140.17070320768832
45.013127205088686,90.02625441017737
52.332380236888966,104.66476047377793
90.93142574556869,181.86285149113738
17.345108809993683,34.690217619987365
95.78896298239925,191.5779259647985
14.622140346423883,29.244280692847767
65.14556062072226,130.29112124144453
42.81395103850083,85.62790207700166
4.995002708342799,9.990005416685598
65.57315581150294,131.1463116230059
1.1961635846963525,2.392327169392705
14.750105666403856,29.500211332807712
78.2267165260106,156.4534330520212
35.17864892045603,70.35729784091205
59.65328495248469,119.30656990496938
10.360714210300614,20.721428420601228
18.894968199268725,37.78993639853745
69.72211698930553,139.44423397861107
37.2024244096479,74.4048488192958
37.490362751349274,74.98072550269855
0.26537906106406384,0.5307581221281277
64.50244277149527,129.00488554299054
8.790986097161625,17.58197219432325
18.21735681626321,36.43471363252642
14.801889826656778,29.603779653313556
33.336606762416665,66.67321352483333
5.103555437036111,10.207110874072223
94.74603985441816,189.49207970883631
20.933164277881687,41.866328555763374
83.60638685039588,167.21277370079176
53.57704919273299,107.15409838546599
69.69887857701528,139.39775715403056
57.36921029365662,114.73842058731324
18.02460400127054,36.04920800254108
91.22274747007832,182.44549494015664
13.955355557097327,27.910711114194655
66.35203445059263,132.70406890118525
40.701074368634906,81.40214873726981
20.51615061295411,41.03230122590822
19.517104898303305,39.03420979660661
99.41456866993101,198.82913733986203
53.25843124134854,106.51686248269708
70.33461119524706,140.66922239049413
92.78533938307093,185.57067876614187
54.833704306061804,109.66740861212361
58.41513900290717,116.83027800581434
39.170165637262045,78.34033127452409
46.25343597695053,92.50687195390105
61.19216921281083,122.38433842562166
1.001616693903673,2.003233387807346
56.172123485472014,112.34424697094403
27.570466474511978,55.140932949023956
84.06045370343853,168.12090740687705
11.481610705200563,22.963221410401125
18.105800829576502,36.211601659153004
32.74929830831375,65.4985966166275
82.75190902045271,165.50381804090543
31.779861405054678,63.559722810109356
18.976067746854586,37.95213549370917
91.25075313882996,182.50150627765993
5.262308070470489,10.524616140940978
35.25864686748462,70.51729373496924
68.18777361471273,136.37554722942545
99.27802354911898,198.55604709823797
30.05515138213397,60.11030276426794
18.263953650369945,36.52790730073989
49.98012475084891,99.96024950169782
18.991483856761327,37.982967713522655
3.1060999394216027,6.212199878843205
62.35989768673878,124.71979537347757
40.39486682024006,80.78973364048012
80.51416383626339,161.02832767252679
86.23813716919783,172.47627433839565
53.12206012736136,106.24412025472272
48.87098614057413,97.74197228114826
44.10978133658217,88.21956267316433
95.94415274491233,191.88830548982466
10.886555829806133,21.773111659612265
81.43410996683164,162.86821993366328
63.14621736181729,126.29243472363459
98.90504501708975,197.8100900341795
24.127660101466542,48.255320202933085
66.07395605827736,132.14791211655472
80.88024150259055,161.7604830051811
62.41961744110319,124.83923488220638
9.22148291088205,18.4429658217641
33.483650822599564,66.96730164519913
57.6256654379074,115.2513308758148
68.73062658206682,137.46125316413364
63.04548364062209,126.09096728124418
79.24620447963323,158.49240895926647
63.12096633865644,126.24193267731287
82.34765920672112,164.69531841344224
41.8168818373481,83.6337636746962
45.997842894865606,91.99568578973121
16.815856802679907,33.63171360535981
83.2707320504392,166.5414641008784
27.71550535180389,55.43101070360778
15.393612876096185,30.78722575219237
2.861187022684375,5.72237404536875
27.51910879407119,55.03821758814238
64.29262335495427,128.58524670990855
47.72502816124936,95.45005632249872
92.10579223841408,184.21158447682816
18.098055240008158,36.196110480016316
5.472783168712292,10.945566337424584
14.232990355714147,28.465980711428294
83.76171787538554,167.52343575077109
73.19879285428341,146.39758570856682
33.773825543233635,67.54765108646727
88.62034240002149,177.24068480004297
2.0984899904835874,4.196979980967175
62.47672904930207,124.95345809860414
76.27310685552506,152.54621371105011
41.787377047589416,83.57475409517883
32.39482516555822,64.78965033111643
30.07857423909275,60.1571484781855
65.9189139391758,131.8378278783516
59.263820227009376,118.52764045401875
16.517483664391385,33.03496732878277
83.17343176656588,166.34686353313177
75.24516509101034,150.49033018202067
6.637890279429004,13.275780558858008
27.76625800798381,55.53251601596762
69.01156577139116,138.02313154278232
82.25144947388155,164.5028989477631
50.655554706428,101.311109412856
23.562230626488812,47.124461252977625
7.178266319319615,14.35653263863923
68.14628328991282,136.29256657982563
28.035826972613954,56.07165394522791
31.60960153275667,63.21920306551334
38.105116401566264,76.21023280313253
79.26248846425281,158.52497692850562
55.167259471299644,110.33451894259929
8.265088765865292,16.530177531730583
64.13488044762661,128.26976089525323
21.70775963987236,43.41551927974472
31.97619507288374,63.95239014576748
46.309602405531336,92.61920481106267
90.69481944314884,181.3896388862977
12.59712753115868,25.19425506231736
94.51645997652342,189.03291995304684
63.51142500867969,127.02285001735937
40.51921741964368,81.03843483928736
99.40725731115553,198.81451462231107
47.28152278053933,94.56304556107867
86.20610754519305,172.4122150903861
46.86575151681499,93.73150303362998
3.7854492102417536,7.570898420483507
79.7590992957394,159.5181985914788
95.82529107123207,191.65058214246415
45.05054935575904,90.10109871151808
86.40987940697464,172.81975881394928
79.81173569233434,159.62347138466868
76.61321866911904,153.22643733823807
99.32570406770623,198.65140813541245
90.14044406929288,180.28088813858577
76.45782933071979,152.91565866143958
69.02598060092078,138.05196120184155
34.95337480721944,69.90674961443888
84.73490563025778,169.46981126051557
91.74651022110109,183.49302044220218
89.94342961255313,179.88685922510626
65.33846388107864,130.67692776215728
16.87190479966202,33.74380959932404
58.86698679304757,117.73397358609515
88.98891800376771,177.97783600753542
58.54079957820685,117.0815991564137
27.859433549716773,55.718867099433545
42.5447519253083,85.0895038506166
67.79526347302671,135.59052694605342
0.07006823790071115,0.1401364758014223
85.16027274622861,170.32054549245723
4.598675343350889,9.197350686701778
41.61330801948887,83.22661603897774
28.92858677846698,57.85717355693396
49.603214813170425,99.20642962634085
76.41010419371848,152.82020838743696
10.728777391305345,21.45755478261069
72.7477709120684,145.4955418241368
35.36850984408755,70.7370196881751
82.53861943910223,165.07723887820447
16.118536254585525,32.23707250917105
73.53774991403395,147.0754998280679
67.83657701604568,135.67315403209136
7.38718721168018,14.77437442336036
1.56729209824642,3.13458419649284
77.81613073894738,155.63226147789476
45.61834687829115,91.2366937565823
96.24651876005593,192.49303752011187
70.77187395777032,141.54374791554065
78.3782812656851,156.7565625313702
37.31920483618332,74.63840967236663
68.09933153963186,136.19866307926372
33.87936570782543,67.75873141565086
63.29030730815774,126.58061461631549
9.114597294802573,18.229194589605147
45.38248650128314,90.76497300256628
15.115310409590798,30.230620819181595
65.65051590632393,131.30103181264786
44.69243654470263,89.38487308940526
63.392739898904956,126.78547979780991
96.34124492840564,192.6824898568113
10.172928291444538,20.345856582889077
52.94799940639353,105.89599881278706
59.429961708783566,118.85992341756713
16.62338238844663,33.24676477689326
87.02812212008678,174.05624424017356
93.32965720638641,186.65931441277283
21.033900750582536,42.06780150116507
62.3542173576608,124.7084347153216
75.75981251866834,151.51962503733668
78.18468272788691,156.36936545577382
15.081151957032212,30.162303914064424
39.56413725409808,79.12827450819616
81.3710335993257,162.7420671986514
99.29305398723379,198.58610797446758
80.93010555135803,161.86021110271605
3.0553072259946745,6.110614451989349
87.45650448464004,174.91300896928007
69.25636537044299,138.51273074088598
63.87097609472274,127.74195218944548
60.327598009559416,120.65519601911883
19.55664343173431,39.11328686346862
18.889665719383185,37.77933143876637
84.88372324136047,169.76744648272094
55.430470659071,110.860941318142
64.2566033541473,128.5132067082946
98.01247477412579,196.02494954825158
11.956787978450512,23.913575956901024
9.311183180528626,18.622366361057253
3.783240127908183,7.566480255816366
40.8745998564626,81.7491997129252
26.167040428385146,52.33408085677029
87.73320805850285,175.4664161170057
17.831828148639595,35.66365629727919
23.829961397584142,47.659922795168285
68.66163353739083,137.32326707478165
70.2816685244447,140.5633370488894
7.07435311760769,14.14870623521538
74.68823920771037,149.37647841542073
81.52603302822227,163.05206605644454
25.318447245321618,50.636894490643236
9.553447749577105,19.10689549915421
99.93556107448138,199.87112214896277
85.5322830222192,171.0645660444384
77.32461529688877,154.64923059377753
96.28526160780126,192.57052321560252
38.53056324545763,77.06112649091526
4.442454911387728,8.884909822775455
94.91894248880693,189.83788497761387
10.337193156193747,20.674386312387494
85.03679231062252,170.07358462124503
54.52690941727558,109.05381883455117
83.7386157643957,167.4772315287914
8.062813423158754,16.12562684631751
28.42173904217401,56.84347808434802
37.822785679753515,75.64557135950703
10.464321735835414,20.928643471670828
62.01912520995805,124.0382504199161
37.67740523126304,75.35481046252607
18.635469563997454,37.27093912799491
58.355616680166634,116.71123336033327
34.50174253510898,69.00348507021796
92.29459897394106,184.58919794788213
21.159101336895535,42.31820267379107
58.16712481181106,116.33424962362211
47.57986164331932,95.15972328663864
62.5448004207545,125.089600841509
7.054284958535106,14.108569917070213
5.810369909220226,11.620739818440452
92.8423311245071,185.6846622490142
8.404162976837348,16.808325953674697
65.61164971932344,131.22329943864688
41.194615309126746,82.38923061825349
39.410127926923636,78.82025585384727
37.05127081779597,74.10254163559193
73.07155435998287,146.14310871996574
98.62396843513989,197.24793687027977
36.649375690849475,73.29875138169895
61.42534638790025,122.8506927758005
90.329528109563,180.659056219126
25.41216298293456,50.82432596586912
68.67161516563124,137.34323033126248
12.046307034822924,24.092614069645848
14.24261248113109,28.48522496226218
37.136623047884264,74.27324609576853
51.66430319463093,103.32860638926186
11.690025291827066,23.380050583654132
85.74343755127701,171.48687510255402
72.95587911528,145.91175823056
51.93032095044303,103.86064190088607
66.8459851066554,133.6919702133108
5.501931865937126,11.003863731874253
18.00854502673186,36.01709005346372
26.4285723281971,52.8571446563942
45.047941355019695,90.09588271003939
96.2201800112112,192.4403600224224
15.590450269796175,31.18090053959235
59.42493101029274,118.84986202058548
91.07466811556736,182.14933623113473
45.359625447897166,90.71925089579433
16.09138625128136,32.18277250256272
75.29100361867572,150.58200723735143
35.28082188463526,70.56164376927052
80.55666952775908,161.11333905551817
6.888590420121787,13.777180840243574
28.85352533869312,57.70705067738624
2.333819225543965,4.66763845108793
21.97185204535055,43.9437040907011
43.32081299232022,86.64162598464044
31.934739020427095,63.86947804085419
73.73568069866965,147.4713613973393
68.92444251737243,137.84888503474485
13.033558474481211,26.067116948962422
29.811893623788865,59.62378724757773
75.47580684385856,150.95161368771713
3.7523751923045245,7.504750384609049
23.15607266499753,46.31214532999506
48.35756578300602,96.71513156601203
41.115416967375495,82.23083393475099
40.929330755673234,81.85866151134647
16.8692289723941,33.7384579447882
51.38127624260661,102.76255248521322
16.80926208491845,33.6185241698369
49.93680763998945,99.8736152799789
34.22562152067534,68.45124304135068
9.063286549140582,18.126573098281163
62.4192040511611,124.8384081023222
18.05876760785601,36.11753521571202
44.40818021776274,88.81636043552548
10.012333368046455,20.02466673609291
69.76652715811188,139.53305431622377
77.24503344147301,154.49006688294602
31.018381617672564,62.03676323534513
20.31256908866582,40.62513817733164
94.44953537099991,188.89907074199982
46.326783093475775,92.65356618695155
83.4886515401343,166.9773030802686
33.66690386328045,67.3338077265609
18.321139644041107,36.642279288082214
59.20942414036254,118.41884828072509
28.62193859853526,57.24387719707052
50.9024319439052,101.8048638878104
92.6586314061958,185.3172628123916
9.600561829293685,19.20112365858737
59.87411896008019,119.74823792016038
68.69013502799352,137.38027005598704
18.240524394882684,36.48104878976537
64.11476129555291,128.22952259110582
20.158705756509132,40.317411513018264
99.5463477157091,199.0926954314182
38.549944918860376,77.09988983772075
56.544874347083784,113.08974869416757
98.20574868636899,196.41149737273798
23.971212874715388,47.942425749430775
51.81880876521405,103.6376175304281
75.85658652186346,151.71317304372693
66.93533019885591,133.87066039771182
33.789976398416464,67.57995279683293
41.01304951578082,82.02609903156164
10.134492175728138,20.268984351456275
6.9815823630250184,13.963164726050037
66.04375106062307,132.08750212124613
55.41853881303148,110.83707762606296
7.772931323145659,15.545862646291319
14.788216427805335,29.57643285561067
43.23191554317604,86.46383108635207
88.30342403330735,176.6068480666147
83.28070323180754,166.56140646361507
56.01342279979071,112.02684559958142
87.3716148708564,174.7432297417128
2.0961178859767116,4.192235771953423
26.051161252572562,52.102322505145125
44.13355955052106,88.26711910104213
75.95193805492553,151.90387610985107
82.04194100739267,164.08388201478533
11.93893229578008,23.87786459156016
72.5471101777541,145.0942203555082
11.497893528214053,22.995787056428107
40.00807584453834,80.01615168907668
66.69023580415762,133.38047160831525
13.042627340040857,26.085254680081714
32.80214334799075,65.6042866959815
33.15176228743976,66.30352457487952
66.91981162754855,133.8396232550971
32.05780436325528,64.11560872651056
38.5178311058081,77.0356622116162
27.67124962299079,55.34249924598158
85.94771727136235,171.8954345427247
4.354169855117329,8.708339710234657
4.997793753830915,9.99558750766183
72.27850999419564,144.5570199883913
29.943200086007128,59.886400172014255
29.129307629641687,58.258615259283374
26.647319017410155,53.29463803482031
90.48996050040607,180.97992100081214
5.572736416953306,11.145472833906611
26.32792501691793,52.65585003383586
48.6841383289898,97.3682766579796
28.145360311088417,56.290720622176835
95.5925929982925,191.185185996585
31.96864126795631,63.93728253591262
95.9608575418182,191.9217150836364
10.734135548744273,21.468271097488547
47.95786222438192,95.91572444876384
71.16058710715883,142.32117421431767
69.85745288035707,139.71490576071415
36.03754332829075,72.0750866565815
55.685243879191624,111.37048775838325
89.2918319279857,178.5836638559714
63.373722323118244,126.74744464623649
66.2992015976837,132.5984031953674
97.06922550065015,194.1384510013003
98.4026100771107,196.8052201542214
86.3342500999633,172.6685001999266
63.73259305500565,127.4651861100113
26.49686795212084,52.99373590424168
30.62319521189687,61.24639042379374
28.285896840751988,56.571793681503976
97.84288179729852,195.68576359459703
20.457127451249235,40.91425490249847
16.356331183973804,32.71266236794761
64.7535721903169,129.5071443806338
55.16830820713449,110.33661641426897
1.8030915299398265,3.606183059879653
86.03094725099571,172.06189450199142
68.08217225378814,136.1643445075763
67.85189201307516,135.70378402615032
0.39583745422360206,0.7916749084472041
34.25832525989675,68.5166505197935
99.84406744700186,199.68813489400372
72.04922451895767,144.09844903791534
23.781085910944967,47.56217182188993
28.652597185343055,57.30519437068611
59.90902606660082,119.81805213320165
97.20074589786832,194.40149179573663
81.88787235150755,163.7757447030151
89.82480836888433,179.64961673776867
41.04071378970088,82.08142757940176
69.71442794339907,139.42885588679815
53.01891282973994,106.03782565947988
64.6659397633221,129.3318795266442
22.265460637086456,44.53092127417291
58.33864386132802,116.67728772265605
84.11732849231694,168.2346569846339
87.9045539017372,175.8091078034744
47.29971119860449,94.59942239720898
93.70937139423995,187.4187427884799
47.79587823469811,95.59175646939622
94.65239745921747,189.30479491843494
45.51315038142524,91.02630076285048
81.48908654100337,162.97817308200675
86.14009307228051,172.28018614456101
24.466739578583585,48.93347915716717
25.789790534041135,51.57958106808227
11.182243773715095,22.36448754743019
35.9001476058269,71.8002952116538
92.35637106392724,184.71274212785448
2.8313799849981947,5.662759969996389
86.70755182295152,173.41510364590303
15.620721398860226,31.241442797720453
98.94908964218162,197.89817928436324
26.77521852638767,53.55043705277534
54.48444865075102,108.96889730150204
44.62318736615739,89.24637473231478
81.15595112081157,162.31190224162313
81.13938635576403,162.27877271152806
7.911816941396599,15.823633882793198
46.16989551326742,92.33979102653484
1.0324985285448562,2.0649970570897125
94.86069030132784,189.72138060265567
16.36812170009102,32.73624340018204
90.86821938595736,181.73643877191472
5.372034407452553,10.744068814905106
94.23501708678924,188.47003417357848
16.405587142949287,32.81117428589857
75.72813409501849,151.45626819003698
49.2602328089109,98.5204656178218
25.76007328815718,51.52014657631436
23.85601512576424,47.71203025152848
77.7962585896333,155.5925171792666
24.318800755334678,48.637601510669356
99.1238494739796,198.2476989479592
78.89183533032336,157.78367066064672
54.91056014478397,109.82112028956794
52.74308889187098,105.48617778374197
95.07404789799338,190.14809579598676
42.611177261378444,85.22235452275689
15.126877354550416,30.253754709100832
40.287428210167676,80.57485642033535
43.868177873247404,87.73635574649481
35.7540136044929,71.5080272089858
64.65119217815925,129.3023843563185
21.721367256385914,43.44273451277183
60.68897886492376,121.37795772984752
35.98637617585984,71.97275235171968
26.733534215466147,53.467068430932294
37.935254566547606,75.87050913309521
16.714201742606992,33.428403485213984
18.100726046697847,36.201452093395694
63.71360065032224,127.42720130064448
54.0189850226498,108.0379700452996
18.267124944528135,36.53424988905627
21.673884389115017,43.347768778230034
63.04088283122356,126.08176566244713
89.68614159115242,179.37228318230484
31.70617449861406,63.41234899722812
24.785846514708997,49.57169302941799
86.13450476449376,172.2690095289875
21.82652932544088,43.65305865088176
74.40041964290783,148.80083928581567
5.779632918745536,11.559265837491072
16.95205075315196,33.90410150630392
48.696948447356604,97.39389689471321
84.13483377356974,168.26966754713948
2.360086195261657,4.720172390523314
50.772976631325925,101.54595326265185
50.87485159493339,101.74970318986678
43.233909885306986,86.46781977061397
79.53002817122324,159.06005634244647
45.721521372004915,91.44304274400983
85.27236484764676,170.5447296952935
66.08831522851871,132.17663045703742
64.10469128144632,128.20938256289264
59.33226825803503,118.66453651607006
45.19185638739797,90.38371277479594
40.042391753038196,80.08478350607639
99.19071250146405,198.3814250029281
29.757782604869742,59.515565209739485
58.75698979499202,117.51397958998405
50.561887460728585,101.12377492145717
12.527841814121988,25.055683628243976
65.51331764999237,131.02663529998475
13.272857499423395,26.54571499884679
63.684355746230224,127.36871149246045
72.47796043740018,144.95592087480037
91.94715365687726,183.89430731375452
14.154864847385873,28.309729694771747
15.843284961207615,31.68656992241523
59.47369174136896,118.94738348273792
8.433931270683193,16.867862541366385
27.273631538411724,54.54726307682345
54.61110631294823,109.22221262589646
0.4082110290202001,0.8164220580404002
24.441442209218657,48.882884418437314
60.05220665013573,120.10441330027146
36.719467701207684,73.43893540241537
25.53114685134198,51.06229370268396
43.75323532197187,87.50647064394374
44.7603145256185,89.520629051237
26.03761657932675,52.0752331586535
70.27904055317904,140.5580811063581
76.96453526737606,153.92907053475213
24.5100613043965,49.020122608793
1.7790746339442554,3.5581492678885107
0.863517439921746,1.727034879843492
90.2756394294605,180.551278858921
91.46560079000814,182.93120158001628
48.807778316629914,97.61555663325983
94.05531110836397,188.11062221672793
44.396776975161366,88.79355395032273
45.33375451556667,90.66750903113333
68.79549521028481,137.59099042056963
98.57901382296758,197.15802764593516
24.524154904642536,49.04830980928507
53.24078389946849,106.48156779893698
15.594405690225088,31.188811380450176
90.63601350753197,181.27202701506394
60.65932695021212,121.31865390042424
65.47944302936394,130.95888605872787
53.43519081922068,106.87038163844136
57.45963559177842,114.91927118355684
26.895366220123652,53.790732440247304
70.11154824487087,140.22309648974175
1.263623324915586,2.527246649831172
86.51531283056345,173.0306256611269
83.7106770961507,167.4213541923014
23.377032975720336,46.75406595144067
2.5905945813319398,5.1811891626638795
87.4331857919623,174.8663715839246
63.259357861322364,126.51871572264473
58.5778200124436,117.1556400248872
8.52024453629645,17.0404890725929
57.21729776668356,114.43459553336712
87.11654012426003,174.23308024852005
87.04805693594153,174.09611387188306
80.58957359425325,161.1791471885065
58.1049755978144,116.2099511956288
48.124209890396145,96.24841978079229
86.73911202192681,173.47822404385363
96.30640986267622,192.61281972535244
85.54074888915822,171.08149777831645
72.66115079708054,145.32230159416108
50.296331469882894,100.59266293976579
8.584884012197247,17.169768024394493
38.6194686435245,77.238937287049
43.14375566387238,86.28751132774477
20.917750558684055,41.83550111736811
10.937311590791222,21.874623181582443
49.48216906941888,98.96433813883776
76.7233664099877,153.4467328199754
39.89104619108079,79.78209238216158
48.98934217593046,97.97868435186092
26.590759068427438,53.181518136854876
48.03585878966325,96.0717175793265
17.031933201530435,34.06386640306087
71.04352559597362,142.08705119194724
78.52855197705459,157.05710395410918
4.7433622096634265,9.486724419326853
32.42060175641477,64.84120351282954
94.97504242131005,189.9500848426201
48.9266955204373,97.8533910408746
20.287083520432848,40.574167040865696
71.65489479921361,143.30978959842722
50.718033014315154,101.43606602863031
64.08993936712716,128.17987873425432
69.59377955544088,139.18755911088175
5.463169746620611,10.926339493241223
99.23858550280272,198.47717100560544
47.2306691550776,94.4613383101552
68.03219604211412,136.06439208422825
48.43397101228019,96.86794202456038
90.06179963555448,180.12359927110896
61.799939184083804,123.59987836816761
83.0851571506482,166.1703143012964
14.023851793357823,28.047703586715645
82.58947220325233,165.17894440650466
50.89553159987158,101.79106319974316
65.79769265059127,131.59538530118255
20.85566249595613,41.71132499191226
32.515612968006295,65.03122593601259
58.00170577011497,116.00341154022993
7.809202554434702,15.618405108869403
32.467031190330864,64.93406238066173
31.92088448307644,63.84176896615288
64.19633680496565,128.3926736099313
75.18029583570569,150.36059167141138
15.283859366060959,30.567718732121918
34.73913692831897,69.47827385663794
41.641007224224566,83.28201444844913
57.02096030911284,114.04192061822567
45.15017445929681,90.30034891859361
24.387995521090712,48.775991042181424
72.41214499933824,144.82428999867648
82.52103347459362,165.04206694918724
66.38939776553346,132.77879553106692
63.382422159867566,126.76484431973513
89.88547970962121,179.77095941924242
14.09296698635364,28.18593397270728
10.559045743521711,21.118091487043422
27.30815795896374,54.61631591792748
21.188699777146148,42.377399554292296
54.54523273522987,109.09046547045973
99.17953115481065,198.3590623096213
61.33206064698753,122.66412129397506
6.640389526216939,13.280779052433878
66.99077089981259,133.98154179962518
16.709833722930266,33.41966744586053
23.14596792139536,46.29193584279072
52.703212514456624,105.40642502891325
11.5831962044483,23.1663924088966
15.112438290933405,30.22487658186681
69.3859063877724,138.7718127755448
30.688425759957518,61.376851519915036
48.96218021466616,97.92436042933232
66.63008906652829,133.26017813305657
77.48527035016801,154.97054070033602
34.61898807717289,69.23797615434577
19.33127380229285,38.6625476045857
66.89368398235143,133.78736796470287
75.66500911037168,151.33001822074337
98.39220172007003,196.78440344014007
46.91154181764182,93.82308363528364
64.6126587950198,129.2253175900396
65.98656086382037,131.97312172764074
23.55828407041041,47.11656814082082
90.94940681326794,181.89881362653588
24.447121368815104,48.89424273763021
67.89123929207412,135.78247858414824
89.2766342222277,178.5532684444554
43.50357339605172,87.00714679210344
96.92013357838559,193.84026715677118
89.67413107818646,179.34826215637293
17.26403920735773,34.52807841471546
62.18274866924995,124.3654973384999
5.430067447272835,10.86013489454567
14.392262721063043,28.784525442126085
87.51210095759194,175.02420191518388
60.04081794157907,120.08163588315814
86.12503150931781,172.25006301863561
40.722406052116476,81.44481210423295
60.926002517929376,121.85200503585875
34.927098761507835,69.85419752301567
36.35545855795286,72.71091711590572
86.98799032636143,173.97598065272285
3.558248043985679,7.116496087971358
14.934993218185689,29.869986436371377
62.565390424440835,125.13078084888167
14.725485259785708,29.450970519571417
80.69198075937733,161.38396151875466
30.759341832746568,61.518683665493135
40.91519492699685,81.8303898539937
7.745438379506043,15.490876759012085
4.473679422511212,8.947358845022425
42.51870458140328,85.03740916280655
61.58101432737827,123.16202865475654
42.67480448632727,85.34960897265454
85.34884433517423,170.69768867034847
46.46482990042035,92.9296598008407
92.95354604933544,185.9070920986709
39.38781020900003,78.77562041800006
45.38335450024271,90.76670900048542
10.5524559040701,21.1049118081402
76.80928592180373,153.61857184360747
30.051365645727902,60.102731291455804
73.56478427349494,147.12956854698987
78.81913250192034,157.63826500384067
88.48956899211608,176.97913798423215
53.05302981293316,106.10605962586632
75.57044318210588,151.14088636421175
0.8698409065157064,1.739681813031413
57.2266677095418,114.4533354190836
23.905530492902795,47.81106098580559
86.41875214149314,172.8375042829863
55.07636757134789,110.15273514269578
39.70014673117925,79.4002934623585
67.6176794042011,135.2353588084022
13.188713536634166,26.377427073268333
8.042535442637611,16.085070885275222
42.375433729736024,84.75086745947205
34.310343592446955,68.62068718489391
83.33235938335079,166.66471876670158
10.654595471125038,21.309190942250076
74.10499805148837,148.20999610297673
53.75256006871494,107.50512013742988
17.38095888820661,34.76191777641322
43.14191279796273,86.28382559592546
94.581392122616,189.162784245232
62.614269534760226,125.22853906952045
56.81628076564033,113.63256153128066
12.648256647072188,25.296513294144376
39.21211710490541,78.42423420981082
56.79583808173187,113.59167616346375
19.08490858364359,38.16981716728718
59.109327178774095,118.21865435754819
85.05128605189687,170.10257210379373
94.16139625524899,188.32279251049798
92.47706504669449,184.95413009338898
60.593634557230644,121.18726911446129
63.651998352603755,127.30399670520751
15.65224021730186,31.30448043460372
52.54596359294836,105.09192718589672
75.0795536136725,150.159107227345
63.81720672574475,127.6344134514895
19.667965304169975,39.33593060833995
59.73846315345707,119.47692630691414
6.709916225003476,13.419832450006952
33.908916895257725,67.81783379051545
73.36899105874198,146.73798211748397
3.3437297339229732,6.6874594678459465
94.39971366603831,188.79942733207662
18.42459209838754,36.84918419677508
55.315526239876164,110.63105247975233
60.72264706326915,121.4452941265383
56.29933917617146,112.59867835234292
15.1919969330366,30.3839938660732
25.25966851580147,50.51933703160294
12.942552329875568,25.885104659751136
77.66375220117607,155.32750440235213
97.9915907781173,195.9831815562346
58.98988233271365,117.9797646654273
67.22826992067729,134.45653984135458
38.16935222082889,76.33870444165778
61.131442511885446,122.26288502377089
30.577331557992537,61.15466311598507
42.763612121743,85.527224243486
86.44139151325501,172.88278302651003
56.434247339525044,112.86849467905009
75.46550800779416,150.9310160155883
64.69900549653138,129.39801099306277
5.078909476847682,10.157818953695363
19.642928265750538,39.285856531501075
52.52822319891188,105.05644639782376
72.88545684043324,145.77091368086647
96.68269512057944,193.36539024115888
94.52981790446034,189.0596358089207
69.75342710101782,139.50685420203564
98.96811546999983,197.93623093999966
99.87487230405773,199.74974460811546
89.40134735279341,178.80269470558682
25.250615731358415,50.50123146271683
39.17577933761004,78.35155867522008
86.90824123992152,173.81648247984305
27.85421144093483,55.70842288186966
68.97211505177448,137.94423010354896
48.000614035129466,96.00122807025893
88.81366880629,177.62733761258
59.17683160024452,118.35366320048904
1.6676675755628034,3.335335151125607
91.55851612488819,183.11703224977637
80.08810885869666,160.1762177173933
23.187034360785063,46.374068721570126
38.791662999984034,77.58332599996807
90.95739905683912,181.91479811367824
64.10239618265501,128.20479236531003
79.26157861936687,158.52315723873375
48.40890350629363,96.81780701258727
66.82085997522579,133.64171995045157
22.03171417121238,44.06342834242476
43.446349606943926,86.89269921388785
4.4812243134163765,8.962448626832753
90.96027911083641,181.92055822167282
27.78319854434317,55.56639708868634
12.830343015369428,25.660686030738855
1.508648803799184,3.017297607598368
70.49827525091466,140.99655050182932
12.276004545636843,24.552009091273685
35.69468875498141,71.38937750996281
94.24153809035603,188.48307618071206
64.26057287475471,128.52114574950943
41.17530778996865,82.3506155799373
39.135047505115985,78.27009501023197
63.871971764809956,127.74394352961991
41.905196357867624,83.81039271573525
57.66347075184336,115.32694150368673
25.01234689223538,50.02469378447076
84.01962247883587,168.03924495767174
94.74778484084631,189.49556968169261
15.342245424452416,30.684490848904833
35.41157147365792,70.82314294731584
5.738659138708058,11.477318277416115
10.76221961871423,21.52443923742846
86.16636821631994,172.33273643263988
37.52841151968198,75.05682303936396
16.8091517249792,33.6183034499584
31.037014111551986,62.07402822310397
95.62704548796238,191.25409097592475
19.505295288233082,39.010590576466164
46.358756069780505,92.71751213956101
93.16324813151195,186.3264962630239
72.99158537042474,145.9831707408495
12.124632536636925,24.24926507327385
91.9697026488677,183.9394052977354
63.25719858862894,126.51439717725788
22.55073358399191,45.10146716798382
70.18628741798457,140.37257483596915
70.55860074632999,141.11720149265997
33.73748683121186,67.47497366242372
97.10653843151161,194.21307686302322
12.741923142991507,25.483846285983013
59.58938420820674,119.17876841641348
11.010370935400404,22.02074187080081
18.679747892242204,37.35949578448441
74.99351680780134,149.98703361560268
73.16173902730593,146.32347805461185
57.33958830766785,114.6791766153357
57.80012803652008,115.60025607304016
59.40526977051825,118.8105395410365
58.20691778244903,116.41383556489806
93.7327493554399,187.4654987108798
17.02486225476513,34.04972450953026
2.583238693283252,5.166477386566504
67.07039862132861,134.14079724265721
73.19808641790092,146.39617283580185
56.25024664736624,112.50049329473248
67.69255760620973,135.38511521241946
6.867534726975966,13.735069453951931
42.63597012530865,85.2719402506173
68.28525327794237,136.57050655588475
87.20383878215607,174.40767756431214
25.48887795284952,50.97775590569904
96.73871771440712,193.47743542881423
72.1701482044148,144.3402964088296
48.71412975091079,97.42825950182159
91.37070413044748,182.74140826089496
9.723816466772995,19.44763293354599
28.39143570376732,56.78287140753464
72.09787548272801,144.19575096545603
4.499788701852991,8.999577403705983
1.3824978568684698,2.7649957137369396
23.65620046139778,47.31240092279556
27.477054598813222,54.954109197626444
97.92965615939605,195.8593123187921
34.362134896449206,68.72426979289841
89.77351309406359,179.54702618812718
12.067633815338452,24.135267630676903
62.265181032218756,124.53036206443751
15.005665158089275,30.01133031617855
57.99903198343513,115.99806396687026
64.04190357907439,128.08380715814877
14.462151114061639,28.924302228123278
51.00048749123316,102.00097498246632
75.39843845500143,150.79687691000285
88.82277807247874,177.64555614495748
87.28353687991542,174.56707375983083
75.01069760751102,150.02139521502204
9.682883326916736,19.36576665383347
87.10161788812697,174.20323577625393
48.48801216744689,96.97602433489378
31.22434787185163,62.44869574370326
60.471088795000625,120.94217759000125
9.015604194790129,18.031208389580257
92.84549552529671,185.69099105059342
5.980510116554793,11.961020233109586
62.093741491685115,124.18748298337023
47.36281760330399,94.72563520660798
1.39132752893808,2.78265505787616
12.127363709259164,24.25472741851833
33.37372132245457,66.74744264490914
68.47833987897309,136.95667975794618
32.865061906906746,65.73012381381349
1.1825815600684075,2.365163120136815
35.98271092667098,71.96542185334197
43.71798059214049,87.43596118428098
32.2185690389521,64.4371380779042
36.651021943550475,73.30204388710095
20.108546029168473,40.217092058336945
78.35762835197337,156.71525670394675
93.97749740019388,187.95499480038777
33.800419313834816,67.60083862766963
7.411784136889232,14.823568273778465
77.90277042995484,155.80554085990968
0.3391319694794115,0.678263938958823
13.839335696184673,27.678671392369345
79.2574384757333,158.5148769514666
69.85125667171103,139.70251334342205
57.440495277998224,114.88099055599645
94.5819347645182,189.1638695290364
16.730993498338886,33.46198699667777
36.826352391908216,73.65270478381643
77.4490297607613,154.8980595215226
29.347349954351344,58.69469990870269
7.047519357794563,14.095038715589126
79.03684688645559,158.07369377291118
2.7649255100187453,5.529851020037491
90.52813490185171,181.05626980370343
36.8878729737598,73.7757459475196
97.70834881032313,195.41669762064626
53.091671144418484,106.18334228883697
19.21485639535264,38.42971279070528
38.27893473619412,76.55786947238823
84.59762416568095,169.1952483313619
7.99262236586511,15.98524473173022
58.272800616068075,116.54560123213615
83.93268405456571,167.86536810913142
97.32528010816543,194.65056021633086
76.18182432668432,152.36364865336864
81.14107926262528,162.28215852525057
41.15322027681688,82.30644055363376
36.35841403024146,72.71682806048292
94.73403409819348,189.46806819638695
71.11928820515064,142.23857641030128
45.055362207352005,90.11072441470401
65.14515872567276,130.29031745134552
12.921622333290106,25.843244666580212
74.08848097486762,148.17696194973524
65.1077900602073,130.2155801204146
82.38159098201871,164.76318196403741
97.29299970383693,194.58599940767385
40.140497927920435,80.28099585584087
39.11300927710115,78.2260185542023
52.11905966394457,104.23811932788914
76.00411251708508,152.00822503417015
69.69463848921082,139.38927697842163
86.30619363574897,172.61238727149794
91.10928163196164,182.21856326392327
25.20459369390996,50.40918738781992
3.7545019036768434,7.509003807353687
18.802798520671182,37.605597041342364
67.19601283636791,134.39202567273583
29.393261329303357,58.786522658606714
46.55040036492709,93.10080072985419
55.44377582865606,110.88755165731212
39.354861770351334,78.70972354070267
80.29023325729166,160.58046651458332
10.670638027895695,21.34127605579139
29.081530107563935,58.16306021512787
4.790708204841598,9.581416409683197
97.30449480252634,194.60898960505267
80.72697369630814,161.45394739261627
16.28983025280175,32.5796605056035
81.43819543294572,162.87639086589144
26.87841221990017,53.75682443980034
14.327718355427422,28.655436710854843
34.55516938965957,69.11033877931914
49.231681093457155,98.46336218691431
76.35791011346846,152.71582022693693
93.49367950122802,186.98735900245603
3.204446504707359,6.408893009414718
97.04212703547971,194.08425407095942
77.23750084322788,154.47500168645576
34.331308391551794,68.66261678310359
44.93951141406557,89.87902282813114
88.38117967687535,176.7623593537507
8.177102621439925,16.35420524287985
38.27319517821902,76.54639035643804
44.18405062958322,88.36810125916644
87.1867413652351,174.3734827304702
57.591176388352416,115.18235277670483
79.74826808810612,159.49653617621223
56.01099413790792,112.02198827581584
30.63119684682939,61.26239369365878
13.15945063730779,26.31890127461558
12.283055014907152,24.566110029814304
21.958452381755134,43.91690476351027
47.56121809094651,95.12243618189302
58.89991590271648,117.79983180543296
39.62243969496429,79.24487938992858
2.756061107440644,5.512122214881288
13.305079609010907,26.610159218021813
16.35574481331481,32.71148962662962
52.0164872927223,104.0329745854446
67.99198323527442,135.98396647054884
95.79714293542654,191.59428587085307
20.404132966646817,40.80826593329363
96.53217610089291,193.06435220178582
62.54858313769171,125.09716627538342
94.5467584474852,189.0935168949704
97.91394784075304,195.82789568150608
92.41929403786779,184.83858807573557
62.500301006083056,125.00060201216611
53.95499572167943,107.90999144335886
81.61748292918708,163.23496585837415
68.14441271851254,136.28882543702508
32.95547497039293,65.91094994078586
96.7733925427167,193.5467850854334
79.17282726754156,158.34565453508313
30.117913719384994,60.23582743876999
45.483615098853726,90.96723019770745
43.62590747798283,87.25181495596566
40.720510597312774,81.44102119462555
77.86986960331303,155.73973920662607
42.713799300804865,85.42759860160973
67.60331775163279,135.20663550326557
9.85091662370733,19.70183324741466
55.75991474495247,111.51982948990494
74.710085647101,149.420171294202
80.90726817643639,161.81453635287278
30.881335913909503,61.762671827819005
38.64914823313532,77.29829646627064
22.72941973718856,45.45883947437712
86.5268899678728,173.0537799357456
58.556653340028966,117.11330668005793
51.129014829002216,102.25802965800443
99.80048679025646,199.6009735805129
42.547500409609995,85.09500081921999
43.764062690886064,87.52812538177213
16.131659995543867,32.263319991087734
27.637613672529525,55.27522734505905
94.76010934803497,189.52021869606995
72.00405811197884,144.00811622395767
86.92860146702719,173.85720293405438
22.987633779811347,45.975267559622694
25.05238855486095,50.1047771097219
46.11897768686863,92.23795537373726
49.46552791908645,98.9310558381729
96.13425932074712,192.26851864149424
27.249626663504355,54.49925332700871
91.83209699549086,183.66419399098172
80.27026892430078,160.54053784860156
76.37370423048445,152.7474084609689
51.232500809794686,102.46500161958937
64.54101400291448,129.08202800582896
35.09227052051311,70.18454104102622
48.443577616616594,96.88715523323319
34.21252813386675,68.4250562677335
38.049222450520816,76.09844490104163
27.263461317551474,54.52692263510295
56.708611315885605,113.41722263177121
39.68619517027724,79.37239034055447
23.71611585637131,47.43223171274262
3.8088460768033072,7.6176921536066144
72.80520912966038,145.61041825932077
81.16647651556806,162.33295303113613
98.15630170277953,196.31260340555906
94.16398862948955,188.3279772589791
70.37865019921496,140.75730039842992
63.50650538802485,127.0130107760497
83.34006793917197,166.68013587834395
54.81282727195006,109.62565454390013
69.0344311602712,138.0688623205424
96.9756358771111,193.9512717542222
43.805854857426915,87.61170971485383
22.63848086122804,45.27696172245608
1.989717770826116,3.979435541652232
60.38959799051693,120.77919598103387
47.64849552332747,95.29699104665494
79.32063714403614,158.64127428807228
25.67782902449648,51.35565804899296
38.62766882640412,77.25533765280824
4.563824987962873,9.127649975925745
66.26862242587826,132.53724485175653
65.92186759886948,131.84373519773897
36.463575768026026,72.92715153605205
80.65734819139976,161.31469638279953
91.15393721002091,182.30787442004183
85.04498360895195,170.0899672179039
43.51782501244561,87.03565002489123
85.74273537294856,171.48547074589712
37.64199612180739,75.28399224361478
51.93005856690569,103.86011713381139
17.242917860027195,34.48583572005439
93.15625080073026,186.31250160146053
66.51476258669501,133.02952517339003
56.05832803351053,112.11665606702105
78.79403677453998,157.58807354907995
13.35099787472388,26.70199574944776
3.809383059820204,7.618766119640408
79.75432881099513,159.50865762199027
7.161655541963996,14.323311083927992
62.66143559999271,125.32287119998541
0.6991326434047873,1.3982652868095746
59.76369730176376,119.52739460352753
72.48704745376922,144.97409490753844
9.851679321482177,19.703358642964353
21.643652588464356,43.28730517692871
28.554819409559872,57.109638819119745
79.34230225638373,158.68460451276746
49.355481219455136,98.71096243891027
74.11589297296446,148.23178594592892
88.0332341783246,176.0664683566492
82.64314062858764,165.2862812571753
97.9523154469396,195.9046308938792
60.67105180361756,121.34210360723512
31.650366397826645,63.30073279565329
16.237845261593243,32.475690523186486
66.48528248073865,132.9705649614773
31.095027099576388,62.190054199152776
50.26045226326986,100.52090452653972
40.03742632037534,80.07485264075068
17.66905075700106,35.33810151400212
91.52999904673021,183.05999809346042
32.75320189976502,65.50640379953003
45.33735736658379,90.67471473316758
97.62577989807932,195.25155979615863
32.93869702335144,65.87739404670288
41.8846948820905,83.769389764181
58.842698467245135,117.68539693449027
99.16244232670924,198.32488465341848
18.11152264454258,36.22304528908516
77.9655416434008,155.9310832868016
6.225868684775171,12.451737369550342
91.04093494352375,182.0818698870475
14.310619434244487,28.621238868488973
58.984630857192585,117.96926171438517
24.593159802654306,49.18631960530861
21.076319815472765,42.15263963094553
82.99624914579633,165.99249829159265
47.807460180117566,95.61492036023513
71.9558285003215,143.911657000643
72.75645089703181,145.51290179406362
27.975549205700958,55.951098411401915
78.02282686999473,156.04565373998946
21.104922393839985,42.20984478767997
78.43468800279744,156.8693760055949
95.45458909502082,190.90917819004164
58.45633391448671,116.91266782897343
99.4211778010838,198.8423556021676
19.830125781184428,39.660251562368856
74.6641034109374,149.3282068218748
62.97671852461401,125.95343704922801
61.15742617005201,122.31485234010403
38.23819141064197,76.47638282128393
68.93791940764652,137.87583881529304
74.90385828175262,149.80771656350524
20.76748846059865,41.5349769211973
10.266261803535437,20.532523607070875
71.20664281373281,142.41328562746563
34.51649259465381,69.03298518930762
0.2763435597214148,0.5526871194428296
19.540426615573626,39.08085323114725
65.53345619843275,131.0669123968655
20.138802322712657,40.27760464542531
37.50495005244201,75.00990010488403
71.12930882261118,142.25861764522236
3.312682345495055,6.62536469099011
79.27065831455363,158.54131662910726
45.23047444857965,90.4609488971593
69.75714337191778,139.51428674383556
62.05635670318358,124.11271340636716
71.0856899971072,142.1713799942144
37.66281924984332,75.32563849968663
54.441750485908116,108.88350097181623
93.84634165543832,187.69268331087665
