input:a:0,output:b:0
91.30846230438526,182.61692460877052
46.04527065564684,92.09054131129368
87.90291446867037,175.80582893734075
47.55469292846759,95.10938585693518
31.841044785881966,63.68208957176393
25.44270813586297,50.88541627172594
41.47615021757151,82.95230043514302
69.16453089571615,138.3290617914323
56.33406929942449,112.66813859884898
34.93948522943858,69.87897045887716
55.653123670232,111.306247340464
36.88957836723776,73.77915673447552
33.11182996254022,66.22365992508044
96.53661787108318,193.07323574216636
17.193989607987714,34.38797921597543
7.595130744963363,15.190261489926726
3.0670425004099777,6.1340850008199554
46.14951599950653,92.29903199901305
63.00841182887195,126.0168236577439
97.67599593290925,195.3519918658185
64.38813643638656,128.77627287277312
82.91092392002668,165.82184784005335
83.54534118908502,167.09068237817004
95.24929940810965,190.4985988162193
69.3147636892423,138.6295273784846
59.791607320417604,119.58321464083521
44.982331899988395,89.96466379997679
63.22579677070449,126.45159354140898
28.336256143798167,56.672512287596334
85.80573581060551,171.61147162121102
79.07183494351221,158.14366988702443
84.69390174289812,169.38780348579624
5.049117070874343,10.098234141748685
53.35513674743307,106.71027349486614
96.12966854694722,192.25933709389443
60.79800458544155,121.5960091708831
7.064903528947908,14.129807057895816
27.286384496165372,54.572768992330744
38.19896197982662,76.39792395965324
15.97351368169696,31.94702736339392
54.2476726397002,108.4953452794004
79.0313223863596,158.0626447727192
48.99987950448208,97.99975900896416
33.91900030476721,67.83800060953442
3.2132576502434285,6.426515300486857
85.85762956013716,171.7152591202743
61.88579569911214,123.77159139822427
53.451546856290534,106.90309371258107
26.38600469722284,52.77200939444568
62.84308328678355,125.6861665735671
83.15519794266744,166.31039588533488
30.12014346633557,60.24028693267114
40.48439660518791,80.96879321037582
16.563557562401755,33.12711512480351
43.147635965721534,86.29527193144307
54.975522580502314,109.95104516100463
83.20246696207869,166.40493392415738
87.32930391188066,174.65860782376132
35.096099341106616,70.19219868221323
76.41437293567058,152.82874587134117
12.608674654182028,25.217349308364057
11.02596487650982,22.05192975301964
52.598003503350185,105.19600700670037
90.28184234117019,180.56368468234038
53.554192734373586,107.10838546874717
76.95292960099488,153.90585920198976
80.29733820012547,160.59467640025093
28.22427646847624,56.44855293695248
89.95127072428934,179.9025414485787
42.707814523882405,85.41562904776481
81.63554105585605,163.2710821117121
30.576758185098964,61.15351637019793
50.01943972084649,100.03887944169298
35.93353002284465,71.8670600456893
58.915254457976594,117.83050891595319
13.858114791543619,27.716229583087237
60.63408087026644,121.26816174053288
93.97290947664902,187.94581895329804
93.13123475081015,186.2624695016203
41.86686797724446,83.73373595448892
90.24008990089403,180.48017980178807
83.87821917095796,167.75643834191592
90.07272991816589,180.14545983633178
40.861039773144626,81.72207954628925
46.26391940968551,92.52783881937103
42.0057684246824,84.0115368493648
72.07921595377005,144.1584319075401
27.098624729221388,54.197249458442776
48.98602425968728,97.97204851937455
85.77433320135042,171.54866640270083
34.889954720912684,69.77990944182537
73.09852065024607,146.19704130049215
50.936581972988435,101.87316394597687
36.66877815777212,73.33755631554423
55.20811767671267,110.41623535342534
18.67394027503819,37.34788055007638
67.09043417083724,134.18086834167448
86.6222621453127,173.2445242906254
39.84952425142377,79.69904850284755
89.24333162157379,178.48666324314758
90.2271396351609,180.4542792703218
73.18711034481947,146.37422068963895
55.66231832515902,111.32463665031804
3.422231973397405,6.84446394679481
95.53017518255281,191.06035036510562
79.1475408546086,158.2950817092172
79.01467200122819,158.02934400245638
81.19192792560546,162.3838558512109
71.5575960343309,143.1151920686618
10.338176451029257,20.676352902058515
55.87668496958207,111.75336993916414
59.94679796261042,119.89359592522084
49.25132604258574,98.50265208517148
72.51762622364365,145.0352524472873
88.34563969408607,176.69127938817215
59.63603446015352,119.27206892030704
17.929859355953127,35.859718711906254
68.20589450439275,136.4117890087855
88.42010814573513,176.84021629147026
68.07882246767578,136.15764493535156
41.13231637272373,82.26463274544746
13.239024368876828,26.478048737753657
94.4966359707807,188.9932719415614
28.708768755228586,57.41753751045717
61.02713984695964,122.05427969391928
76.5255844527329,153.0511689054658
57.64703868214325,115.2940773642865
41.19499114660853,82.38998229321706
98.65381412790396,197.3076282558079
38.56733077745713,77.13466155491426
53.97774420657905,107.9554884131581
73.69297253253282,147.38594506506564
18.590390794694155,37.18078158938831
15.390669055150196,30.781338110300393
30.66469507606746,61.32939015213492
38.97557737551583,77.95115475103167
82.16892149303303,164.33784298606605
87.83616404418943,175.67232808837886
27.34671486018,54.69342972036
45.19028491401755,90.3805698280351
34.955109858206946,69.91021971641389
89.62980077696227,179.25960155392454
47.763442530309405,95.52688506061881
72.02866327837754,144.05732655675507
9.86555131417366,19.73110262834732
97.66507155047495,195.3301431009499
86.28527443079962,172.57054886159924
45.76668072763077,91.53336145526154
84.40335996750224,168.80671993500448
64.03278700357838,128.06557400715675
42.4676835276279,84.9353670552558
65.75897318108407,131.51794636216815
38.41941004704377,76.83882009408754
34.18217200376835,68.3643440075367
71.69332837605027,143.38665675210055
26.184861079882417,52.369722159764834
60.07938170207977,120.15876340415954
83.27345370389614,166.54690740779228
37.314623918521775,74.62924783704355
91.77358072315775,183.5471614463155
96.58890934277376,193.17781868554752
48.545094724637984,97.09018944927597
36.43572109711539,72.87144219423078
32.29512390842005,64.5902478168401
97.77378782561973,195.54757565123947
29.84017996430658,59.68035992861316
44.36457271295316,88.72914542590632
15.40591808294447,30.81183616588894
56.06537482579235,112.1307496515847
50.53510052022207,101.07020104044415
25.509637519216056,51.01927503843211
31.571612850300667,63.143225700601334
62.81889613812177,125.63779227624354
30.427599382878267,60.85519876575653
44.00005983494104,88.00011966988208
42.07358738104915,84.1471747620983
52.01537574099924,104.03075148199848
37.641234096928464,75.28246819385693
21.840778497640045,43.68155699528009
48.62100909827998,97.24201819655995
14.829366736510286,29.658733473020572
24.62340549355716,49.24681098711432
73.49756844182322,146.99513688364644
51.5741555372306,103.1483110744612
60.342389927427945,120.68477985485589
35.43803833026682,70.87607666053364
32.00119271665166,64.00238543330332
42.821115329438555,85.64223065887711
15.312445078831017,30.624890157662033
47.0027651646506,94.0055303293012
26.418925903227485,52.83785180645497
43.86571542183078,87.73143084366156
53.01441120820453,106.02882241640906
92.56703583232098,185.13407166464197
87.77570277668009,175.55140555336018
44.94450745385259,89.88901490770517
8.752875021866513,17.505750043733027
88.94191775541424,177.88383551082848
12.29610226933846,24.59220453867692
72.98824059614172,145.97648119228344
75.14266724174699,150.28533448349398
38.553726917262246,77.10745383452449
25.199844819078187,50.399689638156374
20.41623258874825,40.8324651774965
9.794078543955987,19.588157087911974
7.754051511153337,15.508103022306674
89.27521291783879,178.55042583567757
54.071218194703704,108.14243638940741
43.821642389088545,87.64328477817709
5.27276007876617,10.54552015753234
50.78168879042405,101.5633775808481
3.284762266926944,6.569524533853888
71.48527587743247,142.97055175486494
53.274464368266564,106.54892873653313
90.77394307640257,181.54788615280515
63.02790993204243,126.05581986408485
39.27203806300083,78.54407612600166
28.23213064102903,56.46426128205806
87.65631909542816,175.31263819085632
60.668666823817766,121.33733364763553
97.71122505901046,195.42245011802092
86.88493626275012,173.76987252550023
4.749072122490405,9.49814424498081
74.78647552681184,149.57295105362368
4.02198498658276,8.04396997316552
84.17574774910695,168.3514954982139
61.01945640110314,122.03891280220628
81.3512029576636,162.7024059153272
26.353853387181793,52.70770677436359
83.2270290880184,166.4540581760368
47.69891734669736,95.39783469339471
15.960283159796473,31.920566319592947
36.98187350882738,73.96374701765475
11.183913155015068,22.367826310030136
8.451678324993683,16.903356649987366
42.3386686628525,84.677337325705
50.87097509448705,101.7419501889741
96.87933563331264,193.75867126662527
54.44361213045088,108.88722426090176
50.929597217758406,101.85919443551681
60.63846822648296,121.27693645296593
76.53509002388869,153.07018004777737
62.33987934008436,124.67975868016872
61.86788409469553,123.73576818939107
99.46608764903608,198.93217529807217
23.96366994051713,47.92733988103426
50.67074487127776,101.34148974255552
74.54201421485656,149.08402842971313
0.24469401069171504,0.48938802138343007
54.659074972249336,109.31814994449867
19.00910350999854,38.01820701999708
5.171675062756553,10.343350125513107
18.656672487990157,37.313344975980314
19.081784219719754,38.16356843943951
60.286185764484614,120.57237152896923
44.216309217063824,88.43261843412765
59.66512386797758,119.33024773595515
72.57577621231788,145.15155242463575
93.02790227540423,186.05580455080846
48.33836976842206,96.67673953684412
87.62865478250983,175.25730956501965
59.44993357225998,118.89986714451996
47.722943855668106,95.44588771133621
13.933168745618207,27.866337491236415
6.023991350988089,12.047982701976178
24.2752180392119,48.5504360784238
82.77583382844911,165.55166765689822
38.81538630248122,77.63077260496244
99.98158759170238,199.96317518340476
33.203767361650996,66.40753472330199
92.42091686886872,184.84183373773743
1.8046708175928239,3.6093416351856478
5.156356368363668,10.312712736727336
45.77498260760425,91.5499652152085
3.9744985650361775,7.948997130072355
30.716410036686593,61.432820073373186
88.671945853281,177.343891706562
30.585430914156685,61.17086182831337
54.890254689614096,109.78050937922819
56.6272662225136,113.2545324450272
10.419521700157219,20.839043400314438
31.805529445739356,63.61105889147871
26.22522029536788,52.45044059073576
59.55574361095854,119.11148722191707
76.85232550317475,153.7046510063495
87.84309560149586,175.68619120299172
71.50337476051632,143.00674952103265
37.82342011332413,75.64684022664827
89.34687168525886,178.69374337051772
41.640918819210505,83.28183763842101
62.761653124005115,125.52330624801023
52.40541394207725,104.8108278841545
72.14842586667135,144.2968517333427
49.54087498819415,99.0817499763883
65.94041537076632,131.88083074153263
35.478907085878234,70.95781417175647
14.27347430525746,28.54694861051492
84.57505700582715,169.1501140116543
48.46357985863747,96.92715971727495
24.195635032248507,48.391270064497014
10.578252748477857,21.156505496955713
28.536953675834376,57.07390735166875
54.32837353341249,108.65674706682498
67.74412388754595,135.4882477750919
76.30163145434953,152.60326290869907
95.27270469024978,190.54540938049956
24.96203782185492,49.92407564370984
9.256191274745651,18.512382549491303
92.27464905776131,184.54929811552262
78.24560675560787,156.49121351121573
6.878801073029539,13.757602146059078
97.70782351617726,195.4156470323545
92.33204339345849,184.66408678691698
89.16967216929477,178.33934433858954
2.1851569611238797,4.370313922247759
94.29153514767478,188.58307029534956
7.001653186657741,14.003306373315482
15.422278084179608,30.844556168359215
28.76193144285969,57.52386288571938
73.80296357817726,147.6059271563545
58.50888190868611,117.01776381737221
74.29403518680022,148.58807037360043
55.95106455748217,111.90212911496434
87.04331905287856,174.08663810575712
34.77213780054086,69.54427560108172
70.14995631594482,140.29991263188964
37.924100198454944,75.84820039690989
64.30695445071942,128.61390890143883
29.15143338368167,58.30286676736334
64.15895501248026,128.31791002496053
70.13784614652685,140.2756922930537
80.2725827253462,160.5451654506924
64.8459820672875,129.691964134575
18.027387388686535,36.05477477737307
24.664980319046105,49.32996063809221
32.8180540663639,65.6361081327278
33.897636516358666,67.79527303271733
10.536816865216048,21.073633730432096
15.497791448224497,30.995582896448994
4.1763316958099095,8.352663391619819
13.829200775842088,27.658401551684175
60.44094581375025,120.8818916275005
8.443597403529491,16.887194807058982
80.60125262596209,161.20250525192418
84.29100634109628,168.58201268219256
73.75210234066512,147.50420468133024
20.235582204144198,40.471164408288395
16.006721042002383,32.013442084004765
76.76170850646703,153.52341701293406
97.50400007140134,195.00800014280267
67.34931804759432,134.69863609518865
49.885209619329096,99.77041923865819
8.291178938626997,16.582357877253994
68.53939468669206,137.07878937338413
26.195666364544856,52.39133272908971
59.8222530876077,119.6445061752154
59.055192582855284,118.11038516571057
6.104707676498755,12.20941535299751
29.76526044333989,59.53052088667978
5.288713280674218,10.577426561348435
10.361606155376613,20.723212310753226
73.74092524078364,147.48185048156728
82.39243641654109,164.78487283308218
43.78445371263848,87.56890742527696
98.51167977255433,197.02335954510866
0.32362642244676554,0.6472528448935311
87.96476513513984,175.92953027027968
54.904155988956674,109.80831197791335
85.41999731449235,170.8399946289847
42.122483517977216,84.24496703595443
52.52167851361954,105.04335702723908
92.03572499172549,184.07144998345098
4.228625961490873,8.457251922981746
47.13230898685732,94.26461797371464
4.126985253929449,8.253970507858899
20.492193111851797,40.984386223703595
16.805334924505587,33.610669849011174
97.15186151287351,194.30372302574702
70.392427564865,140.78485512973
71.88757132336693,143.77514264673385
75.21737144661489,150.43474289322978
40.60662921587954,81.21325843175909
65.25035377364172,130.50070754728344
42.03111210703333,84.06222421406666
35.166790507805544,70.33358101561109
16.738192203810964,33.47638440762193
42.568631892371315,85.13726378474263
31.955752373279324,63.91150474655865
38.60755676787119,77.21511353574238
64.51543501847937,129.03087003695873
58.40137160608339,116.80274321216677
8.299811092394439,16.599622184788878
75.04914059686274,150.09828119372548
3.898735618917837,7.797471237835674
39.60196185133188,79.20392370266376
74.13501696354653,148.27003392709307
73.77822045336828,147.55644090673655
92.36603471422646,184.73206942845292
85.86859886332945,171.7371977266589
9.620318352074497,19.240636704148994
78.77037098146282,157.54074196292564
80.16788768077974,160.33577536155948
48.1017296419862,96.2034592839724
21.119999302057867,42.23999860411573
26.36094335551382,52.72188671102764
55.41713807617191,110.83427615234382
88.07448513359917,176.14897026719834
96.79416158853404,193.58832317706808
87.74005328700018,175.48010657400036
73.16923388563154,146.33846777126308
36.62102744626971,73.24205489253941
10.02552598605414,20.05105197210828
36.77450694495663,73.54901388991325
32.29537081631665,64.5907416326333
50.735665934429754,101.47133186885951
88.97300256433199,177.94600512866398
90.81822589412985,181.6364517882597
25.290067547284234,50.58013509456847
63.22737339083952,126.45474678167903
45.686586037953724,91.37317207590745
80.54568531560456,161.09137063120912
31.319574662833894,62.63914932566779
96.67432334888211,193.34864669776422
31.58295369848475,63.1659073969695
66.27916976653539,132.55833953307078
94.7319335663392,189.4638671326784
3.926909767602016,7.853819535204032
47.72077087635215,95.4415417527043
32.56869222479827,65.13738444959654
1.3083066711614522,2.6166133423229043
55.755138999665135,111.51027799933027
38.62804047943409,77.25608095886818
57.06202729543246,114.12405459086492
33.49253851050561,66.98507702101122
47.40319363470373,94.80638726940747
71.77762889869571,143.55525779739142
33.13810768542489,66.27621537084978
66.15720725824809,132.31441451649619
15.394998934045622,30.789997868091245
36.752872141959394,73.50574428391879
24.157377645398526,48.31475529079705
23.606807502371918,47.213615004743836
87.73072151799046,175.46144303598092
71.9685954773432,143.9371909546864
80.14630166811322,160.29260333622645
50.119017302925926,100.23803460585185
48.93051277932587,97.86102555865175
30.903420242724955,61.80684048544991
58.10597422910892,116.21194845821783
89.55493889320934,179.10987778641868
75.68467813041518,151.36935626083036
78.81168523773144,157.62337047546288
2.618710164634197,5.237420329268394
79.31949491195688,158.63898982391376
90.06069555522397,180.12139111044795
39.69246914215556,79.38493828431112
11.870995361141246,23.74199072228249
43.34474058171583,86.68948116343167
19.472295585007913,38.944591170015826
63.85047926502161,127.70095853004322
65.29794065611917,130.59588131223833
40.60275744151395,81.2055148830279
16.16756542484792,32.33513084969584
90.72406885351451,181.44813770702902
8.295210259000019,16.590420518000037
97.2282152944949,194.4564305889898
60.54990533256706,121.09981066513411
89.8091112725766,179.6182225451532
69.1262898565028,138.2525797130056
43.81125133487643,87.62250266975286
75.77428649058379,151.54857298116758
41.909696596819565,83.81939319363913
92.19927372772983,184.39854745545966
18.534239185792234,37.06847837158447
85.20813924259933,170.41627848519866
80.95258646804157,161.90517293608315
62.7578412667421,125.5156825334842
93.95090795906057,187.90181591812114
36.13407117012171,72.26814234024341
71.88537721409396,143.77075442818793
29.360545830840167,58.72109166168033
61.07019641748237,122.14039283496474
40.73267313721565,81.4653462744313
99.27672023070787,198.55344046141573
66.89492070109175,133.7898414021835
67.1112183129735,134.222436625947
62.31278714733388,124.62557429466776
22.728197844887333,45.456395689774666
65.00345780931286,130.00691561862573
23.94409091086961,47.88818182173922
54.979164036812456,109.95832807362491
75.16641953275645,150.3328390655129
0.9937923993270981,1.9875847986541961
7.447143347699303,14.894286695398606
63.85519995118209,127.71039990236417
80.11922921471076,160.2384584294215
2.3584351746522403,4.716870349304481
66.23860161094511,132.47720322189022
41.059916361282646,82.11983272256529
17.911935624246244,35.82387124849249
84.23270664965486,168.46541329930972
77.55645664949579,155.11291329899157
79.3573698984171,158.7147397968342
78.50446659029221,157.00893318058442
37.03486350079673,74.06972700159346
73.40727475632323,146.81454951264647
54.29248354987277,108.58496709974554
85.6731377157779,171.3462754315558
93.16328674293321,186.32657348586642
61.64369340681882,123.28738681363764
3.7035503525994273,7.407100705198855
74.87599938254968,149.75199876509936
94.59237026803345,189.1847405360669
10.008328032581826,20.01665606516365
86.56842385023526,173.13684770047053
14.762051952496124,29.52410390499225
89.69534542930766,179.39069085861533
76.75745959043702,153.51491918087405
6.049918456229253,12.099836912458507
42.10087075371515,84.2017415074303
61.88852509839855,123.7770501967971
60.73240123468189,121.46480246936378
16.249989482400274,32.49997896480055
0.14543054391692456,0.2908610878338491
32.03015672806866,64.06031345613732
44.15362729925445,88.3072545985089
70.8493425490006,141.6986850980012
23.542412427215886,47.08482485443177
24.693297466329113,49.38659493265823
38.144219761897155,76.28843952379431
22.21448629306142,44.42897258612284
10.574819951512104,21.14963990302421
8.841103490291701,17.682206980583402
40.0150574601887,80.0301149203774
77.19836198982732,154.39672397965464
8.079879736202544,16.15975947240509
12.512824028322111,25.025648056644222
45.476442556046734,90.95288511209347
45.50327021115608,91.00654042231216
43.47724089019718,86.95448178039436
78.49953253045244,156.99906506090488
53.52993053502636,107.05986107005272
48.535259201274506,97.07051840254901
57.99867393650483,115.99734787300966
90.54442439359288,181.08884878718575
22.31970496791359,44.63940993582718
78.3035141653049,156.6070283306098
52.536559182183474,105.07311836436695
80.78994453146599,161.57988906293198
85.24763999538854,170.49527999077708
8.41713284947283,16.83426569894566
15.713352982092289,31.426705964184578
6.909587674525108,13.819175349050216
90.38077182258267,180.76154364516535
77.28671319924094,154.57342639848187
5.442339242071026,10.884678484142052
10.244192629800397,20.488385259600793
28.95564435045237,57.91128870090474
7.430039862872572,14.860079725745145
32.21839830353132,64.43679660706265
71.64920570611302,143.29841141222605
28.630515496972787,57.261030993945575
15.143278793666715,30.28655758733343
60.1048174691144,120.2096349382288
66.19254973102892,132.38509946205784
61.19663341249778,122.39326682499556
35.11264880099332,70.22529760198664
77.44255010910535,154.8851002182107
30.993769998239674,61.98753999647935
76.7053503767215,153.410700753443
58.459039134709975,116.91807826941995
6.827507803977284,13.655015607954567
95.64834711299983,191.29669422599966
38.41315717778432,76.82631435556864
86.47334305978015,172.9466861195603
75.93733097917334,151.87466195834668
68.51321850776344,137.02643701552688
1.2779894614214693,2.5559789228429386
31.747551353905145,63.49510270781029
91.4388380766308,182.8776761532616
54.850337092074895,109.70067418414979
98.05792824967716,196.11585649935432
28.00940791978892,56.01881583957784
7.797932165533695,15.59586433106739
8.249538361708364,16.499076723416728
26.78747571418514,53.57495142837028
15.973229443055503,31.946458886111007
64.82878105287439,129.65756210574878
95.11501726326694,190.23003452653387
78.55625989383272,157.11251978766543
71.53240326758927,143.06480653517855
93.24837157016428,186.49674314032856
9.462212192399999,18.924424384799998
39.010392921836775,78.02078584367355
27.805387680692284,55.61077536138457
5.037493878034316,10.074987756068632
34.30651726328273,68.61303452656546
15.837829063225527,31.675658126451054
25.35265799726758,50.70531599453516
21.889977418774375,43.77995483754875
59.16858564326919,118.33717128653838
86.7900765337581,173.5801530675162
73.11052477946353,146.22104955892706
69.01283249888098,138.02566499776196
71.34317600236604,142.68635200473207
23.731893681332593,47.46378736266519
94.4780269628725,188.956053925745
24.1095512868267,48.2191025736534
8.909881423992271,17.819762847984542
0.0651580844767019,0.1303161689534038
97.00653541632992,194.01307083265985
60.698465402258236,121.39693080451647
48.325116120325085,96.65023224065017
58.62975482674432,117.25950965348864
29.288475801118206,58.57695160223641
39.29455085896842,78.58910171793684
29.85420393090308,59.70840786180616
56.95786851434328,113.91573702868656
96.01917553830927,192.03835107661854
47.99023757262213,95.98047514524426
55.130941914810016,110.26188382962003
40.99126774661943,81.98253549323886
30.49439842774554,60.98879685549108
1.5411749371063932,3.0823498742127864
18.652657658072723,37.305315316145446
73.30749683104322,146.61499366208645
40.718618779513804,81.43723755902761
14.729472636919805,29.45894527383961
90.09057634829671,180.18115269659341
28.61258853744961,57.22517707489922
51.27890690347002,102.55781380694005
99.61221238442921,199.22442476885843
7.773056634652309,15.546113269304618
42.88045321066838,85.76090642133676
63.0557241890959,126.1114483781918
54.74246688358729,109.48493376717458
42.335991295210526,84.67198259042105
16.994819460754318,33.989638921508636
2.3416858695650578,4.6833717391301155
23.44251475287017,46.88502950574034
50.27102397584461,100.54204795168921
31.962274229049836,63.92454845809967
44.803248138326055,89.60649627665211
73.6075106963459,147.2150213926918
56.39612121046075,112.7922424209215
63.37796167527953,126.75592335055906
85.98593090337806,171.97186180675612
28.976511930148074,57.95302386029615
98.02579314068018,196.05158628136036
36.860596199132814,73.72119239826563
32.438800018496295,64.87760003699259
47.14100793241279,94.28201586482558
45.67032640571161,91.34065281142323
12.178685312811199,24.357370625622398
31.119045128870315,62.23809025774063
2.5895216906642315,5.179043381328463
80.49124446311194,160.98248892622388
76.26358841053296,152.52717682106592
98.12393577239237,196.24787154478474
9.490649182857991,18.981298365715983
42.640629878056636,85.28125975611327
76.39241549875503,152.78483099751006
17.78037257733328,35.56074515466656
0.08362635086069936,0.16725270172139872
93.15666970368578,186.31333940737156
31.785881808494075,63.57176361698815
6.659333615795093,13.318667231590187
77.54151002131617,155.08302004263234
17.88751657962575,35.7750331592515
54.35672888008539,108.71345776017078
91.69864467198869,183.39728934397738
30.818616537083045,61.63723307416609
61.42962793742933,122.85925587485866
10.517489153508253,21.034978307016505
38.925856355420606,77.85171271084121
76.06491305036808,152.12982610073615
53.82453015995527,107.64906031991055
33.96313994808816,67.92627989617633
9.72492364056402,19.44984728112804
43.31831843794928,86.63663687589856
92.00137022515857,184.00274045031713
86.74599605780325,173.4919921156065
62.689657745262025,125.37931549052405
44.58661306940297,89.17322613880594
79.81667858071515,159.6333571614303
0.12846686156545717,0.25693372313091434
72.26082937408557,144.52165874817115
58.079075444655935,116.15815088931187
46.98834969267771,93.97669938535542
69.60727717762184,139.21455435524368
79.59690296935275,159.1938059387055
18.44450607309297,36.88901214618594
41.20482497634569,82.40964995269138
8.051653642737355,16.10330728547471
87.71428044954057,175.42856089908113
70.99327489185885,141.9865497837177
42.673714149472005,85.34742829894401
63.405340486014296,126.81068097202859
90.19701516130827,180.39403032261654
5.225825558015318,10.451651116030636
12.789981646159765,25.57996329231953
33.161402152700326,66.32280430540065
89.43513901615627,178.87027803231254
63.606389132603006,127.21277826520601
69.20491371592628,138.40982743185256
93.30972935443135,186.6194587088627
82.67236988106863,165.34473976213727
5.594327567189872,11.188655134379744
24.129760723304873,48.259521446609746
12.75888092390588,25.51776184781176
61.58212963654596,123.16425927309191
73.96205800628279,147.92411601256558
42.5990580415203,85.1981160830406
32.17033057992651,64.34066115985301
74.24954844453711,148.49909688907422
17.220916052059298,34.441832104118596
0.6830578070496474,1.3661156140992947
14.567630631637263,29.135261263274526
64.77560183529228,129.55120367058456
17.778874696062296,35.55774939212459
63.424751991903626,126.84950398380725
61.94232826312884,123.88465652625769
34.17088040485648,68.34176080971297
11.297641630767474,22.59528326153495
4.845248059530993,9.690496119061986
72.54805093934088,145.09610187868176
21.644449476886752,43.288898953773504
75.86329069905,151.7265813981
80.30962373544057,160.61924747088113
3.121691474048305,6.24338294809661
34.464606300419184,68.92921260083837
38.103901588588855,76.20780317717771
61.93230317469347,123.86460634938695
43.73386963341173,87.46773926682346
73.07830969093561,146.15661938187122
60.76460556709009,121.52921113418019
69.40619461279982,138.81238922559965
55.66447077318245,111.3289415463649
91.03696504872848,182.07393009745695
70.49888391733053,140.99776783466106
74.13128195594285,148.2625639118857
7.018012798578344,14.036025597156687
70.68919898756998,141.37839797513996
29.09363409014858,58.18726818029716
7.279127471021485,14.55825494204297
73.50996956331461,147.01993912662923
23.8975676743284,47.7951353486568
6.775736515325004,13.551473030650008
77.49975907287195,154.9995181457439
77.49306541484772,154.98613082969544
58.74077886345752,117.48155772691504
5.7975395616443715,11.595079123288743
67.93960840442402,135.87921680884804
63.659591897932685,127.31918379586537
97.10192400421768,194.20384800843536
13.0759101306405,26.151820261281
74.80784674216846,149.61569348433693
2.513446159737709,5.026892319475418
22.754472959277592,45.508945918555185
91.79103271623165,183.5820654324633
92.23325032163095,184.4665006432619
16.002538404497514,32.00507680899503
40.1307348112121,80.2614696224242
13.598229913853999,27.196459827707997
21.189925643784914,42.37985128756983
3.8551608894132006,7.710321778826401
13.54373674728503,27.08747349457006
44.352070695327114,88.70414139065423
55.78732317841924,111.57464635683849
74.76362437934849,149.52724875869697
35.82579236775414,71.65158473550828
85.00558378083073,170.01116756166147
75.89256180606164,151.78512361212327
34.22688436170643,68.45376872341286
74.6458642744315,149.291728548863
18.033546438748814,36.06709287749763
62.50381548276278,125.00763096552556
67.82953263161794,135.65906526323587
70.21967625627073,140.43935251254146
47.282632033349806,94.56526406669961
3.3280812263508763,6.656162452701753
63.06755930642369,126.13511861284738
5.398236141227497,10.796472282454994
85.17174473600502,170.34348947201005
67.95311577307295,135.9062315461459
70.61321761175256,141.22643522350512
22.283681857780913,44.567363715561825
5.811598196089451,11.623196392178903
28.68616516408392,57.37233032816784
38.8583930622283,77.7167861244566
84.77295490673413,169.54590981346826
58.99037593886016,117.98075187772032
43.62038380944671,87.24076761889341
39.93352662266175,79.8670532453235
35.29086613910065,70.5817322782013
68.92740014919802,137.85480029839604
10.422779324682796,20.845558649365593
22.423147050308312,44.846294100616625
26.282031197745326,52.56406239549065
29.998108636185684,59.99621727237137
81.12818965824432,162.25637931648865
33.77568629823714,67.55137259647428
25.287502726741796,50.57500545348359
20.37784300266444,40.75568600532888
65.63715184205616,131.2743036841123
78.66477681611657,157.32955363223314
76.86690646558453,153.73381293116907
7.5594425680417965,15.118885136083593
22.42043652418346,44.84087304836692
75.31818638824703,150.63637277649406
64.52407900954421,129.04815801908842
25.210918055917496,50.42183611183499
5.994203141337662,11.988406282675324
45.891740315352116,91.78348063070423
22.246025402484758,44.492050804969516
41.331664298839556,82.66332859767911
28.924823418553324,57.84964683710665
11.362019838226256,22.724039676452513
2.3201382500081524,4.640276500016305
10.729174805131091,21.458349610262182
15.801051687265177,31.602103374530355
4.576199315680752,9.152398631361503
3.417874316649816,6.835748633299632
33.571362522623815,67.14272504524763
14.803006971935794,29.606013943871588
58.21162734659923,116.42325469319846
32.325704979043515,64.65140995808703
89.82201579596547,179.64403159193094
24.621563948076997,49.24312789615399
82.53231553607014,165.0646310721403
13.447268813245694,26.89453762649139
52.97738975907366,105.95477951814732
81.86487621696031,163.72975243392062
77.13628950094173,154.27257900188346
72.92514497361701,145.85028994723402
73.82925795009547,147.65851590019093
11.50335593431363,23.00671186862726
95.00252331047892,190.00504662095784
38.18790451735497,76.37580903470995
66.90481196133406,133.80962392266812
20.450021108831294,40.90004221766259
86.33593438778061,172.67186877556122
97.3282259293777,194.6564518587554
81.03668783679268,162.07337567358536
32.19903779295856,64.39807558591713
40.58237415984277,81.16474831968554
46.02642809646339,92.05285619292678
68.21575816717574,136.43151633435147
50.65255680683227,101.30511361366455
68.4445068290608,136.8890136581216
80.58652706372808,161.17305412745617
68.4136656693296,136.8273313386592
43.56997093465556,87.13994186931112
17.831671496611847,35.663342993223694
6.456329134980665,12.91265826996133
81.74447666852352,163.48895333704704
1.7655049412355739,3.5310098824711478
92.22805016850646,184.4561003370129
35.54326670321394,71.08653340642788
35.08957893889735,70.1791578777947
21.49175615189376,42.98351230378752
22.549077602449984,45.09815520489997
14.693329366453922,29.386658732907843
32.36710201070524,64.73420402141048
24.33767722885143,48.67535445770286
40.87626905612773,81.75253811225546
34.204801887852994,68.40960377570599
17.91525082822323,35.83050165644646
50.839785596844266,101.67957119368853
5.475229601947529,10.950459203895058
45.041948509008236,90.08389701801647
28.761490042461414,57.52298008492283
24.77507064034864,49.55014128069728
81.01162062148066,162.02324124296132
54.30398302061077,108.60796604122154
13.257882092087813,26.515764184175627
3.625089126316161,7.250178252632322
33.205432652103326,66.41086530420665
33.321667435960535,66.64333487192107
5.461918483558592,10.923836967117184
85.34937083248984,170.69874166497968
1.09722929812337,2.19445859624674
6.579382546379186,13.158765092758372
33.11348155591693,66.22696311183385
98.3007116214194,196.6014232428388
92.67649063416098,185.35298126832197
70.51652104455414,141.03304208910828
30.728185709633948,61.456371419267896
44.84851303356068,89.69702606712136
50.90983656830256,101.81967313660512
41.67637938537451,83.35275877074902
80.83419914151754,161.6683982830351
55.33294851598652,110.66589703197305
55.58167434878105,111.1633486975621
17.47560051971162,34.95120103942324
67.3933705962027,134.7867411924054
76.61307541849402,153.22615083698804
95.32155972715964,190.64311945431928
91.67347498546931,183.34694997093862
6.3017476324133455,12.603495264826691
72.72888791348461,145.45777582696923
51.47927029173268,102.95854058346536
94.33355138939858,188.66710277879716
99.61671822075014,199.2334364415003
17.978013122825352,35.956026245650705
5.095179593017807,10.190359186035614
49.67019623027967,99.34039246055934
0.332402036259527,0.664804072519054
65.78323457799837,131.56646915599674
69.64620936156406,139.29241872312812
9.1758514453665,18.351702890733
5.770277751318275,11.54055550263655
64.85515760544716,129.71031521089432
23.355297280295595,46.71059456059119
39.95944817149202,79.91889634298404
70.3211174016958,140.6422348033916
17.669871905415192,35.339743810830385
18.72894211730166,37.45788423460332
77.89064195366608,155.78128390733215
88.79714076697745,177.5942815339549
68.38190562276397,136.76381124552793
85.11334794215935,170.2266958843187
14.903609798761542,29.807219597523083
55.65213650495329,111.30427300990658
10.849429186651694,21.698858373303388
16.09191993830529,32.18383987661058
53.39699157200851,106.79398314401702
31.388600025254576,62.77720005050915
72.23242614841281,144.46485229682563
89.61662295822683,179.23324591645365
59.58600380914959,119.17200761829918
33.78350772207763,67.56701544415526
5.655799404416495,11.31159880883299
20.319831329776548,40.639662659553096
77.23770162255262,154.47540324510524
96.3023254155098,192.6046508310196
57.50622811383066,115.01245622766132
4.803242044044264,9.606484088088528
5.97958844399562,11.95917688799124
49.85772138889718,99.71544277779437
98.41352380964837,196.82704761929674
44.72970241544342,89.45940483088684
96.82065933323015,193.6413186664603
36.54691075136082,73.09382150272164
98.44610637735677,196.89221275471354
18.08808165423631,36.17616330847262
18.827772093368246,37.65554418673649
25.82046629677215,51.6409325935443
6.11095655958791,12.22191311917582
9.949934784837854,19.899869569675708
47.26120126264854,94.52240252529708
10.316585272582746,20.63317054516549
96.9849360712671,193.9698721425342
94.18395513436379,188.36791026872757
99.08684789098052,198.17369578196104
59.643443760838444,119.28688752167689
32.684035167458894,65.36807033491779
98.34685273040068,196.69370546080137
90.71127872429781,181.42255744859563
19.66296298003922,39.32592596007844
3.660406931653093,7.320813863306186
28.873211504534446,57.74642300906889
97.382719945746,194.765439891492
19.31642531075397,38.63285062150794
40.03078233384142,80.06156466768284
44.9974041974315,89.994808394863
1.5940689175904854,3.188137835180971
2.6667039761303912,5.3334079522607825
55.596098303126794,111.19219660625359
78.69032604913471,157.38065209826942
0.328457884250144,0.656915768500288
93.4828026494815,186.965605298963
75.79071631893332,151.58143263786664
59.61374844632316,119.22749689264631
25.608364546524896,51.21672909304979
92.27653238828131,184.55306477656262
4.157446008735932,8.314892017471864
84.5972337219812,169.1944674439624
77.06737062724454,154.1347412544891
74.76295866525984,149.5259173305197
76.78962178277736,153.57924356555472
96.53792634525205,193.0758526905041
19.029216943188743,38.058433886377486
50.61984239544888,101.23968479089775
20.49602098919768,40.99204197839536
77.18099807569989,154.36199615139978
62.62972061459706,125.25944122919412
77.17986314894532,154.35972629789063
6.411664943034435,12.82332988606887
26.63377573536867,53.26755147073734
2.357174086351377,4.714348172702754
22.631439839817556,45.26287967963511
11.973669444610813,23.947338889221626
93.35526904845977,186.71053809691955
49.90301836411649,99.80603672823298
9.600826232723335,19.20165246544667
92.18402684408882,184.36805368817764
90.48241655545674,180.96483311091347
2.9091194449950453,5.8182388899900905
50.18937040811505,100.3787408162301
65.05218875016996,130.10437750033992
97.38336366411218,194.76672732822436
20.80835762882408,41.61671525764816
30.369432771511683,60.738865543023365
87.03725452017983,174.07450904035966
31.779537613283114,63.55907522656623
40.955001194414706,81.91000238882941
23.789079769941203,47.57815953988241
37.480922959917216,74.96184591983443
90.27034837958303,180.54069675916605
49.966718514087525,99.93343702817505
13.757390439027905,27.51478087805581
62.076462799350196,124.15292559870039
4.847206522708547,9.694413045417093
53.333317265807466,106.66663453161493
97.0274724941214,194.0549449882428
43.984862321563014,87.96972464312603
50.26459425976984,100.52918851953967
79.94106315546202,159.88212631092404
24.4045392369734,48.8090784739468
80.06551692861186,160.1310338572237
7.8256387110981045,15.651277422196209
41.943400143202766,83.88680028640553
38.56786618027468,77.13573236054935
56.42648650967366,112.85297301934732
91.81359434932924,183.62718869865847
13.970588219350288,27.941176438700577
78.85449576771376,157.70899153542751
4.999352982436611,9.998705964873222
50.65019910004096,101.30039820008191
19.41698701850434,38.83397403700868
38.74133290696472,77.48266581392944
63.10536829072454,126.21073658144908
17.90870273271753,35.81740546543506
12.171815585735224,24.34363117147045
64.97872250392169,129.95744500784338
34.16204213117624,68.32408426235249
36.35290968952989,72.70581937905978
87.45238353786716,174.90476707573433
78.81130882408691,157.62261764817382
50.918150474278576,101.83630094855715
82.84715596319245,165.6943119263849
30.950551333562192,61.901102667124384
87.27230839161587,174.54461678323173
91.53771393985015,183.0754278797003
54.00379204831589,108.00758409663177
68.62841453336162,137.25682906672324
28.81785055922217,57.63570111844434
93.17795573214273,186.35591146428547
20.13645063569065,40.2729012713813
6.257817070452887,12.515634140905775
83.93625506752788,167.87251013505576
76.42252639220885,152.8450527844177
43.90604197403844,87.81208394807688
78.95018721401341,157.90037442802682
30.143180724093888,60.286361448187776
65.95392526013984,131.90785052027968
40.9204411278236,81.8408822556472
8.839267476048374,17.678534952096747
57.54733685042632,115.09467370085264
71.16681503413183,142.33363006826366
76.07225974826488,152.14451949652977
86.34327775001418,172.68655550002836
74.13534011246651,148.27068022493302
39.75731974431217,79.51463948862434
21.89913481812581,43.79826963625162
54.43222044129582,108.86444088259164
49.19281297863005,98.3856259572601
59.58592630099967,119.17185260199933
51.52284761609902,103.04569523219804
56.30725030032595,112.6145006006519
45.23426767599752,90.46853535199504
43.36419317444453,86.72838634888906
45.53491104873676,91.06982209747352
59.01902382426657,118.03804764853314
13.839809116493251,27.679618232986503
46.439092987015954,92.87818597403191
57.00479176956511,114.00958353913022
80.90044646124758,161.80089292249517
64.54523320814761,129.09046641629521
72.50409804078724,145.00819608157448
84.20986011820963,168.41972023641927
79.74332739361294,159.4866547872259
82.42007412843067,164.84014825686134
71.23032857878006,142.46065715756012
98.79520773746519,197.59041547493038
17.923995104234834,35.84799020846967
79.18044635504025,158.3608927100805
90.55198183284615,181.1039636656923
14.099233397654686,28.198466795309372
79.49161867876778,158.98323735753556
95.90676544994369,191.81353089988738
19.05695270487807,38.11390540975614
38.168235043585995,76.33647008717199
26.15977583378337,52.31955166756674
40.96965762786555,81.9393152557311
83.60890589827883,167.21781179655767
30.550606096404998,61.101212192809996
38.16776898224443,76.33553796448886
51.72464116520404,103.44928233040808
98.22338845828456,196.44677691656912
46.88871254081967,93.77742508163934
80.85321990587202,161.70643981174405
77.48030521097505,154.9606104219501
91.88546245563037,183.77092491126075
14.338305519188166,28.676611038376333
88.5060281607975,177.012056321595
23.11780615128871,46.23561230257742
84.37987540843523,168.75975081687045
8.729727125114072,17.459454250228145
14.482269331862963,28.964538663725925
10.888298178152588,21.776596356305177
80.31280971337827,160.62561942675654
35.24361697921512,70.48723395843024
64.14637623195325,128.2927524639065
48.724307582721515,97.44861516544303
5.087845231190258,10.175690462380516
55.22490048828826,110.44980097657653
50.08877412492687,100.17754824985374
1.3523809138345277,2.7047618276690555
25.789168181860923,51.578336363721846
89.0082214554763,178.0164429109526
21.915046153306015,43.83009230661203
61.50708817427082,123.01417634854164
80.35843589238502,160.71687178477003
29.659617945383943,59.319235890767885
66.68580414037825,133.3716082807565
40.520421998989505,81.04084399797901
28.33863702341757,56.67727404683514
66.94599920652772,133.89199841305543
42.990226506809805,85.98045301361961
11.813811231441907,23.627622462883814
54.54820356446238,109.09640712892477
27.045950913739723,54.09190182747945
92.51994652293828,185.03989304587657
13.385497300166671,26.770994600333342
79.52314465910133,159.04628931820267
29.8960993503976,59.7921987007952
99.30722579356168,198.61445158712337
6.933522388709634,13.867044777419268
54.7946049838411,109.5892099676822
24.350267364043876,48.70053472808775
37.27081978460881,74.54163956921762
65.43136265554278,130.86272531108557
87.9130890170508,175.8261780341016
57.31545626330416,114.63091252660833
13.327680813226461,26.655361626452923
65.78145651461654,131.56291302923307
74.80402864808757,149.60805729617513
95.73622646323979,191.47245292647958
76.39925099726453,152.79850199452906
86.42202616838793,172.84405233677586
25.319027894463908,50.638055788927815
22.275467649045744,44.55093529809149
26.11208178371055,52.2241635674211
62.422019617313495,124.84403923462699
26.21438328739544,52.42876657479088
51.9954125623602,103.9908251247204
37.52446276013259,75.04892552026519
38.1601045125247,76.3202090250494
13.660606849245427,27.321213698490855
49.55468653181801,99.10937306363601
6.026147010595928,12.052294021191855
24.317796268505166,48.63559253701033
4.5933836116317295,9.186767223263459
86.45895350333394,172.9179070066679
41.36098764373853,82.72197528747706
51.63803564615941,103.27607129231882
55.424816188613335,110.84963237722667
98.79572622549264,197.5914524509853
80.83320073696174,161.6664014739235
94.5285054502511,189.0570109005022
96.02809844625021,192.05619689250042
27.828879544809315,55.65775908961863
7.981205352093301,15.962410704186603
98.58945799882969,197.17891599765937
78.81294747883673,157.62589495767347
64.75568265448656,129.51136530897313
93.79277174762115,187.5855434952423
52.14458399571298,104.28916799142596
88.35473478635511,176.70946957271022
44.90688815351944,89.81377630703888
99.29175640935244,198.5835128187049
43.61887053412363,87.23774106824726
58.24982539011363,116.49965078022726
78.58058821218823,157.16117642437646
25.380484583567597,50.760969167135194
46.31364688345669,92.62729376691338
95.34192050208432,190.68384100416864
87.73528927546114,175.47057855092228
38.95315571730025,77.9063114346005
12.934968716555172,25.869937433110344
40.98903867870612,81.97807735741225
37.97810307894232,75.95620615788464
45.497347534499774,90.99469506899955
87.64073857939198,175.28147715878396
58.67569229019581,117.35138458039162
18.181998216930893,36.363996433861786
63.093536217920885,126.18707243584177
64.29524482123182,128.59048964246364
65.49847576600494,130.9969515320099
5.173310453865765,10.34662090773153
3.8233031830547493,7.6466063661094985
61.627617550160785,123.25523510032157
55.908890321729785,111.81778064345957
32.67046599919794,65.34093199839587
17.978001896092643,35.956003792185285
50.13330569746268,100.26661139492536
69.8919164961563,139.7838329923126
30.06434918658544,60.12869837317088
67.99576831072982,135.99153662145963
2.7456382029347415,5.491276405869483
68.37790129260107,136.75580258520213
43.10264439816578,86.20528879633156
77.70664216294215,155.4132843258843
79.8760275110146,159.7520550220292
75.81199982601157,151.62399965202314
0.8017068865600385,1.603413773120077
63.60715375581635,127.2143075116327
85.42049660554609,170.84099321109218
23.735418436526857,47.47083687305371
84.36318268364889,168.72636536729777
56.37458746744141,112.74917493488282
2.6518438572959324,5.303687714591865
93.69197705007144,187.3839541001429
13.724368756908767,27.448737513817534
85.9140305551657,171.8280611103314
81.78346546807585,163.5669309361517
10.392292470023223,20.784584940046447
62.30900359017048,124.61800718034095
93.13863029301697,186.27726058603395
51.58185868336644,103.16371736673288
89.98035889418875,179.9607177883775
63.01488221164252,126.02976442328504
57.79499906282657,115.58999812565314
57.01184509760009,114.02369019520017
0.6772896375808357,1.3545792751616714
4.846144480174308,9.692288960348616
64.41488584425414,128.8297716885083
69.38462751962923,138.76925503925847
21.622992194209225,43.24598438841845
77.54649254759313,155.09298509518626
59.849597473439495,119.69919494687899
90.17164388441478,180.34328776882955
9.775351209465732,19.550702418931465
48.3497303403136,96.6994606806272
94.54062997139616,189.08125994279231
41.65626716897489,83.31253433794978
26.167159745443158,52.334319490886315
14.57148214802485,29.1429642960497
74.20791038671342,148.41582077342684
24.210964501031818,48.421929002063635
78.4348294858784,156.8696589717568
43.058457089829616,86.11691417965923
64.35200040443847,128.70400080887694
33.3341911244255,66.668382248851
79.93214146097867,159.86428292195734
1.9540262469757486,3.908052493951497
67.70079622437831,135.40159244875662
58.53225219645226,117.06450439290452
16.07415682849621,32.14831365699242
26.456995632740554,52.91399126548111
67.41903591526521,134.83807183053042
56.88005303140666,113.76010606281332
77.1518382887511,154.3036765775022
0.06319159921918116,0.12638319843836232
78.9357099376048,157.8714198752096
16.329813005851857,32.659626011703715
16.832881884487705,33.66576376897541
20.57218615203634,41.14437230407268
61.18475780359823,122.36951560719646
67.78318968233935,135.5663793646787
59.45629875441361,118.91259750882722
95.99845135717635,191.9969027143527
31.851626196707052,63.703252393414104
48.125228308189904,96.25045661637981
32.63479710964282,65.26959421928564
89.3131000329673,178.6262000659346
11.549833517485608,23.099667034971215
35.83006072275082,71.66012144550164
61.70371131439817,123.40742262879634
51.45176334860546,102.90352669721092
77.283709678823,154.567419357646
25.087395669220125,50.17479133844025
85.90602410745633,171.81204821491266
80.68222198880413,161.36444397760826
64.52731483938094,129.05462967876187
97.12596829353413,194.25193658706826
76.54639016890688,153.09278033781376
93.42192827338452,186.84385654676905
90.22788624409996,180.45577248819993
97.21695482535398,194.43390965070796
33.189400650808544,66.37880130161709
13.324230372308755,26.64846074461751
34.16308318088457,68.32616636176914
1.5048378645676097,3.0096757291352194
90.3970763802933,180.7941527605866
39.10251973385053,78.20503946770106
49.493041828367645,98.98608365673529
30.229842026283894,60.45968405256779
29.85168807987022,59.70337615974044
40.124579468371714,80.24915893674343
61.92349969132081,123.84699938264161
2.6150571742903805,5.230114348580761
14.014340529063729,28.028681058127457
22.5587321539663,45.1174643079326
17.08335736061377,34.16671472122754
71.65409971371149,143.30819942742298
55.15116384135508,110.30232768271016
34.892402080241425,69.78480416048285
50.76511533827068,101.53023067654136
55.35280465494419,110.70560930988837
74.63661252310906,149.27322504621813
89.25734794884525,178.5146958976905
89.86827232148282,179.73654464296564
38.30475250042019,76.60950500084039
1.5437456933381721,3.0874913866763443
26.558780396202685,53.11756079240537
4.367894718120013,8.735789436240026
1.343189655863719,2.686379311727438
72.10245573672536,144.20491147345072
81.2275338036126,162.4550676072252
97.07697899648825,194.1539579929765
73.29274440371512,146.58548880743024
86.16352244964001,172.32704489928003
94.99324253851911,189.98648507703822
80.57116290628366,161.14232581256732
16.80427440102603,33.60854880205206
94.53318001280074,189.06636002560148
76.03594799799495,152.0718959959899
78.7788053106279,157.5576106212558
84.68081418230878,169.36162836461756
15.546790881742712,31.093581763485425
94.62481374211805,189.2496274842361
12.804868718154205,25.60973743630841
87.29149755787093,174.58299511574185
89.9206270283554,179.8412540567108
49.488085055162735,98.97617011032547
96.13380602859144,192.26761205718287
18.30233823016181,36.60467646032362
34.865642316786904,69.73128463357381
8.457608381055582,16.915216762111164
61.339935896232426,122.67987179246485
48.179361196203715,96.35872239240743
80.53491755535914,161.0698351107183
90.37207884229966,180.74415768459932
33.05186940097967,66.10373880195934
0.5907116351595576,1.1814232703191152
70.51654897117926,141.03309794235852
93.51181589982522,187.02363179965045
70.03363732878023,140.06727465756046
50.88354489859238,101.76708979718477
33.34662295881085,66.6932459176217
10.585319723603781,21.170639447207563
11.012373545548614,22.02474709109723
79.93698572857362,159.87397145714723
16.579092271901995,33.15818454380399
84.46391934331143,168.92783868662286
88.10699794048398,176.21399588096796
48.962480115037074,97.92496023007415
67.10536616453697,134.21073232907395
34.88701123987754,69.77402247975508
4.365998579194308,8.731997158388616
91.07762971275322,182.15525942550644
39.04100103123138,78.08200206246276
4.103356757852672,8.206713515705344
5.246527118774358,10.493054237548716
27.573130110517063,55.146260221034126
60.31113962429703,120.62227924859405
15.482186854255463,30.964373708510927
37.23721791044501,74.47443582089002
65.23626510325947,130.47253020651894
56.77370021669144,113.54740043338288
38.659248872282305,77.31849774456461
21.021516250857086,42.04303250171417
87.23138413983928,174.46276827967856
7.920370239906383,15.840740479812766
52.63968953432659,105.27937906865318
50.86521335142018,101.73042670284036
84.8617046653561,169.7234093307122
66.12068264518444,132.2413652903689
73.53245973463575,147.0649194692715
42.185239060139104,84.37047812027821
9.553010272144213,19.106020544288427
45.37434943674632,90.74869887349264
45.12948788823417,90.25897577646835
9.348671709873347,18.697343419746694
90.80919176390331,181.61838352780663
0.2160757398721569,0.4321514797443138
26.53710783459321,53.07421566918642
81.76230702567756,163.52461405135512
9.627492765876777,19.254985531753555
58.37812206487065,116.7562441297413
73.59704813356754,147.19409626713508
75.72568931695521,151.45137863391042
38.45511484459071,76.91022968918142
78.87555673811744,157.75111347623488
57.776109555961774,115.55221911192355
29.824533064654602,59.649066129309205
82.53221340742662,165.06442681485325
82.7272857891993,165.4545715783986
62.42177951785051,124.84355903570102
7.681085312420633,15.362170624841266
18.794154118382757,37.58830823676551
87.4750211945013,174.9500423890026
68.32988452876995,136.6597690575399
97.5150082745401,195.0300165490802
11.014150854572758,22.028301709145516
82.53065738687071,165.06131477374143
92.11600662605626,184.23201325211252
65.46287755201861,130.92575510403722
27.567056239320365,55.13411247864073
85.58544145996613,171.17088291993227
37.459899819433595,74.91979963886719
5.03081339964957,10.06162679929914
9.55914849939995,19.1182969987999
45.11793305138042,90.23586610276084
39.444029389261374,78.88805877852275
43.59172887454654,87.18345774909308
86.52574511964282,173.05149023928564
35.32765973922623,70.65531947845245
44.383521936216965,88.76704387243393
50.61963937538043,101.23927875076086
42.383750813946655,84.76750162789331
54.25217605581769,108.50435211163538
81.26405784854398,162.52811569708797
74.97814545721326,149.95629091442652
57.90780653547293,115.81561307094586
76.82823611040551,153.65647222081103
11.13498546427618,22.26997092855236
76.90131972141175,153.8026394428235
86.36913818859566,172.7382763771913
60.1858266559937,120.3716533119874
24.07103871799784,48.14207743599568
76.83948522714877,153.67897045429754
72.2928803456538,144.5857606913076
73.40415350651945,146.8083070130389
50.90358495137794,101.80716990275587
79.68836001732438,159.37672003464877
54.357802973438616,108.71560594687723
33.84398607824139,67.68797215648279
43.915346020986945,87.83069204197389
24.363684490496397,48.72736898099279
70.85795378696285,141.7159075739257
7.335561556838521,14.671123113677043
38.599926295972566,77.19985259194513
50.38023054371635,100.7604610874327
86.12301446419718,172.24602892839437
30.0792969308307,60.1585938616614
41.62096903914608,83.24193807829216
38.467026584345874,76.93405316869175
75.17714303798732,150.35428607597464
24.979334883981707,49.958669767963414
80.1420643540414,160.2841287080828
8.334174687485607,16.668349374971214
52.69495881803743,105.38991763607486
55.33336010657428,110.66672021314857
56.46554739864544,112.93109479729088
56.76881878989685,113.5376375797937
88.36355377243362,176.72710754486724
80.55318884530534,161.10637769061069
96.3557145170002,192.7114290340004
61.06587172622131,122.13174345244262
16.099654115781135,32.19930823156227
94.16962032706483,188.33924065412967
54.739713986729896,109.47942797345979
33.341669065540756,66.68333813108151
55.191437328363044,110.38287465672609
17.240392764906808,34.480785529813616
33.32907956052361,66.65815912104722
62.60949597571415,125.2189919514283
79.54715360984636,159.09430721969272
41.15495753771129,82.30991507542258
79.82783306981077,159.65566613962153
94.60224183544707,189.20448367089415
54.43049041727866,108.86098083455732
29.25316343286417,58.50632686572834
82.58536263329215,165.1707252665843
4.43985388373398,8.87970776746796
60.604951033109714,121.20990206621943
34.57357446848813,69.14714893697627
13.462655570441273,26.925311140882545
88.90429794693053,177.80859589386105
66.28973118889023,132.57946237778046
65.32874422371349,130.65748844742697
0.6787894885630474,1.3575789771260949
64.33550690453609,128.67101380907218
56.84930356082931,113.69860712165863
51.718174815375605,103.43634963075121
40.2883033383685,80.576606676737
74.34278242923645,148.6855648584729
75.65191068326904,151.30382136653807
31.004225540717655,62.00845108143531
79.39476254922795,158.7895250984559
12.3625354378467,24.7250708756934
29.219739609957795,58.43947921991559
93.7396685367814,187.4793370735628
93.61223896101053,187.22447792202107
42.918262136069515,85.83652427213903
19.748843225546196,39.49768645109239
91.88308046077194,183.76616092154387
21.214186501915933,42.428373003831865
10.44750964140797,20.89501928281594
16.160066245307892,32.320132490615784
84.95171031453216,169.90342062906433
26.51928245185995,53.0385649037199
13.52617897535444,27.05235795070888
80.03868539490672,160.07737078981344
45.620885077985584,91.24177015597117
40.76830568296159,81.53661136592318
25.237348370896996,50.47469674179399
86.98993525999896,173.97987051999792
89.9882820922883,179.9765641845766
60.73227336880455,121.4645467376091
99.6232296464292,199.2464592928584
75.56402409987712,151.12804819975423
37.93572965342118,75.87145930684235
79.33542857375468,158.67085714750937
83.60692745259536,167.21385490519071
77.29396911854492,154.58793823708984
97.11402855193458,194.22805710386916
90.5817064076718,181.1634128153436
57.89512395434182,115.79024790868364
77.48157292409866,154.9631458481973
4.409239162504431,8.818478325008861
68.84382414030537,137.68764828061074
90.29155016567579,180.58310033135157
23.21868718034863,46.43737436069726
10.792649661377475,21.58529932275495
91.10696156792267,182.21392313584533
44.18472500216302,88.36945000432604
72.80830891732772,145.61661783465544
47.09589020807735,94.1917804161547
9.699568300519633,19.399136601039267
71.90669775593781,143.81339551187563
37.560525247649565,75.12105049529913
80.784035003586,161.568070007172
29.340189392258775,58.68037878451755
73.74981602666615,147.4996320533323
41.81707854658466,83.63415709316932
65.28530327461456,130.57060654922913
79.98748316504691,159.97496633009382
77.47318425708455,154.9463685141691
35.427979746440954,70.85595949288191
2.482445075619233,4.964890151238466
42.76242933228275,85.5248586645655
36.49371900027465,72.9874380005493
31.79006048668189,63.58012097336378
10.0229604653289,20.0459209306578
88.06383340999871,176.12766681999742
98.25376372394837,196.50752744789673
18.01963963189932,36.03927926379864
28.821007114369134,57.64201422873827
29.103708934161965,58.20741786832393
92.54490647240394,185.08981294480787
83.12297768191821,166.24595536383643
3.3710474527458123,6.742094905491625
83.19819629054136,166.39639258108272
71.48608150657107,142.97216301314214
42.897318566833945,85.79463713366789
73.68693079256921,147.37386158513843
90.05216334486944,180.10432668973888
98.1077858643727,196.2155717287454
25.653097217407794,51.30619443481559
42.33827171260659,84.67654342521318
23.56796008395855,47.1359201679171
97.30061732374425,194.6012346474885
10.342383230655116,20.684766461310232
15.030466539718667,30.060933079437334
47.87883968368476,95.75767936736952
38.10155992502153,76.20311985004307
93.22240155631839,186.44480311263678
98.29150577606933,196.58301155213866
4.780252335532564,9.560504671065129
39.219971891104656,78.43994378220931
47.12111669911696,94.24223339823392
96.44580982137569,192.89161964275138
51.45345705346518,102.90691410693036
55.98442565068541,111.96885130137082
36.3002566584188,72.6005133168376
76.40262709978852,152.80525419957704
38.227662936766436,76.45532587353287
12.000631332453903,24.001262664907806
21.345853991521402,42.691707983042804
52.85201653272312,105.70403306544624
53.43356365800302,106.86712731600603
60.754602920063846,121.50920584012769
61.03174131767977,122.06348263535953
83.91029865998317,167.82059731996634
92.89491145912343,185.78982291824687
21.42980512030671,42.85961024061342
15.568057900418442,31.136115800836883
93.26533114690328,186.53066229380656
78.48040842567468,156.96081685134936
40.579539742103854,81.15907948420771
97.53235317790961,195.06470635581923
89.914327111991,179.828654223982
13.431153844939614,26.862307689879227
14.595146652451717,29.190293304903435
23.44997635268595,46.8999527053719
60.90641905358252,121.81283810716504
2.906516545224025,5.81303309044805
77.26604383000571,154.53208766001143
87.4446395528274,174.8892791056548
63.847992058857315,127.69598411771463
51.91633571174823,103.83267142349646
94.49038446907014,188.98076893814027
59.61124010203653,119.22248020407307
46.9503215850519,93.9006431701038
66.71477344141911,133.42954688283822
23.042731780597514,46.08546356119503
48.41914398208777,96.83828796417554
50.99985535327384,101.99971070654767
87.66668904944042,175.33337809888084
83.78799551634327,167.57599103268655
20.967141816002478,41.934283632004956
32.947627874066995,65.89525574813399
39.44223161748104,78.88446323496208
19.767153016924155,39.53430603384831
15.050446865627931,30.100893731255862
25.903054673710834,51.80610934742167
46.23276395992752,92.46552791985503
49.1926331201757,98.3852662403514
76.03851479267081,152.07702958534162
43.663512435570226,87.32702487114045
73.55546211367766,147.11092422735533
35.981555818894236,71.96311163778847
46.60557859619227,93.21115719238453
9.64013045495581,19.28026090991162
47.37225611772391,94.74451223544781
15.198044612546136,30.396089225092272
77.1960454533682,154.3920909067364
82.13624660618854,164.27249321237707
36.02958606437067,72.05917212874134
55.822791437990084,111.64558287598017
6.355530896674533,12.711061793349065
89.42573624013467,178.85147248026934
65.60652276829602,131.21304553659203
71.15748712861122,142.31497425722245
79.16055072609699,158.32110145219397
69.85254754658267,139.70509509316534
30.332932501810994,60.66586500362199
54.3532145326102,108.7064290652204
96.2000335181389,192.4000670362778
76.79103900397315,153.5820780079463
22.23519433498651,44.47038866997302
19.208182324168465,38.41636464833693
47.29598513019011,94.59197026038022
98.91688735081394,197.83377470162787
93.6873673858155,187.374734771631
54.17461722318371,108.34923444636742
74.72294490363073,149.44588980726147
68.59656199342713,137.19312398685426
3.1166712170754396,6.233342434150879
77.0046588178119,154.0093176356238
54.02353363937701,108.04706727875401
41.69013975848127,83.38027951696255
7.6599328367299435,15.319865673459887
41.89796946404194,83.79593892808388
74.25557902064786,148.51115804129572
84.49913223456691,168.99826446913383
5.088229762167773,10.176459524335545
87.64859350982195,175.2971870196439
17.383800299332485,34.76760059866497
91.94909741103638,183.89819482207275
36.25299123663446,72.50598247326892
87.73966461188908,175.47932922377817
91.12472725221838,182.24945450443676
87.6022980512578,175.2045961025156
80.73365351770434,161.46730703540868
31.18868746183666,62.37737492367332
21.67355078008908,43.34710156017816
39.07685427289631,78.15370854579263
82.8563397221082,165.7126794442164
73.2873002337305,146.574600467461
23.10610601298898,46.21221202597796
33.21705645897697,66.43411291795394
10.509834721051249,21.019669442102497
26.587752662538612,53.175505325077225
57.742933576798606,115.48586715359721
28.271346039173206,56.54269207834641
38.02264148706798,76.04528297413596
6.0379132286057295,12.075826457211459
16.105828419514356,32.21165683902871
86.9589897924092,173.9179795848184
84.7712605760671,169.5425211521342
89.7113277169049,179.4226554338098
82.95679010295098,165.91358020590195
78.12158892064744,156.24317784129488
35.0043291341988,70.0086582683976
47.81357935089883,95.62715870179765
52.28776702715447,104.57553405430895
57.15444075862689,114.30888151725378
57.838927898585624,115.67785579717125
38.49429718254537,76.98859436509073
68.91644864204606,137.83289728409213
49.30643206877578,98.61286413755155
25.589432420644254,51.17886484128851
29.43342670427708,58.86685340855416
90.57420626116361,181.14841252232722
43.81085887603049,87.62171775206097
48.917575733272166,97.83515146654433
36.86974787579695,73.7394957515939
72.40821025592669,144.81642051185338
36.460452671586005,72.92090534317201
36.36181918227176,72.72363836454352
54.29839132526243,108.59678265052486
34.103080343900935,68.20616068780187
98.18737793112889,196.37475586225779
39.213721895692856,78.42744379138571
61.31332641107855,122.6266528221571
62.28236586830924,124.56473173661848
41.19384122836992,82.38768245673984
21.218101020014036,42.43620204002807
63.57241345158183,127.14482690316366
45.587071159102486,91.17414231820497
9.172033598523265,18.34406719704653
53.03578658746863,106.07157317493726
28.955395225929813,57.910790451859626
23.283411097125573,46.566822194251145
36.482200557962855,72.96440111592571
41.82519523590054,83.65039047180107
24.423104324631307,48.846208649262614
84.59284331557772,169.18568663115545
42.80351603604613,85.60703207209227
89.95999144618028,179.91998289236057
93.39815962191021,186.79631924382042
53.86199407012992,107.72398814025983
46.52230493452703,93.04460986905406
25.077748212254402,50.155496424508804
5.633775730714663,11.267551461429326
95.16979161163836,190.33958322327672
10.718458748379089,21.436917496758177
49.56984986284695,99.1396997256939
27.474023062671293,54.948046125342586
82.03255618685162,164.06511237370324
82.22926576349666,164.4585315269933
69.49892133751125,138.9978426750225
90.79246556696353,181.58493113392706
36.0027523777397,72.0055047554794
28.882468816837793,57.764937633675586
77.1774374564368,154.3548749128736
39.394465048302564,78.78893009660513
59.82051057322464,119.64102114644928
61.62455622476315,123.2491124495263
21.674044749495625,43.34808949899125
92.82448106352535,185.6489621270507
98.86835946369543,197.73671892739085
70.75480324873685,141.5096064974737
83.51240391060884,167.02480782121768
22.394837007254942,44.789674014509885
78.78316759689218,157.56633519378437
74.04944951004694,148.09889902009388
58.13254998900257,116.26509997800514
45.95465418282736,91.90930836565472
80.42490111027706,160.84980222055412
74.14770744707586,148.29541489415172
75.09834610818415,150.1966922163683
28.937221194604177,57.874442389208355
28.607240123487486,57.21448024697497
80.5437721912446,161.0875443824892
45.503658151142744,91.00731630228549
14.942730328365638,29.885460656731276
88.17018716518436,176.34037433036872
86.87368313878116,173.74736627756232
7.300877348667556,14.601754697335112
60.91779696038804,121.83559392077608
28.008994160727653,56.017988321455306
94.37843264375162,188.75686528750325
47.39531957895209,94.79063915790418
39.86953639983892,79.73907279967784
88.14453489433465,176.2890697886693
43.784291104403984,87.56858220880797
13.473605199106265,26.94721039821253
49.36488948565759,98.72977897131518
18.970449310608693,37.940898621217386
37.097799006062814,74.19559801212563
30.435624843305607,60.871249686611215
96.27314743355068,192.54629486710135
50.3664770317802,100.7329540635604
24.517479764221907,49.034959528443814
7.576002017925642,15.152004035851284
74.9111264987163,149.8222529974326
75.14837342798063,150.29674685596126
97.94705041383558,195.89410082767117
1.1904704887795825,2.380940977559165
82.32251054799244,164.64502109598487
21.611179426270798,43.222358852541596
43.237825507224294,86.47565101444859
98.91071575655836,197.82143151311672
69.34333000499662,138.68666000999323
21.67413313470483,43.34826626940966
35.50874071109048,71.01748142218096
83.66322146964663,167.32644293929326
64.48295203943823,128.96590407887646
56.23785263847313,112.47570527694626
20.914202788596626,41.82840557719325
21.80024616489512,43.60049232979024
84.55333265810579,169.10666531621158
61.934132781267515,123.86826556253503
14.731373621272237,29.462747242544474
13.472305789624627,26.944611579249255
28.620557293731473,57.241114587462945
78.5712252748182,157.1424505496364
83.07315748799726,166.14631497599453
86.53924135010557,173.07848270021114
95.96138953052386,191.92277906104772
29.017456489665406,58.03491297933081
29.753625175534403,59.507250351068805
25.836820430040973,51.673640860081946
45.064381915440585,90.12876383088117
4.358596301886797,8.717192603773594
78.99920585724416,157.99841171448833
42.56910149602964,85.13820299205928
32.84109391716656,65.68218783433312
48.73540885188873,97.47081770377746
4.882669036064935,9.76533807212987
69.40581134509593,138.81162269019185
79.4407003987675,158.881400797535
10.025831166349164,20.051662332698328
6.695146667859053,13.390293335718106
90.5139462328881,181.0278924657762
36.55130485974721,73.10260971949442
83.23224912618952,166.46449825237903
76.37065370432208,152.74130740864416
82.80720462078092,165.61440924156184
72.65905607850031,145.31811215700063
68.51452641746337,137.02905283492674
54.94271689180293,109.88543378360586
9.27564141343421,18.55128282686842
88.81910718384543,177.63821436769086
72.59366978422234,145.18733956844468
62.156029825592086,124.31205965118417
48.84439107660492,97.68878215320984
60.03424995716621,120.06849991433242
18.67224458499852,37.34448916999704
19.403333184256468,38.806666368512936
80.5428473176268,161.0856946352536
98.08266748405067,196.16533496810135
43.40655357048294,86.81310714096588
78.40569067089605,156.8113813417921
62.904343007077536,125.80868601415507
70.85484225755656,141.7096845151131
84.34392942374551,168.68785884749101
63.370771080730535,126.74154216146107
32.26955429805693,64.53910859611386
68.552710444262,137.105420888524
36.872088931367195,73.74417786273439
51.8168457444081,103.6336914888162
71.86998314055492,143.73996628110984
36.96098690760403,73.92197381520806
3.861863081931083,7.723726163862166
9.736756314837958,19.473512629675916
15.467476297929107,30.934952595858213
68.91432634963344,137.82865269926688
84.30040403678669,168.60080807357338
8.802325755046226,17.604651510092452
84.99792308875445,169.9958461775089
27.13854908929355,54.2770981785871
18.913420336960872,37.826840673921744
28.21190921361246,56.42381842722492
30.12550112034569,60.25100224069138
67.5977780325304,135.1955560650608
20.353102584405157,40.706205168810314
86.23360180434958,172.46720360869915
94.69570062739655,189.3914012547931
18.393630967340158,36.787261934680316
95.19043397974747,190.38086795949494
31.83702777444921,63.67405554889842
23.676025585844474,47.35205117168895
61.20155490240127,122.40310980480254
48.064496058759644,96.12899211751929
78.65842523177041,157.31685046354082
43.031972003340414,86.06394400668083
41.755764055424216,83.51152811084843
99.54070124970637,199.08140249941275
37.2690768154441,74.5381536308882
58.31453029663728,116.62906059327456
29.17018998774601,58.34037997549202
27.735554619110246,55.47110923822049
7.546143793193949,15.092287586387897
26.252699928223944,52.50539985644789
8.251613970956239,16.503227941912478
75.17730567248174,150.35461134496347
2.819020852918419,5.638041705836838
74.14974967217601,148.29949934435203
30.258885203738096,60.51777040747619
87.28041212629446,174.56082425258893
93.94436874485166,187.88873748970332
81.66152060324745,163.3230412064949
7.865713047735889,15.731426095471779
32.28275493426393,64.56550986852785
4.61928994992803,9.23857989985606
44.03220381766999,88.06440763533998
73.85759946877127,147.71519893754254
89.90801944654478,179.81603889308957
8.812111908047992,17.624223816095984
56.75962793458618,113.51925586917235
60.57563114276158,121.15126228552316
88.38498215404591,176.76996430809183
44.11326481832496,88.22652963664991
57.23582410147316,114.47164820294633
43.37957232757884,86.75914465515768
54.579690267674366,109.15938053534873
29.20634475845667,58.41268951691334
38.51797519593082,77.03595039186165
32.50327330580799,65.00654661161597
72.97415707083435,145.9483141416687
15.038497640064296,30.076995280128592
4.981503043050717,9.963006086101434
46.8136020879444,93.6272041758888
57.76656852061176,115.53313704122353
39.02843330598675,78.0568666119735
98.40480151185365,196.8096030237073
3.4994399956801536,6.998879991360307
44.86144933311997,89.72289866623994
53.53359642561679,107.06719285123359
76.35518701269866,152.71037402539733
68.46890628754595,136.9378125750919
47.63786213605058,95.27572427210116
24.36509312141908,48.73018624283816
20.70261694704896,41.40523389409792
2.7349897845018956,5.469979569003791
87.66279966738028,175.32559933476057
77.6637546242489,155.3275092484978
30.991650750605682,61.983301501211365
14.288644906945025,28.57728981389005
82.65496967197514,165.30993934395028
10.803614099338255,21.60722819867651
9.50906723690843,19.01813447381686
19.28031819896434,38.56063639792868
60.977903249852226,121.95580649970445
98.91494407301379,197.82988814602757
61.73539107083567,123.47078214167134
54.03202761771052,108.06405523542104
36.63988007511054,73.27976015022108
91.08781254063807,182.17562508127614
60.31397428862528,120.62794857725056
60.25750298891322,120.51500597782643
96.54785128811592,193.09570257623184
13.85543001260624,27.71086002521248
80.00437008844166,160.00874017688332
91.9922162238861,183.9844324477722
61.70503916647837,123.41007833295674
62.08506975893676,124.17013951787352
74.64259957443169,149.28519914886337
3.387171056686278,6.774342113372556
32.170403045054975,64.34080609010995
85.65906250931468,171.31812501862936
98.45402843335562,196.90805686671123
63.138924607053205,126.27784921410641
13.125203398837936,26.250406797675872
81.49466995538816,162.98933991077632
59.19519887950872,118.39039775901745
65.68140635317921,131.36281270635843
23.77234018950759,47.54468037901518
84.59474571395052,169.18949142790103
56.04737896627191,112.09475793254381
50.79764700891941,101.59529401783882
97.65672737495714,195.31345474991429
92.41994437969477,184.83988875938954
89.74656152132984,179.49312304265968
38.70174302088094,77.40348604176188
86.45893425054591,172.91786850109182
43.49785023145043,86.99570046290086
28.68311073370019,57.36622146740038
52.05615488314726,104.11230976629452
28.169475465088855,56.33895093017771
22.20260698860843,44.40521397721686
10.762756208582157,21.525512417164315
62.98102358867146,125.96204717734292
84.80064784361373,169.60129568722746
35.00578380211821,70.01156760423642
46.73174097476718,93.46348194953435
13.576393000569087,27.152786001138175
41.10661402097291,82.21322804194583
0.0531381555259558,0.1062763110519116
66.45318849072001,132.90637698144002
1.0731815554881896,2.146363110976379
91.81942483059953,183.63884966119906
10.421070287633516,20.84214057526703
72.32361557801471,144.64723115602942
65.29356344297102,130.58712688594204
63.66684667296857,127.33369334593714
47.991912566762764,95.98382513352553
29.66737791336311,59.33475582672622
6.92166792795863,13.84333585591726
50.677293134258235,101.35458626851647
88.21830634780896,176.43661269561792
96.58952730887475,193.1790546177495
84.59470947925715,169.1894189585143
7.216452454529653,14.432904909059307
8.5059925940125,17.011985188025
56.93844354826582,113.87688709653165
34.792599571711804,69.58519914342361
85.79764156312856,171.59528312625713
39.23344223605623,78.46688447211245
75.45189113427845,150.9037822685569
46.067405924106,92.134811848212
48.26471570243499,96.52943140486998
79.85466838168071,159.70933676336142
36.56938419289235,73.1387683857847
88.21929993386179,176.43859986772358
41.80421259559564,83.60842519119127
8.944398253850295,17.88879650770059
13.872534399220049,27.745068798440098
82.25750728828153,164.51501457656306
83.56483729589138,167.12967459178276
93.83035550241857,187.66071100483714
60.12368411894384,120.24736823788768
60.74719182410122,121.49438364820244
58.26897450873595,116.5379490174719
49.9423737724603,99.8847475449206
19.662063397463392,39.324126794926784
80.48012537643807,160.96025075287614
40.111361191169316,80.22272238233863
13.35792249481299,26.71584498962598
17.03238129425714,34.06476258851428
22.794602338169746,45.58920467633949
33.786204350276314,67.57240870055263
68.81190994774329,137.62381989548658
27.921369228937543,55.842738457875086
65.05793041741312,130.11586083482624
52.16062721349369,104.32125442698738
65.6635479013845,131.327095802769
45.860756109953016,91.72151221990603
72.245159620995,144.49031924199
95.01919948812409,190.03839897624817
38.49494222141453,76.98988444282907
36.76537810229377,73.53075620458753
99.57604204836021,199.15208409672042
67.47290070602028,134.94580141204057
37.24356611625142,74.48713223250284
34.869042536361064,69.73808507272213
86.33780462842995,172.6756092568599
81.47877965956143,162.95755931912285
63.108396673418596,126.21679334683719
21.524599948377276,43.04919989675455
89.28363613764164,178.56727227528327
89.50151464926682,179.00302929853365
85.22336657367539,170.44673314735078
67.26388324757389,134.52776649514777
6.865875517739406,13.731751035478812
75.05205176983885,150.1041035396777
41.46906182490989,82.93812364981979
75.94199414950285,151.8839882990057
1.1869634269008111,2.3739268538016223
22.890606410235215,45.78121282047043
72.80686776881481,145.61373553762962
30.684581330948035,61.36916266189607
49.51730820800889,99.03461641601778
40.5333682993801,81.0667365987602
73.78520619568194,147.57041239136387
34.12126624515523,68.24253249031047
3.1423948129782,6.2847896259564
87.31165426741765,174.6233085348353
74.79494761043051,149.58989522086102
77.30715153743087,154.61430307486174
21.270685683094225,42.54137136618845
81.71402746172026,163.42805492344053
10.547944674929832,21.095889349859664
17.13646358865454,34.27292717730908
93.52282022526474,187.04564045052948
68.15068430845908,136.30136861691815
25.084546350483215,50.16909270096643
8.085248731245409,16.170497462490818
13.745384308825582,27.490768617651163
94.60324029168159,189.20648058336317
43.607565142465724,87.21513028493145
18.114214197658683,36.228428395317366
58.219658717169054,116.43931743433811
10.073763305427985,20.14752661085597
99.11722354714682,198.23444709429364
74.38397740328928,148.76795480657856
61.239661426023105,122.47932285204621
50.084577900025074,100.16915580005015
33.38223213981241,66.76446427962482
18.43667956149455,36.8733591229891
47.08437238211628,94.16874476423256
96.08823183108169,192.17646366216337
35.160482368770616,70.32096473754123
20.423590288139714,40.84718057627943
96.07300453458144,192.1460090691629
89.5036284982814,179.0072569965628
97.42519729619895,194.8503945923979
53.58307571188892,107.16615142377783
10.371170833085785,20.74234166617157
64.19842611772488,128.39685223544976
35.69119427628765,71.3823885525753
81.21121388751466,162.42242777502932
63.4718184061426,126.9436368122852
4.342376081821852,8.684752163643704
95.57172725554295,191.1434545110859
0.03746746441118942,0.07493492882237884
75.27848923631949,150.55697847263897
74.95276725292696,149.90553450585392
34.79176402014528,69.58352804029056
22.596074089588537,45.192148179177074
9.544655270044643,19.089310540089286
68.30842544312729,136.61685088625458
29.694313077784006,59.38862615556801
25.968414455267062,51.936828910534125
91.33479004552217,182.66958009104434
82.32088643417768,164.64177286835536
98.93030759825004,197.86061519650008
59.22981936937718,118.45963873875436
13.036272530991145,26.07254506198229
51.332700516616825,102.66540103323365
40.127280055986134,80.25456011197227
48.822982185039876,97.64596437007975
75.22474686784807,150.44949373569614
47.22172406448233,94.44344812896466
12.354158156779194,24.708316313558388
27.32881825289545,54.6576365057909
87.00575259448236,174.01150518896472
77.37558601727436,154.75117203454872
56.04092970610159,112.08185941220319
74.60143988241036,149.20287976482072
64.9596875866025,129.919375173205
62.723794382985766,125.44758876597153
18.70096820087713,37.40193640175426
10.318862299903786,20.637724599807573
9.481917338554158,18.963834677108316
6.675897116947482,13.351794233894964
22.765319115811554,45.53063823162311
64.94778364191664,129.8955672838333
78.00575359071124,156.01150718142247
51.665908921103835,103.33181784220767
46.74189597693933,93.48379195387867
69.38626966175754,138.77253932351508
85.6859134346981,171.3718268693962
11.939224293566319,23.878448587132638
18.74779774378824,37.49559548757648
24.220154648225446,48.44030929645089
89.91389680505475,179.8277936101095
48.72481930525573,97.44963861051146
45.49614199584079,90.99228399168157
4.5211887888443325,9.042377577688665
0.6099480852645556,1.2198961705291111
98.782995925926,197.565991851852
48.444319765131205,96.88863953026241
74.00735590883254,148.01471181766507
28.730995445139186,57.46199089027837
42.03236703810636,84.06473407621272
27.700402449283523,55.400804898567046
14.142151671668401,28.284303343336802
17.66615659942986,35.33231319885972
6.043642475196687,12.087284950393373
56.60402637039059,113.20805274078118
84.68907341099197,169.37814682198393
30.284105826423247,60.56821165284649
63.648458514102735,127.29691702820547
24.662480870498005,49.32496174099601
86.22776227985767,172.45552455971534
84.90163184287437,169.80326368574873
94.77738499560151,189.55476999120302
91.09511268527339,182.19022537054678
78.16359299939563,156.32718599879126
67.00833713374281,134.01667426748563
74.4111119964466,148.8222239928932
43.12228673131515,86.2445734626303
99.42683512883497,198.85367025766993
17.666386003275658,35.332772006551316
63.30148686989799,126.60297373979598
15.035713932974293,30.071427865948586
90.32964770804406,180.65929541608813
82.28728565362078,164.57457130724157
45.40084905751469,90.80169811502938
92.41919118458152,184.83838236916304
58.046953175110396,116.09390635022079
89.2271044752857,178.4542089505714
37.479189105836056,74.95837821167211
89.83101013402539,179.66202026805078
23.383600944170404,46.76720188834081
36.22421740683425,72.4484348136685
34.52975177178992,69.05950354357984
21.17100921119299,42.34201842238598
50.468675857319745,100.93735171463949
63.26610719108597,126.53221438217194
62.513534862166075,125.02706972433215
84.09467276150069,168.18934552300138
52.59841861745963,105.19683723491926
54.11342475597974,108.22684951195949
42.09285871685794,84.18571743371588
46.617340568775575,93.23468113755115
30.72808392347356,61.45616784694712
86.00664586713842,172.01329173427683
45.797028506983686,91.59405701396737
67.24053161492974,134.48106322985947
40.145715871945384,80.29143174389077
46.06737222278342,92.13474444556684
55.2802072610316,110.5604145220632
89.86450185447875,179.7290037089575
1.4041436537351237,2.8082873074702475
61.38843081797612,122.77686163595224
52.293072109162296,104.58614421832459
80.68121217683579,161.36242435367157
70.90827761634154,141.81655523268307
18.330910490885355,36.66182098177071
46.7277991179476,93.4555982358952
10.43126214964688,20.86252429929376
26.324228070893106,52.64845614178621
24.054395163765776,48.10879032753155
33.90620235044799,67.81240470089598
99.61700239594794,199.23400479189587
84.73057057127377,169.46114114254755
56.999984489154386,113.99996897830877
22.08636504659589,44.17273009319178
76.34811929665946,152.69623859331892
20.966281277941746,41.93256255588349
16.32268425951471,32.64536851902942
31.653867851110608,63.307735702221215
79.64142838275372,159.28285676550743
30.11739244977244,60.23478489954488
53.16730074083852,106.33460148167704
98.09285454644139,196.18570909288277
16.785276321458852,33.570552642917704
66.57789244489364,133.15578488978727
66.6408636239383,133.2817272478766
38.754519063190784,77.50903812638157
24.903534503504222,49.807069007008444
74.97340217970779,149.94680435941558
55.89220845833081,111.78441691666163
44.627737898751526,89.25547579750305
92.12051702873654,184.2410340574731
40.60005100022824,81.20010200045648
51.98946236315616,103.97892472631231
12.241272876444798,24.482545752889596
60.00270359132598,120.00540718265196
88.40052010159073,176.80104020318146
2.978431529303016,5.956863058606032
84.81541224651048,169.63082449302095
47.7699753943846,95.5399507887692
22.11414432860067,44.22828865720134
65.88807540817598,131.77615081635196
29.404879469426504,58.80975893885301
69.04864734287816,138.0972946857563
20.83082451700874,41.66164903401748
56.061105375405695,112.12221075081139
5.455420306550263,10.910840613100525
68.20485507118083,136.40971014236166
69.43634048257044,138.8726809651409
73.16560826732957,146.33121653465915
46.18279609573277,92.36559219146554
19.868502059819136,39.73700411963827
11.641097239794417,23.282194479588835
20.150045316731312,40.300090633462624
57.561590047109654,115.12318009421931
26.429381703547904,52.85876340709581
9.604778547316418,19.209557094632835
52.125513957845115,104.25102791569023
78.35067650698649,156.70135301397298
6.867816792604565,13.73563358520913
1.414456589017532,2.828913178035064
43.17914952480228,86.35829904960455
60.54006974024293,121.08013948048585
31.659000118271475,63.31800023654295
72.47261923921779,144.94523847843558
69.48778796120735,138.9755759224147
38.4257532689275,76.851506537855
22.245752299482547,44.49150459896509
91.33870084251402,182.67740168502803
65.07042161029472,130.14084322058943
48.648731692014614,97.29746338402923
55.100741155912836,110.20148231182567
62.12198224917721,124.24396449835442
58.85214996496011,117.70429992992023
26.31675964692606,52.63351929385212
84.25337645619427,168.50675291238855
74.1697752048747,148.3395504097494
83.04595854994739,166.09191709989477
98.08627672005828,196.17255344011656
82.70487680658465,165.4097536131693
74.9308141871306,149.8616283742612
97.17515302117114,194.35030604234228
81.5577917377143,163.1155834754286
41.464364824275314,82.92872964855063
5.096844847898618,10.193689695797236
97.25179860715009,194.50359721430019
41.98818505366319,83.97637010732637
84.78368417780455,169.5673683556091
77.30834594044008,154.61669188088015
76.02628462196236,152.05256924392472
85.5310223169922,171.0620446339844
46.35968336595479,92.71936673190957
89.46052785280672,178.92105570561344
71.43698010389981,142.87396020779963
38.98181213539864,77.96362427079728
32.393522109519445,64.78704421903889
79.2336098535385,158.467219707077
57.51012477038792,115.02024954077584
35.099609448509526,70.19921889701905
57.99696419711896,115.99392839423793
42.540906471576434,85.08181294315287
84.67865839795017,169.35731679590035
51.32905900184057,102.65811800368114
84.14843498523643,168.29686997047287
84.47557733912247,168.95115467824493
64.27978948252347,128.55957896504694
78.19928002373354,156.39856004746707
72.90713785096221,145.81427570192443
27.621207545046055,55.24241509009211
89.68840836648486,179.37681673296973
66.86924473241186,133.73848946482372
76.59368223696005,153.1873644739201
16.6735990186883,33.3471980373766
72.92615426507957,145.85230853015915
50.421452926393805,100.84290585278761
97.3915642531339,194.7831285062678
97.19542469985196,194.3908493997039
86.42263321713196,172.84526643426392
0.8251756195246651,1.6503512390493302
4.447740225201324,8.895480450402648
68.25023445175572,136.50046890351143
57.661842657296994,115.32368531459399
82.92318609445941,165.84637218891882
24.242978741285114,48.48595748257023
48.81629881309322,97.63259762618644
12.596290305709278,25.192580611418556
98.43883830507491,196.87767661014982
35.604260944446644,71.20852188889329
17.24454352416317,34.48908704832634
28.93920269887077,57.87840539774154
81.02940950625357,162.05881901250714
4.249104186218489,8.498208372436977
37.46494149488707,74.92988298977414
91.167954643017,182.335909286034
98.59077188898723,197.18154377797447
91.51497003168106,183.02994006336212
32.66817626112722,65.33635252225444
53.439561723472515,106.87912344694503
0.651330418881324,1.302660837762648
49.573326572907206,99.14665314581441
86.68263701210634,173.36527402421268
15.353119457866093,30.706238915732186
37.94810405984861,75.89620811969722
95.43466819461501,190.86933638923003
19.77586978043301,39.55173956086602
13.744869140296634,27.48973828059327
60.76390600462326,121.52781200924652
81.47502458928739,162.95004917857477
33.369302346289096,66.73860469257819
90.76577028640733,181.53154057281466
78.5958516784963,157.1917033569926
44.23230594420316,88.46461188840632
11.049983165738642,22.099966331477283
4.844144247504733,9.688288495009466
86.39696423937335,172.7939284787467
4.931305670057718,9.862611340115436
45.911210385335046,91.82242077067009
83.54119425255057,167.08238850510114
44.40498625731279,88.80997251462558
34.85246275394196,69.70492550788391
40.233924266971286,80.46784853394257
49.08438791003211,98.16877582006423
61.99818053716471,123.99636107432941
38.74785320653095,77.4957064130619
27.84377865619623,55.68755731239246
89.99629458303197,179.99258916606394
56.46940674529684,112.93881349059367
48.174847044443624,96.34969408888725
25.075855785519764,50.15171157103953
17.214414830411485,34.42882966082297
10.108600476574537,20.217200953149074
96.10924521406781,192.21849042813562
38.42483496932429,76.84966993864857
95.89285720854768,191.78571441709536
37.06542658342271,74.13085316684543
34.25348627188684,68.50697254377368
95.51131756606569,191.02263513213137
39.873641138311875,79.74728227662375
32.84918516853216,65.69837033706432
83.92314932212375,167.8462986442475
48.49900740836554,96.99801481673109
92.82033194449481,185.64066388898962
65.56407526640862,131.12815053281724
96.81850379437255,193.6370075887451
72.55010870747786,145.10021741495572
78.72157324116772,157.44314648233544
31.51371849425253,63.02743698850506
0.9987523631845296,1.9975047263690593
24.35700341561834,48.71400683123668
51.04306167300572,102.08612334601143
41.25238879831635,82.5047775966327
60.61597203347818,121.23194406695636
11.072546108492975,22.14509221698595
15.281644717223031,30.563289434446062
55.09839939244585,110.1967987848917
92.82444212134622,185.64888424269245
48.910608905323805,97.82121781064761
35.14422282223484,70.28844564446968
89.8168402437329,179.6336804874658
55.10753796076191,110.21507592152382
64.4366443933704,128.8732887867408
20.21550012050568,40.43100024101136
65.01978461921479,130.03956923842958
59.498464975699896,118.99692995139979
65.42675379679068,130.85350759358136
7.028689130755161,14.057378261510323
94.6208089255088,189.2416178510176
42.47393293557009,84.94786587114018
39.69473360857866,79.38946721715732
93.60942376920117,187.21884753840234
49.48891421520132,98.97782843040264
37.632919559997816,75.26583911999563
2.4545241625253955,4.909048325050791
5.993613870052239,11.987227740104478
13.47253348585522,26.94506697171044
59.05486383381192,118.10972766762384
64.35527881281516,128.71055762563032
45.32430067839909,90.64860135679818
59.248035873675285,118.49607174735057
61.4594654934402,122.9189309868804
5.502778882037829,11.005557764075657
5.614482428983402,11.228964857966805
82.00958493692653,164.01916987385306
41.67639003300643,83.35278006601285
98.07113792414532,196.14227584829064
28.188784389778498,56.377568779556995
47.421870646630225,94.84374129326045
8.502107377019874,17.004214754039747
25.02676673569717,50.05353347139434
73.41135111378588,146.82270222757177
89.41111995863994,178.8222399172799
9.427793838681486,18.855587677362973
16.17421640205525,32.3484328041105
76.74504146558589,153.49008293117177
29.052483221525694,58.10496644305139
25.000783516901393,50.001567033802786
96.98204155114392,193.96408310228784
1.6616183211973778,3.3232366423947557
14.252239065510652,28.504478131021305
5.922140777111496,11.844281554222992
73.55614714309613,147.11229428619225
61.25066827550587,122.50133655101175
74.56656838313404,149.13313676626808
47.70958202157546,95.41916404315091
70.94173800171944,141.8834760034389
56.112393795556144,112.22478759111229
63.226673672270636,126.45334734454127
66.37556307773593,132.75112615547187
74.98245079237746,149.96490158475493
53.70792810148569,107.41585620297138
6.518287476636098,13.036574953272195
84.92884969778396,169.85769939556792
31.61237463651959,63.22474927303918
37.628511214032045,75.25702242806409
70.63855547222133,141.27711094444265
57.897887411450135,115.79577482290027
17.090785880680638,34.181571761361276
24.166969404165783,48.33393880833157
33.93855848906158,67.87711697812315
84.9524625206382,169.9049250412764
96.14988876518834,192.29977753037667
42.441653048493535,84.88330609698707
88.15874407861295,176.3174881572259
80.97267869732528,161.94535739465056
18.46610126768986,36.93220253537972
10.229924675793844,20.45984935158769
7.764140060861147,15.528280121722293
69.25881253497653,138.51762506995306
55.64688566618885,111.2937713323777
68.75057049966813,137.50114099933626
52.20699100522366,104.41398201044731
73.8616878196863,147.7233756393726
23.476057824306462,46.952115648612924
84.56394356898242,169.12788713796485
71.13047022867741,142.26094045735482
28.361047782774364,56.72209556554873
55.01055433898142,110.02110867796284
93.94222772374188,187.88445544748376
76.39559221432057,152.79118442864115
36.16447363636712,72.32894727273424
92.69197292822899,185.38394585645798
57.74497965273137,115.48995930546273
95.95629762168302,191.91259524336604
92.52938349342831,185.05876698685663
37.56278820790979,75.12557641581958
19.339435691023986,38.67887138204797
13.960377630695554,27.920755261391108
67.93078508759733,135.86157017519466
34.5844851601681,69.1689703203362
18.3191427608565,36.638285521713
85.09760147113626,170.19520294227252
11.540288803816367,23.080577607632733
94.08823988113753,188.17647976227505
81.23656400287578,162.47312800575156
14.660480014548316,29.320960029096632
26.645164411119794,53.29032882223959
97.3065414251735,194.613082850347
58.65113338494579,117.30226676989157
55.96346727527003,111.92693455054005
54.39159610515601,108.78319221031202
62.007943954328724,124.01588790865745
75.15481013272326,150.3096202654465
1.06136992192154,2.12273984384308
7.349496543973311,14.698993087946622
41.34294328616156,82.68588657232311
42.82994753782437,85.65989507564873
39.92634688817722,79.85269377635444
46.061494442828874,92.12298888565775
49.77830390661816,99.55660781323633
79.52013293286419,159.04026586572837
74.90334578209166,149.80669156418332
76.2570724170783,152.5141448341566
31.60079338867249,63.20158677734498
88.64110133220733,177.28220266441465
3.6231128687172154,7.246225737434431
16.216368340539734,32.43273668107947
78.04230342664773,156.08460685329547
56.55026670069832,113.10053340139665
63.86335702074999,127.72671404149997
73.8204243613675,147.640848722735
94.19366386004333,188.38732772008666
60.137731285323625,120.27546257064725
51.33790247802561,102.67580495605122
53.14390126141579,106.28780252283158
25.79369353037414,51.58738706074828
93.27894318256195,186.5578863651239
41.2816715982348,82.5633431964696
27.342449508888965,54.68489901777793
24.465249544131296,48.93049908826259
73.00033343242146,146.0006668648429
33.088590422054175,66.17718084410835
73.99886106643292,147.99772213286585
18.417106579019602,36.834213158039205
97.33962961659664,194.67925923319328
4.44411970046692,8.88823940093384
63.985760721754524,127.97152144350905
11.884106501717618,23.768213003435235
92.99807776114272,185.99615552228545
64.71334523372917,129.42669046745834
5.334556873239816,10.669113746479631
24.774746931887137,49.54949386377427
51.06860876050789,102.13721752101578
7.312496592179629,14.624993184359258
40.56267923608385,81.1253584721677
53.68978615538409,107.37957231076818
40.817716188867735,81.63543237773547
32.64692498911933,65.29384997823865
31.805420312675746,63.61084062535149
72.34293510917227,144.68587021834455
95.58520596937586,191.17041193875173
20.02160122360643,40.04320244721286
52.815152356816455,105.63030471363291
71.21720508446457,142.43441016892913
71.43634052699088,142.87268105398175
14.354929896816849,28.709859793633697
51.55780792528793,103.11561585057586
28.28834491635378,56.57668983270756
59.81502434750572,119.63004869501144
7.418751465030327,14.837502930060653
31.772842158466506,63.54568431693301
59.142224754359496,118.28444950871899
1.707611560636113,3.415223121272226
93.59621339122106,187.1924267824421
51.71804177810104,103.43608355620208
93.66551782307869,187.33103564615737
73.76436018559535,147.5287203711907
18.385170014148976,36.77034002829795
90.5599458454742,181.1198916909484
56.30399900834265,112.6079980166853
53.19576793546585,106.3915358709317
56.51024529918869,113.02049059837738
99.24552058770962,198.49104117541924
28.46808981178671,56.93617962357342
18.891604607314715,37.78320921462943
56.067986159374094,112.13597231874819
80.66438999657069,161.32877999314138
87.39316149459017,174.78632298918035
37.766263545266284,75.53252709053257
66.6207572082888,133.2415144165776
71.45078972664422,142.90157945328843
40.3359981304781,80.6719962609562
54.336381393805645,108.67276278761129
10.720528996872103,21.441057993744206
15.40492869789044,30.80985739578088
1.7788061375189623,3.5576122750379247
28.116403353005136,56.23280670601027
15.95670615622934,31.91341231245868
69.17276631510546,138.34553263021093
40.983677720555924,81.96735544111185
41.224837581725126,82.44967516345025
48.48062483853417,96.96124967706834
16.183060481187038,32.366120962374076
18.08760641750228,36.17521283500456
79.78232449735579,159.56464899471158
27.483364542270316,54.96672908454063
62.77761094783808,125.55522189567615
88.29645354455221,176.59290708910441
45.53418749214146,91.06837498428293
86.58416639613974,173.16833279227947
54.06370304771186,108.12740609542372
23.286634435715982,46.573268871431964
40.42639355390821,80.85278710781643
31.280651719921515,62.56130343984303
5.825649490893337,11.651298981786674
28.55846490028977,57.11692980057954
15.848889826668822,31.697779653337644
59.02461104107266,118.04922208214532
87.05186988536107,174.10373977072214
83.02335158682052,166.04670317364105
4.567836025305805,9.13567205061161
91.16342550136149,182.32685100272298
47.33738412296523,94.67476824593047
57.38832461149972,114.77664922299944
10.506402151686745,21.01280430337349
42.248760445853016,84.49752089170603
29.000423351483494,58.00084670296699
38.138035367827726,76.27607073565545
60.979460406018404,121.95892081203681
43.96634850021886,87.93269700043771
2.7313049259897304,5.462609851979461
74.975174971292,149.950349942584
69.80902918639482,139.61805837278965
42.33409216389277,84.66818432778554
21.950568619008514,43.90113723801703
14.063200304820745,28.12640060964149
21.636496013240837,43.272992026481674
63.07414577959034,126.14829155918068
9.473809393369947,18.947618786739895
66.22308922263174,132.44617844526348
42.6242998431706,85.2485996863412
34.906593764794046,69.81318752958809
35.516258138071535,71.03251627614307
25.102800920799005,50.20560184159801
2.1040153621834423,4.208030724366885
84.08759836339087,168.17519672678173
20.912131830548,41.824263661096
72.33365979540066,144.66731959080133
92.94691413094633,185.89382826189265
77.06088823879548,154.12177647759097
58.89103340735473,117.78206681470947
92.90352251494896,185.80704502989792
29.16620057913014,58.33240115826028
41.177047674867815,82.35409534973563
94.93233212621189,189.86466425242378
62.04539976764535,124.0907995352907
85.30888396170924,170.61776792341848
84.37691491674353,168.75382983348706
44.07626115735211,88.15252231470421
56.68717558464431,113.37435116928862
78.86205192717932,157.72410385435865
10.517468242566164,21.034936485132327
19.58007343010277,39.16014686020554
58.5176906550322,117.0353813100644
61.14990200029483,122.29980400058966
17.253483605939913,34.506967211879825
0.2957189674631322,0.5914379349262644
38.15885759398556,76.31771518797112
13.307881827203182,26.615763654406365
39.71520043071528,79.43040086143056
76.54607529444988,153.09215058889976
2.6440966993658166,5.288193398731633
1.1117306738552157,2.2234613477104315
32.78070915495195,65.5614183099039
35.66075398337515,71.3215079667503
25.20510671386186,50.41021342772372
23.01240532197333,46.02481064394666
90.45370498560587,180.90740997121173
34.93763172446182,69.87526344892365
21.597494893950632,43.194989787901264
52.154199891658784,104.30839978331757
68.26725287671628,136.53450575343257
22.744556693391406,45.48911338678281
14.103740720037884,28.207481440075767
23.926297185204703,47.852594370409406
64.18377560788375,128.3675512157675
57.88174138230868,115.76348276461736
99.98201268531888,199.96402537063776
20.795812686704984,41.59162537340997
34.140998236264565,68.28199647252913
69.30628924788003,138.61257849576006
66.25129642567722,132.50259285135445
94.24799333811158,188.49598667622317
58.99896991024151,117.99793982048303
93.56584971427625,187.1316994285525
35.585837146533365,71.17167429306673
66.87695763835372,133.75391527670743
79.99970867073412,159.99941734146825
79.7771881905538,159.5543763811076
8.5460341846606,17.0920683693212
37.805668082758274,75.61133616551655
62.71999052203252,125.43998104406504
24.255127265658636,48.51025453131727
46.71028915817883,93.42057831635766
78.13324947680745,156.2664989536149
56.64853583823187,113.29707167646374
14.42394801746152,28.84789603492304
24.336935156468087,48.673870312936174
42.82894688230616,85.65789376461233
33.39765391446166,66.79530782892331
42.49842834656471,84.99685669312942
24.893592877732928,49.787185755465856
92.79423585084739,185.58847170169477
86.62813216094789,173.25626432189577
39.48760990288428,78.97521980576856
87.82840162403308,175.65680324806615
34.983303992461146,69.96660798492229
11.215047241984156,22.43009448396831
91.49356672182962,182.98713344365925
54.62670090869211,109.25340181738422
99.03860734251528,198.07721468503055
52.72732427524029,105.45464855048058
98.6941459656531,197.3882919313062
69.95071209209928,139.90142418419856
25.107711998662317,50.215423997324635
46.45171663297765,92.9034332659553
39.14689992055605,78.2937998411121
36.24354339863268,72.48708679726536
15.46956743425143,30.93913486850286
41.84949202962963,83.69898405925926
38.06292507604647,76.12585015209294
58.297469791791656,116.59493958358331
87.19579886014972,174.39159772029944
65.05230242561147,130.10460485122294
82.44572007428039,164.89144014856078
53.60858309862802,107.21716619725603
11.611947732890993,23.223895465781986
83.36924041820757,166.73848083641514
37.530206745049675,75.06041349009935
49.25199048068072,98.50398096136144
75.00003905607593,150.00007811215187
39.723288850385806,79.44657770077161
86.06123808178602,172.12247616357203
14.025608727867034,28.05121745573407
31.576228285532682,63.152456571065365
21.316381602492164,42.63276320498433
66.86246652910998,133.72493305821996
41.99859449450871,83.99718898901742
89.82197319643565,179.6439463928713
11.808945996178144,23.617891992356288
2.3281472340340503,4.656294468068101
99.54224307543424,199.08448615086849
34.4092983253691,68.8185966507382
76.94622338663441,153.89244677326883
31.89198007690994,63.78396015381988
72.01472251378027,144.02944502756054
30.337141671837,60.674283343674
49.35453612500782,98.70907225001564
89.77415810300606,179.54831620601212
76.8962854128144,153.7925708256288
19.905547492712515,39.81109498542503
83.71404638539113,167.42809277078226
46.35445586164617,92.70891172329235
90.52176583649265,181.0435316729853
3.676701889219691,7.353403778439382
23.511368246002597,47.022736492005194
99.78405561938189,199.56811123876378
5.339297169517709,10.678594339035419
65.72449997041272,131.44899994082544
7.973062848035495,15.94612569607099
51.484369647978255,102.96873929595651
86.7468560223045,173.493712044609
29.98335690931605,59.9667138186321
82.20263460915032,164.40526921830065
37.79317920502769,75.58635841005538
95.29241624420314,190.58483248840628
86.58715123637046,173.17430247274092
5.808443261933327,11.616886523866654
23.156547942478266,46.31309588495653
90.467831346988,180.935662693976
17.216591644862255,34.43318328972451
82.22971765541543,164.45943531083086
23.362815682116857,46.72563136423371
72.74044151175053,145.48088302350106
25.928028043622852,51.856056087245705
29.376431407062263,58.752862814124526
28.146869143470155,56.29373828694031
46.74985168696254,93.49970337392509
74.9870896518277,149.9741793036554
40.23324661159292,80.46649322318584
85.8890838876651,171.7781677753302
42.81392288843387,85.62784577686774
39.37317582810736,78.74635165621471
26.372353749578703,52.74470749915741
87.93013849836288,175.86027699672576
12.937860977929816,25.875721955859632
22.836144593879816,45.67228918775963
57.928512681714395,115.85702536342879
56.36441400850516,112.72882801701031
3.794447978547677,7.588895957095354
51.94429586570135,103.8885917314027
68.79814376482285,137.5962875296457
6.090671758642319,12.181343517284638
57.76219048682294,115.52438097364588
26.98241790704593,53.96483581409186
32.24385001534726,64.48770003069453
5.290238989310547,10.580477978621094
19.967499907106635,39.93499981421327
1.445912174253683,2.891824348507366
48.98355685648642,97.96711371297285
20.310587478644337,40.62117495728867
13.239525097170057,26.479050194340115
53.63074566989421,107.26149133978842
85.39445241640627,170.78890483281253
26.45181187776373,52.90362375552746
81.50089721736231,163.00179443472462
72.91299449271554,145.82598898543108
3.7833732767798223,7.5667465535596445
19.9344665293403,39.8689330586806
69.94924916913557,139.89849833827114
54.553740974216645,109.10748194843329
4.22374062323928,8.44748124647856
86.1089590479525,172.217918095905
80.13843303656701,160.27686607313402
93.84418438167576,187.68836876335152
63.57576137703514,127.15152275407029
7.809772649966085,15.61954529993217
73.68276781250495,147.3655356250099
98.87854587352722,197.75709174705443
65.90226051302511,131.80452102605022
78.40565401321247,156.81130802642494
89.57880513422893,179.15761026845786
1.462796158545876,2.925592317091752
58.806405674495906,117.61281134899181
90.1465667124639,180.2931334249278
4.0060345476874755,8.012069095374951
0.2865570735532508,0.5731141471065015
25.47226103463206,50.94452206926412
24.381153020518543,48.762306041037085
59.0479921037761,118.0959842075522
69.09603776467434,138.19207552934867
72.47091521955126,144.94183043910252
12.04487771274001,24.08975542548002
23.932971776066616,47.86594355213323
23.307961126439636,46.61592225287927
68.57095478822124,137.1419095764425
5.414219079126347,10.828438158252695
81.69990710791696,163.3998142158339
53.882141780756434,107.76428356151287
42.89242257140432,85.78484514280863
12.47061806165889,24.94123612331778
19.106524923402123,38.213049846804246
33.34813108655483,66.69626217310966
13.435411386815954,26.870822773631907
78.4179522868374,156.8359045736748
36.893067871172136,73.78613574234427
89.648346993733,179.296693987466
23.227997773149077,46.455995546298155
50.245607669336735,100.49121533867347
58.07907813651778,116.15815627303556
91.49498386941245,182.9899677388249
64.25036084323011,128.50072168646022
47.18133383823384,94.36266767646768
19.779354961745266,39.55870992349053
66.5318756159704,133.0637512319408
33.165135244207825,66.33027048841565
76.81924846500702,153.63849693001404
29.433376204775495,58.86675240955099
14.50254474174837,29.00508948349674
48.25589357428355,96.5117871485671
3.10786952002694,6.21573904005388
9.657359639543339,19.314719279086678
63.77226591675198,127.54453183350395
26.166159183758285,52.33231836751657
69.58493594335113,139.16987188670225
98.25156637338515,196.5031327467703
1.4324269648755439,2.8648539297510878
1.7864585327288074,3.572917065457615
66.86270561458474,133.72541122916948
69.61241875119606,139.22483750239212
34.425105414257786,68.85021082851557
0.5276466939967528,1.0552933879935056
5.341731181670029,10.683462363340057
12.652006003343342,25.304012006686683
44.49953583187452,88.99907166374904
96.59410649583249,193.18821299166498
62.78628133539331,125.57256267078662
77.93456629927405,155.8691325985481
65.84126338087118,131.68252676174237
91.79710863906672,183.59421727813344
43.498143469949746,86.99628693989949
16.069780508896713,32.139561017793426
1.1628494462897487,2.3256988925794975
36.36081574107812,72.72163148215624
6.946170655661366,13.892341311322731
55.75055241283911,111.50110482567823
62.10290442741949,124.20580885483898
74.71463776651485,149.4292755330297
43.213235889321936,86.42647177864387
39.860005805300915,79.72001161060183
60.27205292920671,120.54410585841342
2.6604183113877578,5.3208366227755155
99.2697815939296,198.5395631878592
27.392681254371322,54.785362508742644
6.675526660518461,13.351053321036922
47.847489479081226,95.69497895816245
99.15893043064463,198.31786086128926
7.736126868817362,15.472253737634723
33.053581526234844,66.10716305246969
58.60579633266225,117.2115926653245
52.01037288198218,104.02074576396436
9.684191709046763,19.368383418093526
42.499795440204146,84.99959088040829
48.56357153256962,97.12714306513924
93.47005001192097,186.94010002384195
42.62127385207087,85.24254770414174
48.71459052814488,97.42918105628976
52.827635161403855,105.65527032280771
53.50035890775771,107.00071781551542
75.46483827453486,150.9296765490697
86.04136872829025,172.0827374565805
43.99384073607108,87.98768147214216
20.232669315004415,40.46533863000883
7.863870213095858,15.727740426191716
77.87841454714399,155.75682909428798
52.574249194954945,105.14849838990989
79.65643006487758,159.31286012975517
11.333815064008057,22.667630128016114
13.194743880172656,26.38948776034531
93.95975402630702,187.91950805261405
64.4817362472591,128.9634724945182
80.67296695660136,161.3459339132027
34.795956593545576,69.59191318709115
70.21625794274684,140.43251588549367
49.849422206504514,99.69884441300903
57.12323285078369,114.24646570156737
64.68859644380154,129.3771928876031
6.728647837746782,13.457295675493564
44.306562098507094,88.61312419701419
30.739297285870816,61.47859457174163
96.87567653405515,193.7513530681103
93.95062914890472,187.90125829780945
54.856664684113376,109.71332936822675
24.538673660326616,49.07734732065323
13.896372831005642,27.792745662011285
33.361060486944346,66.72212097388869
73.25311290192428,146.50622580384857
97.29096175175945,194.5819235035189
12.673262633484327,25.346525266968655
7.731547863658317,15.463095727316635
0.8948831846682048,1.7897663693364096
21.25079010446629,42.50158020893258
15.09085992049064,30.18171984098128
24.867130009959737,49.734260019919475
28.61023245051737,57.22046490103474
10.618782149083906,21.23756429816781
16.373123230641095,32.74624646128219
4.519758836222887,9.039517672445774
77.85624637375318,155.71249274750636
51.39487670148706,102.78975340297411
29.008001312516285,58.01600262503257
38.1583606729068,76.3167213458136
45.21415265359215,90.4283053071843
98.57307283838762,197.14614567677523
15.343028710007589,30.686057420015178
8.728764308095583,17.457528616191166
53.41712881950893,106.83425763901786
94.37599136539718,188.75198273079437
44.00571862538649,88.01143725077299
64.98422032106616,129.96844064213232
33.415771122151675,66.83154224430335
11.679507172076487,23.359014344152975
25.95761112202245,51.9152222440449
66.6923022899411,133.3846045798822
25.726670390577354,51.45334078115471
66.11269474017905,132.2253894803581
40.227029133511586,80.45405826702317
40.091396116702185,80.18279223340437
44.32356171574302,88.64712343148604
19.808978319681415,39.61795663936283
88.37464331446682,176.74928662893365
86.94735319869467,173.89470639738934
48.872163740468956,97.74432748093791
84.30149450145068,168.60298900290135
65.30132983222593,130.60265966445186
59.69881302181486,119.39762604362971
91.03024126735801,182.06048253471602
55.616425034809744,111.23285006961949
39.121927599010235,78.24385519802047
24.998810328836598,49.997620657673195
19.549019966013383,39.098039932026765
95.39954772537106,190.79909545074213
70.7868486208584,141.5736972417168
32.52825705538547,65.05651411077093
90.30057986394358,180.60115972788716
37.65136828570013,75.30273657140026
91.83856676443762,183.67713352887523
55.7738017866765,111.547603573353
61.06074033486488,122.12148066972976
76.38684777791138,152.77369555582277
67.49225272698574,134.98450545397148
46.328130093733364,92.65626018746673
30.761754719462264,61.52350943892453
71.16583118392549,142.33166236785098
73.63183218195702,147.26366436391405
59.41140167266477,118.82280334532955
87.99309391083095,175.9861878216619
7.648495973996972,15.296991947993943
4.761014006567521,9.522028013135042
80.57926212955311,161.15852425910623
52.674706778464554,105.34941355692911
15.554465511251536,31.10893102250307
24.748896985098146,49.49779397019629
56.6846528847457,113.3693057694914
41.21353549907197,82.42707099814395
91.61834292218391,183.23668584436783
89.79786456183298,179.59572912366596
92.80277923604925,185.6055584720985
68.82388304195814,137.64776608391628
57.232357114636535,114.46471422927307
50.266577830357086,100.53315566071417
0.7770524360468767,1.5541048720937534
90.14389767710502,180.28779535421003
24.944417967557563,49.888835935115125
35.940895486085914,71.88179097217183
40.76472707542702,81.52945415085404
32.0390281937759,64.0780563875518
31.98311176018933,63.96622352037866
7.644889725849902,15.289779451699804
89.54182188764905,179.0836437752981
80.26316054537763,160.52632109075526
32.79400144335991,65.58800288671982
4.953078687410162,9.906157374820324
6.630355482191441,13.260710964382882
14.223456853752348,28.446913707504695
10.920057542131778,21.840115084263555
49.29251684342755,98.5850336868551
21.280809296124325,42.56161859224865
23.440765272659757,46.881530545319514
7.366725985661759,14.733451971323518
94.65827595853129,189.31655191706258
1.8585383610399964,3.7170767220799927
88.03352732255597,176.06705464511194
83.85844083281557,167.71688166563115
97.35314307265016,194.7062861453003
97.95873963871608,195.91747927743216
77.03416390610161,154.06832781220322
57.644542921929975,115.28908584385995
25.63294867313639,51.26589734627278
87.7610156539177,175.5220313078354
91.35233194836012,182.70466389672023
41.683150238569056,83.36630047713811
7.093899074980758,14.187798149961516
51.945941641567885,103.89188328313577
93.83964301969733,187.67928603939467
87.63989127835586,175.27978255671172
52.34833014065457,104.69666028130914
79.15404554610853,158.30809109221707
56.56162189390416,113.12324378780832
71.04060517752572,142.08121035505144
98.88397769019164,197.76795538038328
21.24594674357968,42.49189348715936
37.97394885844988,75.94789771689976
35.00357828901749,70.00715657803498
36.10891957287193,72.21783914574387
48.749309042620446,97.49861808524089
79.31033823774081,158.62067647548162
89.37244989120643,178.74489978241286
37.30786330127537,74.61572660255074
57.97448197289414,115.94896394578828
14.911539934015504,29.82307986803101
49.17774246773988,98.35548493547977
6.148165757518786,12.296331515037572
3.562712813468838,7.125425626937676
41.661955565496434,83.32391113099287
56.842266713492315,113.68453342698463
71.41057981238058,142.82115962476115
88.01266107981988,176.02532215963976
34.37106825241501,68.74213650483001
55.13842077441888,110.27684154883777
46.12557609291776,92.25115218583552
71.47603771865607,142.95207543731215
31.330326372537787,62.66065274507557
72.36394133993912,144.72788267987823
93.86464364613525,187.7292872922705
71.91242594660518,143.82485189321037
47.36303152735676,94.72606305471352
95.59656136899537,191.19312273799073
84.99058787811035,169.9811757562207
77.52510861255138,155.05021722510276
65.11510449416858,130.23020898833715
26.457507076097553,52.915014152195106
89.7599575469875,179.519915093975
88.63954416848789,177.27908833697578
28.680223379405046,57.36044675881009
30.183470809679303,60.366941619358606
53.932807754555114,107.86561550911023
4.312645667861769,8.625291335723539
4.305972950362924,8.611945900725848
9.807793545427035,19.61558709085407
1.8983325768344161,3.7966651536688323
39.54317180742276,79.08634361484552
75.42498042477932,150.84996084955864
5.439493118932348,10.878986237864696
52.57677265001761,105.15354530003522
19.35306150649463,38.70612301298926
9.546089144887892,19.092178289775784
76.88799367689408,153.77598735378817
50.493511852904014,100.98702370580803
61.23094319414606,122.46188638829211
1.8256275791326493,3.6512551582652986
67.84131526977137,135.68263053954274
29.53258692981846,59.06517385963692
85.9908213454375,171.981642690875
72.52163241153524,145.04326482307047
65.84101123413319,131.68202246826638
69.63656539260688,139.27313078521377
56.66504834826262,113.33009669652525
54.676951780786794,109.35390356157359
57.13482724748472,114.26965449496944
25.86512109268586,51.73024218537172
2.242852701217879,4.485705402435758
56.27250595058955,112.5450119011791
64.14984032002899,128.29968064005797
72.22840123007809,144.45680246015618
84.47922269655727,168.95844539311454
99.77370902387659,199.54741804775318
84.02971320863968,168.05942641727935
10.415209877666264,20.830419755332528
6.435576183671355,12.87115236734271
51.11123988892692,102.22247977785383
82.40788293102767,164.81576586205534
56.60501240516744,113.21002481033489
67.42978767954232,134.85957535908463
61.011775380045854,122.02355076009171
48.20205723036658,96.40411446073315
47.10538217606477,94.21076435212954
81.75145361109129,163.50290722218259
25.75390064131584,51.50780128263168
75.54102304019685,151.0820460803937
6.480193441932647,12.960386883865294
17.115846163534865,34.23169232706973
17.97445063273274,35.94890126546548
92.12714466257161,184.25428932514322
63.97701018496833,127.95402036993666
14.07223459240532,28.14446918481064
95.20014959705713,190.40029919411427
41.53218289739365,83.0643657947873
18.37976202883378,36.75952405766756
4.988264636676398,9.976529273352796
44.74870777539132,89.49741555078263
81.54189821265062,163.08379642530124
74.2142567763741,148.4285135527482
61.98769085667944,123.97538171335889
83.07674907119818,166.15349814239636
11.649553311233573,23.299106622467146
57.52527611374275,115.0505522274855
82.46090527192837,164.92181054385674
70.92595362148344,141.8519072429669
50.46389640151866,100.92779280303732
95.29095034621926,190.58190069243852
1.2436725280756566,2.4873450561513133
9.511670466938572,19.023340933877144
22.112537753924034,44.22507550784807
7.262889315481047,14.525778630962094
50.079568651181575,100.15913730236315
31.47695954908505,62.9539190981701
15.237578890346072,30.475157780692143
56.151917526963835,112.30383505392767
95.6729747977455,191.345949595491
94.59167351846813,189.18334703693625
63.52553448345434,127.05106896690867
96.07293505424106,192.14587010848211
97.47768047812788,194.95536095625576
31.96776314427262,63.93552628854524
78.24287109226131,156.48574218452262
88.77877746529296,177.55755493058592
98.99069582156396,197.98139164312792
55.90595459078095,111.8119091815619
71.52953836581514,143.05907673163028
24.570421719157743,49.140843438315486
33.15430422987276,66.30860845974551
88.40201229008127,176.80402458016255
48.924502164683744,97.84900432936749
33.82539817825173,67.65079635650346
44.680516505496236,89.36103301099247
46.21031834905441,92.42063669810882
1.187226692553578,2.374453385107156
38.67128723276052,77.34257446552104
76.3081043312128,152.6162086624256
7.882217195754471,15.764434391508942
2.596976334008827,5.193952668017654
94.86076213718857,189.72152427437715
73.67267127066822,147.34534254133644
42.68693441619605,85.3738688323921
3.2662934725719794,6.532586945143959
88.10663243429636,176.21326486859272
14.409946334445733,28.819892668891466
32.297496277457924,64.59499255491585
48.97051132702743,97.94102265405486
21.815795987644147,43.631591975288295
90.49387819945608,180.98775639891215
8.451667227509784,16.903334455019568
46.23675167419674,92.47350334839348
12.297028630894324,24.59405726178865
80.50339297879945,161.0067859575989
61.82908994829756,123.65817989659512
62.24068213072469,124.48136426144939
31.66092881402748,63.32185762805496
93.59585977596649,187.19171955193298
43.9687517815524,87.9375035631048
78.82337456397701,157.64674912795402
85.65684706974059,171.31369413948119
10.236074642413605,20.47214928482721
4.239064720628837,8.478129441257675
76.42310682006733,152.84621364013466
18.109965477213365,36.21993095442673
0.3342415386306752,0.6684830772613504
24.368679500966582,48.737359001933164
24.772579838436627,49.545159676873254
66.31984472408831,132.63968944817663
32.12174584279891,64.24349168559782
47.18014781310965,94.3602956262193
1.935112872109468,3.870225744218936
80.25875385718469,160.51750771436937
35.31646978048397,70.63293956096794
14.255485349406294,28.51097069881259
89.11011322590524,178.22022645181048
35.75328725029827,71.50657450059654
6.7903711042404336,13.580742208480867
1.5899143320935338,3.1798286641870677
57.85686081161815,115.7137216232363
57.1924527797331,114.3849055594662
13.889758135135178,27.779516270270356
69.11493116959588,138.22986233919175
86.57288509536482,173.14577019072965
16.798420409085058,33.596840818170115
96.41890319402484,192.83780638804967
52.376870509954884,104.75374101990977
3.468091822741215,6.93618364548243
96.0861869875871,192.1723739751742
36.10724547257191,72.21449094514382
45.73718674658102,91.47437349316203
5.602486507432558,11.204973014865116
34.525876866487415,69.05175373297483
49.51114234140703,99.02228468281406
58.89285721617371,117.78571443234742
6.048701561971049,12.097403123942097
28.689128203940573,57.378256407881146
57.29423157015323,114.58846314030646
60.21418410880918,120.42836821761836
41.61785047187239,83.23570094374477
10.26986905523718,20.53973811047436
46.685620122621884,93.37124024524377
39.73167433264895,79.4633486652979
2.5106705010470187,5.021341002094037
9.408244791351727,18.816489582703454
55.62247465074381,111.24494930148762
62.37801535472659,124.75603070945319
90.2481858782224,180.4963717564448
82.93377309296312,165.86754618592624
17.132646205827918,34.265292411655835
50.82253457025112,101.64506914050224
25.41822154621419,50.83644309242838
47.27949028077182,94.55898056154363
36.878609926932334,73.75721985386467
37.92345486743637,75.84690973487274
16.654081458013138,33.308162916026276
94.48511335899515,188.9702267179903
64.06833255917168,128.13666511834336
84.16833158405554,168.33666316811107
92.9693715821471,185.9387431642942
50.475339359462964,100.95067871892593
96.38309993366391,192.76619986732783
57.97142403646668,115.94284807293336
80.97137787138726,161.94275574277452
27.584186388906385,55.16837277781277
55.08963289426019,110.17926578852038
40.551273684419854,81.10254736883971
13.735201312923884,27.47040262584777
76.29716471077292,152.59432942154584
39.3118229693459,78.6236459386918
31.329708042316984,62.65941608463397
62.1557175248378,124.3114350496756
9.268116774851066,18.536233549702132
55.14992054265573,110.29984108531146
67.9305045803344,135.8610091606688
79.4979631797558,158.9959263595116
80.42076126336362,160.84152252672723
72.22330931087225,144.4466186217445
48.89992184339318,97.79984368678636
24.774612638647387,49.549225277294774
35.96532614041603,71.93065228083206
95.06117462182844,190.12234924365688
21.687969606639868,43.375939213279736
41.17835683665581,82.35671367331162
93.96233240668354,187.9246648133671
22.298457768695368,44.596915537390736
7.316895989678773,14.633791979357547
89.98899046555829,179.97798093111658
61.134484255435325,122.26896851087065
86.91417309722512,173.82834619445023
15.975960296866843,31.951920593733686
19.144389363050507,38.288778726101015
22.873256671990116,45.74651334398023
55.20879740047804,110.41759480095608
26.439912066906746,52.87982413381349
90.94343617327827,181.88687234655654
45.91007539617602,91.82015079235204
83.67158214829877,167.34316429659754
64.27676452716582,128.55352905433165
37.98026305656148,75.96052611312297
51.28202845837404,102.56405691674809
6.525384865468952,13.050769730937905
26.43015631713621,52.86031263427242
27.4246592721778,54.8493185443556
27.564694172073835,55.12938834414767
47.14680956476644,94.29361912953289
60.07378981155278,120.14757962310556
99.0255324297713,198.0510648595426
82.98293767261904,165.9658753452381
90.83263094485292,181.66526188970585
15.608513325863104,31.217026651726208
77.38723743356226,154.77447486712452
91.97154436553552,183.94308873107104
25.00666386512872,50.01332773025744
70.48531583394066,140.97063166788132
42.437837542606246,84.87567508521249
32.84238721260559,65.68477442521117
85.13663584947103,170.27327169894207
46.306296230193624,92.61259246038725
81.25190079100638,162.50380158201276
55.354703642638434,110.70940728527687
56.11961189461662,112.23922378923324
72.59753028475863,145.19506056951727
12.077260544163249,24.154521088326497
64.49889192572313,128.99778385144626
59.436232175175576,118.87246435035115
77.4642707763936,154.9285415527872
27.754365875434072,55.508731750868144
62.533307709868865,125.06661541973773
13.731698949609171,27.463397899218343
63.085606062974875,126.17121212594975
33.73427451064506,67.46854902129012
65.02306873343473,130.04613746686945
8.52418771782687,17.04837543565374
85.35169145694667,170.70338291389334
49.92081343168252,99.84162686336504
89.07757366636324,178.15514733272647
47.6269095283791,95.2538190567582
21.276686825300615,42.55337365060123
91.0985001000134,182.1970002000268
71.25825536775531,142.51651073551062
69.64690295190421,139.29380590380842
5.48234128270545,10.9646825654109
50.08184741848832,100.16369483697665
33.30182947114595,66.6036589422919
63.6485046885451,127.2970093770902
35.17116201247905,70.3423240249581
44.781682984862826,89.56336596972565
7.282371326094427,14.564742652188855
54.2164142160937,108.4328284321874
36.47309275855647,72.94618551711294
98.42048575276658,196.84097150553316
57.156682865827825,114.31336573165565
44.30702508285099,88.61405016570198
39.58334797344655,79.1666959468931
58.051105354667406,116.10221070933481
71.17058166848906,142.34116333697813
86.22615703263445,172.4523140652689
86.9231936906763,173.8463873813526
35.900792530198785,71.80158506039757
9.667129737162695,19.33425947432539
66.03199821681147,132.06399643362295
61.67324868003723,123.34649736007447
89.57997308937001,179.15994617874003
45.094823086021705,90.18964617204341
86.20733748975513,172.41467497951027
78.09782158039786,156.19564316079573
22.15967229087694,44.31934458175388
30.24611969188946,60.49223938377892
39.979627810818904,79.95925562163781
16.63981160229223,33.27962320458446
73.06144636415944,146.12289272831887
34.379593057168755,68.75918611433751
23.324282406149166,46.64856481229833
7.669032208240079,15.338064416480158
16.325680389284525,32.65136077856905
29.20970080814771,58.41940161629542
2.7744965040545577,5.548993008109115
6.495112875788312,12.990225751576624
51.91720223735701,103.83440447471402
0.28696374363292865,0.5739274872658573
33.777306084888345,67.55461216977669
2.108816508197142,4.217633016394284
92.65255926828344,185.30511853656688
26.87967741189433,53.75935482378866
49.09536314307964,98.19072628615928
70.92421305739896,141.84842611479792
13.559458177889361,27.118916355778723
98.73814336247118,197.47628672494236
5.751108938719874,11.502217877439747
37.284339897014384,74.56867979402877
34.26970430861758,68.53940861723515
35.813894631399,71.627789262798
31.21525800776904,62.43051601553808
10.576882840376056,21.153765680752112
99.56526757397974,199.13053514795948
76.42616172733958,152.85232345467915
37.807162101283,75.614324202566
37.735833711092525,75.47166742218505
4.622977573477661,9.245955146955321
89.09055316504089,178.18110633008178
23.322516674010007,46.645033348020014
69.12772151983471,138.25544303966942
81.9845009166432,163.9690018332864
76.54038708024261,153.08077416048522
31.823736317362204,63.64747263472441
19.466957180993393,38.93391436198679
75.34222732339683,150.68445464679365
38.30370569203757,76.60741138407514
27.242587605060177,54.48517521012035
24.698142508673516,49.39628501734703
65.2997888465866,130.5995776931732
45.40650229159905,90.8130045831981
14.423870900975055,28.84774180195011
12.498093495906758,24.996186991813516
27.778152218637786,55.55630443727557
95.42585647100498,190.85171294200995
49.29714225964369,98.59428451928738
92.22862326311653,184.45724652623306
53.26151853749834,106.52303707499668
83.88150927181701,167.76301854363402
14.26590503016797,28.53181006033594
52.66973390481242,105.33946780962484
36.748900070506195,73.49780014101239
50.06163486253807,100.12326972507614
36.08209839559261,72.16419679118522
31.92295066773756,63.84590133547512
89.71218331186779,179.42436662373558
99.64060925376427,199.28121850752854
22.183370466758802,44.366740933517605
60.07502714035831,120.15005428071662
64.99580327393599,129.99160654787198
20.78518390698445,41.5703678139689
33.82646147754356,67.65292295508712
96.51092227670411,193.02184455340822
85.91382230667328,171.82764461334656
86.21628147617643,172.43256295235287
70.35566152297507,140.71132304595014
33.37372765690335,66.7474553138067
92.43417726809963,184.86835453619926
39.26146614205206,78.52293228410412
71.42944111360188,142.85888222720376
35.48928329105213,70.97856658210426
81.16229477192857,162.32458954385714
50.74021359574942,101.48042719149883
59.512710908045186,119.02542181609037
38.8651634687346,77.7303269374692
6.088254180211317,12.176508360422634
13.192701005156193,26.385402010312387
38.35734304841538,76.71468609683076
99.23113733666854,198.46227467333708
3.792939791630634,7.585879583261268
62.294641382312456,124.58928276462491
59.919077007538,119.838154015076
54.569328097464144,109.13865619492829
29.132814584724443,58.265629169448886
64.2157472573724,128.4314945147448
80.1806892334973,160.3613784669946
80.39646351914725,160.7929270382945
32.98668625153477,65.97337250306954
23.934881656633888,47.869763313267775
19.699556824195362,39.399113648390724
61.4895458169786,122.9790916339572
87.13506554985044,174.27013109970088
72.3366237010345,144.673247402069
51.7483607791202,103.4967215582404
29.79389323931909,59.58778647863818
87.99549690405937,175.99099380811873
89.77377420266826,179.54754840533653
26.998808808755705,53.99761761751141
44.53510078401345,89.0702015680269
61.08617170055014,122.17234340110028
1.959713290318832,3.919426580637664
34.21306061787088,68.42612123574176
95.19226946191198,190.38453892382395
51.39526201381529,102.79052402763058
19.788411291549647,39.57682258309929
77.66242686296232,155.32485372592464
72.99917588965394,145.99835177930788
8.45917132272158,16.91834264544316
39.85214139789191,79.70428279578383
4.556908711724617,9.113817423449234
37.42360495965145,74.8472099193029
64.19551550147456,128.39103100294912
4.722939278274252,9.445878556548504
59.60780678067002,119.21561356134004
80.94048793250842,161.88097586501684
9.485676550757882,18.971353101515763
10.565417479813688,21.130834959627375
97.67226113215858,195.34452226431716
18.4887693324173,36.9775386648346
0.7193644325925952,1.4387288651851904
46.715353674168945,93.43070734833789
44.83121968100476,89.66243936200952
59.36937436190769,118.73874872381538
70.22830252349279,140.45660504698557
0.031348525338270594,0.06269705067654119
14.363103393590837,28.726206787181674
56.51556022444216,113.03112044888432
6.795259442430146,13.590518884860291
68.69813542535097,137.39627085070194
87.33868566246382,174.67737132492763
15.041686535481858,30.083373070963717
86.67770010381336,173.35540020762673
92.97448003407256,185.9489600681451
97.71755549478436,195.43511098956873
58.20250282781597,116.40500565563194
42.4774834117571,84.9549668235142
47.39612465301101,94.79224930602201
51.254072686275286,102.50814537255057
55.367191220013055,110.73438244002611
81.56444653224563,163.12889306449125
32.542337319941176,65.08467463988235
92.56518837592195,185.1303767518439
38.118141287927045,76.23628257585409
20.092811813101918,40.185623626203835
30.641008310351793,61.28201662070359
43.00533837047794,86.01067674095589
34.800060022288804,69.60012004457761
81.83588168706221,163.67176337412442
31.700749300795216,63.40149860159043
56.39821143495089,112.79642286990178
38.00876401969627,76.01752803939254
92.2878255987746,184.5756511975492
91.25500507040746,182.51001014081493
24.4718724677066,48.9437449354132
27.557257525586877,55.114515051173754
44.32370496595861,88.64740993191722
21.07797897835799,42.15595795671598
51.085811573162864,102.17162314632573
19.719955467261908,39.439910934523816
69.61087786387029,139.22175572774057
89.73960036201952,179.47920072403903
9.420392873525296,18.840785747050592
15.409926733767708,30.819853467535417
91.7727124881173,183.5454249762346
17.295064983734864,34.59012996746973
98.06818298681273,196.13636597362546
58.86846927271391,117.73693854542782
82.25782906918478,164.51565813836956
85.30449692472108,170.60899384944216
97.82821840766331,195.65643681532663
39.6348959059109,79.2697918118218
90.37671622207512,180.75343244415023
25.533549675916177,51.067099351832354
7.322473588326394,14.644947176652789
97.69925079509105,195.3985015901821
39.58121173303714,79.16242346607427
97.80337976157762,195.60675952315523
85.31782113226242,170.63564226452485
2.662124897234608,5.324249794469216
88.83130624423117,177.66261248846234
7.777575514509605,15.55515102901921
84.54685109491422,169.09370218982843
74.77501379657792,149.55002759315585
55.02014976185503,110.04029952371006
71.05061264693707,142.10122529387414
24.89422748781841,49.78845497563682
53.80482898177793,107.60965796355586
77.54045103945887,155.08090207891775
54.25932572410991,108.51865144821981
52.292318229584545,104.58463645916909
99.7818080427992,199.5636160855984
30.572092564666708,61.144185129333415
30.855473200070904,61.71094640014181
86.67265501536573,173.34531003073147
88.97873767139356,177.95747534278712
24.432994226251914,48.86598845250383
21.394626563731666,42.78925312746333
58.814190544771016,117.62838108954203
70.92533179666945,141.8506635933389
13.287779985702075,26.57555997140415
77.51033660133214,155.02067320266428
28.40955640533388,56.81911281066776
46.86684196279452,93.73368392558903
89.54608638165097,179.09217276330193
99.37826270915676,198.75652541831352
61.21811107658301,122.43622215316601
45.24644760877871,90.49289521755742
31.76069273340183,63.52138546680366
87.4209673873901,174.8419347747802
91.85896209224846,183.71792418449692
39.580760667213255,79.16152133442651
68.41728549023183,136.83457098046367
83.43083090051245,166.8616618010249
26.850977217898155,53.70195443579631
75.74566949841977,151.49133899683954
49.75876437031198,99.51752874062396
48.67378936707517,97.34757873415035
90.35010082251603,180.70020164503205
86.56497027192593,173.12994054385186
69.92217112710821,139.84434225421643
87.00290587804139,174.00581175608278
22.825475476896663,45.65095095379333
49.75198388660373,99.50396777320746
88.57587188051885,177.1517437610377
53.56467478024156,107.12934956048312
39.7383408886648,79.4766817773296
13.273673976142963,26.547347952285925
22.75385065640788,45.50770131281576
21.566916357712184,43.13383271542437
9.31898203836301,18.63796407672602
90.00257124545342,180.00514249090685
14.30966713748738,28.61933427497476
0.6823514668477748,1.3647029336955496
47.85304358979195,95.7060871795839
1.805914580244461,3.611829160488922
97.19270252659082,194.38540505318164
42.06296588951268,84.12593177902536
94.63592625437118,189.27185250874237
95.46346648382301,190.92693296764602
10.119843264212369,20.239686528424738
11.750949566610414,23.501899133220828
2.811565288715423,5.623130577430846
75.84107199557415,151.6821439911483
16.99215205962584,33.98430411925168
93.30075594385632,186.60151188771263
12.971724185633771,25.943448371267543
31.068116871671492,62.136233743342984
44.71816204997048,89.43632409994096
39.78789502598372,79.57579005196745
34.94306128974615,69.8861225794923
26.811788214284395,53.62357642856879
61.674732010757516,123.34946402151503
87.90095885431015,175.8019177086203
34.85258227162109,69.70516454324218
3.276995523065973,6.553991046131946
75.84887581099674,151.6977516219935
54.24929396998762,108.49858793997524
27.746797337084406,55.49359467416881
47.584653905201876,95.16930781040375
0.8256224349825758,1.6512448699651516
80.28868041098767,160.57736082197533
15.285802512887281,30.571605025774563
29.01208165957113,58.02416331914226
34.860109527575055,69.72021905515011
99.87823234654614,199.75646469309228
55.98374938247033,111.96749876494066
57.443354733475175,114.88670946695035
4.937126459548324,9.874252919096648
25.871032052137522,51.742064104275045
80.76010650658581,161.52021301317163
45.830537164251126,91.66107432850225
87.08969102638233,174.17938205276465
56.15007041649239,112.30014083298478
53.004791113757996,106.00958222751599
28.93366934639414,57.86733869278828
44.97788250950402,89.95576501900804
24.523441267911792,49.046882535823585
25.31564030444432,50.63128060888864
62.335267015694605,124.67053403138921
29.541138091792106,59.08227618358421
72.0529656753778,144.1059313507556
0.8036585783649186,1.6073171567298372
25.646950523231194,51.29390104646239
84.318794699678,168.637589399356
53.09201548429409,106.18403096858817
64.34944053289682,128.69888106579364
86.5612553800194,173.1225107600388
91.11830203039722,182.23660406079443
19.108215610193348,38.216431220386696
89.94158682324948,179.88317364649896
10.695381384232894,21.390762768465788
98.75560052539146,197.51120105078292
92.77730821276748,185.55461642553496
11.67364161796538,23.34728323593076
95.23783307443485,190.4756661488697
52.59682316325124,105.19364632650247
96.37865306050521,192.75730612101043
46.208648567707634,92.41729713541527
93.3376424251361,186.6752848502722
33.61972907351293,67.23945814702586
79.36623485374417,158.73246970748835
97.49247469034984,194.98494938069967
63.9334514864348,127.8669029728696
47.25289557850487,94.50579115700974
13.868828137915145,27.73765627583029
34.73256920317465,69.4651384063493
71.08468561068922,142.16937122137844
7.480800225614281,14.961600451228563
88.06394563133009,176.12789126266017
69.08391297679522,138.16782595359044
52.874440365778106,105.74888073155621
46.9513570510896,93.9027141021792
11.43792171506135,22.8758434301227
99.72962927640737,199.45925855281473
85.01896644145413,170.03793288290825
79.14083575284441,158.28167150568882
80.34141630220132,160.68283260440265
19.12527875790102,38.25055751580204
24.74866889406013,49.49733778812026
90.90761050077506,181.81522100155013
41.941247157620595,83.88249431524119
48.977792780629706,97.95558556125941
31.81883810029821,63.63767620059642
94.09392376084669,188.18784752169339
71.58915405854582,143.17830811709163
37.98317109959653,75.96634219919306
39.42658501438774,78.85317002877548
92.57531020098185,185.1506204019637
3.8214239914205805,7.642847982841161
48.72957062438063,97.45914124876126
49.08991335862459,98.17982671724918
14.439489679425554,28.878979358851108
40.24056502628951,80.48113005257902
51.74293849685338,103.48587699370675
87.80400701845052,175.60801403690104
80.32199255760423,160.64398511520847
97.2786130148724,194.5572260297448
24.483281908913735,48.96656381782747
88.75085617297752,177.50171234595504
53.646950564339605,107.29390112867921
64.9323969463662,129.8647938927324
20.47482566845902,40.94965133691804
35.44954145934284,70.89908291868568
96.76661249702613,193.53322499405226
56.030593398125184,112.06118679625037
75.24551281367789,150.49102562735578
82.761039722165,165.52207944433
13.611387442601885,27.22277488520377
24.928392849130287,49.85678569826057
13.803685319658332,27.607370639316663
88.42243501323539,176.84487002647077
16.40709840122986,32.81419680245972
4.092979931869256,8.185959863738512
42.92427724906411,85.84855449812822
21.414439754433936,42.82887950886787
18.71553393150075,37.4310678630015
64.70117662479186,129.4023532495837
30.411103564153052,60.822207128306104
0.8229370156344729,1.6458740312689457
6.834437607752031,13.668875215504062
34.17045969109621,68.34091938219242
72.03809330495245,144.0761866099049
77.56408872136531,155.12817744273062
17.688622150482868,35.377244300965735
12.585376119528158,25.170752239056316
60.89985709934742,121.79971419869484
31.564359930579233,63.128719861158466
65.53110656056978,131.06221312113956
73.2795051995027,146.5590103990054
22.32643187278628,44.65286374557256
54.73753961037276,109.47507922074551
46.68018688297706,93.36037376595412
52.82130406335358,105.64260812670716
44.83783366238646,89.67566732477292
6.954767442312182,13.909534884624364
91.42875150229094,182.85750300458187
12.66432678577324,25.32865357154648
30.79443086673671,61.58886173347342
84.17600833942481,168.35201667884962
66.87244662872857,133.74489325745714
34.93870136699846,69.87740273399692
35.40959820189117,70.81919640378234
26.428845699157023,52.857691398314046
94.73186098228393,189.46372196456787
69.17550199831601,138.35100399663202
86.2225619809235,172.445123961847
24.99529427756072,49.99058855512144
71.35237798328863,142.70475596657727
70.4767061693634,140.9534123387268
96.9121099964344,193.8242199928688
32.38343208373239,64.76686416746477
96.24799976004462,192.49599952008924
72.96065877683692,145.92131755367384
0.46956917136734555,0.9391383427346911
9.58891552121328,19.17783104242656
83.92603795867102,167.85207591734203
54.24015512217518,108.48031024435036
81.40459272024516,162.80918544049032
96.41467796682133,192.82935593364266
94.69516146174674,189.39032292349347
36.281004750584955,72.56200950116991
15.717617713484922,31.435235426969843
90.67302134822064,181.3460426964413
15.127930454475912,30.255860908951824
42.787245201362225,85.57449040272445
87.31792013761986,174.63584027523973
58.44522853985572,116.89045707971144
56.51067512709963,113.02135025419926
28.979426350606687,57.958852701213374
8.313004770504017,16.626009541008035
13.425704815181227,26.851409630362454
12.687364418163739,25.374728836327478
17.08998154965622,34.17996309931244
56.088386866441994,112.17677373288399
33.8531622310897,67.7063244621794
61.42103577907552,122.84207155815103
87.50259670576048,175.00519341152096
0.6992445769226308,1.3984891538452615
25.93652794552832,51.87305589105664
66.12861553414382,132.25723106828764
68.72461280979977,137.44922561959953
67.49344628273906,134.98689256547812
98.72285972856041,197.44571945712082
1.5347001270302973,3.0694002540605947
42.47846326859123,84.95692653718245
43.76806564293951,87.53613128587902
78.75242878514543,157.50485757029085
54.89329890152773,109.78659780305546
45.611397965505255,91.22279593101051
99.71420113776465,199.4284022755293
52.956199375523084,105.91239875104617
29.90769850009657,59.81539700019314
12.831543366320853,25.663086732641705
27.318457012880415,54.63691402576083
47.26238031397104,94.52476062794209
52.403366576778254,104.80673315355651
25.89329112052563,51.78658224105126
75.42160917270083,150.84321834540165
95.46376768778873,190.92753537557746
19.293997069404647,38.58799413880929
35.68816155867609,71.37632311735219
56.404507981085395,112.80901596217079
51.269756073922935,102.53951214784587
90.66354616481296,181.3270923296259
51.96171001591199,103.92342003182398
92.80391531546903,185.60783063093805
49.60070622219441,99.20141244438882
91.74215086113651,183.48430172227302
2.4978792412074124,4.995758482414825
9.164655902829255,18.32931180565851
13.1909908009469,26.3819816018938
74.23359760465148,148.46719520930296
70.3103905962638,140.6207811925276
39.43956772002858,78.87913544005715
50.163508819180656,100.32701763836131
64.27541637668894,128.55083275337788
71.46747988155913,142.93495976311826
86.97375148141123,173.94750296282245
97.95174613126404,195.9034922625281
18.773137634214308,37.546275268428616
66.07298979964183,132.14597959928366
63.386620398520634,126.77324079704127
9.0467120380202,18.0934240760404
77.39045702182106,154.78091404364213
25.20471251613032,50.40942503226064
1.9444986488818983,3.8889972977637965
42.57646509604142,85.15293019208283
82.98247132573049,165.96494265146097
49.43734985690092,98.87469971380185
29.279168527571397,58.55833705514279
7.822238214173238,15.644476428346476
93.64690561272711,187.29381122545422
21.34759899819667,42.69519799639334
7.819104357862338,15.638208715724677
11.432942233329468,22.865884466658937
32.13029245882557,64.26058491765114
37.32123467602085,74.6424693520417
88.58877153135592,177.17754306271183
21.941279783297873,43.882559566595745
48.49988709300784,96.99977418601569
62.19599744604768,124.39199489209535
81.50362856651483,163.00725713302967
82.76618521784818,165.53237043569635
53.880204703533416,107.76040940706683
8.833411079372055,17.66682215874411
35.931037997500056,71.86207599500011
83.18277881366213,166.36555762732425
41.95929537692987,83.91859075385975
3.31563052957613,6.63126105915226
57.80729202256587,115.61458404513174
98.83152312627655,197.6630462525531
36.16808037696592,72.33616075393184
12.876291683672036,25.752583367344073
93.06906456247155,186.1381291249431
43.178315250656084,86.35663050131217
56.34158718100727,112.68317436201454
1.9126807073290508,3.8253614146581016
61.09796018338272,122.19592036676544
93.71757544311173,187.43515088622345
86.6120551811414,173.2241103622828
41.98037717601909,83.96075435203818
62.95706199087887,125.91412398175774
26.091282850348495,52.18256570069699
87.65732150991124,175.31464301982248
91.08973381375463,182.17946762750927
84.02583530866293,168.05167061732587
57.24174997757447,114.48349995514894
70.49105559487036,140.98211118974072
77.6766022638879,155.3532045277758
87.64681461148331,175.29362922296662
18.191601367775867,36.383202735551734
77.98437242213822,155.96874484427644
20.801329520674393,41.60265904134879
20.33035209423657,40.66070418847314
23.448176185291324,46.89635237058265
95.18171715263676,190.36343430527353
7.1934144702764495,14.386828940552899
24.690896332053157,49.381792664106314
9.30851761460454,18.61703522920908
74.91583823474724,149.83167646949448
66.5387050842193,133.0774101684386
58.74412731944649,117.48825463889298
59.2872715793647,118.5745431587294
96.08084295740905,192.1616859148181
82.9341182972014,165.8682365944028
96.32015583400157,192.64031166800314
62.01266250420671,124.02532500841342
19.657377733370808,39.314755466741616
9.871704262731773,19.743408525463547
56.492453909907844,112.98490781981569
52.92376891916595,105.8475378383319
65.39609204272506,130.79218408545012
6.4030896796897,12.8061793593794
28.151235100372475,56.30247020074495
79.94401992991055,159.8880398598211
11.555758922434068,23.111517844868136
71.68651626422685,143.3730325284537
82.74706879959956,165.49413759919912
61.3290977000564,122.6581954001128
24.366688110334913,48.733376220669825
66.36128719104055,132.7225743820811
89.41667353635853,178.83334707271706
0.2754497073913953,0.5508994147827906
76.13374178469657,152.26748356939314
4.847744257270003,9.695488514540006
57.671051475958826,115.34210295191765
6.7865959410362775,13.573191882072555
20.404727862230697,40.809455724461394
82.50686745736687,165.01373491473373
62.0460332260774,124.0920664521548
7.69877181182742,15.39754362365484
37.09115158664201,74.18230317328403
58.42442737917452,116.84885475834903
78.90189933717939,157.80379867435877
9.505562350734841,19.011124701469683
90.36773650636897,180.73547301273794
20.688901288977092,41.377802577954185
9.631269543875353,19.262539087750707
44.19026644080741,88.38053288161483
44.545615808772475,89.09123161754495
47.35294872916699,94.70589745833398
53.73341432886842,107.46682865773684
39.65833653381354,79.31667306762708
91.19844134694326,182.3968826938865
6.38776783363626,12.77553566727252
15.956748800969233,31.913497601938467
58.05414990011914,116.10829980023829
91.51022547985981,183.02045095971962
58.93746264600903,117.87492529201806
25.391298659334094,50.78259731866819
94.16524041241992,188.33048082483984
21.01490549585493,42.02981099170986
96.45196950747909,192.90393901495818
66.14136112936382,132.28272225872763
70.99586808794025,141.9917361758805
31.346730675902855,62.69346135180571
20.647412313100443,41.294824626200885
20.211802913460474,40.42360582692095
0.7783104254398987,1.5566208508797974
18.506776786973834,37.01355357394767
25.40415923876771,50.80831847753542
76.76920705788582,153.53841411577164
65.79448524001788,131.58897048003575
47.02582529488998,94.05165058977995
28.259554419781697,56.519108839563394
19.041897614597538,38.083795229195076
60.14433701893843,120.28867403787686
99.15638918130499,198.31277836260998
24.30223117110003,48.60446234220006
16.50228692662299,33.00457385324598
94.48832892618083,188.97665785236165
86.1598385492663,172.3196770985326
95.1735881597309,190.3471763194618
77.0596912881499,154.1193825762998
7.0441107197646735,14.088221439529347
87.69698614850284,175.3939722970057
27.354415399433563,54.708830798867126
74.5791622185837,149.1583244371674
45.64211696732987,91.28423393465974
49.28684748473668,98.57369496947337
94.5996772278032,189.1993544556064
24.49718976113141,48.99437952226282
97.45834229854421,194.91668459708842
51.226988807803664,102.45397761560733
80.76298401477125,161.5259680295425
57.10312054391144,114.20624108782287
48.91618625970502,97.83237251941004
6.284282375787786,12.568564751575572
84.72958316949727,169.45916633899455
79.24722132642806,158.49444265285612
2.660659386684594,5.321318773369188
79.59682991111782,159.19365982223565
67.98887881690067,135.97775763380133
42.996502936428286,85.99300587285657
42.645017103191975,85.29003420638395
5.187888163926003,10.375776327852005
44.5507470230133,89.1014940460266
51.33282141635327,102.66564283270654
10.22732052612808,20.45464105225616
73.54568836765554,147.0913767353111
27.75375008026506,55.50750016053012
47.411657986709,94.823315973418
21.833438649219683,43.66687729843937
92.99852428576439,185.99704857152878
62.96867198985324,125.93734397970648
26.783113113187106,53.56622622637421
7.265957555360991,14.531915110721982
88.96003076021361,177.92006152042723
84.40982459769548,168.81964919539095
60.087287966019055,120.17457593203811
75.2239674008824,150.4479348017648
53.573447198932065,107.14689439786413
47.72243146859731,95.44486293719461
25.773426450391547,51.546852900783094
66.45956538900701,132.91913077801402
11.72719691382752,23.45439382765504
51.600634933071134,103.20126986614227
59.55379232329706,119.10758464659412
4.47057283964053,8.94114567928106
61.79690884986911,123.59381769973822
99.75515462157341,199.51030924314682
61.421311584966865,122.84262316993373
67.76734833808811,135.53469667617622
49.301427683433104,98.60285536686621
25.998080432979076,51.99616086595815
39.611334509258576,79.22266901851715
57.724095425890376,115.44819085178075
71.17026156081482,142.34052312162964
34.55491103736286,69.10982207472571
73.54452357603441,147.08904715206882
80.84923354260829,161.69846708521658
43.56952718209042,87.13905436418084
52.71199774979356,105.42399549958712
48.300864585264314,96.60172917052863
28.820360441951554,57.64072088390311
60.08740897112044,120.17481794224088
83.98429877568623,167.96859755137245
28.996370377419733,57.99274075483947
14.459333444449275,28.91866688889855
53.94751684458973,107.89503368917946
37.75725982754634,75.51451965509268
12.314009076940213,24.628018153880426
81.67142427076935,163.3428485415387
93.99358683126303,187.98717366252606
46.791624891207285,93.58324978241457
49.99717344083648,99.99434688167295
61.571256366817565,123.14251273363513
14.40292274481373,28.80584548962746
54.20315853572406,108.40631707144811
55.49252501640779,110.98505003281558
87.51230052457394,175.0246010491479
17.85652724641662,35.71305449283324
39.88246881174031,79.76493762348062
88.7439850118121,177.4879700236242
32.67155292452606,65.34310584905212
70.46801664056646,140.93603328113292
4.744348966112543,9.488697932225087
38.87451349596327,77.74902699192654
89.60002952306326,179.2000590461265
95.12765881686877,190.25531763373755
93.9112384993388,187.8224769986776
89.07702174873381,178.15404349746763
78.38999895400035,156.7799979080007
96.15975307973632,192.31950615947264
97.26741195818171,194.53482391636342
11.909206357497126,23.818412714994253
15.719057935682034,31.43811587136407
57.00901610155752,114.01803220311504
70.30277105860307,140.60554211720614
8.4590629371878,16.9181258743756
16.43422798393751,32.86845596787502
41.70138070066083,83.40276140132165
14.85404654137682,29.70809308275364
81.560585987834,163.121171975668
69.05254527545056,138.1050905509011
42.824356098074354,85.64871219614871
38.43302613837852,76.86605227675705
27.28547339654789,54.57094679309578
80.93697251387665,161.8739450277533
93.528841176092,187.057682352184
7.398439276779012,14.796878553558024
49.87852327208283,99.75704654416566
66.63151728069002,133.26303456138004
47.42592139122947,94.85184278245895
29.147496298122178,58.294992596244356
80.73495005120618,161.46990010241237
64.7259523999156,129.4519047998312
51.36572089107534,102.73144178215068
81.14724683322979,162.29449366645957
62.199124216437895,124.39824843287579
97.85828557976502,195.71657115953005
13.684785914801756,27.36957182960351
36.63525223788341,73.27050447576681
88.40999174087429,176.81998348174858
91.02438714735969,182.04877429471938
94.13141455974728,188.26282911949457
2.8717416780736804,5.743483356147361
74.288942419548,148.577884839096
56.12491966110479,112.24983932220958
19.581387787439354,39.16277557487871
2.6206080045627966,5.241216009125593
55.54514167704902,111.09028335409803
89.9685964400988,179.9371928801976
39.56285847091453,79.12571694182905
86.39659510754089,172.79319021508178
10.877917183673812,21.755834367347624
52.950796580549486,105.90159316109897
59.47499318497975,118.9499863699595
96.44811416078984,192.89622832157968
38.94050599259761,77.88101198519522
2.311422998077528,4.622845996155056
58.131930553147996,116.26386110629599
78.23360468692808,156.46720937385615
36.912862394172244,73.82572478834449
15.19032988666077,30.38065977332154
20.846352655557077,41.69270531111415
22.948266832332255,45.89653366466451
51.379209522428624,102.75841904485725
22.047865085834296,44.09573017166859
53.8382087672212,107.6764175344424
85.99904528369703,171.99809056739406
22.50837383433816,45.01674766867632
26.042496717320596,52.08499343464119
13.422135522738987,26.844271045477974
91.5536886849176,183.1073773698352
8.251105392603241,16.502210785206483
55.30419628499017,110.60839256998034
83.694828858189,167.389657716378
62.92242344498634,125.84484688997269
14.358809111649883,28.717618223299766
82.30630126798567,164.61260253597135
81.49107260442183,162.98214520884366
17.253281994743595,34.50656398948719
18.202619429714517,36.40523885942903
22.66568472219038,45.33136944438076
35.53912289971473,71.07824579942945
44.75060448176007,89.50120896352014
50.672441918672476,101.34488383734495
18.264180262571927,36.52836052514385
55.48516504907085,110.9703300981417
69.87486249990573,139.74972499981146
22.236963648855934,44.47392729771187
10.679934580640282,21.359869161280564
3.545355103040615,7.09071020608123
20.37051079500004,40.74102159000008
75.73580791592052,151.47161583184104
45.323152601525926,90.64630520305185
90.07255456741522,180.14510913483045
49.03046288084324,98.06092576168648
68.12745438003533,136.25490876007066
74.34916824159652,148.69833648319303
78.18666320513191,156.37332641026381
23.853556199292246,47.70711239858449
12.185878535030604,24.371757070061207
0.3128647989587008,0.6257295979174016
22.879630424172227,45.759260848344454
35.85469555134493,71.70939110268986
70.30941352043078,140.61882704086156
98.16599227270845,196.3319845454169
84.51193820545474,169.02387641090948
26.868352996876098,53.736705993752196
72.97335806645621,145.94671613291243
4.5654890178598695,9.130978035719739
15.765166852400714,31.53033370480143
30.668667638108893,61.337335276217786
84.92348346049721,169.84696692099442
85.41147839988741,170.82295679977483
55.82543691172804,111.65087382345608
63.48472127209146,126.96944254418293
93.6421362319892,187.2842724639784
26.872980026699157,53.74596005339831
51.69981544108357,103.39963088216714
76.54669813918316,153.09339627836633
78.56341794957858,157.12683589915716
17.55648955019974,35.11297910039948
4.19886986946274,8.39773973892548
85.91457309657979,171.82914619315957
85.3338334116311,170.6676668232622
44.91538856563812,89.83077713127624
17.746943843519812,35.493887687039624
75.1188245371626,150.2376490743252
74.14397809545964,148.2879561909193
66.28957913803002,132.57915827606004
40.78171273245606,81.56342546491211
97.37556259808949,194.75112519617898
46.30775104569859,92.61550209139718
5.325075377788357,10.650150755576714
61.38047187859777,122.76094375719553
28.923285598144066,57.84657119628813
57.15863284870763,114.31726569741527
52.46638748700266,104.93277497400533
50.412528820369175,100.82505764073835
43.37234611322417,86.74469222644834
52.34167026317177,104.68334052634354
68.74583730119691,137.49167460239383
98.38412921878393,196.76825843756785
3.443173945408029,6.886347890816058
29.938712363386934,59.87742472677387
60.81489884591414,121.62979769182829
83.78514167311496,167.57028334622993
69.93106067903058,139.86212135806116
55.041756931565146,110.08351386313029
9.87538400608371,19.75076801216742
4.569915830601568,9.139831661203136
67.23690427162869,134.47380854325738
30.93741488472912,61.87482976945824
87.75964335286227,175.51928670572454
43.6628308968733,87.3256617937466
89.89280959756653,179.78561919513305
72.36501743984194,144.73003487968387
29.127305805589586,58.25461161117917
80.62416934123414,161.24833868246827
69.1260572932191,138.2521145864382
65.68433038311062,131.36866076622124
56.943776695158256,113.88755339031651
61.6308681603129,123.2617363206258
48.48140427717815,96.9628085543563
40.709077793235856,81.41815558647171
60.91447630620396,121.82895261240792
54.147782772879,108.295565545758
31.124137421925933,62.24827484385187
84.87659856456308,169.75319712912616
33.07035117228391,66.14070234456781
35.54237203022874,71.08474406045748
80.04346010272364,160.08692020544729
33.366527866478165,66.73305573295633
2.220546197383011,4.441092394766022
56.40986292702379,112.81972585404758
99.08522783027134,198.17045566054267
80.44165113781081,160.88330227562162
53.73103031452777,107.46206062905554
15.663649285684544,31.327298571369088
85.89930941591042,171.79861883182085
49.018168825467846,98.03633765093569
84.89019973951977,169.78039947903954
29.85901973124776,59.71803946249552
80.63450154821741,161.26900309643483
46.87087222120256,93.74174444240512
56.75693743034687,113.51387486069375
18.06083196069732,36.12166392139464
29.276241954620385,58.55248390924077
52.94737731695906,105.89475463391813
86.39704806544476,172.79409613088953
60.023332610994395,120.04666522198879
66.04433418466134,132.08866836932268
44.73882195773139,89.47764391546278
15.461592142680104,30.923184285360207
84.52324277357825,169.0464855471565
46.866582453230045,93.73316490646009
80.00713534486903,160.01427068973805
32.409911019990204,64.81982203998041
98.117684655336,196.235369310672
96.002604151949,192.005208303898
99.53818811146333,199.07637622292665
42.92156278382567,85.84312556765134
30.2773539888165,60.554707977633
91.21412536396991,182.42825072793983
23.66143224830234,47.32286449660468
33.526444399174295,67.05288879834859
68.18303926591436,136.36607853182872
21.761994851184973,43.523989702369946
78.7094856109097,157.4189712218194
82.03610394444263,164.07220788888526
85.27153232423788,170.54306464847576
81.00776974416557,162.01553948833114
58.41481530502247,116.82963061004494
33.76328202232772,67.52656404465544
38.69909667563592,77.39819335127184
67.58161464269817,135.16322928539634
22.726530115364973,45.453060230729946
50.90524922771416,101.81049845542832
4.424483078897357,8.848966157794713
83.56123754975873,167.12247509951746
68.92389083255857,137.84778166511714
78.4414943754946,156.8829887509892
76.73893329730147,153.47786659460294
12.732522438085903,25.465044876171806
94.69626456454667,189.39252912909333
85.31907597395264,170.63815194790527
93.04429756232243,186.08859512464485
86.12886228422305,172.2577245684461
60.37903371576435,120.7580674315287
80.20422357246667,160.40844714493335
39.12259174050998,78.24518348101996
88.98829307142586,177.97658614285172
66.91915611944458,133.83831223888916
74.30970793779782,148.61941587559565
20.913428416536696,41.82685683307339
40.03328283556683,80.06656567113366
77.22487373166878,154.44974746333756
25.53626614848694,51.07253229697388
68.48488004745673,136.96976009491345
3.6243929172308897,7.2487858344617795
60.19328467032315,120.3865693406463
13.158906789736125,26.31781357947225
71.29119839830092,142.58239679660184
63.152491665512485,126.30498333102497
54.012250615554514,108.02450123110903
24.86953766770874,49.73907533541748
58.978261034273125,117.95652206854625
83.1981901186351,166.3963802372702
37.82090652048923,75.64181304097846
6.435116338719061,12.870232677438121
5.557166605670993,11.114333211341986
95.17562132088106,190.35124264176213
66.70656542947678,133.41313085895356
99.59319531746648,199.18639063493296
7.083100864742631,14.166201729485262
19.311099373184536,38.62219874636907
63.60648076779856,127.21296153559712
22.85721643601557,45.71443287203114
58.879201034941396,117.75840206988279
40.10003138676542,80.20006277353085
34.3670850857576,68.7341701715152
21.245406316254613,42.490812632509225
65.80627504097978,131.61255008195957
43.02447017689573,86.04894035379147
50.6255595346463,101.2511190692926
57.295430218408185,114.59086043681637
7.799725961327497,15.599451922654994
43.44494965355686,86.88989930711372
21.312843608259012,42.625687216518024
84.50913076818568,169.01826153637137
29.813361052765973,59.62672210553195
34.4511049310296,68.9022098620592
66.52783733670455,133.0556746734091
2.0345102689955152,4.0690205379910305
24.69615219172526,49.39230438345052
21.38560250667637,42.77120501335274
46.84116884165419,93.68233768330838
96.27588804574813,192.55177609149627
68.78286003959666,137.5657200791933
55.27895680945226,110.55791361890452
10.464648800030307,20.929297600060615
25.596551578788272,51.193103157576545
75.72079383411632,151.44158766823264
45.594839394438644,91.18967878887729
34.916492720920886,69.83298544184177
95.35091606567707,190.70183213135414
21.361142881955697,42.722285763911394
91.3636194204414,182.7272388408828
94.66322459707465,189.3264491941493
18.47040635049162,36.94081270098324
67.38592723183613,134.77185446367227
54.36078934547638,108.72157869095275
22.981652550482966,45.96330510096593
42.68558337414405,85.3711667482881
54.399927970742986,108.79985594148597
28.69376407311823,57.38752814623646
51.718527831936626,103.43705566387325
24.312280505723937,48.624561011447874
98.87423422901666,197.74846845803333
64.32347698117393,128.64695396234785
58.33180880477964,116.66361760955928
14.4865094907898,28.9730189815796
38.16323064691485,76.3264612938297
6.39549734074587,12.79099468149174
43.67854485576797,87.35708971153593
86.31654063200936,172.63308126401873
70.96188948357054,141.9237789671411
0.49372127548983347,0.9874425509796669
45.058057650314964,90.11611530062993
93.44525779465846,186.89051558931692
23.577405902816796,47.15481180563359
35.39075288531694,70.78150577063388
38.4079712730213,76.8159425460426
24.056134605795187,48.11226921159037
93.35951532208642,186.71903064417285
59.44609443645993,118.89218887291986
99.44431859451765,198.8886371890353
31.716498245596547,63.432996491193094
16.12295160260102,32.24590320520204
97.37558050034272,194.75116100068544
25.990007078822764,51.98001415764553
68.77285554815772,137.54571109631544
59.081008744066835,118.16201748813367
80.34730836072683,160.69461672145366
58.7967547509551,117.5935095019102
26.87873517279905,53.7574703455981
47.62886218354164,95.25772436708328
8.500952748603197,17.001905497206394
35.33124645333747,70.66249290667494
76.15690940300192,152.31381880600384
16.380241316278354,32.76048263255671
80.67773287098416,161.35546574196832
37.86810686861395,75.7362137372279
58.04670056841141,116.09340113682282
55.82541704537016,111.65083409074032
29.297332585790624,58.59466517158125
39.25780800243921,78.51561600487842
24.574441903071374,49.14888380614275
49.46212404832925,98.9242480966585
38.04360256743541,76.08720513487081
69.0321251162321,138.0642502324642
18.73303459125425,37.4660691825085
82.26296978937539,164.52593957875078
92.13669897126232,184.27339794252464
15.107282534264566,30.214565068529133
45.53519761151439,91.07039522302878
76.70492509954224,153.40985019908447
94.38936919325917,188.77873838651834
2.136372138073528,4.272744276147056
29.318017634430138,58.636035268860276
71.29166578303176,142.58333156606352
83.37799392133844,166.7559878426769
60.04425327450128,120.08850654900256
46.45481812903663,92.90963625807326
92.73952078936591,185.47904157873182
46.363757102275905,92.72751420455181
99.29274875490408,198.58549750980816
20.15004895844539,40.30009791689078
38.170287598802474,76.34057519760495
52.449181008130495,104.89836201626099
90.25386096734297,180.50772193468595
98.81201868366576,197.6240373673315
99.70597371005685,199.4119474201137
51.554410083017125,103.10882016603425
64.54333447212984,129.08666894425969
40.25461747527393,80.50923495054786
64.21489461566802,128.42978923133603
76.89281061750411,153.78562123500822
99.29909177868068,198.59818355736135
43.412243355370364,86.82448671074073
58.08129950390843,116.16259900781687
81.85307906567016,163.70615813134032
21.83876489925932,43.67752979851864
68.32099103148536,136.64198206297073
14.888123100720275,29.77624620144055
32.03502987106393,64.07005974212785
96.3718592799357,192.7437185598714
54.717537687993556,109.43507537598711
87.71676604665308,175.43353209330616
2.4761242418302354,4.952248483660471
92.70587987232248,185.41175974464497
4.269129340532762,8.538258681065525
80.32286849458582,160.64573698917164
53.86497468474736,107.72994936949472
13.55546394662197,27.11092789324394
5.045230215991802,10.090460431983605
6.020862320987752,12.041724641975504
27.236285708427953,54.47257141685591
97.564624131188,195.129248262376
42.121053388184194,84.24210677636839
50.60921400837862,101.21842801675724
1.5687660455629082,3.1375320911258164
76.52496633758464,153.0499326751693
23.345397606000763,46.690795212001525
29.156701984648905,58.31340396929781
22.97653804980253,45.95307609960506
18.21365200210474,36.42730400420948
62.402682166764,124.805364333528
29.152667722979242,58.305335445958484
74.02254351059102,148.04508702118204
8.00391924739129,16.00783849478258
76.35181892826837,152.70363785653674
92.71470548240276,185.42941096480553
83.17555573739543,166.35111147479086
89.69180477452518,179.38360954905036
50.71196085877263,101.42392171754526
55.5019953711671,111.0039907423342
86.08319390281174,172.1663878056235
52.56855715002281,105.13711430004562
15.33116072591979,30.66232145183958
4.439806256326695,8.87961251265339
23.136569456673527,46.273138913347054
97.54842664278343,195.09685328556685
93.00816645111277,186.01633290222554
75.20195972197901,150.40391944395802
87.91176796011885,175.8235359202377
2.0209917638037367,4.041983527607473
5.732737934417786,11.465475868835572
34.157153317770415,68.31430663554083
26.087332733550326,52.17466546710065
44.029486093561296,88.05897218712259
8.210756143876575,16.42151228775315
99.50378439312566,199.0075687862513
9.989554562795966,19.979109125591933
83.7343864061409,167.4687728122818
71.17047729163168,142.34095458326337
14.658480310877021,29.316960621754042
63.13236938622878,126.26473877245756
97.74006580396674,195.4801316079335
14.209945821915948,28.419891643831896
3.7350467601129034,7.470093520225807
14.412490153584557,28.824980307169113
13.60600494236055,27.2120098847211
74.38934843385766,148.77869686771533
86.5471615936351,173.0943231872702
12.10519960964077,24.21039921928154
9.605742606732903,19.211485213465807
47.6478399137543,95.2956798275086
5.199852791322257,10.399705582644515
57.681415123529035,115.36283024705807
77.9193060439831,155.8386120879662
50.66601097969592,101.33202195939184
85.37666470666527,170.75332941333053
39.02352601510295,78.0470520302059
60.87762482038528,121.75524964077056
8.258717008531946,16.51743401706389
68.95518177458374,137.91036354916747
75.95355083090597,151.90710166181194
11.31772815523716,22.63545631047432
17.698787848607545,35.39757569721509
41.49653840851034,82.99307681702068
30.520978651701782,61.041957303403564
94.76228873688581,189.52457747377161
60.71212828483201,121.42425656966402
1.9900796455276093,3.9801592910552186
7.282173697340976,14.564347394681953
35.486056741168824,70.97211348233765
62.54514118378732,125.09028236757464
77.00739642654366,154.01479285308733
55.72001284359478,111.44002568718956
35.54837995861689,71.09675991723378
18.050720775834584,36.10144155166917
41.698287783942774,83.39657556788555
39.02453427170576,78.04906854341152
52.26426665109718,104.52853330219436
31.166053923855973,62.332107847711946
77.04917987771215,154.0983597554243
24.283933259105652,48.567866518211304
96.91154431115892,193.82308862231784
5.97379038471707,11.94758076943414
9.921329976659099,19.842659953318197
23.21077239293269,46.42154478586538
92.63545301874308,185.27090603748616
74.05791933132217,148.11583866264434
67.92904272066582,135.85808544133164
99.98650163774336,199.97300327548672
98.74388986097996,197.48777972195992
47.32135635597179,94.64271271194357
22.406012214875503,44.812024429751006
1.4431304112862642,2.8862608225725284
63.435623476590195,126.87124695318039
9.86647660833755,19.7329532166751
26.085272906600842,52.170545813201684
71.0418694183079,142.0837388366158
99.7129159715393,199.4258319430786
62.73691066634133,125.47382133268266
64.58438261487026,129.16876522974053
45.602138679566174,91.20427735913235
60.389561205734864,120.77912241146973
61.76794450350152,123.53588900700304
67.51344955650941,135.02689911301883
79.57059748159725,159.1411949631945
38.78655560705621,77.57311121411242
42.388517509164025,84.77703501832805
36.020041988390105,72.04008397678021
14.951394606712476,29.902789213424953
87.2544283889335,174.508856777867
60.122473323134685,120.24494664626937
25.832021812386806,51.66404362477361
39.14583103920699,78.29166207841398
39.885813806118485,79.77162761223697
49.09686085350929,98.19372170701858
29.458023597807248,58.916047195614496
87.60372552865783,175.20745105731567
21.942175072638136,43.88435014527627
64.46046315193968,128.92092630387936
84.61368684351883,169.22737368703767
20.601963592327987,41.203927184655974
40.820466915283745,81.64093383056749
16.876711439364378,33.753422878728756
94.92258470122924,189.84516940245848
92.28898467921795,184.5779693584359
37.201042180844524,74.40208436168905
47.33737000741481,94.67474001482962
37.06232668050862,74.12465336101724
23.92021309670036,47.84042619340072
42.19978965047899,84.39957930095798
17.618913889627052,35.237827779254104
22.908916057099326,45.81783211419865
99.34835902208327,198.69671804416654
95.80536154733346,191.61072309466692
18.00188066839731,36.00376133679462
33.430888588922826,66.86177717784565
91.45739313621752,182.91478627243504
75.77715651720877,151.55431303441753
50.79870083409372,101.59740166818744
91.46174017589593,182.92348035179185
87.64842294766689,175.29684589533377
71.48096342390556,142.96192684781113
42.86474763386848,85.72949526773697
2.5335417765790624,5.067083553158125
88.34496703710667,176.68993407421334
78.43126768079719,156.86253536159438
32.59332456894645,65.1866491378929
73.61285222407581,147.22570444815162
42.952637463337275,85.90527492667455
53.050706706847905,106.10141341369581
19.23778841218764,38.47557682437528
11.190979043384841,22.381958086769682
20.025859096499886,40.05171819299977
63.95439227607353,127.90878455214705
70.97429128855013,141.94858257710027
82.18609746876521,164.37219493753042
29.0795933433465,58.159186686693
37.012807487790575,74.02561497558115
54.819042533780184,109.63808506756037
18.92260803348851,37.84521606697702
76.10725269100539,152.21450538201077
31.531205459578615,63.06241091915723
15.818098710012684,31.63619742002537
33.67557975075398,67.35115950150796
19.660550272869436,39.32110054573887
34.92697730868063,69.85395461736125
86.19294746481613,172.38589492963226
92.55812192393624,185.11624384787248
31.93386498161761,63.86772996323522
98.08663092737159,196.17326185474317
53.85940810576288,107.71881621152576
7.906807096143154,15.813614192286307
55.76401490800232,111.52802981600465
28.29077887305581,56.58155774611162
36.13874313413188,72.27748626826376
34.332818075988435,68.66563615197687
72.68956373563339,145.37912747126677
90.86650616856532,181.73301233713065
26.566791662506105,53.13358332501221
43.1361841307822,86.2723682615644
29.56010365803172,59.12020731606344
92.5612388181743,185.1224776363486
52.84876545931699,105.69753091863399
64.75296478211261,129.50592956422523
59.438686492235384,118.87737298447077
2.848914540017289,5.697829080034578
99.89072354144938,199.78144708289875
12.965770137765187,25.931540275530374
4.553163897891965,9.10632779578393
53.967722694772114,107.93544538954423
29.835048263521323,59.670096527042645
38.70470009760726,77.40940019521452
80.64648756569743,161.29297513139485
94.50187218662822,189.00374437325644
3.3741224179952733,6.748244835990547
18.445037839117372,36.890075678234744
19.29548358370058,38.59096716740116
17.955212831694656,35.91042566338931
61.82496416167259,123.64992832334518
47.655155630588254,95.31031126117651
81.90173699336741,163.80347398673482
91.98202811250651,183.96405622501302
66.58914764203475,133.1782952840695
63.68687832863809,127.37375665727618
80.53644534373984,161.07289068747968
7.064502023926378,14.129004047852757
45.990610074674976,91.98122014934995
78.71687295256864,157.43374590513727
35.90199354367793,71.80398708735586
14.739559625244658,29.479119250489315
41.93356353704846,83.86712707409691
52.98427122133855,105.9685424426771
40.564872331635605,81.12974466327121
46.66737217175469,93.33474434350939
24.108333745816235,48.21666749163247
46.68423082877751,93.36846165755502
70.574665301687,141.149330603374
17.419023781153864,34.83804756230773
94.79436095322784,189.58872190645567
20.395131602605197,40.790263205210394
16.38921604106812,32.77843208213624
20.86914543997348,41.73829087994696
41.66346673571319,83.32693347142639
39.22106683266874,78.44213366533748
79.45445582483575,158.9089116496715
93.41329290319842,186.82658580639685
75.25651316492123,150.51302632984246
87.35186925277208,174.70373850554415
73.71357354455849,147.42714708911697
23.711644771953143,47.423289543906286
94.86480834469756,189.72961668939513
56.189821786223284,112.37964357244657
12.001282861164132,24.002565722328264
99.44956671745199,198.89913343490397
84.66501216030709,169.33002432061417
24.41516798544594,48.83033597089188
27.315838795391667,54.63167759078333
92.73393987956602,185.46787975913205
49.890298896605756,99.78059779321151
59.337108917633316,118.67421783526663
31.700645417443894,63.40129083488779
48.513889478225444,97.02777895645089
18.127238194527006,36.25447638905401
50.66392471176112,101.32784942352224
51.31885720924867,102.63771441849734
98.94010375724383,197.88020751448767
50.38873789575514,100.77747579151028
87.01934542859418,174.03869085718836
3.332263453368156,6.664526906736312
10.573252004543331,21.146504009086662
55.161811015807174,110.32362203161435
7.5610852747328146,15.122170549465629
85.1428242275965,170.285648455193
5.227545550370316,10.455091100740631
48.45731550577362,96.91463101154724
80.72271857752827,161.44543715505654
37.23616084861517,74.47232169723034
28.214302608624852,56.428605217249704
87.59999216657783,175.19998433315567
85.0107886886043,170.0215773772086
95.09490744725206,190.1898148945041
0.7514780627164597,1.5029561254329193
91.3158724192179,182.6317448384358
99.88985965492024,199.7797193098405
14.418215121138578,28.836430242277157
80.59838627612572,161.19677255225145
26.068223072775297,52.13644614555059
7.25334597769417,14.50669195538834
94.53802530738335,189.0760506147667
15.628556149360652,31.257112298721303
33.86885863595015,67.7377172719003
12.652559970166111,25.305119940332222
1.7497029511551965,3.499405902310393
11.814728787751083,23.629457575502165
51.227627212313685,102.45525442462737
80.70323973345587,161.40647946691175
33.91710827657089,67.83421655314179
21.167500131308227,42.335000262616454
55.11284080068373,110.22568160136746
75.41313634892516,150.82627269785033
42.07056170121564,84.14112340243128
76.59181452400261,153.18362904800523
83.6853361628204,167.3706723256408
86.27680731349842,172.55361462699685
74.15967742769574,148.31935485539148
40.79327048469674,81.58654096939348
12.220702152745089,24.441404305490178
60.2547224437376,120.5094448874752
27.123682168493225,54.24736433698645
32.207092944693436,64.41418588938687
67.11906950275403,134.23813900550806
42.91152721081662,85.82305442163324
38.62398581379934,77.24797162759867
85.079042400409,170.158084800818
28.338512289930296,56.67702457986059
0.592346963775614,1.184693927551228
95.22099114806272,190.44198229612545
83.75523968443595,167.5104793688719
49.48627460430435,98.9725492086087
73.3694481520537,146.7388963041074
38.077250054996725,76.15450010999345
7.26775155449152,14.53550310898304
85.49235212974443,170.98470425948886
9.658194398586417,19.316388797172834
39.04053426933136,78.08106853866272
22.908277413931046,45.81655482786209
36.01849828674797,72.03699657349594
29.37028046928064,58.74056093856128
65.67185822853521,131.34371645707043
56.58805353185328,113.17610706370655
2.7275221765315827,5.455044353063165
94.99197368260235,189.9839473652047
79.87377698229689,159.74755396459378
33.16183402273569,66.32366804547138
6.123692435036698,12.247384870073397
76.89393469445601,153.78786938891201
70.52355128681185,141.0471025736237
17.7998932599289,35.5997865198578
22.58528716784166,45.17057433568332
54.6787776854656,109.3575553709312
58.10944216663002,116.21888433326004
20.905263814485096,41.81052762897019
18.640624201512,37.281248403024
25.636465546034493,51.27293109206899
72.64178786854029,145.28357573708058
72.19129496403411,144.38258992806823
98.89424406345248,197.78848812690495
25.643584948078935,51.28716989615787
17.809720727995014,35.61944145599003
96.78119590316507,193.56239180633014
35.32377218346547,70.64754436693094
78.39128120133165,156.7825624026633
78.06780815594912,156.13561631189825
73.91475092863978,147.82950185727955
0.4082666337085872,0.8165332674171744
51.16467904935224,102.32935809870447
46.14899452206767,92.29798904413533
99.77123348873866,199.54246697747732
99.13060965678594,198.26121931357187
68.61476188880046,137.22952377760092
69.79501364053574,139.59002728107149
67.15565618264235,134.3113123652847
76.39940391713654,152.79880783427308
35.241477125864165,70.48295425172833
8.321224883339639,16.642449766679277
14.182559243558702,28.365118487117403
84.32057485038757,168.64114970077514
73.44514304714855,146.8902860942971
53.823843852683595,107.64768770536719
37.3989560544846,74.7979121089692
49.63933772085177,99.27867544170354
33.412469398302136,66.82493879660427
14.626359436137715,29.25271887227543
40.3149546413713,80.6299092827426
53.63679807910563,107.27359615821126
49.11074939141243,98.22149878282487
40.33051329440228,80.66102658880456
84.5835254977866,169.1670509955732
13.764537642258002,27.529075284516004
21.68838674091067,43.37677348182134
73.75810232063652,147.51620464127305
17.797122838059444,35.59424567611889
1.2338699000203457,2.4677398000406914
55.433184192027674,110.86636838405535
97.4539145283537,194.9078290567074
67.74269640852785,135.4853928170557
65.85272721164922,131.70545442329845
94.75454021451716,189.50908042903433
70.12221477900658,140.24442955801317
44.34496649315067,88.68993298630134
20.535588988650467,41.071177977300934
77.59749555748769,155.19499111497538
62.37249329421821,124.74498658843642
29.345814789793167,58.69162957958633
58.565121467055825,117.13024293411165
98.40951793740342,196.81903587480684
67.41673947516259,134.83347895032517
89.50233972942749,179.00467945885498
67.90656572401355,135.8131314480271
92.94990859080886,185.89981718161772
60.69805454539382,121.39610909078765
80.18802125435487,160.37604250870973
29.192147439546034,58.38429487909207
74.4838036665399,148.9676073330798
5.724998928579527,11.449997857159055
75.64055370133893,151.28110740267786
96.03548787823581,192.07097575647163
6.050222956909979,12.100445913819957
8.043744766133953,16.087489532267906
90.88039658066917,181.76079316133834
59.00872314558791,118.01744629117582
87.55317232125145,175.1063446425029
30.896958004160012,61.793916008320025
94.13081152938447,188.26162305876895
66.49182100820663,132.98364201641326
62.688497606426196,125.37699521285239
3.0087796621508844,6.017559324301769
89.18909644472576,178.37819288945153
72.36386046640956,144.72772093281912
56.36315020984021,112.72630041968041
21.593413332893828,43.186826665787656
91.18485193762857,182.36970387525713
20.462932277925294,40.92586455585059
30.399399977175946,60.79879995435189
61.35320195015039,122.70640390030078
89.27422348296557,178.54844696593113
27.580545194823138,55.161090389646276
79.59849218294622,159.19698436589243
23.416993480022906,46.83398696004581
60.30140414457915,120.6028082891583
94.29925129598836,188.5985025919767
41.79164869811397,83.58329739622793
50.309241883377844,100.61848376675569
38.88866458036756,77.77732916073512
45.04113339943208,90.08226679886415
68.83154220045667,137.66308440091333
0.244531913269741,0.489063826539482
73.36080344136295,146.7216068827259
55.63377567565794,111.26755135131587
36.71781228154711,73.43562456309422
38.263856244492544,76.52771248898509
24.174606819237976,48.34921363847595
41.26878459718413,82.53756919436826
70.67315728687106,141.34631457374212
33.65406958894279,67.30813917788558
28.440020113820562,56.880040227641125
64.37545977771515,128.7509195554303
14.735203391068008,29.470406782136017
52.43045734850934,104.86091469701869
58.433075472418736,116.86615094483747
42.71146522038502,85.42293044077005
69.63737312492425,139.2747462498485
80.08763679120086,160.17527358240173
39.686165728806714,79.37233145761343
9.753934577556933,19.507869155113866
70.77222864228014,141.54445728456028
7.8826636530481275,15.765327306096255
91.21392448972769,182.42784897945538
18.811512041364164,37.62302408272833
87.44154544693205,174.8830908938641
79.96785647203775,159.9357129440755
45.96840647418847,91.93681294837694
42.24232307247645,84.4846461449529
58.5364486664162,117.0728973328324
82.91102820008352,165.82205640016704
7.961059999215858,15.922119998431716
61.53857939395885,123.0771587879177
13.770030147301583,27.540060294603165
61.51025258888634,123.02050517777268
15.562972942656595,31.12594588531319
67.30598467449103,134.61196934898206
39.31345834906933,78.62691669813866
72.21490367059843,144.42980734119686
10.826438427714946,21.65287685542989
89.07868569981449,178.15737139962897
64.46120272194622,128.92240544389244
29.417811106773083,58.835622213546166
33.478151939237335,66.95630387847467
51.377481215136235,102.75496243027247
90.73724273719417,181.47448547438833
43.77702141636484,87.55404283272968
15.584624189632446,31.169248379264893
85.08450734112307,170.16901468224614
50.80341387065065,101.6068277413013
27.532486206580863,55.064972413161726
85.2410762958354,170.4821525916708
65.51153101890891,131.02306203781782
15.124558416490153,30.249116832980306
14.681662551869978,29.363325103739957
82.86834300311297,165.73668600622594
42.26962231413145,84.5392446282629
59.16073211791939,118.32146423583877
5.332184563638065,10.66436912727613
69.89907393419155,139.7981478683831
47.36190410608491,94.72380821216981
14.00121764078478,28.00243528156956
77.40806249185586,154.81612498371172
77.19595711622202,154.39191423244404
7.621303385915845,15.24260677183169
3.180602112472719,6.361204224945438
66.22141182481461,132.44282364962922
56.86026041419579,113.72052082839159
86.28020494279838,172.56040988559675
31.841921805277764,63.68384361055553
87.21035468447093,174.42070936894186
51.56841178244618,103.13682356489235
3.1753219537790756,6.350643907558151
94.20117165758938,188.40234331517877
61.036602461325664,122.07320492265133
75.24910662798251,150.49821325596503
32.3263161666565,64.652632333313
52.96752851942648,105.93505703885296
47.476730938823444,94.95346187764689
41.11244871213904,82.22489742427808
82.84250631808064,165.68501263616128
75.37890179736854,150.75780359473708
91.69935806442794,183.39871612885588
9.0999630624366,18.1999261248732
89.05814456956213,178.11628913912426
4.872537244565978,9.745074489131955
92.47965297486955,184.9593059497391
1.76567043836805,3.5313408767361
0.7536706390082526,1.5073412780165052
77.60596212842631,155.21192425685263
87.00606309120246,174.01212618240493
43.89849090719872,87.79698181439744
8.566600958870064,17.133201917740127
43.75105644179009,87.50211288358018
67.32369407667822,134.64738815335645
13.227018422119718,26.454036844239436
5.479152405694798,10.958304811389596
7.164246193220536,14.328492386441072
74.60832224139598,149.21664448279196
91.39682062870986,182.79364125741972
42.52703517031156,85.05407034062311
30.64639431423094,61.29278862846188
32.65102589858415,65.3020517971683
96.20029864578748,192.40059729157497
16.25470358804504,32.50940717609008
79.16372588489537,158.32745176979074
48.704409035526254,97.40881807105251
44.87823235823954,89.75646471647909
43.18381438560866,86.36762877121733
33.86486127224061,67.72972254448122
5.629346072757013,11.258692145514026
30.06810368582701,60.13620737165402
97.2311472391426,194.4622944782852
93.32714000627702,186.65428001255404
0.7568250834379731,1.5136501668759461
20.651204274820433,41.302408549640866
25.75561955241803,51.51123910483606
47.04075125811589,94.08150251623178
41.0368646357394,82.0737292714788
93.33214426683764,186.6642885336753
85.60905029728279,171.21810059456558
91.02928799656219,182.05857599312438
57.519244486956154,115.03848897391231
26.566614400666378,53.133228801332756
29.347069147141024,58.69413829428205
63.34344010586281,126.68688021172562
55.52423198351117,111.04846396702234
8.785496059626096,17.570992119252193
34.20207030888012,68.40414061776023
63.14194147343147,126.28388294686295
91.76362433873193,183.52724867746386
28.970206409375475,57.94041281875095
6.575847843114701,13.151695686229402
2.4648546451154996,4.929709290230999
54.0173073314296,108.0346146628592
60.59975267155414,121.19950534310829
14.735557202903205,29.47111440580641
57.778517695391805,115.55703539078361
76.03031619383029,152.06063238766058
94.02034072530385,188.0406814506077
1.1964367350902894,2.3928734701805787
80.71776587194475,161.4355317438895
57.543805882750455,115.08761176550091
45.99834349092408,91.99668698184816
82.35894760581252,164.71789521162503
0.8741502264083545,1.748300452816709
61.02846930859111,122.05693861718223
96.59108848734816,193.18217697469632
81.19516719155257,162.39033438310514
30.84480674152379,61.68961348304758
63.425310455250795,126.85062091050159
7.896477023032289,15.792954046064578
32.62525815571693,65.25051631143386
14.557316141392818,29.114632282785635
16.256055937980918,32.512111875961835
50.234999770836595,100.46999954167319
99.35533797396404,198.71067594792808
47.311378736924794,94.62275747384959
86.23413763686763,172.46827527373526
34.040059988962454,68.08011997792491
73.90634327780951,147.81268655561902
69.99237042537612,139.98474085075225
63.61520590052149,127.23041180104298
51.69740992580923,103.39481985161846
29.2764010222063,58.5528020444126
46.65321079002794,93.30642158005588
75.85078268415432,151.70156536830865
9.898334844265156,19.79666968853031
52.02298174541706,104.04596349083413
30.597489714697513,61.194979429395026
25.378828975506963,50.757657951013925
46.94689275275362,93.89378550550724
93.89444271159557,187.78888542319115
46.91243394600565,93.8248678920113
79.88477351357439,159.76954702714877
61.83686441251264,123.67372882502528
60.05098863110702,120.10197726221404
27.973864818153306,55.94772963630661
49.787049410686244,99.57409882137249
74.51936226019751,149.03872452039502
23.270415435370705,46.54083087074141
22.641618405089314,45.28323681017863
46.02789806488749,92.05579612977498
11.5016294070021,23.0032588140042
93.52930384283611,187.05860768567223
68.8398086890809,137.6796173781618
40.390790326997525,80.78158065399505
56.81710647494375,113.6342129498875
48.57197057624047,97.14394115248093
87.04214556214089,174.08429112428178
13.221430935930956,26.44286187186191
15.164108892779781,30.328217785559563
25.151075216750495,50.30215043350099
90.21581355224491,180.43162710448982
32.68088677879757,65.36177355759514
18.669441962818023,37.33888392563605
47.93714002510775,95.8742800502155
3.8602964459627964,7.720592891925593
36.86706440704416,73.73412881408832
37.57795390868712,75.15590781737424
78.71915134637841,157.43830269275682
76.69758621015214,153.39517242030428
25.107061206139846,50.21412241227969
88.15439755308284,176.3087951061657
34.700704633869016,69.40140926773803
33.30623864527349,66.61247729054698
77.64236022308194,155.28472044616387
30.658711863261946,61.31742372652389
20.202256196043233,40.40451239208647
47.97248032752317,95.94496065504634
81.70642296150943,163.41284592301886
16.581780959255997,33.163561918511995
44.393946575106426,88.78789315021285
96.54479558811553,193.08959117623107
73.35802934641478,146.71605869282956
63.66120241209832,127.32240482419664
95.33672968582435,190.6734593716487
49.38389598679894,98.76779197359788
76.73455566387327,153.46911132774653
28.48692612013811,56.97385224027622
12.623269649766911,25.246539299533822
31.732672703049026,63.46534540609805
53.696251901608335,107.39250380321667
18.897469796033583,37.794939592067166
51.69453787375714,103.38907574751428
64.35669754300132,128.71339508600263
50.28342623934442,100.56685247868884
29.930169852430012,59.860339704860024
26.88248825298174,53.76497650596348
77.84951991689974,155.69903983379947
5.761724517194445,11.52344903438889
50.63689676196954,101.27379352393908
68.86239228631767,137.72478457263534
31.738648610336163,63.47729722067233
32.934239955954816,65.86847991190963
82.86284023235694,165.7256804647139
25.60215133061734,51.20430266123468
80.87770163886803,161.75540327773606
39.88900377438599,79.77800754877198
92.61798441315806,185.2359688263161
58.970090501046535,117.94018100209307
79.83502818324149,159.67005636648298
86.2577664835982,172.5155329671964
14.893703855402652,29.787407710805304
14.15230815018742,28.30461630037484
61.09660618719378,122.19321237438756
92.00977761691233,184.01955523382466
51.54944651290595,103.0988930258119
51.94418250729769,103.88836501459538
16.08078382860144,32.16156765720288
6.697081467805088,13.394162935610176
51.591568326979775,103.18313665395955
17.08290481766389,34.16580963532778
24.715425157765626,49.43085031553125
46.384762782513135,92.76952556502627
99.30712662132406,198.61425324264812
71.77137196361343,143.54274392722687
35.921365354983834,71.84273070996767
12.255280240546906,24.510560481093812
70.171657269899,140.343314539798
14.759256812393174,29.518513624786348
96.95785906686683,193.91571813373366
14.543164273524933,29.086328547049867
10.316642171051027,20.633284342102055
34.842562585885204,69.68512517177041
62.17059764804278,124.34119529608556
5.153322093503077,10.306644187006153
84.41823562405769,168.83647124811537
2.0961153143705613,4.192230628741123
72.07422416692786,144.14844833385573
14.398111912477486,28.79622382495497
57.76092685735751,115.52185371471502
75.07029551637467,150.14059103274934
29.69588354239733,59.39176708479466
88.76783786283,177.53567572566
17.624333189992527,35.24866637998505
7.296188616418176,14.592377232836352
0.5667830332700907,1.1335660665401814
14.505639990073572,29.011279980147144
42.67425401040573,85.34850802081147
98.934629111901,197.869258223802
80.42688855190428,160.85377710380857
48.28692905551627,96.57385811103254
28.730282949769137,57.460565899538274
69.09949634437997,138.19899268875994
12.433300221609267,24.866600443218534
84.68351425473483,169.36702850946966
60.67353173412029,121.34706346824058
75.32977338213173,150.65954676426347
84.69214150674702,169.38428301349404
11.552626517076337,23.105253034152675
45.07653208013694,90.15306416027389
91.71039527325213,183.42079054650426
54.72810026646325,109.4562005329265
68.32244860092844,136.64489720185688
81.99643695443723,163.99287390887446
2.4686017408586003,4.937203481717201
4.732955085819945,9.46591017163989
10.661870032616926,21.323740065233853
0.9785106542233524,1.9570213084467047
49.972933019507636,99.94586603901527
15.08019281207199,30.16038562414398
8.233925136898357,16.467850273796714
76.46853025509813,152.93706051019626
93.87596001783923,187.75192003567847
67.26697059250438,134.53394118500876
63.96162580651207,127.92325161302414
74.69620777522795,149.3924155504559
89.0149295271728,178.0298590543456
68.63131939891927,137.26263879783855
66.98384281880014,133.96768563760028
28.532139123106436,57.06427824621287
69.8574578469703,139.7149156939406
45.60892847421078,91.21785694842156
84.8234121677193,169.6468243354386
25.580227974291837,51.160455948583675
73.85578006209317,147.71156012418635
18.671888710315287,37.34377742063057
42.71636534757195,85.4327306951439
80.59233480785171,161.18466961570343
57.33157102878145,114.6631420575629
26.651075807000613,53.302151614001225
26.044551009548666,52.08910201909733
42.90941281355215,85.8188256271043
70.44026766301508,140.88053532603016
74.92254676510093,149.84509353020186
27.866574015231414,55.73314803046283
70.98018269778022,141.96036539556044
74.60784940817298,149.21569881634596
93.54764911322505,187.0952982264501
26.881018725240146,53.76203745048029
82.31778599777012,164.63557199554023
91.4385295815153,182.8770591630306
8.47026381893803,16.94052763787606
81.09600181948231,162.19200363896462
39.9042135174281,79.8084270348562
40.97818700388254,81.95637400776508
81.60597679813897,163.21195359627794
25.430898382191145,50.86179676438229
52.263719543319475,104.52743908663895
9.085130795510278,18.170261591020555
6.016551255043357,12.033102510086714
58.41807233265086,116.83614466530172
99.91301022710537,199.82602045421075
44.13867330107657,88.27734660215314
91.54586057130962,183.09172114261924
70.94638257229413,141.89276514458825
69.26991156085876,138.53982312171752
85.1344465317424,170.2688930634848
66.14506031566106,132.2901206313221
99.02718015676722,198.05436031353443
16.242218923743067,32.484437847486134
17.409715195543786,34.81943039108757
32.34184245546504,64.68368491093008
2.6611352492551754,5.322270498510351
85.29250669275125,170.5850133855025
20.410005436756595,40.82001087351319
80.17527349447471,160.35054698894942
33.72943594587296,67.45887189174591
50.4502212686277,100.9004425372554
41.24260773082939,82.48521546165878
89.71261800679274,179.42523601358548
10.28143182549276,20.56286365098552
64.11944824547928,128.23889649095855
3.551878709184375,7.10375741836875
13.791860276521572,27.583720553043143
24.290766824586406,48.58153364917281
43.89508890715763,87.79017781431526
48.317858815412464,96.63571763082493
25.4107996013878,50.8215992027756
78.24944973356057,156.49889946712113
81.09001159728132,162.18002319456264
56.209900659379585,112.41980131875917
33.53090189229344,67.06180378458689
85.9845437028242,171.9690874056484
6.891935559152229,13.783871118304457
4.453018263813558,8.906036527627116
7.27278091598762,14.54556183197524
65.54259891486518,131.08519782973036
11.173783934299342,22.347567868598684
34.60302715575146,69.20605431150292
91.43911485214976,182.8782297042995
99.3208464257308,198.6416928514616
70.32656452796938,140.65312905593876
52.602410401405265,105.20482080281053
86.50819511832238,173.01639023664475
85.35309515006664,170.70619030013327
3.701044880322113,7.402089760644226
74.62286249125783,149.24572498251567
63.9620752927176,127.9241505854352
46.55331424264444,93.10662848528888
58.66178019312065,117.3235603862413
31.474368348566205,62.94873669713241
71.96798485604968,143.93596971209936
11.898328331290797,23.796656662581594
20.94483724218481,41.88967448436962
18.57850564116972,37.15701128233944
6.67706741282198,13.35413482564396
11.691389220854177,23.382778441708354
43.97878479325949,87.95756958651899
4.3627301819486375,8.725460363897275
59.57687506708269,119.15375013416538
1.9125139065680363,3.8250278131360727
15.914484867119661,31.828969734239323
41.54044957778827,83.08089915557655
34.222649669653926,68.44529933930785
20.18344267533836,40.36688535067672
74.3929260650197,148.7858521300394
13.467676717503775,26.93535343500755
62.266080978596015,124.53216195719203
2.920518071480638,5.841036142961276
88.4294565401057,176.8589130802114
93.38529919095505,186.7705983819101
38.968415301793755,77.93683060358751
3.1126466537353403,6.225293307470681
48.21280867724372,96.42561735448744
3.9314101510120714,7.862820302024143
59.582699989756925,119.16539997951385
23.321665238096035,46.64333047619207
39.59948944281585,79.1989788856317
23.8907715585546,47.7815431171092
11.286236733811227,22.572473467622455
15.95698431255168,31.91396862510336
53.58747870033466,107.17495740066931
95.08354307784548,190.16708615569095
63.6313053170387,127.2626106340774
94.6838895864585,189.367779172917
98.04256619298896,196.08513238597791
79.34006960907502,158.68013921815003
39.62834872772173,79.25669745544346
72.42579844771775,144.8515968954355
17.74370804517249,35.48741609034498
55.630574692606494,111.26114938521299
40.665841936363655,81.33168387272731
54.40674964809246,108.81349929618492
93.84067933391866,187.68135866783732
45.97567918729075,91.9513583745815
39.00044239104575,78.0008847820915
67.15127141600341,134.30254283200682
19.654691388209777,39.309382776419554
48.02671256109612,96.05342512219224
77.92761502181092,155.85523004362184
14.276750755100442,28.553501510200885
19.93299097986555,39.8659819597311
15.091030942988581,30.182061885977163
97.32916561443655,194.6583312288731
24.743257398803575,49.48651479760715
38.13910689433602,76.27821378867203
61.33404247879663,122.66808495759327
73.4259222999192,146.8518445998384
63.763140984147945,127.52628196829589
57.23478553350591,114.46957106701181
91.33570236614248,182.67140473228497
90.12560235596318,180.25120471192636
72.27701136800158,144.55402273600316
2.3347031726698053,4.669406345339611
59.80649761925536,119.61299523851072
22.28833505246054,44.57667010492108
71.92213449917135,143.8442689983427
95.85156431535405,191.7031286307081
56.80245707606605,113.6049141521321
39.57270677341192,79.14541354682385
82.72800024741083,165.45600049482167
39.79434005491226,79.58868010982452
84.87675777865906,169.7535155573181
96.12440299104894,192.24880598209788
21.258563426120634,42.51712685224127
43.81809391807271,87.63618783614542
86.29241656653546,172.58483313307093
77.72094461238252,155.44188922476505
6.397213081251918,12.794426162503836
26.236720466588913,52.47344093317783
50.555374544690814,101.11074908938163
14.45983905314936,28.91967810629872
47.08472546426988,94.16945092853976
83.48728353799805,166.9745670759961
47.70908169512108,95.41816339024216
44.80306132154024,89.60612264308048
63.58921411989979,127.17842823979959
28.221734395951692,56.443468791903385
25.587405825134667,51.17481165026933
28.126199187337463,56.252398374674925
25.29703746981944,50.59407493963888
57.20280869874684,114.40561739749369
2.0546620652384218,4.1093241304768435
69.3848174397527,138.7696348795054
83.54058258645487,167.08116517290975
98.22497566506978,196.44995133013956
45.42128883511983,90.84257767023966
3.937240586754931,7.874481173509862
36.08598162122332,72.17196324244664
4.247920226244483,8.495840452488967
24.026316481188537,48.052632962377075
13.553243646039903,27.106487292079805
77.32097410654981,154.64194821309962
49.377914757830176,98.75582951566035
72.52877362162997,145.05754724325993
56.63176448088725,113.2635289617745
36.685672145713355,73.37134429142671
7.643415286831834,15.286830573663668
14.765007024002784,29.53001404800557
52.754994374292785,105.50998874858557
44.34222083957593,88.68444167915186
4.246216655891633,8.492433311783266
89.57919112996962,179.15838225993923
23.537402193152836,47.07480438630567
67.89621030655064,135.79242061310129
64.5662192188432,129.1324384376864
40.34103097599995,80.6820619519999
28.271591250925244,56.54318250185049
36.05018810945085,72.1003762189017
26.039358304095828,52.078716608191655
48.3366898323686,96.6733796647372
58.407334769170824,116.81466953834165
38.89195662344969,77.78391324689937
66.70157473290581,133.40314946581162
69.46919824051076,138.93839648102153
97.08464378752883,194.16928757505767
75.69330519871467,151.38661039742934
61.63095820370984,123.26191640741968
13.073354286606676,26.146708573213353
52.61738891488217,105.23477782976434
8.169790590688974,16.339581181377948
11.435102129317276,22.87020425863455
55.94779369077189,111.89558738154378
98.33928044448139,196.67856088896278
38.31111980417371,76.62223960834741
66.62969781784778,133.25939563569557
47.85824916329944,95.71649832659888
62.8886524588928,125.7773049177856
48.04689624269156,96.09379248538312
53.45973824069111,106.91947648138222
84.89881025107654,169.79762050215308
99.4062107335231,198.8124214670462
13.67011129397364,27.34022258794728
23.009741397454498,46.019482794908996
72.55748197677435,145.1149639535487
48.84042063727788,97.68084127455576
25.55640099887846,51.11280199775692
46.56601973100663,93.13203946201325
4.146850924623758,8.293701849247515
67.39789616600765,134.7957923320153
99.02318525525826,198.0463705105165
16.432665290481197,32.86533058096239
56.423385370544366,112.84677074108873
53.87979565370672,107.75959130741344
66.62518046658164,133.25036093316328
4.8919017809732175,9.783803561946435
95.3650672380577,190.7301344761154
11.530221097823235,23.06044219564647
75.96545154829812,151.93090309659624
31.775709375677852,63.551418751355705
97.70792610808363,195.41585221616725
65.36155133528577,130.72310267057154
89.9004168518176,179.8008337036352
27.11319091808789,54.22638183617578
31.528894498030358,63.057788996060715
27.814601102608094,55.62920220521619
60.95409981163131,121.90819962326262
44.90121046347052,89.80242092694104
50.00762843523202,100.01525687046404
81.22085706659371,162.44171413318742
23.16788643369785,46.3357728673957
5.0822485476154196,10.164497095230839
62.632155843028606,125.26431168605721
57.04316484171426,114.08632968342852
97.75270400265846,195.50540800531692
39.29363756804054,78.58727513608108
80.79457145637481,161.58914291274962
4.025080313482476,8.050160626964953
98.51955237654543,197.03910475309087
1.0543870502918606,2.1087741005837213
76.72703209943921,153.45406419887843
9.701659218695157,19.403318437390315
10.672654223362787,21.345308446725575
89.5404747279804,179.0809494559608
96.87161273752305,193.7432254750461
75.83954082121444,151.67908164242888
1.3158938225451777,2.6317876450903555
1.314002454773533,2.628004909547066
77.07401519970949,154.14803039941899
80.92186717764062,161.84373435528124
40.90457788882548,81.80915577765096
16.91505558735803,33.83011117471606
26.499441975516234,52.99888395103247
10.720271263096325,21.44054252619265
62.92549910677935,125.8509982135587
51.458271200192854,102.91654240038571
67.77949900282162,135.55899800564325
62.56628711497457,125.13257422994914
5.113936630964766,10.227873261929531
65.5440781572649,131.0881563145298
89.93168380353038,179.86336760706075
43.61234531073227,87.22469062146455
67.04641962823021,134.09283925646042
7.270403215939325,14.54080643187865
63.49535255222175,126.9907051044435
74.69091732115491,149.38183464230983
88.21065039870668,176.42130079741335
20.829659862182314,41.65931972436463
54.37286452973942,108.74572905947883
94.10844426826213,188.21688853652427
12.721274649852887,25.442549299705775
71.05083565612281,142.10167131224563
5.34729869396674,10.69459738793348
20.27379259628027,40.54758519256054
26.743620439875016,53.48724087975003
30.959298559874714,61.91859711974943
3.7908946760927487,7.581789352185497
25.293867691848103,50.587735383696206
83.09677593757064,166.19355187514128
34.496320772562704,68.99264154512541
98.51864168809867,197.03728337619734
99.51796561167933,199.03593122335866
68.98053292122187,137.96106584244373
3.115802072549112,6.231604145098224
1.4952486852556124,2.9904973705112248
15.377823812813618,30.755647625627237
63.096711436951466,126.19342287390293
24.292658133562306,48.58531626712461
93.21300934628282,186.42601869256563
7.685918136306125,15.37183627261225
24.978473513298873,49.956947026597746
70.12514549727584,140.25029099455168
41.05705407443685,82.1141081488737
44.47366604526353,88.94733209052706
35.78340335361444,71.56680670722888
79.46066422655531,158.92132845311062
21.573536551763517,43.147073103527035
83.37918398152284,166.75836796304569
45.40086618645244,90.80173237290488
12.531312652634629,25.062625305269258
19.60216794658255,39.2043358931651
3.696146403177103,7.392292806354206
21.150659447161292,42.301318894322584
75.3156134796103,150.6312269592206
82.68930792541221,165.37861585082442
97.07207111650528,194.14414223301057
87.66878930320873,175.33757860641745
2.924363552384146,5.848727104768292
41.37101677076621,82.74203354153242
1.4952410307694008,2.9904820615388017
59.289142193307335,118.57828438661467
87.49942451130593,174.99884902261186
36.46268200254007,72.92536400508014
48.67389212376892,97.34778424753785
56.19427242117396,112.38854484234793
79.2926061722211,158.5852123444422
7.995917277516873,15.991834555033746
82.63779324927847,165.27558649855695
32.775300677973185,65.55060135594637
93.79166487824241,187.58332975648483
92.7561675347429,185.5123350694858
33.25503491495597,66.51006982991194
76.24161346845413,152.48322693690827
63.787708834896776,127.57541766979355
19.353617777117304,38.70723555423461
89.87143185369067,179.74286370738133
35.820863680670136,71.64172736134027
33.8429421932234,67.6858843864468
41.37172042157842,82.74344084315683
31.25612583111793,62.51225166223586
24.75818357182694,49.51636714365388
8.021486408350576,16.042972816701152
6.035737967859234,12.071475935718468
10.35571035958368,20.71142071916736
61.43549779965116,122.87099559930232
14.121179523369765,28.24235904673953
41.928766156710125,83.85753231342025
39.627634581129314,79.25526916225863
41.427460807187565,82.85492161437513
75.98512966105856,151.97025932211713
24.56156280984805,49.1231256196961
61.95322203429734,123.90644406859468
49.00698184281741,98.01396368563482
97.83403512912724,195.6680702582545
12.672931257578323,25.345862515156647
13.96796334505913,27.93592669011826
29.238732156249725,58.47746431249945
8.780074244188295,17.56014848837659
64.9391471835316,129.8782943670632
54.66156551223318,109.32313102446636
41.0001195112827,82.0002390225654
7.497775666019324,14.995551332038648
73.43586086511043,146.87172173022086
9.327320750106772,18.654641500213543
65.33596650120307,130.67193300240615
80.75367831125361,161.50735662250722
48.71565135713477,97.43130271426953
32.418521095271025,64.83704219054205
28.58882287370581,57.17764574741162
17.529384876060973,35.05876975212195
85.42272702539185,170.8454540507837
41.399875220097606,82.79975044019521
71.82714100957058,143.65428201914116
23.732106327684566,47.46421265536913
32.976141454193765,65.95228290838753
71.2497559055835,142.499511811167
83.99089590082814,167.98179180165627
52.68919933865822,105.37839867731644
41.25876686208391,82.51753372416782
43.811305724342155,87.62261144868431
55.4084084144988,110.8168168289976
83.64160524702994,167.2832104940599
30.095571542874545,60.19114308574909
22.27208892543263,44.54417785086526
65.99949610931931,131.99899221863862
89.35479558757449,178.70959117514897
95.63172399177394,191.26344798354788
91.37083392707466,182.7416678541493
82.75522248417215,165.5104449683443
14.16965899436261,28.33931798872522
39.76725917183771,79.53451834367542
65.3277527137353,130.6555054274706
65.46972681793835,130.9394536358767
30.172787843241235,60.34557568648247
30.284090945916788,60.568181891833575
94.09353988795037,188.18707977590074
44.574349889724076,89.14869977944815
84.58134831012302,169.16269662024604
30.7152150563588,61.4304301127176
38.69388622330564,77.38777244661128
81.46144363341621,162.92288726683242
70.41593484512,140.83186969024
40.74446285187546,81.48892570375092
51.05462528736327,102.10925057472654
67.36021310686996,134.72042621373993
37.83229934992613,75.66459869985226
53.900878716182575,107.80175743236515
11.538646925931072,23.077293851862144
26.93798768515134,53.87597537030268
88.24798903321117,176.49597806642234
26.79180519165244,53.58361038330488
77.63743873378772,155.27487746757544
55.69462294862534,111.38924589725067
77.43309516115133,154.86619032230266
12.618479332647436,25.23695866529487
5.722417286596116,11.444834573192232
63.08233521221259,126.16467042442518
6.552760210095309,13.105520420190619
71.77111181381636,143.54222362763272
2.9923632975369707,5.9847265950739414
49.942717152290136,99.88543430458027
7.838165132987928,15.676330265975857
82.15196376540773,164.30392753081546
97.5366900205144,195.0733800410288
46.85470428666586,93.70940857333171
12.884443243397426,25.76888648679485
5.985349139773555,11.97069827954711
82.96017157346189,165.92034314692378
15.182733349482469,30.365466698964937
95.2205698088126,190.4411396176252
19.187507790987446,38.37501558197489
98.80399101452778,197.60798202905556
87.5110924499638,175.0221848999276
79.2087287884305,158.417457576861
29.78913273928243,59.57826547856486
17.729117481985956,35.45823496397191
23.92237569579723,47.84475139159446
17.79288731637547,35.58577463275094
8.616065417394669,17.232130834789338
69.27672476325027,138.55344952650054
32.58091906633045,65.1618381326609
99.59612850434121,199.19225700868242
62.461741203031785,124.92348240606357
52.83462602010567,105.66925204021133
30.408243413131142,60.816486826262285
6.460272288708757,12.920544577417514
7.311900025996065,14.62380005199213
46.921177589862005,93.84235517972401
93.60739065253256,187.21478130506512
57.40508537457561,114.81017074915123
74.52722210222096,149.05444420444192
56.04890105757422,112.09780211514844
4.513072086712144,9.026144173424289
9.653662474866342,19.307324949732685
69.54043545366267,139.08087090732533
83.74947185847668,167.49894371695336
11.187051309766193,22.374102619532387
47.73221077011731,95.46442154023462
5.942214845006832,11.884429690013665
47.69519818073304,95.39039636146607
29.72373491881195,59.4474698376239
10.572073674187642,21.144147348375284
96.1443118111309,192.2886236222618
72.74411477527833,145.48822955055667
44.676117523187976,89.35223504637595
27.19834177856024,54.39668355712048
55.846178402483524,111.69235680496705
55.8171313901751,111.6342627803502
49.63205472529235,99.2641094505847
73.01281898952871,146.02563797905742
48.36653527474001,96.73307054948002
15.43390375247995,30.8678075049599
99.01324711184778,198.02649422369555
38.81115525287391,77.62231050574782
13.68301909688724,27.36603819377448
64.25972046313697,128.51944092627394
93.12933950797569,186.25867901595137
45.905958717196846,91.81191743439369
55.54701953983621,111.09403907967241
48.014723573180476,96.02944714636095
79.42007188808256,158.84014377616512
89.50697799009724,179.01395598019448
86.54539054389438,173.09078108778877
99.20947806364812,198.41895612729624
87.18145269279913,174.36290538559825
22.99897832257496,45.99795664514992
76.76663562572938,153.53327125145876
83.43344917251848,166.86689834503696
59.88600932761802,119.77201865523604
88.4350428247971,176.8700856495942
66.09907718933852,132.19815437867703
15.44696531075962,30.89393062151924
21.487697776905268,42.975395553810536
95.69306392668851,191.38612785337702
96.6122101886381,193.2244203772762
59.604966228138366,119.20993245627673
73.09785606910867,146.19571213821735
87.44883263248828,174.89766526497655
14.628046242344016,29.256092484688033
60.02286561978099,120.04573123956197
94.89415064490223,189.78830128980445
86.91191538306093,173.82383076612186
90.24584687595679,180.49169375191357
62.1256245723919,124.2512491447838
18.5055167844814,37.0110335689628
60.050998319397856,120.10199663879571
4.147920508667735,8.29584101733547
62.267070834043956,124.53414166808791
4.475947248756129,8.951894497512258
18.169826108249342,36.339652216498685
6.8140116783047215,13.628023356609443
52.146973396275754,104.29394679255151
46.64675208478829,93.29350416957658
25.17609631183898,50.35219262367796
88.74680362353403,177.49360724706807
31.98825854376691,63.97651708753382
20.09249748098485,40.1849949619697
68.41966595230052,136.83933190460104
76.23754889369646,152.4750977873929
83.37462999965217,166.74925999930434
98.9438027685183,197.8876055370366
76.92250401796305,153.8450080359261
24.766929216209732,49.533858432419464
78.41586301477477,156.83172602954954
0.5752899994752481,1.1505799989504961
74.8088461799497,149.6176923598994
40.37316475620511,80.74632951241021
16.100114582207503,32.200229164415006
92.80653149908457,185.61306299816914
21.261224707010584,42.52244941402117
81.21559612279576,162.43119224559152
16.730184402931204,33.46036880586241
9.542067476853788,19.084134953707576
63.35211657227406,126.70423314454813
18.472679696901384,36.94535939380277
89.43820666529928,178.87641333059855
90.87657753080872,181.75315506161743
1.179268083439522,2.358536166879044
45.474350376472714,90.94870075294543
13.117192434053893,26.234384868107785
74.18837952776842,148.37675905553684
79.42267669345148,158.84535338690296
53.85790932097915,107.7158186419583
70.91583392019754,141.83166784039508
95.41820355813262,190.83640711626524
46.10788502922995,92.2157700584599
64.14185975649585,128.2837195129917
18.70374276509671,37.40748553019342
32.00254614175019,64.00509228350037
7.831487672113724,15.662975344227448
60.54707363529672,121.09414727059344
77.64213708288766,155.28427416577532
20.960661152825043,41.92132230565009
65.13835668517596,130.27671337035193
77.51947743774117,155.03895487548235
84.22623892993919,168.45247785987837
68.74881105414435,137.4976221082887
32.02949240744138,64.05898481488276
75.24512707934484,150.49025415868968
30.998109231731508,61.996218463463016
16.96045879088898,33.92091758177796
39.68874839869637,79.37749679739274
81.99788501083273,163.99577002166546
75.1429763967405,150.285952793481
36.90242297965407,73.80484595930814
37.01187376735461,74.02374753470922
24.93146907984045,49.8629381596809
19.664142905184846,39.32828581036969
25.79684253351956,51.59368506703912
23.575145753595127,47.15029150719025
8.122265525879735,16.24453105175947
33.115566230545504,66.23113246109101
88.48853918836271,176.97707837672542
86.50187345433416,173.00374690866832
8.329136321753339,16.658272643506677
66.49316032995351,132.98632065990702
62.421816734828994,124.84363346965799
11.28887666290499,22.57775332580998
18.897819426494642,37.795638852989285
5.282883898230095,10.56576779646019
73.30157221574846,146.60314443149693
92.4100182009936,184.8200364019872
60.49705516389442,120.99411032778885
93.62300386312134,187.24600772624268
96.99526827852173,193.99053655704347
95.47703327501297,190.95406655002594
21.32948187723166,42.65896375446332
61.03309717538031,122.06619435076063
13.459734260868439,26.919468521736878
23.578677113618475,47.15735422723695
93.60324473736077,187.20648947472154
44.796276401036565,89.59255280207313
10.022785667157674,20.045571334315348
59.685492908392746,119.37098581678549
68.61627196847671,137.23254393695342
14.177795946083648,28.355591892167297
94.09179101969744,188.18358203939488
81.53928582774019,163.07857165548037
57.61995917875912,115.23991835751823
89.03301702509052,178.06603405018103
78.67644739754014,157.3528947950803
77.47931176300415,154.9586235260083
17.597937804992103,35.195875609984206
66.72634233010166,133.45268466020332
25.85007396863983,51.70014793727966
86.24429272893461,172.48858545786922
10.606323284809427,21.212646569618855
81.86610429256473,163.73220858512946
7.472021958013331,14.944043916026661
49.11323621388796,98.22647242777592
33.10873410503724,66.21746821007449
46.47139479294604,92.94278958589209
78.95539830016538,157.91079660033077
7.347806295963011,14.695612591926022
78.03206707474081,156.06413414948162
35.810300937898276,71.62060187579655
48.27343262606657,96.54686525213314
89.30312819390333,178.60625638780667
91.39144113835945,182.7828822767189
27.15822822268279,54.31645644536558
65.18753722001914,130.37507444003828
58.330059138363346,116.66011827672669
25.349047910764387,50.698095821528774
86.43682035528842,172.87364071057684
77.0187139917339,154.0374279834678
46.06241759009196,92.12483518018392
91.66722026540747,183.33444053081493
29.811570374950957,59.623140749901914
11.136258684984934,22.27251736996987
14.810289337296433,29.620578674592867
74.63522961984373,149.27045923968745
33.49901050105202,66.99802100210404
58.73224758473027,117.46449516946053
24.431413240465606,48.86282648093121
22.175424933445875,44.35084986689175
44.62399219039879,89.24798438079758
92.0425894338252,184.0851788676504
33.37263406748894,66.74526813497788
13.779241702298995,27.55848340459799
41.44815385445501,82.89630770891002
41.960989730113226,83.92197946022645
56.98248562321626,113.96497124643253
14.592671894184328,29.185343788368655
19.376585850710338,38.753171701420676
11.152407773872508,22.304815547745015
3.4613525651215116,6.922705130243023
55.087212186105184,110.17442437221037
84.17091804629096,168.34183609258193
45.6636482053281,91.3272964106562
82.53425977737217,165.06851955474434
30.776029523744054,61.55205904748811
54.28707039670657,108.57414079341314
16.10227091994989,32.20454183989978
43.08126025250942,86.16252050501885
69.5506348200247,139.1012696400494
25.768128116986666,51.53625623397333
65.00974483199026,130.01948966398052
32.51968482482867,65.03936964965735
0.0598236449101619,0.1196472898203238
94.98213880463206,189.96427760926412
63.698104203479254,127.39620840695851
10.233246109431748,20.466492218863497
53.1720193691693,106.3440387383386
97.45707292517491,194.91414585034983
45.3856435537955,90.771287107591
61.504145716925564,123.00829143385113
42.5715918241314,85.1431836482628
26.66006434175602,53.32012868351204
79.02347130747381,158.04694261494762
53.345285985722526,106.69057197144505
74.55204599484017,149.10409198968034
68.11042026401608,136.22084052803217
41.258705086695414,82.51741017339083
50.194865132649234,100.38973026529847
92.07697006577995,184.1539401315599
20.20853821598897,40.41707643197794
10.178670993114181,20.357341986228363
61.136181411631455,122.27236282326291
70.90287315994975,141.8057463198995
2.9393819197595983,5.878763839519197
66.53530352875507,133.07060705751013
24.598166028830505,49.19633205766101
93.1849892915829,186.3699785831658
4.575939064272938,9.151878128545876
36.72603195823775,73.4520639164755
44.70160545956959,89.40321091913918
98.17916455422015,196.3583291084403
71.43752788516402,142.87505577032803
47.494448552023314,94.98889710404663
40.180866982979246,80.36173396595849
44.025267271910366,88.05053454382073
17.8058615493754,35.6117230987508
41.98840526308712,83.97681052617423
14.135682250087134,28.27136450017427
7.343064634382978,14.686129268765956
77.04821214043453,154.09642428086906
84.70833482457196,169.41666964914393
15.929554648799416,31.85910929759883
56.46522510342443,112.93045020684886
94.01526520983606,188.03053041967212
49.30483456708045,98.6096691341609
61.846392522765036,123.69278504553007
40.00045364870735,80.0009072974147
30.881970062105413,61.763940124210826
99.3831101638468,198.7662203276936
68.67634720849674,137.35269441699347
63.79930583497087,127.59861166994175
88.57257807219081,177.14515614438162
35.60438901905167,71.20877803810335
96.9157017021852,193.8314034043704
3.515581993684591,7.031163987369182
23.10974708349964,46.21949416699928
16.985356805223272,33.970713610446545
63.227281406279246,126.45456281255849
96.20855168710291,192.41710337420582
39.640695047207956,79.28139009441591
27.921327973752284,55.84265594750457
58.065388852662124,116.13077770532425
69.48962858831513,138.97925717663026
89.97081407515725,179.9416281503145
51.96817885825352,103.93635771650705
45.17236230664253,90.34472461328507
38.92316915238716,77.84633830477432
38.586011760801455,77.17202352160291
32.68711726877781,65.37423453755562
59.80667469268225,119.6133493853645
49.070725888066626,98.14145177613325
65.56943728705347,131.13887457410695
39.93552863170724,79.87105726341449
92.2219158968601,184.4438317937202
45.51419469612451,91.02838939224903
29.66140830181192,59.32281660362384
76.9317429281942,153.8634858563884
35.386140682771064,70.77228136554213
92.47649258159892,184.95298516319784
81.00314138129139,162.00628276258277
12.250956982199035,24.50191396439807
81.23805861071176,162.47611722142352
55.94803592958761,111.89607185917522
18.606489758553636,37.21297951710727
0.650147491339037,1.300294982678074
94.1120009542984,188.2240019085968
88.50037786654069,177.00075573308138
81.06873982352657,162.13747964705314
99.1490529782629,198.2981059565258
67.15061467361116,134.30122934722232
77.06806174617805,154.1361234923561
96.68911697913774,193.37823395827547
13.94219965245912,27.88439930491824
4.5146186504392505,9.029237300878501
32.30893971166384,64.61787942332768
5.693270576193765,11.38654115238753
75.53707520256881,151.07415040513763
82.68241582340882,165.36483164681763
50.868361127025985,101.73672225405197
15.027759059043987,30.055518118087974
97.3540701579192,194.7081403158384
29.60000657367057,59.20001314734114
33.490682237197944,66.98136447439589
76.08784328059464,152.17568656118928
60.89206537971521,121.78413075943043
81.47375234608451,162.94750469216902
14.20975933151981,28.41951866303962
40.92529834886258,81.85059669772517
50.176390998214494,100.35278199642899
70.11872812145748,140.23745624291496
45.565708231751266,91.13141646350253
30.64071879204777,61.28143758409554
13.368205332375604,26.736410664751208
21.758354301318327,43.516708602636655
44.14153673377346,88.28307346754691
97.14890947534771,194.29781895069542
26.613243551439723,53.226487102879446
53.104699993413604,106.20939998682721
71.4097194802795,142.819438960559
0.6689740556371837,1.3379481112743674
75.2656030211669,150.5312060423338
23.432143928338768,46.864287856677535
99.3718675840693,198.7437351681386
50.43309060530198,100.86618121060395
25.989854640931163,51.97970928186233
21.574712645910864,43.14942529182173
38.07082333535394,76.14164667070789
36.89794955998171,73.79589911996342
37.53018645439611,75.06037290879222
51.1884424850057,102.3768849700114
85.91159940978683,171.82319881957366
67.84221396881487,135.68442793762975
7.678768969155381,15.357537938310761
21.518475097262137,43.03695019452427
97.38610105942912,194.77220211885825
37.99900374253637,75.99800748507273
80.07823626985633,160.15647253971267
93.47733361440321,186.95466722880641
42.563356351227895,85.12671270245579
81.8565559260906,163.7131118521812
84.38882408262913,168.77764816525826
12.47528719300509,24.95057438601018
39.719538117049225,79.43907623409845
9.501204549068753,19.002409098137505
88.59714911834644,177.19429823669287
12.504355240052567,25.008710480105133
53.21442891529134,106.42885783058269
17.526059063305887,35.052118126611774
69.4271396521903,138.8542793043806
97.46256599839433,194.92513199678865
78.54277670898048,157.08555341796097
88.33953263214713,176.67906526429425
96.97650828346177,193.95301656692354
10.892914864718872,21.785829729437744
58.78880944541838,117.57761889083676
64.72301529140671,129.44603058281342
3.2020453659087678,6.4040907318175355
43.853407223822096,87.70681444764419
11.842609061800013,23.685218123600027
10.967869769129301,21.935739538258602
13.808732692098125,27.61746538419625
46.658704800110215,93.31740960022043
35.1172353735426,70.2344707470852
62.26372594423222,124.52745188846444
35.79750950919514,71.59501901839027
45.75767717289176,91.51535434578352
14.016078434033929,28.032156868067858
79.90019020258397,159.80038040516794
69.65419887071074,139.3083977414215
62.60603642847159,125.21207285694318
84.67075814350966,169.34151628701932
88.19351715653134,176.38703431306268
71.35790557577828,142.71581115155655
3.655622529401903,7.311245058803806
84.59394773378493,169.18789546756986
32.46316176159375,64.9263235231875
59.398805953174794,118.79761190634959
5.87224533383417,11.74449066766834
2.0104134132878593,4.0208268265757185
86.38726618563174,172.7745323712635
40.73139693400867,81.46279386801734
40.5039055632685,81.007811126537
16.98018241577728,33.96036483155456
67.09953665169476,134.19907330338953
14.891915597600146,29.783831195200293
94.26218717433662,188.52437434867323
53.85613072454546,107.71226144909092
3.323851606329087,6.647703212658174
22.096002064320153,44.192004128640306
51.32628472180263,102.65256944360526
58.61167723109314,117.22335446218628
54.112424918202414,108.22484983640483
41.407274240391025,82.81454848078205
13.85821415687899,27.71642831375798
23.311246577994073,46.622493155988145
85.54078263688795,171.0815652737759
32.97170016341926,65.94340032683851
46.05843740639889,92.11687481279778
37.986493874709815,75.97298774941963
80.26838838398294,160.53677676796588
29.04873752678746,58.09747505357492
0.6083628615923597,1.2167257231847195
91.20317359709273,182.40634719418546
48.929731891050466,97.85946378210093
73.21840694779432,146.43681389558864
30.81720350039011,61.63440700078022
63.71847491798807,127.43694983597614
25.610277886331478,51.220555772662955
45.482486439753586,90.96497287950717
3.9573060508826807,7.9146121017653615
98.08723029312037,196.17446058624074
49.98447416819645,99.9689483363929
66.66530024957952,133.33060049915903
11.143251164389989,22.286502328779978
64.8832633534412,129.7665267068824
23.226812928667684,46.45362585733537
87.5186978980395,175.037395796079
41.17960453224819,82.35920906449638
95.54803161899856,191.09606323799713
70.6642859837913,141.3285719675826
6.625455541684822,13.250911083369644
11.11422236859163,22.22844473718326
20.71024450317738,41.42048900635476
33.01925997919219,66.03851995838438
73.44933092631759,146.89866185263517
23.185471742953567,46.370943485907134
25.26948185172366,50.53896370344732
85.35823663497601,170.71647326995202
53.14551774781703,106.29103549563406
88.19535678041058,176.39071356082115
65.84977269347225,131.6995453869445
95.56200050402947,191.12400100805894
63.24789930889111,126.49579861778221
25.664540862250018,51.329081724500035
86.97433173458548,173.94866346917095
88.24857451450619,176.49714902901238
74.03320595033969,148.06641190067938
79.8072227493363,159.6144454986726
55.31423066641573,110.62846133283146
99.45394404942114,198.90788809884228
7.237372588131564,14.474745176263127
79.51348085747374,159.02696171494748
28.489265230316352,56.978530460632705
41.52558353585296,83.05116707170592
79.92907450033877,159.85814900067754
50.31341357254119,100.62682714508237
93.13968723611973,186.27937447223945
2.5049217456667883,5.0098434913335765
41.253107730114124,82.50621546022825
82.28605166777622,164.57210333555244
15.843473081876713,31.686946163753426
15.38894458484502,30.77788916969004
15.40173649334129,30.80347298668258
65.88846578110119,131.77693156220238
12.245599872155676,24.491199744311352
32.851808128899116,65.70361625779823
72.20107546004382,144.40215092008765
90.62301012959234,181.2460202591847
84.21831986143155,168.4366397228631
32.06582361439325,64.1316472287865
61.540166159811264,123.08033231962253
77.91316134705657,155.82632269411314
62.0121539685051,124.0243079370102
45.389205125761514,90.77841025152303
82.11063847971432,164.22127695942865
59.44778496507931,118.89556993015862
55.19905122055096,110.39810244110193
10.713828485725752,21.427656971451505
33.757941888224906,67.51588377644981
89.4981641358362,178.9963282716724
65.327603743777,130.655207487554
49.685172828116585,99.37034565623317
47.65490061409462,95.30980122818924
22.129668089141962,44.259336178283924
48.49867315304478,96.99734630608955
56.75326508163832,113.50653016327664
75.734733838488,151.469467676976
86.08297291091331,172.16594582182663
66.65714765266583,133.31429530533165
83.66372139240057,167.32744278480115
54.3355941565305,108.671188313061
86.22098439688757,172.44196879377515
35.59378436348365,71.1875687269673
41.71432823225495,83.4286564645099
68.3319308146325,136.663861629265
30.242424483783225,60.48484896756645
64.35113077038064,128.70226154076127
47.316329690948514,94.63265938189703
85.48896687948474,170.97793375896947
3.9918254536723596,7.983650907344719
4.632970517381308,9.265941034762616
36.94258120331176,73.88516240662352
68.38588466247049,136.77176932494098
52.9423899788551,105.8847799577102
19.306692356247325,38.61338471249465
58.22722309451039,116.45444618902079
72.51495766428624,145.02991532857249
12.128537465134858,24.257074930269717
28.293832479740956,56.58766495948191
55.72189746459701,111.44379492919403
28.52986001845055,57.0597200369011
99.0381730219809,198.0763460439618
32.37940815701702,64.75881631403404
2.0335282871340232,4.0670565742680465
22.925932494949286,45.85186498989857
36.30035841469653,72.60071682939306
38.44811615954809,76.89623231909619
45.30624379881203,90.61248759762405
77.25046461568377,154.50092923136754
73.7716575014475,147.543315002895
1.4966557034235328,2.9933114068470656
85.2537444968754,170.5074889937508
63.08316265090211,126.16632530180422
2.7776977735792796,5.555395547158559
46.04960650111515,92.0992130022303
71.8252639777855,143.650527955571
61.44924871115405,122.8984974223081
13.213474519282876,26.426949038565752
71.1137642695966,142.2275285391932
82.2994677719687,164.5989355439374
96.15574723543736,192.31149447087472
60.91699452041127,121.83398904082254
85.0628268138608,170.1256536277216
50.32584690047875,100.6516938009575
98.42337191179993,196.84674382359987
55.3062336629759,110.6124673259518
11.302289754963201,22.604579509926403
39.39242379212288,78.78484758424575
42.05071271533256,84.10142543066512
58.5665492239884,117.1330984479768
50.64583419920892,101.29166839841784
28.207298489718692,56.414596979437384
3.6792229639978857,7.3584459279957715
27.87362377931609,55.74724755863218
20.344360360655667,40.688720721311334
82.995195971436,165.990391942872
51.05211061444486,102.10422122888971
12.853361933192986,25.70672386638597
12.732069096373378,25.464138192746756
21.444084143879916,42.88816828775983
36.17679844703125,72.3535968940625
22.604388316587066,45.20877663317413
53.97041251146305,107.9408250229261
80.40504418967792,160.81008837935585
44.520625946115246,89.04125189223049
37.59152498889908,75.18304997779816
42.653110972093245,85.30622194418649
55.063367783034344,110.12673556606869
36.3090505480531,72.6181010961062
34.11785315537568,68.23570631075135
96.05871271683137,192.11742543366273
57.16258294334511,114.32516588669021
7.632244023939938,15.264488047879876
38.14404455024992,76.28808910049985
53.87403772523556,107.74807545047112
21.97610347256955,43.9522069451391
78.33600703341585,156.6720140668317
17.817477152157714,35.63495430431543
23.141405408084815,46.28281081616963
0.3803412692842456,0.7606825385684912
31.834087997021143,63.66817599404229
94.14001456025231,188.28002912050462
26.95171401721477,53.90342803442954
28.89284267749369,57.78568535498738
54.30465846921203,108.60931693842406
10.281668647163599,20.563337294327198
28.17747359083459,56.35494718166918
67.244313665347,134.488627330694
30.708507008851228,61.417014017702456
23.05071320996226,46.10142641992452
81.23146048207126,162.4629209641425
71.22969565562087,142.45939131124175
89.0915420287735,178.183084057547
88.3527440834064,176.7054881668128
76.41906052605742,152.83812105211484
30.92914159288239,61.85828318576478
12.488793970640222,24.977587941280444
45.99876091669537,91.99752183339073
10.669749575634313,21.339499151268626
60.89060243618319,121.78120487236637
34.87531901687593,69.75063803375186
52.01671342207228,104.03342684414456
83.28917654499512,166.57835308999023
10.11285769406135,20.2257153881227
87.14558511149667,174.29117022299334
92.1939583876752,184.3879167753504
75.53794503612096,151.07589007224192
86.60928911064467,173.21857822128933
20.158893024497317,40.317786048994634
67.29790575793038,134.59581151586076
21.592588286606727,43.185176573213454
49.0523931133666,98.1047862267332
0.7686058512566429,1.5372117025132859
93.25501389714913,186.51002779429825
35.89701376274117,71.79402752548233
85.28297208952807,170.56594417905615
95.74788023823,191.49576047646
23.21971248469922,46.43942496939844
13.426787332515566,26.853574665031132
98.01608093523849,196.03216187047698
44.79289516723901,89.58579033447802
70.30122467386263,140.60244934772527
58.41003950586765,116.8200790117353
73.56815368551956,147.13630737103912
10.671667842180653,21.343335684361307
68.68253339017227,137.36506678034453
97.01998026041228,194.03996052082456
8.884014254638494,17.768028509276988
48.66553820768429,97.33107641536859
90.66945725413774,181.33891450827548
52.12461604846984,104.24923209693968
7.108049836794161,14.216099673588323
34.334017292826935,68.66803458565387
78.56331286241199,157.12662572482398
52.19750382202108,104.39500764404217
76.58777700547093,153.17555401094185
18.799833772398188,37.599667544796375
96.13366490936505,192.2673298187301
68.2186610094631,136.4373220189262
25.81104177514757,51.62208355029514
75.1748471987009,150.3496943974018
83.2273944679752,166.4547889359504
98.71721902626999,197.43443805253997
60.770972118787924,121.54194423757585
57.94804377047237,115.89608754094473
13.329338127999769,26.658676255999538
41.32690356993288,82.65380713986576
78.9397333185046,157.8794666370092
1.9219475760950733,3.8438951521901465
89.3885858718533,178.7771717437066
26.431239083592462,52.862478167184925
1.117996326481474,2.235992652962948
52.36986537704201,104.73973075408402
49.91169876544954,99.82339753089909
91.54094297745652,183.08188595491305
57.41375544750269,114.82751089500537
60.29432690691468,120.58865381382935
40.91926151838429,81.83852303676858
76.80221810624627,153.60443621249254
29.33234344262532,58.66468688525064
17.37824182404484,34.75648364808968
37.147576968809915,74.29515393761983
90.96840954521083,181.93681909042166
43.2844171023614,86.5688342047228
52.996814883396645,105.99362976679329
9.672357265200116,19.344714530400232
71.62616387532908,143.25232775065817
64.40201521972367,128.80403043944733
12.597425791950368,25.194851583900736
69.68974308203943,139.37948616407886
54.10735873383351,108.21471746766701
48.117322234700666,96.23464446940133
33.47537311761336,66.95074623522672
60.557593521755116,121.11518704351023
99.92014440847385,199.8402888169477
47.37692748713186,94.75385497426372
82.66268327358281,165.32536654716563
2.6261222001497386,5.252244400299477
65.51750639048821,131.03501278097642
12.034701559738814,24.069403119477627
82.13531947307395,164.2706389461479
30.662025526157144,61.32405105231429
39.947690220859464,79.89538044171893
7.879751825877346,15.759503651754692
51.784419624188395,103.56883924837679
51.10747336388084,102.21494672776168
89.16211367926407,178.32422735852813
61.30066340837177,122.60132681674354
40.36935206734462,80.73870413468924
58.11955456671859,116.23910913343718
2.0932646451018,4.1865292902036
17.20976852066991,34.41953704133982
96.10099769085163,192.20199538170326
41.72577079986238,83.45154159972476
59.90639261099135,119.8127852219827
88.98012336238303,177.96024672476605
17.650854039683793,35.301708079367586
22.38249709868444,44.76499419736888
24.195498492922795,48.39099698584559
16.958872570108053,33.917745140216105
17.83921065408801,35.67842130817602
89.2962162833034,178.5924325666068
35.95147674026048,71.90295348052096
38.56238809871242,77.12477619742484
29.001229504497772,58.002459008995544
68.08830764886383,136.17661529772766
27.08850861374099,54.17701722748198
83.61091968457318,167.22183936914635
88.9462435531331,177.8924871062662
18.5426874853133,37.0853749706266
29.84118510766718,59.68237021533436
48.34882395749236,96.69764791498471
15.718009002158052,31.436018004316104
53.08629512420162,106.17259024840324
27.160249855428276,54.32049971085655
75.18588441397654,150.37176882795308
91.84338052538504,183.6867610507701
59.31975066103799,118.63950132207599
42.65049341265191,85.30098682530382
38.42777390565657,76.85554781131314
80.30937920942226,160.61875841884452
16.34767858089926,32.69535716179852
71.72395325539776,143.44790651079552
98.5431392776577,197.0862785553154
2.116089350467798,4.232178700935596
53.30839971298852,106.61679942597704
31.973246712211058,63.946493424422115
85.56528258083607,171.13056516167214
30.067050292298603,60.134100584597206
78.04727898378675,156.0945579675735
91.58529768131174,183.1705953626235
68.81874554184742,137.63749108369484
61.510977485984874,123.02195497196975
60.77488074578724,121.54976149157449
28.40773954254009,56.81547908508018
40.85958758828685,81.7191751765737
48.87023237528359,97.74046475056718
18.437003253544493,36.874006507088986
29.56963920661896,59.13927841323792
90.41174188343012,180.82348376686025
51.46236334250137,102.92472668500274
96.85001394172409,193.70002788344817
85.72949436481623,171.45898872963247
15.301965329533706,30.603930659067412
6.1152758237789095,12.230551647557819
30.2903866173452,60.5807732346904
13.656146021895355,27.31229204379071
94.1942273116951,188.3884546233902
71.83478015789993,143.66956031579986
25.56059919830561,51.12119839661122
27.28698975103442,54.57397950206884
46.000578383961674,92.00115676792335
93.61440572043543,187.22881144087086
91.50655358626743,183.01310717253486
25.58930476461383,51.17860952922766
26.77830476224137,53.55660952448274
89.0555057246091,178.1110114492182
4.319764487705791,8.639528975411581
19.97373255599264,39.94746511198528
2.1124359608457044,4.224871921691409
0.02600892458399784,0.05201784916799568
7.868533680048562,15.737067360097123
95.22911081354235,190.4582216270847
1.6443909021631287,3.2887818043262573
48.34675991860312,96.69351983720624
76.64738864735338,153.29477729470676
61.17594214720161,122.35188429440322
37.62615577711416,75.25231155422831
96.3702599084722,192.7405198169444
70.49942337327053,140.99884674654106
36.861228018049275,73.72245603609855
39.743377205273276,79.48675441054655
38.720184067769466,77.44036813553893
53.93320422231156,107.86640844462312
28.22271378742116,56.44542757484232
88.8325731472943,177.6651462945886
3.824151372595208,7.648302745190416
41.321203702247,82.642407404494
88.55511363122503,177.11022726245005
6.111228193923246,12.222456387846492
1.0087174281556255,2.017434856311251
9.041098468376374,18.082196936752748
51.81324514413541,103.62649028827082
86.90744401178054,173.81488802356108
57.72826553534763,115.45653107069526
72.18182817619432,144.36365635238863
3.24248680580691,6.48497361161382
62.14478967891136,124.28957935782272
85.3303641801068,170.6607283602136
25.735636456096277,51.47127291219255
17.69025810902719,35.38051621805438
76.60505994689802,153.21011989379605
56.61867949259614,113.23735898519227
8.060131398380676,16.120262796761352
56.35296154076974,112.70592308153948
19.451248049783267,38.902496099566534
26.18879492825219,52.37758985650438
30.79222786681899,61.58445573363798
94.53141959629193,189.06283919258385
18.68417452011737,37.36834904023474
60.885829099657315,121.77165819931463
2.7635342395588847,5.527068479117769
98.21589590134764,196.43179180269527
55.20493226672559,110.40986453345118
4.3967077988342425,8.793415597668485
6.721026665942698,13.442053331885395
52.41800964633706,104.83601929267412
12.15790225309239,24.31580450618478
54.10743734286191,108.21487468572381
6.389160478076561,12.778320956153122
86.41742585852488,172.83485171704976
85.1728867812111,170.3457735624222
36.91478642645688,73.82957285291376
4.861744746340014,9.723489492680027
13.652050437726926,27.30410087545385
57.76831531461819,115.53663062923638
75.40234265479432,150.80468530958865
83.92820788038941,167.85641576077882
31.2874270980937,62.5748541961874
47.021867373374285,94.04373474674857
28.86732677359588,57.73465354719176
41.262379525751804,82.52475905150361
41.44907058825967,82.89814117651935
38.47142647629368,76.94285295258736
41.68466238178434,83.36932476356868
73.73307918381903,147.46615836763806
30.893980781921993,61.787961563843986
54.241088686379726,108.48217737275945
93.40043670471495,186.8008734094299
13.302411520632141,26.604823041264282
33.25711775061322,66.51423550122644
79.5797194003951,159.1594388007902
34.775293398759665,69.55058679751933
41.83011442655814,83.66022885311628
57.1934987941736,114.3869975883472
6.321133169071224,12.642266338142448
76.15686545438808,152.31373090877617
40.654712143383044,81.30942428676609
54.72251319188022,109.44502638376044
54.527909488417635,109.05581897683527
31.168879438461673,62.337758876923345
83.56423045845817,167.12846091691634
97.58545250351531,195.17090500703063
91.04829137392831,182.09658274785662
41.2946650012223,82.5893300024446
44.11877327633561,88.23754655267122
63.54951769140812,127.09903538281624
52.869926536552924,105.73985307310585
47.33428748760138,94.66857497520276
45.27713647431938,90.55427294863875
70.6854381618705,141.370876323741
70.10591209683206,140.2118241936641
36.31133692070949,72.62267384141899
25.243792615197545,50.48758523039509
44.72053336913307,89.44106673826614
47.87794862705371,95.75589725410742
60.584591824981004,121.16918364996201
4.6766277313394555,9.353255462678911
47.939168648608174,95.87833729721635
72.67046290058266,145.34092580116533
86.91197824477393,173.82395648954787
68.57153980315587,137.14307960631174
47.59233867390744,95.18467734781488
4.8687391404860225,9.737478280972045
10.899366006278587,21.798732012557174
57.13031690399614,114.26063380799228
81.11750176126843,162.23500352253686
75.65633972403685,151.3126794480737
36.33988782341498,72.67977564682997
71.46412256852634,142.92824513705267
47.407972606431755,94.81594521286351
84.35960925400352,168.71921850800703
11.315478098719412,22.630956197438824
21.778286574656825,43.55657314931365
52.56634357982974,105.13268715965948
61.59333672550932,123.18667345101863
38.380303244332936,76.76060648866587
55.09427859326773,110.18855718653546
20.265818700156945,40.53163740031389
0.4613273844798482,0.9226547689596964
68.99753323788099,137.99506647576197
65.4487825696198,130.8975651392396
25.808852562275376,51.61770512455075
46.70074276320214,93.40148552640429
42.26672559618835,84.5334511923767
38.67065988715282,77.34131977430565
17.794104759073704,35.58820951814741
99.43427157414466,198.86854314828932
44.54366631753853,89.08733263507706
59.50809970739373,119.01619941478747
59.62167831046554,119.24335662093108
66.07444551282968,132.14889102565937
96.55403094161068,193.10806188322135
39.905143890743034,79.81028778148607
62.745478423054635,125.49095684610927
64.73202531485231,129.46405062970462
96.17182715900199,192.34365431800398
29.350044307355905,58.70008861471181
63.539673796747564,127.07934759349513
93.68387740189644,187.36775480379288
73.37795186585913,146.75590373171826
73.13709782236178,146.27419564472356
14.809929621714346,29.619859243428692
1.2109261181922015,2.421852236384403
69.03659259404947,138.07318518809893
91.11279312498613,182.22558624997225
83.90758271781412,167.81516543562824
3.947645633925645,7.89529126785129
25.91918320711517,51.83836641423034
33.71830369029085,67.4366073805817
60.205916266955015,120.41183253391003
63.99804006105462,127.99608012210923
73.36344387283972,146.72688774567945
8.384017594994575,16.76803518998915
15.577468021055163,31.154936042110325
11.46454702605032,22.92909405210064
78.58200141114398,157.16400282228796
56.23049401649467,112.46098803298933
78.19028755713511,156.38057511427021
55.78706335608542,111.57412671217084
22.158917027946913,44.317834055893826
20.302837691796782,40.605675383593564
99.35229542988291,198.70459085976583
56.97583321981966,113.95166643963933
35.46426609057107,70.92853218114215
5.398955510432735,10.79791102086547
94.20504876319741,188.41009752639482
70.82896715178177,141.65793430356354
76.43235287143656,152.86470574287313
95.61302556849952,191.22605113699905
89.53380173946151,179.06760347892302
53.37563957097116,106.75127914194232
34.49974884647274,68.99949769294548
97.28177716698526,194.56355433397053
84.72104313308171,169.44208626616341
47.101184629868484,94.20236925973697
57.91775517337967,115.83551034675934
85.20988654846032,170.41977309692064
8.672237748192813,17.344475496385627
63.598093208091576,127.19618641618315
68.68297052621001,137.36594105242003
88.88970042286509,177.77940084573018
58.715790095504275,117.43158019100855
70.4086897063378,140.8173794126756
58.17946424145052,116.35892848290104
52.23899096816284,104.47798193632568
55.85791321886011,111.71582643772022
8.128981417267267,16.257962834534535
20.41993583967604,40.83987167935208
66.14557188205929,132.29114376411857
7.7776885558543345,15.555377111708669
70.94857580988709,141.89715161977418
65.61455310666847,131.22910621333693
65.85613408931738,131.71226817863476
78.6211713855633,157.2423427711266
67.72832150041594,135.4566430008319
69.26568851675975,138.5313770335195
7.997691371866678,15.995382743733355
67.89206926202746,135.78413852405492
29.926233930529524,59.85246786105905
7.331460360243658,14.662920720487316
33.78493870024878,67.56987740049756
5.5000249826251295,11.000049965250259
93.14405313201486,186.28810626402972
26.346738342778952,52.693476685557904
34.173318561984885,68.34663712396977
10.067740609541687,20.135481219083374
0.38962437939367156,0.7792487587873431
62.27513602133124,124.55027204266248
92.93081150758947,185.86162301517894
33.32214492588426,66.64428985176852
87.24460844909024,174.48921689818047
33.68257187668252,67.36514375336505
79.94313044830771,159.88626089661543
54.89256782150276,109.78513564300552
78.3034943728646,156.6069887457292
25.955106301219686,51.91021260243937
55.892634554766985,111.78526910953397
92.78378588730382,185.56757177460764
22.726933017869122,45.453866035738244
99.30941374689093,198.61882749378185
8.03596964477351,16.07193928954702
10.683981906346563,21.367963812693127
77.23225007473845,154.4645001494769
39.4816052252102,78.9632104504204
69.66994720648789,139.33989441297578
13.140648159238765,26.28129631847753
15.453732796376606,30.907465592753212
60.461254547431274,120.92250909486255
85.24474256252095,170.4894851250419
73.77698953911076,147.55397907822152
14.112322106142427,28.224644212284854
14.72147086274742,29.44294172549484
84.10487299766245,168.2097459953249
4.51757585539273,9.03515171078546
43.250530367315896,86.50106073463179
66.85783952196513,133.71567904393027
62.66383810390083,125.32767620780166
62.99546937515882,125.99093875031764
15.215280458828506,30.43056091765701
34.38132506031959,68.76265012063918
21.885468870903757,43.770937741807515
82.53997998021777,165.07995996043553
37.44021325269414,74.88042650538829
24.652651392037107,49.305302784074215
79.9342571930394,159.8685143860788
10.313065186855075,20.62613037371015
13.372819259383494,26.745638518766988
79.56228133152732,159.12456266305463
55.62742881661074,111.25485763322148
63.595844101745136,127.19168820349027
49.17697050788774,98.35394101577548
63.054066437552756,126.10813287510551
56.57833080820437,113.15666161640874
99.1769219065275,198.353843813055
61.24845520951053,122.49691041902106
77.20502028995351,154.41004057990702
60.27121643511083,120.54243287022166
19.621839761813685,39.24367952362737
98.2504896507627,196.5009793015254
0.11267759953785816,0.22535519907571633
12.297720914094313,24.595441828188626
86.40594991168906,172.81189982337813
26.602390866375792,53.204781732751584
83.1408290395642,166.2816580791284
52.632972605711636,105.26594521142327
95.9941381615032,191.9882763230064
8.09287107286062,16.18574214572124
4.08092119918061,8.16184239836122
83.76973224121573,167.53946448243147
51.23837080468672,102.47674160937343
23.333067490811732,46.666134981623465
66.37856612368266,132.75713224736532
79.9428058792247,159.8856117584494
14.366234901650209,28.732469803300418
81.90746398094487,163.81492796188974
29.96471109421379,59.92942218842758
54.11126121820418,108.22252243640835
1.3458628010117102,2.6917256020234204
34.57449996804287,69.14899993608574
57.984906737381614,115.96981347476323
95.26873141551602,190.53746283103203
76.4781830140777,152.9563660281554
10.576360669916586,21.15272133983317
70.31063722251328,140.62127444502656
61.89625295789835,123.7925059157967
22.144679664542334,44.28935932908467
85.87802033082063,171.75604066164126
67.60156080848364,135.20312161696728
86.68717536498504,173.37435072997008
45.73217081166406,91.46434162332812
11.352124315155532,22.704248630311064
29.35951952296033,58.71903904592066
1.8848084107615959,3.7696168215231918
5.287117038986144,10.574234077972289
27.719013753300725,55.43802750660145
14.521285927328599,29.042571854657197
52.72023907166646,105.44047814333292
37.177808458660635,74.35561691732127
84.24667789962005,168.4933557992401
82.26610937801713,164.53221875603427
66.90458813863988,133.80917627727976
38.42733724816361,76.85467449632722
79.32013514951655,158.6402702990331
18.09284332302814,36.18568664605628
2.126656010204264,4.253312020408528
34.40849851639016,68.81699703278032
7.582404977308976,15.164809954617953
64.67717416537603,129.35434833075206
5.026363505250142,10.052727010500284
37.10291872450164,74.20583744900328
67.16786891624137,134.33573783248275
90.3362042759963,180.6724085519926
20.244462998066414,40.48892599613283
50.05792498723805,100.1158499744761
0.2019990655503734,0.4039981311007468
43.53941387272526,87.07882774545052
75.41834411256787,150.83668822513573
25.44727225655643,50.89454451311286
63.22154907249066,126.44309814498132
70.79694758730966,141.59389517461932
37.01573853280499,74.03147706560998
75.37720295072545,150.7544059014509
13.050128832149689,26.100257664299377
69.35820707528406,138.7164141505681
63.48872495503453,126.97744991006905
4.733988845100335,9.46797769020067
50.25160265712984,100.50320531425967
34.37307553735689,68.74615107471378
86.29795562363415,172.5959112472683
30.21224741778844,60.42449483557688
31.84310818326831,63.68621636653662
71.97190125926225,143.9438025185245
82.66740551916656,165.33481103833313
63.516465700521366,127.03293140104273
89.01403380819077,178.02806761638155
2.832610062236629,5.665220124473258
60.44872380375996,120.89744760751992
17.944148228282685,35.88829645656537
26.412257505861803,52.824515011723605
77.52197406502297,155.04394813004595
8.975330711270413,17.950661422540826
7.551732650685395,15.10346530137079
51.42390033152687,102.84780066305375
10.813088473043187,21.626176946086375
48.1421358281893,96.2842716563786
9.717234840849498,19.434469681698996
85.49603510568852,170.99207021137704
49.495119123195174,98.99023824639035
90.38040098388237,180.76080196776473
68.86595042174622,137.73190084349244
8.399675215572566,16.799350431145132
63.303983096610914,126.60796619322183
33.11360912380433,66.22721824760866
50.89883458649657,101.79766917299314
81.33449078115329,162.66898156230658
57.37015134781043,114.74030269562085
9.760461451405078,19.520922902810156
19.914249978323674,39.82849995664735
69.77539722946172,139.55079445892343
70.41530208226479,140.83060416452957
18.834315424034386,37.66863084806877
65.92596991822795,131.8519398364559
22.14100141901576,44.28200283803152
65.07090185917055,130.1418037183411
43.99428159616846,87.98856319233693
52.91635283869114,105.83270567738228
42.24590422668153,84.49180845336306
33.861356994589606,67.72271398917921
54.55955226801491,109.11910453602982
7.878264165325522,15.756528330651044
52.533894474504336,105.06778894900867
93.49212061367041,186.98424122734082
57.041437637908324,114.08287527581665
70.67170678071973,141.34341356143946
29.27699323745977,58.55398647491954
81.29016843724996,162.58033687449992
49.51035508906071,99.02071017812142
93.22805406506161,186.45610813012323
45.66433936092559,91.32867872185118
53.193694381948944,106.38738876389789
23.714313388294705,47.42862677658941
4.824493922368555,9.64898784473711
60.17040810608795,120.3408162121759
72.67576816385906,145.35153632771812
51.50887828528945,103.0177565705789
52.65143085641826,105.30286171283652
34.261614459563916,68.52322891912783
38.08066762015054,76.16133524030109
46.86420240908217,93.72840481816434
6.1938678145397885,12.387735629079577
35.126799415889906,70.25359883177981
27.714021801658017,55.428043603316034
47.393228496183994,94.78645699236799
66.56320594155491,133.12641188310982
61.82582785091132,123.65165570182263
18.86532437773424,37.73064875546848
45.02786578254548,90.05573156509097
62.74879878543695,125.4975975708739
17.32903896621023,34.65807793242046
45.727325525766716,91.45465105153343
18.29594800313896,36.59189600627792
33.55493529313887,67.10987058627774
66.70382105548302,133.40764211096604
35.059950049878196,70.11990009975639
71.24014198601677,142.48028397203353
80.36393196162378,160.72786392324755
79.21586624630405,158.4317324926081
34.89259639456067,69.78519278912134
51.82972631485773,103.65945262971546
76.48699713741073,152.97399427482145
89.41420884161548,178.82841768323095
30.443061034867124,60.88612206973425
92.21424452081763,184.42848904163526
60.93099068299011,121.86198136598021
55.640903229836155,111.28180645967231
44.060323579668115,88.12064715933623
46.43478671700473,92.86957343400945
12.236511057666133,24.473022115332267
88.16356230367083,176.32712460734166
20.15332138771464,40.30664277542928
49.5109730781245,99.021946156249
18.011845564158293,36.023691128316585
45.24150539796516,90.48301079593033
80.51093604446787,161.02187208893574
4.641377630670462,9.282755261340924
94.9391639403574,189.8783278807148
91.26705705800255,182.5341141160051
94.69877302811639,189.39754605623278
16.524481496529543,33.048962993059085
14.996045936100655,29.99209187220131
51.45635604925125,102.9127120985025
65.87170526159512,131.74341052319025
29.469165287313213,58.93833057462643
22.364546556730737,44.729093113461474
80.0965112102545,160.193022420509
3.346791974751473,6.693583949502946
0.9939594941294816,1.9879189882589632
2.7287220649539368,5.4574441299078735
62.124007783645965,124.24801556729193
10.970095479656528,21.940190959313057
12.235888729569888,24.471777459139776
11.844674129991372,23.689348259982744
29.461352176661826,58.92270435332365
12.161381073302834,24.32276214660567
72.08448420294393,144.16896840588785
64.78416269743043,129.56832539486086
83.85540418721125,167.7108083744225
34.37114691028755,68.7422938205751
5.801469705033513,11.602939410067027
1.0280696378058507,2.0561392756117014
5.521258161842935,11.04251632368587
47.103772234060926,94.20754446812185
65.52896182213087,131.05792364426173
23.212992202384886,46.42598440476977
66.87726907160679,133.75453814321358
53.130138100457934,106.26027620091587
82.67341899341082,165.34683798682164
21.29833271278233,42.59666542556466
71.78959266424259,143.57918532848518
61.63304706353484,123.26609412706968
33.84560794903001,67.69121589806002
97.88782481098022,195.77564962196044
63.80962645886209,127.61925291772418
10.445820570636554,20.89164114127311
17.60304357652028,35.20608715304056
21.021419586087365,42.04283917217473
43.324076657859464,86.64815331571893
45.31722790471942,90.63445580943883
60.63844244534812,121.27688489069624
90.79888317892805,181.5977663578561
61.57781108549567,123.15562217099134
19.06410656271129,38.12821312542258
25.888730956390727,51.777461912781455
96.20063494619755,192.4012698923951
17.632262578593018,35.264525157186036
86.89081061687811,173.78162123375623
84.89981572619443,169.79963145238887
45.00063778214558,90.00127556429116
49.09462306540095,98.1892461308019
54.73361727015352,109.46723454030705
51.18109138787703,102.36218277575406
49.83682901636293,99.67365803272585
17.939705084969372,35.879410169938744
18.678420764311976,37.35684152862395
34.625850069559675,69.25170013911935
35.34071261831201,70.68142523662402
63.402650688948945,126.80530137789789
5.964379290907718,11.928758581815435
95.72961493899548,191.45922987799096
79.65174521323549,159.30349042647097
53.905298066610555,107.81059613322111
32.084085135028076,64.16817027005615
75.61134012707191,151.22268025414382
28.477335766366675,56.95467153273335
22.75144016227032,45.50288032454064
54.05353728674089,108.10707457348178
99.55870960166254,199.11741920332508
98.33846687180498,196.67693374360996
72.0042039823393,144.0084079646786
90.20464535720545,180.4092907144109
8.624088661627095,17.24817732325419
76.67631276268308,153.35262552536616
13.7878701994137,27.5757403988274
98.89244444958256,197.7848888991651
95.86290254155026,191.7258050831005
86.91513955218254,173.83027910436508
49.81571751696988,99.63143503393977
96.97787225960099,193.95574451920197
80.15064149750876,160.30128299501752
6.317033023447227,12.634066046894453
62.32063528483055,124.6412705696611
77.38680294733064,154.77360589466127
76.77022143078464,153.5404428615693
81.18229673447497,162.36459346894995
22.520301580760883,45.040603161521766
62.91432535493748,125.82865070987496
45.476660876736965,90.95332175347393
77.78310574486343,155.56621148972687
60.794765743261024,121.58953148652205
50.393898489917234,100.78779697983447
89.15874265043776,178.31748530087552
69.70406227294454,139.40812454588908
98.29874156454704,196.5974831290941
22.910773828296005,45.82154765659201
41.49827429020427,82.99654858040854
24.030647033557273,48.061294067114545
91.55970263098433,183.11940526196867
23.15983412178725,46.3196682435745
21.833110573656157,43.666221147312314
17.37316678348525,34.7463335669705
76.99985495151385,153.9997099030277
18.76074888646101,37.52149777292202
71.2481316602692,142.4962633205384
67.05757730025019,134.11515460050038
69.03664805204119,138.07329610408237
40.20195171034088,80.40390342068176
78.966206574369,157.932413148738
11.443644989488943,22.887289978977886
8.356292743484339,16.712585486968678
2.432940032656883,4.865880065313766
19.433063328718426,38.86612665743685
74.69190287236339,149.38380574472677
24.200661598735973,48.401323197471946
19.166772869396386,38.33354573879277
82.46716247350186,164.93432494700372
1.3976872979021393,2.7953745958042786
30.579808249238006,61.15961649847601
42.39967411688338,84.79934823376676
62.14630120293283,124.29260240586567
77.84712304669978,155.69424609339956
81.11576065705461,162.23152131410922
11.994241662445049,23.988483324890097
10.772127105794526,21.544254211589053
93.62414599005977,187.24829198011955
10.788467525716927,21.576935051433853
88.62418974737831,177.24837949475662
28.45686552204808,56.91373104409616
3.683389051862207,7.366778103724414
53.918691191708255,107.83738238341651
14.892418786397066,29.78483757279413
76.47907844986578,152.95815689973156
75.56874873334799,151.13749746669598
62.159091314611516,124.31818262922303
41.904977004412046,83.80995400882409
26.148919596814192,52.297839193628384
21.048390721944887,42.096781443889775
54.857265837863665,109.71453167572733
71.50794753739433,143.01589507478866
43.47873431665759,86.95746863331517
72.50475602974613,145.00951205949227
65.40322487595502,130.80644975191004
18.028127082758793,36.056254165517586
36.139136151743465,72.27827230348693
7.409190911989938,14.818381823979877
40.415416907407575,80.83083381481515
78.81859546101171,157.63719092202342
78.74265354246795,157.4853070849359
10.77984198122114,21.55968396244228
7.609196981472244,15.218393962944488
18.14719932038823,36.29439864077646
88.89430807203192,177.78861614406384
99.99697841962404,199.99395683924809
67.82368880859238,135.64737761718476
96.38070084439562,192.76140168879124
61.25624094928648,122.51248189857296
99.92565640177659,199.85131280355318
93.95356106584121,187.90712213168243
45.05464880510209,90.10929761020418
27.183015736157124,54.36603147231425
86.68968794012719,173.37937588025437
7.117608166991374,14.235216333982748
3.657922939737779,7.315845879475558
19.29150439126279,38.58300878252558
63.886569143717644,127.77313828743529
72.19991954031111,144.39983908062223
36.58036022749571,73.16072045499142
28.407293507330888,56.814587014661775
79.33714663687259,158.67429327374518
80.42579276388383,160.85158552776767
45.50389758665361,91.00779517330722
78.3569512970477,156.7139025940954
70.39759686865436,140.79519373730872
53.47113307514213,106.94226615028425
3.7756754219948396,7.551350843989679
94.08877362402312,188.17754724804624
36.155060475936395,72.31012095187279
21.876586186993606,43.75317237398721
46.148264837476475,92.29652967495295
15.738177551101085,31.47635510220217
66.45024858114293,132.90049716228586
13.353429777873405,26.70685955574681
59.264778734276646,118.52955746855329
63.39352703746722,126.78705407493445
28.591696462346196,57.18339292469239
86.50163211082166,173.00326422164332
96.94894522105098,193.89789044210195
77.34999149933019,154.69998299866037
9.020472167730853,18.040944335461706
24.97857201942675,49.9571440388535
57.373191072460514,114.74638214492103
25.68443047158768,51.36886094317536
49.225325039788125,98.45065007957625
96.0196548741479,192.0393097482958
48.24119321865038,96.48238643730076
66.91208047254943,133.82416094509887
87.76519606748757,175.53039213497513
43.37029365933153,86.74058731866306
73.13915835322784,146.27831670645568
3.3094009061462537,6.618801812292507
53.05164799151185,106.1032959830237
51.519518914482745,103.03903782896549
64.95981632140624,129.91963264281247
28.991222966981212,57.982445933962424
79.02941603601202,158.05883207202405
32.80768928047061,65.61537856094122
60.13774013003776,120.27548026007553
25.504649089523102,51.009298179046205
70.39704955819326,140.79409911638652
53.22608954654642,106.45217909309284
44.57163306748229,89.14326613496458
43.97017637384889,87.94035274769779
90.18686602003496,180.3737320400699
2.884084046854707,5.768168093709414
63.56910335397641,127.13820670795282
13.041381453059508,26.082762906119015
65.83049027325238,131.66098054650476
20.783387114122508,41.566774228245016
86.39220001880358,172.78440003760716
26.76584142041679,53.53168284083358
3.328989910948499,6.657979821896998
84.74273133737017,169.48546267474035
46.12046839106099,92.24093678212198
95.15742066999981,190.31484133999962
76.69633623585521,153.39267247171043
61.71569726388425,123.4313945277685
67.3475206002766,134.6950412005532
4.232136846139733,8.464273692279466
12.958070299624413,25.916140599248827
3.0037558234163764,6.007511646832753
59.54653363413471,119.09306726826942
8.599476812439722,17.198953624879444
31.644614500264666,63.28922900052933
96.54605096191314,193.09210192382628
52.55942088374903,105.11884176749805
61.36218141675074,122.72436283350147
81.15777692668578,162.31555385337157
96.05552379914066,192.11104759828132
2.591067703660055,5.18213540732011
74.01245632743095,148.0249126548619
48.148292803605585,96.29658560721117
34.068234517433346,68.13646903486669
63.520830854235186,127.04166170847037
6.39521510570682,12.79043021141364
15.8106349611427,31.6212699222854
88.71475029678848,177.42950059357696
63.62982622021992,127.25965244043984
89.33965210873144,178.67930421746289
44.324802669208,88.649605338416
12.949027170691341,25.898054341382682
97.34780596541268,194.69561193082535
92.64844279906393,185.29688559812786
11.001346731313477,22.002693462626954
85.69800169492483,171.39600338984965
39.794572526337454,79.58914505267491
76.46364211456992,152.92728422913984
47.26654370876571,94.53308741753142
25.653656211670228,51.307312423340456
15.461311082786299,30.922622165572598
12.796102166851952,25.592204333703904
26.899706315205464,53.79941263041093
48.30346234819368,96.60692469638737
11.383701322681905,22.76740264536381
94.41328015994907,188.82656031989814
83.7882160680104,167.5764321360208
52.85105685039054,105.70211370078108
84.10666546753995,168.2133309350799
2.103523807463059,4.207047614926118
58.97455449165832,117.94910898331663
80.65487430985249,161.30974861970498
34.155556596575764,68.31111319315153
67.28435063537464,134.56870127074927
77.18478488639342,154.36956977278683
27.40976085361112,54.81952170722224
12.749735796369565,25.49947159273913
72.11081619323004,144.22163238646007
65.80027262689812,131.60054525379624
38.08160417250283,76.16320834500566
21.27741065208495,42.5548213041699
40.56086219017819,81.12172438035638
82.60836307649491,165.21672615298982
88.56932964888681,177.13865929777361
78.15543447805615,156.3108689561123
79.1024710125819,158.2049420251638
38.42243409403221,76.84486818806442
95.29394465093847,190.58788930187694
85.26759757109289,170.53519514218578
16.782346118252644,33.56469223650529
37.31124597706636,74.62249195413273
46.39061219044278,92.78122438088556
52.92214563764473,105.84429127528946
20.662988722210773,41.32597744442155
31.07256171460433,62.14512342920866
0.4376668465868261,0.8753336931736522
42.285379472596006,84.57075894519201
33.52774406715244,67.05548813430488
1.3262219991433288,2.6524439982866577
70.5758126342056,141.1516252684112
69.37892639061546,138.75785278123092
39.32980667769878,78.65961335539755
99.50626906117174,199.01253812234347
10.655903937351408,21.311807874702815
31.779791652202526,63.55958330440505
55.40678390899224,110.81356781798448
60.352143683898205,120.70428736779641
76.83646295233338,153.67292590466676
20.417048649278435,40.83409729855687
14.764205801406039,29.528411602812078
9.638510379574717,19.277020759149433
20.33025302434123,40.66050604868246
35.08743226304978,70.17486452609955
82.15520979519398,164.31041959038797
37.03230285701478,74.06460571402955
96.47916786765425,192.9583357353085
88.69638235959374,177.39276471918748
94.26900575229516,188.53801150459032
0.20171935612138814,0.4034387122427763
47.86936848320483,95.73873696640966
28.93740308031394,57.87480616062788
90.43841911079379,180.87683822158758
14.80711242372773,29.61422484745546
35.677120371342156,71.35424074268431
23.8144948234414,47.6289896468828
72.08130802906123,144.16261605812247
70.8639937302872,141.7279874605744
31.452841708450652,62.905683416901304
96.2230036292681,192.4460072585362
51.882486038817156,103.76497207763431
26.516002134665083,53.032004269330166
40.033866477906145,80.06773295581229
2.7370248258796526,5.474049651759305
50.7379071383803,101.4758142767606
10.965437087673802,21.930874175347604
2.0423597594136034,4.084719518827207
38.72943001080647,77.45886002161294
6.615219680858331,13.230439361716662
34.13632550919245,68.2726510183849
33.9569886312206,67.9139772624412
9.499427080716071,18.998854161432142
50.65757942677224,101.31515885354447
75.44948277672734,150.89896555345467
67.20708767655806,134.41417535311612
66.18388202605624,132.36776405211248
70.6865348411362,141.3730696822724
18.016282498796954,36.03256499759391
22.10123082230664,44.20246164461328
48.96880534153981,97.93761068307963
19.217282908932,38.434565817864
81.8821883717294,163.7643767434588
11.60657587542101,23.21315175084202
81.23010388827564,162.46020777655127
75.87164764637222,151.74329529274445
91.87219353927235,183.7443870785447
19.087227193137636,38.17445438627527
67.98618911623146,135.97237823246292
10.527168414428711,21.054336828857423
57.5150253744732,115.0300507489464
86.38565454355542,172.77130908711084
93.48571555854835,186.9714311170967
58.119884712433624,116.23976942486725
99.3469976629778,198.6939953259556
14.150220309744855,28.30044061948971
10.686590147308571,21.373180294617143
12.411005280669974,24.822010561339948
60.25445720199899,120.50891440399798
68.76154319413578,137.52308638827157
39.849270024631835,79.69854004926367
63.33092442513325,126.6618488502665
89.341203427246,178.682406854492
95.97952619166541,191.95905238333083
54.21379583190743,108.42759166381487
17.635329317174765,35.27065863434953
64.52633451827413,129.05266903654825
73.08088950013298,146.16177900026597
32.693275112703446,65.38655022540689
94.58423389628268,189.16846779256537
58.07869017966758,116.15738035933516
26.66304897419551,53.32609794839102
0.18292387619502914,0.3658477523900583
82.13808638983666,164.27617277967332
3.2365675399666394,6.473135079933279
68.49746892855292,136.99493785710584
57.4000187786641,114.8000375573282
7.714033033821188,15.428066067642376
8.183487752338682,16.366975504677363
78.7478242370872,157.4956484741744
86.96187028531801,173.92374057063603
97.81413444884036,195.62826889768073
69.64144286211595,139.2828857242319
60.50959102013698,121.01918204027396
32.13758235874074,64.27516471748147
77.08251574081758,154.16503148163517
49.84977390496257,99.69954780992514
94.13538584868833,188.27077169737666
4.581113982770746,9.162227965541492
84.51449132096306,169.02898264192612
84.98750158428862,169.97500316857725
2.4716433332924503,4.943286666584901
58.0710593219778,116.1421186439556
84.21054359905604,168.42108719811208
78.33040352003043,156.66080704006086
6.909208525896449,13.818417051792897
58.26386645469138,116.52773290938276
7.938534480388615,15.87706896077723
71.61980092942295,143.2396018588459
51.67591752399574,103.35183504799149
28.81286251065738,57.62572502131476
60.18236977185578,120.36473954371156
20.80262617213605,41.6052523442721
20.445735024675482,40.891470049350964
16.53183756283957,33.06367512567914
61.393387371138175,122.78677474227635
30.140422381244946,60.28084476248989
8.533871210176214,17.067742420352428
97.45906219948758,194.91812439897515
7.839305946917163,15.678611893834326
82.68923331303412,165.37846662606825
66.1768124181261,132.3536248362522
34.58055830784295,69.1611166156859
14.659465170127284,29.318930340254568
11.821683972015384,23.643367944030768
58.60178639747583,117.20357279495165
68.82612633470451,137.65225266940902
59.360992761855314,118.72198552371063
93.14372768171876,186.28745536343752
68.03867417603483,136.07734835206966
86.07690352669142,172.15380705338285
85.6858428351797,171.3716856703594
45.739045799938005,91.47809159987601
54.3962646011439,108.7925292022878
62.541741080879255,125.08348216175851
76.40347567750833,152.80695135501665
97.55471814917459,195.10943629834918
0.3088134414109378,0.6176268828218756
10.892873870821361,21.785747741642723
71.3656459716597,142.7312919433194
40.37975609745952,80.75951219491904
66.5772854915003,133.1545709830006
24.230023096129027,48.460046192258055
86.81286607692675,173.6257321538535
67.3022249508085,134.604449901617
38.1614250564615,76.322850112923
25.639227087913397,51.278454175826795
6.44624511439571,12.89249022879142
62.135366280429494,124.27073256085899
83.02642284344309,166.05284568688617
94.53495561581316,189.06991123162632
42.08529336220103,84.17058672440206
37.1555192249848,74.3110384499696
32.36962351192295,64.7392470238459
79.10843667773223,158.21687335546446
35.13345922620573,70.26691845241146
28.858639148656806,57.71727829731361
8.339722618373113,16.679445236746226
79.04378973597204,158.08757947194408
3.644081884580508,7.288163769161016
96.36606026446724,192.73212052893447
98.72319354786342,197.44638709572683
80.94530491644353,161.89060983288707
11.526312083309598,23.052624166619196
11.90253929029329,23.80507858058658
79.47808325149595,158.9561665029919
8.656619981656966,17.313239963313933
29.806220504269664,59.61244100853933
37.278305517179845,74.55661103435969
81.93020478146587,163.86040956293175
89.22018531226846,178.4403706245369
87.6644400701048,175.3288801402096
3.0557006250093055,6.111401250018611
11.350336360395353,22.700672720790706
38.278046668246304,76.55609333649261
41.78081439547593,83.56162879095186
73.63318408681585,147.2663681736317
39.90231158636467,79.80462317272934
39.225156847513986,78.45031369502797
10.944850447111653,21.889700894223306
24.3553388525268,48.7106777050536
25.97167867008554,51.94335734017108
34.738141440093884,69.47628288018777
49.15218574965839,98.30437149931679
41.08428787668367,82.16857575336734
59.75181149706524,119.50362299413048
4.513624113540171,9.027248227080342
13.40150923452007,26.80301846904014
52.695464929926096,105.39092985985219
47.41502418168503,94.83004836337005
55.981733071003184,111.96346614200637
59.91498775619928,119.82997551239856
30.53373762358228,61.06747524716456
28.366905687969755,56.73381137593951
40.02102206570585,80.0420441314117
72.17027035103423,144.34054070206847
52.30453182974942,104.60906365949884
36.924978436990344,73.84995687398069
16.612184173043097,33.224368346086194
19.87498607313105,39.7499721462621
33.02288013532656,66.04576027065312
10.684833481430356,21.369666962860713
14.5087778901819,29.0175557803638
64.18671692234516,128.3734338446903
85.04242019024588,170.08484038049176
16.623050191604804,33.24610038320961
28.45979104214139,56.91958208428278
25.152265586741006,50.30453117348201
27.68586485191421,55.37172970382842
79.17838524088425,158.3567704817685
5.060146798729626,10.120293597459252
26.348113236469327,52.696226472938655
58.18153704548116,116.36307409096231
7.176898324125203,14.353796648250405
99.0407054075856,198.0814108151712
16.701257674066518,33.402515348133036
33.85212430820484,67.70424861640969
53.222477913093826,106.44495582618765
96.44465043361386,192.88930086722772
29.45864662974764,58.91729325949528
0.8082460709962214,1.6164921419924427
58.01343980620916,116.02687961241833
84.93461166453658,169.86922332907315
84.82552153659846,169.65104307319692
28.003273592151324,56.00654718430265
47.805082541654976,95.61016508330995
31.767911979876086,63.53582395975217
25.253104577506637,50.50620915501327
68.68200314564787,137.36400629129574
14.952785300713723,29.905570601427446
15.85322759763491,31.70645519526982
85.46821054694527,170.93642109389054
64.17553673316931,128.35107346633862
41.522550027235724,83.04510005447145
79.86342227593352,159.72684455186703
37.99665799699588,75.99331599399176
5.473516017160107,10.947032034320214
91.2362603505802,182.4725207011604
18.062212814224765,36.12442562844953
1.885059205379902,3.770118410759804
38.20757645106701,76.41515290213403
7.7853218118916985,15.570643623783397
28.031196637288534,56.06239327457707
8.591315993749916,17.182631987499832
22.31528762567828,44.63057525135656
1.0363465687016626,2.0726931374033253
14.265399221603891,28.530798443207782
14.331568841346776,28.663137682693552
92.92626614945671,185.85253229891342
63.60584544213239,127.21169088426478
76.42017661706247,152.84035323412493
94.19405353296301,188.38810706592602
76.46628652167023,152.93257304334045
6.176861534587874,12.353723069175748
94.56876266499833,189.13752532999666
61.3359973260115,122.671994652023
33.13315099353471,66.26630198706943
65.79919027967281,131.59838055934563
78.1534294963688,156.3068589927376
67.06379371577115,134.1275874315423
35.49697726522415,70.9939545304483
21.421435131406973,42.842870262813946
6.3251367206764275,12.650273441352855
60.983470932072535,121.96694186414507
13.983004214648886,27.966008429297773
43.801049312190585,87.60209862438117
21.64737892991193,43.29475785982386
29.72794025630051,59.45588051260102
86.03303127609536,172.06606255219071
43.17046181303967,86.34092362607934
32.634640782351966,65.26928156470393
55.24603741062347,110.49207482124694
73.74487637893564,147.4897527578713
6.579042670953883,13.158085341907766
93.31012812804927,186.62025625609854
80.03072106966857,160.06144213933715
79.16652240515712,158.33304481031425
44.259528186741946,88.51905637348389
1.9056852919545286,3.8113705839090573
51.782907388683455,103.56581477736691
13.979645300103217,27.959290600206433
80.6291272945937,161.2582545891874
9.872704722715431,19.745409445430862
25.21936666977411,50.43873333954822
5.776434008400411,11.552868016800822
92.11973456815876,184.23946913631752
30.68648695534233,61.37297391068466
49.677471585237996,99.35494317047599
69.86062300636186,139.72124601272373
11.654311934591144,23.308623869182288
18.6140392688954,37.2280785377908
82.4061833376568,164.8123666753136
10.611205438290538,21.222410876581076
79.44413588571139,158.88827177142278
38.493264906128196,76.98652981225639
38.05960233878209,76.11920467756418
32.860947921272235,65.72189584254447
88.27669144258326,176.5533828851665
90.60825065722234,181.21650131444468
29.248262657364755,58.49652531472951
56.80905939380082,113.61811878760165
7.452785484399893,14.905570968799786
38.82538432080571,77.65076864161142
16.58980660642402,33.17961321284804
11.844038858753503,23.688077717507007
33.03491396470075,66.0698279294015
61.225067214525566,122.45013442905113
94.7758405050469,189.5516810100938
84.62415536626973,169.24831073253947
49.914843692435895,99.82968738487179
0.9720122347164684,1.9440244694329367
80.58361817610353,161.16723635220706
9.950679418140085,19.90135883628017
18.727930238687442,37.455860477374884
14.89534558544764,29.79069117089528
86.34533133263841,172.69066266527682
76.2143548681717,152.4287097363434
47.12761058045678,94.25522116091356
96.84909192514309,193.69818385028617
38.606774085996044,77.21354817199209
63.09016039316454,126.18032078632908
46.35163049791614,92.70326099583228
0.08714077143952004,0.17428154287904007
90.42768571855282,180.85537143710565
38.23945747647267,76.47891495294535
76.83848463123351,153.67696926246703
41.46348807225216,82.92697614450432
39.187143536720214,78.37428707344043
97.51544666866486,195.03089333732973
14.74595105364539,29.49190210729078
18.467914506450136,36.93582901290027
73.19177099566569,146.38354199133138
72.92323188933736,145.84646377867472
44.78067270557291,89.56134541114582
61.96698976964564,123.93397953929129
90.97980144941494,181.95960289882987
52.94223381602493,105.88446763204986
43.837430922628386,87.67486184525677
16.579171615980304,33.15834323196061
36.47168387652855,72.9433677530571
0.1945462762360184,0.3890925524720368
37.281961864777344,74.56392372955469
26.915955730359688,53.831911460719375
33.90652678961864,67.81305357923728
17.395063504027817,34.790127008055634
7.570504595031757,15.141009190063514
39.18926786318221,78.37853572636442
31.46772695616289,62.93545391232578
23.997939601640105,47.99587920328021
72.25257256748372,144.50514513496745
15.06370318128024,30.12740636256048
39.907519563993645,79.81503912798729
1.7419145589709473,3.4838291179418945
57.4148936706593,114.8297873413186
69.279049141655,138.55809828331
89.67398072512708,179.34796145025416
8.903061814198265,17.80612362839653
33.60901024544266,67.21802049088532
4.098709479783114,8.197418959566228
53.09694458223745,106.1938891644749
4.913489302939144,9.826978605878288
58.03260104598332,116.06520209196664
92.22083491201604,184.4416698240321
2.7724614710106343,5.544922942021269
42.292066098031775,84.58413219606355
35.0830507693522,70.1661015387044
74.58225805585637,149.16451611171274
45.868907450494014,91.73781490098803
13.978579803845982,27.957159607691963
72.8782108877534,145.7564217755068
54.097188925030046,108.19437785006009
87.60858841771973,175.21717683543946
30.00775718173605,60.0155143634721
40.599959596731296,81.19991919346259
21.40073977740078,42.80147955480156
38.56087461585296,77.12174923170592
94.82239720196345,189.6447944039269
59.20021230324698,118.40042460649396
15.110578391776775,30.22115678355355
95.35117162006304,190.70234324012608
83.45317472648486,166.90634945296972
55.61149689088963,111.22299378177927
61.13230409741832,122.26460819483664
69.18038998789574,138.36077997579147
79.12719907084184,158.25439814168368
0.31737594272237546,0.6347518854447509
9.594190588174612,19.188381176349225
43.57217630481765,87.1443526096353
10.91692615882367,21.83385231764734
86.02894692658005,172.0578938531601
33.86734797923911,67.73469595847823
25.440598791101564,50.88119758220313
95.60014707774913,191.20029415549826
57.29665505338022,114.59331010676044
52.5433420493545,105.086684098709
28.887830268080215,57.77566053616043
46.2890718071418,92.5781436142836
59.36537283336115,118.7307456667223
84.18760606688609,168.37521213377218
66.12716732600043,132.25433465200086
40.09530600922897,80.19061201845794
76.77920130898663,153.55840261797326
38.02955215913326,76.05910431826652
50.62792645440574,101.25585290881148
14.935629097390112,29.871258194780225
15.163829017939257,30.327658035878514
6.958259866047678,13.916519732095356
55.600814242784004,111.20162848556801
8.542324864462913,17.084649728925825
63.3670816517375,126.734163303475
55.55618994949678,111.11237989899357
85.08136832486474,170.16273664972948
54.36029371100708,108.72058742201416
19.732200880039564,39.46440176007913
67.00482676768415,134.0096535353683
60.91806603216266,121.83613206432533
57.64712537867871,115.29425075735742
37.94650301868613,75.89300603737226
99.84767134548439,199.69534269096877
17.021719474444552,34.043438948889104
19.38407267093618,38.76814534187236
39.31849137728436,78.63698275456872
9.904317987005761,19.808635974011523
99.19347960517729,198.38695921035458
13.196996722367382,26.393993444734765
30.908028136670364,61.81605627334073
93.12830011506594,186.25660023013188
53.865057421008686,107.73011484201737
33.36302322291736,66.72604644583473
9.628609635761032,19.257219271522064
81.713377510636,163.426755021272
40.64808271099335,81.2961654219867
59.9946962274715,119.989392454943
35.66102059715443,71.32204119430887
42.021600546001316,84.04320109200263
90.49527767123507,180.99055534247015
2.8846021975970415,5.769204395194083
44.001978876520496,88.00395775304099
88.67479245287106,177.34958490574212
64.90029371794355,129.8005874358871
15.202277932332176,30.404555864664353
72.78300226847165,145.5660045369433
11.336133127125459,22.672266254250918
3.611607975525788,7.223215951051576
60.828840594078045,121.65768118815609
87.97635841000793,175.95271682001587
65.03598404924976,130.07196809849953
8.480191993649811,16.960383987299622
81.89220777495161,163.78441554990323
22.574844071100507,45.149688142201015
89.82267607920225,179.6453521584045
43.44488640783365,86.8897728156673
9.380058284068738,18.760116568137477
41.7294648595105,83.458929719021
8.548418985441186,17.096837970882373
81.99589098796689,163.99178197593378
90.49273981768623,180.98547963537246
89.59021526781783,179.18043053563565
99.82472141586078,199.64944283172156
68.38717260336549,136.77434520673097
33.19825562360942,66.39651124721884
44.12270241504136,88.24540483008272
11.956408455305922,23.912816910611845
54.72737900062011,109.45475800124022
55.80635549967221,111.61271099934442
57.611428701708164,115.22285740341633
24.803137355411142,49.606274710822284
41.719849507650366,83.43969901530073
74.38642086280629,148.77284172561258
47.43334419781623,94.86668839563247
31.43758350463125,62.8751670092625
89.05683562629179,178.11367125258357
87.62685336241714,175.25370672483427
37.517991004477416,75.03598200895483
77.33470733333749,154.66941466667498
91.5116129113292,183.0232258226584
60.70644744039344,121.41289488078688
73.7912597974054,147.5825195948108
88.9632751259888,177.9265502519776
56.61924503997906,113.23849007995813
59.48451075321118,118.96902150642237
25.598082969015955,51.19616593803191
86.00317018963028,172.00634037926056
14.61856200773295,29.2371240154659
36.18409191106182,72.36818382212364
80.95991990033893,161.91983980067786
76.16589303634395,152.3317860726879
19.203938933154664,38.40787786630933
84.16948736707359,168.33897473414717
64.14909484433761,128.29818968867522
28.018917553687174,56.03783510737435
89.54045821057163,179.08091642114326
31.444662558668213,62.889325117336426
97.9883418829634,195.9766837659268
51.915257331507625,103.83051466301525
11.942981217698955,23.88596243539791
45.05424857502166,90.10849715004332
14.150144996913895,28.30028999382779
10.891236363947087,21.782472727894174
23.290506505512177,46.58101301102435
56.17063396234464,112.34126792468928
82.10316878876446,164.20633757752893
97.14489207475566,194.28978414951132
50.66471351350421,101.32942702700842
37.5942213485559,75.1884426971118
56.326902638788326,112.65380527757665
63.68018040851722,127.36036081703443
55.83022205211448,111.66044410422896
59.18659117698204,118.37318235396408
86.72240773097072,173.44481546194143
6.203699819142394,12.407399638284788
23.893817298175847,47.787634596351694
56.90535733512616,113.81071467025232
69.45429154343522,138.90858308687044
99.13867770856348,198.27735541712696
39.00881950673566,78.01763901347132
28.12914521169979,56.25829042339958
50.185483411583654,100.37096682316731
80.97126521748437,161.94253043496875
16.19712911366581,32.39425822733162
82.34762198424448,164.69524396848897
58.25124036015832,116.50248072031664
86.98064754447213,173.96129508894427
61.94359542118711,123.88719084237422
64.74920679083799,129.49841358167598
58.07778526478703,116.15557052957406
48.69853839721657,97.39707679443315
48.903522010829526,97.80704402165905
50.677620832955085,101.35524166591017
95.15449371024907,190.30898742049814
65.58739910487232,131.17479820974464
63.30498067202017,126.60996134404034
6.276973913826412,12.553947827652824
61.262619746428335,122.52523949285667
37.70299552788432,75.40599105576864
46.108155884839306,92.21631176967861
44.088985402563296,88.17797080512659
27.255330176445746,54.51066035289149
94.44903506811984,188.89807013623968
97.80394806281923,195.60789612563846
16.9194502697708,33.8389005395416
72.22454863252554,144.44909726505108
50.36388779677835,100.7277755935567
66.92309972278147,133.84619944556295
81.31955533063577,162.63911066127153
73.43207825417517,146.86415650835033
15.225289024749921,30.450578049499843
49.34541073469051,98.69082146938102
0.11197543499704699,0.22395086999409397
0.3634115515810721,0.7268231031621442
2.0680497059507252,4.1360994119014505
40.3017409462749,80.6034818925498
12.781259510448983,25.562519020897966
13.888747718237838,27.777495436475675
69.71046037664107,139.42092075328213
74.44753885565184,148.89507771130368
45.06037558847205,90.1207511769441
57.009230879064255,114.01846175812851
61.864928111453274,123.72985622290655
83.08379843457955,166.1675968691591
20.97191308433701,41.94382616867402
54.548206425264254,109.09641285052851
51.84250680147871,103.68501360295743
34.46918644423924,68.93837288847848
64.02376914388543,128.04753828777086
29.829172270461356,59.65834454092271
12.74330565977644,25.48661131955288
55.645170777528385,111.29034155505677
80.93500203620017,161.87000407240035
74.97341312165734,149.9468262433147
41.29050301915913,82.58100603831826
77.34924512255152,154.69849024510305
43.33228634029438,86.66457268058876
28.395942656979724,56.79188531395945
74.866757772759,149.733515545518
61.56289876240891,123.12579752481783
66.80743694133338,133.61487388266676
3.8011255676901334,7.602251135380267
49.08756336655019,98.17512673310038
87.45507566080427,174.91015132160854
55.38887674660368,110.77775349320736
97.05333360862464,194.10666721724928
69.2767948570577,138.5535897141154
0.8106503301375523,1.6213006602751046
63.47789947580619,126.95579895161238
77.14637721085332,154.29275442170663
80.6813597508817,161.3627195017634
62.24611752967698,124.49223505935396
7.277797555250642,14.555595110501285
87.49780500378014,174.9956100075603
13.195572567852732,26.391145135705464
83.62141950513818,167.24283901027636
43.94889941553437,87.89779883106874
54.1075031412228,108.2150062824456
66.82148017312531,133.64296034625062
54.433872124201834,108.86774424840367
16.452232967716164,32.90446593543233
56.83929676780826,113.67859353561651
93.03314008992886,186.06628017985773
45.858012856462494,91.71602571292499
36.715864990087844,73.43172998017569
3.4416379960958365,6.883275992191673
1.6157423076214705,3.231484615242941
98.19213674923458,196.38427349846916
78.72114848390412,157.44229696780823
95.31237040717018,190.62474081434036
30.546329965560226,61.09265993112045
24.74044087237467,49.48088174474934
77.09332677079476,154.18665354158952
98.87276265400962,197.74552530801924
58.48041013369356,116.96082026738712
19.718701423548058,39.437402847096116
30.081566599428633,60.16313319885727
16.755820925137133,33.511641850274266
4.762105535617178,9.524211071234356
76.90909200567773,153.81818401135547
87.47524860197909,174.95049720395818
7.691966670593786,15.383933341187571
95.82520092478785,191.6504018495757
96.76086006687277,193.52172013374553
74.70325619342229,149.40651238684458
31.05681186401702,62.11362372803404
40.353525211445564,80.70705042289113
65.19530253485856,130.3906050697171
11.717864550942425,23.43572910188485
21.41193920239329,42.82387840478658
27.74982676340496,55.49965352680992
81.91248049254611,163.82496098509222
11.160483024734747,22.320966049469494
10.908291099112477,21.816582198224953
29.548511738634797,59.097023477269595
10.552828218023125,21.10565643604625
31.727885277557565,63.45577055511513
57.91235999621872,115.82471999243744
67.78791654698307,135.57583309396614
43.418359748975476,86.83671949795095
7.924329056658419,15.848658113316837
69.58259950156584,139.16519900313168
87.2802185479932,174.5604370959864
58.735458493398205,117.47091698679641
98.8371419694861,197.6742839389722
74.3477804218337,148.6955608436674
75.0370511611271,150.0741023222542
56.96811208078084,113.93622416156168
65.07644889424905,130.1528977884981
33.50988932860226,67.01977865720453
88.5555844495897,177.1111688991794
18.15680244942145,36.3136048988429
19.746103453590102,39.492206907180204
5.376657738281043,10.753315476562086
7.972501822085853,15.945003644171706
85.55779871862678,171.11559743725357
92.12105559043108,184.24211118086217
62.245385951475384,124.49077190295077
14.481115667361188,28.962231334722375
67.89898972766059,135.79797945532118
9.59589243261092,19.19178486522184
8.275131557482817,16.550263114965635
35.16248692524206,70.32497385048411
77.90234597865634,155.80469195731268
36.573098487695624,73.14619697539125
7.83766967787275,15.6753393557455
11.597206853260856,23.19441370652171
47.39891918471743,94.79783836943486
6.177422645913366,12.354845291826733
32.834539865332644,65.66907973066529
39.314456405345055,78.62891281069011
41.73177045569493,83.46354091138986
69.18290824677696,138.36581649355392
29.83382971464542,59.66765942929084
23.450452222534025,46.90090444506805
27.67551602056847,55.35103204113694
42.62126750195083,85.24253500390166
14.020212994142266,28.040425988284532
33.21054638455338,66.42109276910676
79.28005891863272,158.56011783726544
73.99446539218127,147.98893078436254
86.54335051324897,173.08670102649793
33.06749441228065,66.1349888245613
96.49389038884271,192.98778077768543
15.7875094918843,31.5750189837686
72.87284095348107,145.74568190696215
88.33134312103692,176.66268624207385
44.779131268154025,89.55826253630805
33.14183969958149,66.28367939916298
11.514199769237177,23.028399538474353
4.527769866552845,9.05553973310569
36.47080435163328,72.94160870326655
50.3550502017135,100.710100403427
29.390637441984058,58.781274883968116
16.488237833756237,32.976475667512474
79.72535456608418,159.45070913216836
10.980435715212444,21.960871430424888
79.20989141190218,158.41978282380435
11.570735692528377,23.141471385056754
84.71149262497619,169.42298524995238
98.86987027975378,197.73974055950757
30.579769719442005,61.15953943888401
96.16221064153785,192.3244212830757
37.053574627260055,74.10714925452011
34.223227931647,68.446455863294
16.755304188966914,33.51060837793383
74.69594411838042,149.39188823676085
44.31640666566996,88.63281333133992
16.56494761301114,33.12989522602228
14.382044323202281,28.764088646404563
52.23917636734189,104.47835273468378
81.87526543637387,163.75053087274773
90.88928827501826,181.77857655003652
79.10527189253416,158.21054378506832
2.734750022694743,5.469500045389486
72.13361991142507,144.26723982285014
39.92392630062888,79.84785260125776
53.175458527463384,106.35091705492677
13.809075662850635,27.61815132570127
81.94391469552744,163.88782939105488
66.95926946379474,133.91853892758948
87.37404111354506,174.74808222709012
51.702590869490386,103.40518173898077
66.83558066594553,133.67116133189106
13.568038045683938,27.136076091367876
82.24319560474078,164.48639120948155
5.809742591886957,11.619485183773914
38.21224476299731,76.42448952599462
80.8284560641872,161.6569121283744
4.106367705726233,8.212735411452465
67.37950892368035,134.7590178473607
41.994688671628175,83.98937734325635
94.73607903483338,189.47215806966676
29.276086737228134,58.55217347445627
1.6043339983684124,3.208667996736825
27.35489855438946,54.70979710877892
53.48763208537919,106.97526417075838
38.69053949767984,77.38107899535969
84.54467584648012,169.08935169296024
72.86888795039908,145.73777590079817
11.177211113262963,22.354422226525926
34.49918813719906,68.99837627439813
19.37022433619865,38.7404486723973
49.79928755061586,99.59857510123172
33.16587039897594,66.33174079795188
91.00875558672841,182.01751117345682
30.768121363694924,61.53624272738985
18.88228339120487,37.76456678240974
99.85036859421312,199.70073718842625
4.410556701470836,8.821113402941672
63.030049612339845,126.06009922467969
18.502379472143105,37.00475894428621
3.2336622451845765,6.467324490369153
89.99564404397464,179.99128808794927
8.319645124329556,16.639290248659112
51.069946085051875,102.13989217010375
97.43034657868687,194.86069315737373
55.574381638784864,111.14876327756973
10.482305304260231,20.964610608520463
69.59036492237686,139.18072984475373
50.81234675943711,101.62469351887422
35.37167382750505,70.7433476550101
13.346671536344179,26.693343072688357
50.05089994952768,100.10179989905537
60.928137280128894,121.85627456025779
45.471049804379234,90.94209960875847
23.842074678363655,47.68414935672731
8.794242435619493,17.588484871238986
85.84737979609558,171.69475959219116
69.95934759792182,139.91869519584364
22.380171149961512,44.760342299923025
76.69710832903479,153.39421665806958
47.73023835699024,95.46047671398048
48.612421178182274,97.22484235636455
68.72653361268486,137.45306722536972
12.497670228351298,24.995340456702596
56.462793884728235,112.92558776945647
4.4316684781849585,8.863336956369917
19.758741486851083,39.517482973702165
93.44920926178315,186.8984185235663
20.61237971111988,41.22475942223976
66.78513149973651,133.57026299947302
8.16638578726403,16.33277157452806
36.88108611641599,73.76217223283199
98.48317002232041,196.96634004464082
46.671089514274634,93.34217902854927
75.9818908973941,151.9637817947882
64.5057274520221,129.0114549040442
86.22934563284575,172.4586912656915
85.7212306178113,171.4424612356226
98.74788096229796,197.4957619245959
4.75224193511391,9.50448387022782
67.48096969160066,134.96193938320133
37.582291552171945,75.16458310434389
12.333099513667046,24.66619902733409
19.972639388299708,39.945278776599416
70.42784649553076,140.85569299106152
31.04576384221288,62.09152768442576
83.14725495318724,166.2945099063745
53.466635010429364,106.93327002085873
11.045986046987943,22.091972093975887
82.05823492351345,164.1164698470269
27.335689475118606,54.67137895023721
99.89630652599247,199.79261305198494
13.571186580900374,27.142373161800748
74.83610085790538,149.67220171581076
20.42783597986083,40.85567195972166
60.542705694732646,121.08541138946529
90.06088427432476,180.12176854864953
17.351381069714623,34.70276213942925
81.54391882987208,163.08783765974417
89.11640110101507,178.23280220203014
8.078060836878132,16.156121673756264
68.31357364987664,136.6271472997533
86.80475515626398,173.60951031252796
14.176332843480587,28.352665686961174
7.490052007852355,14.98010401570471
60.65271922178608,121.30543844357216
42.66939288596774,85.33878577193548
98.70726022314773,197.41452044629546
47.740574048530185,95.48114809706037
1.9337733269925161,3.8675466539850323
19.354938683735945,38.70987736747189
97.5413864454876,195.0827728909752
87.3095078881997,174.6190157763994
5.273719530926268,10.547439061852536
50.874872746132795,101.74974549226559
4.714678773501535,9.42935754700307
19.64959623593042,39.29919247186084
53.046300506604794,106.09260101320959
36.44917150068232,72.89834300136464
81.50243003473373,163.00486006946747
95.66988603463457,191.33977206926915
85.73243338000287,171.46486676000575
16.683447642348913,33.366895284697826
67.74045845704178,135.48091691408356
34.35593356233705,68.7118671246741
87.43629166682749,174.87258333365497
17.026421683294267,34.05284336658853
62.674064644316054,125.34812928863211
47.06947116406823,94.13894232813647
39.667610042746524,79.33522008549305
67.22136398059973,134.44272796119947
8.284021796300522,16.568043592601043
85.18041035496628,170.36082070993257
7.9365431141841025,15.873086228368205
75.50572889375883,151.01145778751766
68.84376308627142,137.68752617254285
97.46365730012137,194.92731460024274
8.437860685889309,16.875721371778617
42.932228233258186,85.86445646651637
76.24185703275285,152.4837140655057
11.40907363457645,22.8181472691529
46.099256058548356,92.19851211709671
29.663418581952882,59.326837163905765
95.89326563037005,191.7865312607401
87.2543089700463,174.5086179400926
6.736554813808205,13.47310962761641
32.168353286830374,64.33670657366075
95.11453901858131,190.22907803716262
63.737031810474896,127.47406362094979
94.32801082494755,188.6560216498951
62.697637694571476,125.39527538914295
91.02145220157352,182.04290440314705
7.267308236433722,14.534616472867445
61.363803955160954,122.72760791032191
63.01316684930415,126.0263336986083
77.97637237297296,155.95274474594592
65.47921029997988,130.95842059995977
51.94064145186563,103.88128290373126
39.186676388063226,78.37335277612645
24.20991050977439,48.41982101954878
0.9031894974304899,1.8063789948609799
68.09917512521065,136.1983502504213
62.189207610056194,124.37841522011239
68.15533749069037,136.31067498138074
24.480771884543707,48.96154376908741
48.209516440760304,96.41903288152061
94.1662451802766,188.3324903605532
88.29662339681515,176.5932467936303
9.487137022943804,18.974274045887608
4.303297154184804,8.606594308369608
51.59910048208977,103.19820096417953
17.08416671488642,34.16833342977284
87.67348633536696,175.34697267073392
15.320826255112774,30.641652510225548
3.6335262347763853,7.2670524695527705
91.67655137497981,183.35310274995962
94.26605985547093,188.53211971094186
87.97786849597736,175.95573699195472
99.24904920508096,198.49809841016193
89.0350996245048,178.0701992490096
87.55966389203637,175.11932778407274
71.14110361708043,142.28220723416086
86.99686210718195,173.9937242143639
91.92389566653794,183.8477913330759
97.67652954896734,195.35305909793468
54.77292775470721,109.54585550941442
89.32709107665386,178.65418215330772
60.14999646666641,120.29999293333282
26.368801637458862,52.737603274917724
15.802779109437036,31.605558218874073
76.69292650096298,153.38585300192597
7.580474113458823,15.160948226917647
53.912521868029486,107.82504373605897
14.265407427367794,28.53081485473559
58.89620148334866,117.79240296669732
77.01327357622037,154.02654715244074
5.285107270362577,10.570214540725154
82.44427033990145,164.8885406798029
75.14850578301946,150.29701156603892
29.699177703313172,59.398355406626344
81.55682795109294,163.11365590218588
42.40992070049783,84.81984140099566
5.421992708366929,10.843985416733858
77.49414021497239,154.98828042994478
20.998110664136483,41.996221328272966
12.769518940987778,25.539037881975556
87.3475552156515,174.695110431303
9.468593285080996,18.93718657016199
32.42199443643899,64.84398887287799
23.213382919925596,46.42676583985119
58.5371681440443,117.0743362880886
55.642183949153136,111.28436789830627
65.33759642565708,130.67519285131416
14.724640998979089,29.449281997958177
74.49810040513836,148.99620081027672
13.497034902395711,26.994069804791422
64.8809775726001,129.7619551452002
7.418086212945985,14.83617242589197
41.43053742279228,82.86107484558455
25.222964655404965,50.44592931080993
24.38583350066068,48.77166700132136
85.09961129302394,170.19922258604788
74.5995236149205,149.199047229841
26.216619864600744,52.43323972920149
16.590694185410126,33.18138837082025
19.462669445892654,38.92533889178531
69.23688293950651,138.47376587901303
90.8350231339894,181.6700462679788
15.190405508387927,30.380811016775855
88.36389253303776,176.7277850660755
44.9688631107874,89.9377262215748
49.81214371293701,99.62428742587402
9.51846275238999,19.03692550477998
41.92536708244526,83.85073416489053
13.754918467763833,27.509836935527666
24.049226031099955,48.09845206219991
36.90922710125321,73.81845420250642
75.57119999148593,151.14239998297185
80.7673161142966,161.5346322285932
17.614403376627852,35.228806753255704
10.047855254931726,20.09571050986345
98.15624825898864,196.31249651797728
83.51179326369444,167.0235865273889
75.00133417058363,150.00266834116726
94.29188674956198,188.58377349912396
93.93123844281514,187.8624768856303
69.24313524314663,138.48627048629325
95.99006056979988,191.98012113959976
94.0743980542564,188.1487961085128
52.72356324181149,105.44712648362298
71.1892140388803,142.3784280777606
83.83365235931016,167.66730471862033
51.19759376611795,102.3951875322359
98.42945389861686,196.8589077972337
78.02560651356478,156.05121302712956
3.0479655249446513,6.095931049889303
46.15171286950118,92.30342573900236
76.21902919715167,152.43805839430334
55.75966953939867,111.51933907879734
66.90926792585896,133.8185358517179
83.16751386457352,166.33502772914704
17.21636547374207,34.43273094748414
3.4772352615795477,6.954470523159095
17.30015606300673,34.60031212601346
24.78143723688655,49.5628744737731
26.274394668214242,52.548789336428484
9.110271399521586,18.220542799043173
94.17491621541623,188.34983243083246
1.3686147551394856,2.737229510278971
72.67614613292884,145.35229226585767
2.996056673657055,5.99211334731411
18.276203768768816,36.55240753753763
9.495284078712418,18.990568157424836
6.657281703123308,13.314563406246616
92.61404010394536,185.2280802078907
66.65835207454562,133.31670414909124
19.173354062227787,38.346708124455574
94.56105769937818,189.12211539875636
45.277944099994485,90.55588819998897
38.90311508699169,77.80623017398338
17.475863954132798,34.951727908265596
0.014848675035150638,0.029697350070301276
60.75081974390153,121.50163948780306
30.856405450783207,61.712810901566414
18.867393625542018,37.734787251084036
0.9213552945329773,1.8427105890659545
54.091959920786195,108.18391984157239
4.880257151033596,9.760514302067191
15.36218318109831,30.72436636219662
84.48042885722829,168.96085771445658
90.93523955458524,181.87047910917047
46.99134707301509,93.98269414603018
70.0297237837092,140.0594475674184
99.06581605087624,198.13163210175247
1.8938348121516069,3.7876696243032137
87.03890504472507,174.07781008945014
36.1649811661938,72.3299623323876
31.859254229859392,63.718508459718784
10.587576778634155,21.17515355726831
55.75256914777174,111.50513829554347
55.437905191808966,110.87581038361793
73.18628295222943,146.37256590445887
28.14071379514499,56.28142759028998
46.9990376045929,93.9980752091858
4.22381658404396,8.44763316808792
61.28531091734087,122.57062183468175
29.691792758854362,59.383585517708724
69.73671866315622,139.47343732631245
16.86439854862981,33.72879709725962
62.95640737447644,125.91281474895288
34.252517984662276,68.50503596932455
84.83168255239633,169.66336510479266
18.19848727793305,36.3969745558661
62.88450825111749,125.76901650223498
53.68141420644964,107.36282841289928
11.125871254510233,22.251742509020467
63.75832296716328,127.51664593432656
67.36415921893379,134.72831843786759
41.97970909040617,83.95941818081234
72.26248326916661,144.52496653833322
37.41848221892212,74.83696443784424
7.003423702748202,14.006847405496403
90.96472610106255,181.9294522021251
34.0476968769999,68.0953937539998
91.4849049957505,182.969809991501
67.18492118262685,134.3698423652537
59.290280573074284,118.58056114614857
7.189007903551903,14.378015807103806
78.84384541576759,157.68769083153518
0.08799180495151493,0.17598360990302986
78.80665044301567,157.61330088603134
28.98369742622451,57.96739485244902
85.8794033783168,171.7588067566336
69.95843587289252,139.91687174578504
22.760596818861877,45.521193637723755
42.28539101480974,84.57078202961948
42.664936528955934,85.32987305791187
48.12787346585626,96.25574693171252
58.03664813443464,116.07329626886929
28.353040474804413,56.706080949608825
96.929500893459,193.859001786918
77.70757221138783,155.41514442277565
86.71133567694773,173.42267135389545
33.363279216384,66.726558432768
23.559694012007803,47.119388024015606
37.7265820920616,75.4531641841232
63.52422590238063,127.04845180476126
73.57780874211771,147.15561748423542
39.02716609450967,78.05433218901933
34.640055875800066,69.28011175160013
4.762620061965828,9.525240123931656
47.874153124486305,95.74830624897261
86.48360708788303,172.96721417576606
50.77780363183702,101.55560726367403
31.5482918449162,63.0965836898324
91.80219645473741,183.60439290947483
4.166090774518205,8.33218154903641
48.52960729990152,97.05921459980304
54.598329006821835,109.19665801364367
94.27711393065576,188.55422786131152
59.047210207964795,118.09442041592959
53.77559633471599,107.55119266943198
65.61171796869432,131.22343593738864
97.72631455512159,195.45262911024318
83.61066711457488,167.22133422914976
62.09362853782171,124.18725707564342
15.037112301867527,30.074224603735054
17.75374952884794,35.50749905769588
6.159148432707584,12.318296865415167
68.74980366820691,137.49960733641382
56.88421903258707,113.76843806517414
18.943497643568243,37.886995287136486
85.72013729415946,171.4402745883189
54.33692167317232,108.67384334634464
89.17282724105333,178.34565448210665
2.80210651855769,5.60421303711538
51.53773360410943,103.07546720821885
98.61013285163092,197.22026570326184
66.96409686232168,133.92819372464336
97.85888274594566,195.71776549189133
52.73891017540158,105.47782035080316
6.898914728021022,13.797829456042043
92.62226147438841,185.24452294877682
51.93451684850733,103.86903369701466
66.92106946165609,133.84213892331218
37.27161454229415,74.5432290845883
18.98597057450847,37.97194114901694
41.45604823412469,82.91209646824937
86.53926432662044,173.07852865324088
57.57224632319707,115.14449264639414
1.1012732536588299,2.2025465073176598
81.97118245041011,163.94236490082022
51.439677405692954,102.87935481138591
80.54575084687482,161.09150169374965
50.83261247731471,101.66522495462942
68.41264981377097,136.82529962754194
11.686496487827524,23.37299297565505
75.09224680328495,150.1844936065699
49.086171088687955,98.17234217737591
55.078934565183104,110.15786913036621
63.523775620376455,127.04755124075291
4.115048231236951,8.230096462473902
14.965889813820588,29.931779627641177
50.17279239008401,100.34558478016802
66.6890936913202,133.3781873826404
48.37067470589462,96.74134941178924
30.248469841585134,60.49693968317027
97.60042077070867,195.20084154141733
83.99532620782114,167.99065241564227
64.16784116770661,128.33568233541322
95.31255254576185,190.6251050915237
38.73647209107188,77.47294418214376
80.14282032072317,160.28564064144635
36.7095236886685,73.419047377337
43.37234448881752,86.74468897763504
38.44702965080753,76.89405930161506
69.54487047229001,139.08974094458003
15.003791462851456,30.007582925702913
8.360392465132982,16.720784930265964
73.72494085865519,147.44988171731038
97.43892736508998,194.87785473017996
97.078980967538,194.157961935076
51.665153516218375,103.33030703243675
66.6106316558368,133.2212633116736
64.6198185858944,129.2396371717888
21.59960999754822,43.19921999509644
13.734796392193093,27.469592784386187
21.459147741165662,42.918295482331324
51.98413418594128,103.96826837188256
8.076470817769433,16.152941635538866
2.129071026266871,4.258142052533742
59.710121011550335,119.42024202310067
82.50568162453341,165.01136324906682
90.25588936307668,180.51177872615335
59.59287400331523,119.18574800663046
45.170767952203626,90.34153590440725
72.08907726173233,144.17815452346466
6.590617658012055,13.18123531602411
95.37643233284217,190.75286466568434
97.43340817748528,194.86681635497055
24.41904665957404,48.83809331914808
82.79766155693419,165.59532311386837
17.82436752452562,35.64873504905124
82.66050054059055,165.3210010811811
73.92067779346448,147.84135558692896
12.387387775035663,24.774775550071325
24.40702998912563,48.81405997825126
86.00910333975035,172.0182066795007
80.75216645436808,161.50433290873616
85.50847876448087,171.01695752896174
43.80422755972082,87.60845511944164
46.27871033945863,92.55742067891725
80.86390606033162,161.72781212066323
27.70795050241597,55.41590100483194
25.020211018776962,50.040422037553924
38.76407013124723,77.52814026249446
52.9536269870355,105.907253974071
31.2180750075978,62.4361500151956
20.325869315879885,40.65173863175977
70.04328871001843,140.08657742003686
95.28925584614193,190.57851169228385
81.36225363157145,162.7245072631429
91.91552546804908,183.83105093609817
15.853527639288934,31.70705527857787
9.521772868827705,19.04354573765541
51.02534232580187,102.05068465160375
96.4773883174355,192.954776634871
60.40269358227307,120.80538716454615
77.17168501242729,154.34337002485458
28.43317763215587,56.86635526431174
31.115910620951936,62.23182124190387
19.96955773791489,39.93911547582978
73.89254225110065,147.7850845022013
11.178206873299079,22.356413746598157
21.813244667853503,43.62648933570701
18.63082368385488,37.26164736770976
41.230725029022544,82.46145005804509
93.16425679854325,186.3285135970865
43.02123760208113,86.04247520416226
30.711936235597037,61.42387247119407
30.891650407481063,61.783300814962125
14.658707130784299,29.317414261568597
88.28786573699577,176.57573147399154
30.545195049666717,61.09039009933343
53.35389996953182,106.70779993906363
93.32984852805836,186.65969705611673
56.93146366536428,113.86292733072855
99.62336213758954,199.24672427517908
33.362292386988656,66.72458477397731
38.72216287557026,77.44432575114052
83.58624601773056,167.17249203546112
43.98443033301766,87.96886066603533
73.92388771120328,147.84777542240656
12.252543925285519,24.505087850571037
89.74207600579034,179.48415201158068
82.05251372024387,164.10502744048773
81.75415506997756,163.5083101399551
65.27155726365883,130.54311452731767
32.613599303596594,65.22719860719319
88.86961352776498,177.73922705552997
6.804044083321359,13.608088166642718
66.77451254240655,133.5490250848131
34.16824110243718,68.33648220487436
27.291597152751912,54.583194305503824
91.76923519671284,183.53847039342568
78.97507384725625,157.9501476945125
8.924672922646259,17.849345845292518
2.529464949131266,5.058929898262532
2.638310784700293,5.276621569400586
35.817349836918034,71.63469967383607
50.49602358509747,100.99204717019494
90.07342248103178,180.14684496206357
83.17974343193629,166.35948686387258
47.680460590303234,95.36092118060647
76.60219860842172,153.20439721684343
34.67227713161727,69.34455426323454
86.19258429667778,172.38516859335556
11.937492197601763,23.874984395203526
90.99250412432092,181.98500824864183
79.48587743164104,158.9717548632821
40.135266091484134,80.27053218296827
60.60066031304252,121.20132062608504
25.917574330240846,51.83514866048169
24.44707397600091,48.89414795200182
44.28455372319529,88.56910744639057
2.257673405303373,4.515346810606746
49.222743018325176,98.44548603665035
48.2448325361988,96.4896650723976
87.97582490387124,175.95164980774248
73.24756360392196,146.49512720784392
52.3047511072522,104.6095022145044
73.76525697426774,147.53051394853549
0.4716471488184104,0.9432942976368208
22.583475769700623,45.166951539401246
39.29602704475759,78.59205408951517
59.57004660464329,119.14009320928658
14.600647309118543,29.201294618237085
73.19923540834726,146.39847081669453
2.7877397826573724,5.575479565314745
78.84898801607282,157.69797603214565
93.44495165736099,186.88990331472198
25.036393569626846,50.07278713925369
48.51222193188818,97.02444386377636
86.35024297256157,172.70048594512315
8.746520981699636,17.49304196339927
16.292931109980834,32.58586221996167
92.99600915633212,185.99201831266424
94.32705704195752,188.65411408391503
8.372195433415264,16.74439086683053
54.753343318365154,109.50668663673031
15.609520241908935,31.21904048381787
79.48655214948155,158.9731042989631
29.660538813794812,59.321077627589624
71.43563482550749,142.87126965101498
9.506393653979506,19.012787307959012
35.46874038935785,70.9374807787157
94.50453985691475,189.0090797138295
35.48446199934025,70.9689239986805
56.5019184833975,113.003836966795
53.620635162998376,107.24127032599675
59.81587762737265,119.6317552547453
83.4604729628998,166.9209459257996
30.308505635102946,60.61701127020589
92.67953044925649,185.35906089851298
16.728044292115175,33.45608858423035
62.592730961400335,125.18546192280067
10.540967488456554,21.081934976913107
79.08995299914447,158.17990599828894
22.99735297910309,45.99470595820618
23.58706430168772,47.17412860337544
95.82880911578945,191.6576182315789
38.08890508111724,76.17781016223448
9.781909731297478,19.563819462594957
86.05482086100012,172.10964172200025
18.335774123114245,36.67154824622849
36.21162652751222,72.42325305502445
86.05935868975081,172.11871737950162
65.96240455032228,131.92480910064455
22.782601597365993,45.565203194731986
12.120206955963353,24.240413911926705
76.05419317274949,152.10838634549899
97.61971851724186,195.23943703448373
3.6592186408572758,7.3184372817145515
32.15174002013551,64.30348004027103
52.154581251244494,104.30916250248899
87.28070659748508,174.56141319497016
28.188030670159105,56.37606134031821
50.090711282466614,100.18142256493323
49.34691147891227,98.69382295782454
36.33848263217905,72.6769652643581
11.137706381607803,22.275412763215606
4.455174368374914,8.910348736749828
75.06855569050423,150.13711138100845
1.597049508711701,3.194099017423402
59.30843569428148,118.61687138856296
33.219149815768034,66.43829963153607
33.3371539547928,66.6743079095856
43.159383858724375,86.31876771744875
71.73139930054725,143.4627986010945
45.41449392746969,90.82898785493938
40.59926367014647,81.19852734029294
0.0037719566703398044,0.007543913340679609
59.7517832916276,119.5035665832552
19.6316810188326,39.2633620376652
78.21835986785062,156.43671973570125
16.89316321116172,33.78632642232344
90.46581859497485,180.9316371899497
36.66811047805676,73.33622095611352
92.1307162548693,184.2614325097386
44.593247111199865,89.18649422239973
1.2474849923389097,2.4949699846778195
64.81996582585555,129.6399316517111
21.520104593732526,43.04020918746505
97.38988403957092,194.77976807914183
87.54010957594585,175.0802191518917
49.26877670097418,98.53755340194836
39.23912119181957,78.47824238363914
25.065617438133103,50.131234876266205
67.80874058190575,135.6174811638115
63.56395343545059,127.12790687090119
25.467040869716506,50.93408173943301
33.352335715417865,66.70467143083573
98.88001703443734,197.7600340688747
92.66961855372945,185.3392371074589
5.862543212086169,11.725086424172337
3.7285630964236316,7.457126192847263
39.02803470180453,78.05606940360906
99.48737676222848,198.97475352445696
33.32680897086316,66.65361794172632
27.59856805579387,55.19713611158774
89.69003885977477,179.38007771954955
28.920559684586067,57.841119369172134
14.946595752615831,29.893191505231663
92.83713182760883,185.67426365521766
14.257574719458066,28.515149438916133
74.67592346077194,149.35184692154388
70.76565375910118,141.53130751820237
12.843279021810927,25.686558043621854
46.98700180415172,93.97400360830343
61.29663099096582,122.59326198193163
90.09714639330937,180.19429278661875
53.45948353482047,106.91896706964094
83.86447423370937,167.72894846741875
87.02878863575542,174.05757727151084
38.52609886947987,77.05219773895973
30.99674417803746,61.99348835607492
70.33452103266575,140.6690420653315
31.35384465653197,62.70768931306394
52.5630327512204,105.1260655024408
28.598608742162234,57.19721748432447
55.65133194996046,111.30266389992092
41.10957201593768,82.21914403187536
37.009197284604525,74.01839456920905
51.110257578213236,102.22051515642647
99.32192500795732,198.64385001591464
45.53880186208814,91.07760372417629
42.529918586119294,85.05983717223859
8.884443713537282,17.768887427074564
10.854409207995076,21.70881841599015
96.39105199776162,192.78210399552324
22.589198269657185,45.17839653931437
2.846814224544736,5.693628449089472
89.24980179869421,178.49960359738841
7.406112870397652,14.812225740795304
68.354310523218,136.708621046436
75.16426179161431,150.32852358322862
7.254084509570669,14.508169019141338
50.121080036980636,100.24216007396127
48.21317583708784,96.42635167417568
97.48267530703775,194.9653506140755
47.98692709933826,95.97385419867652
52.95367921827855,105.9073584365571
54.231400682299814,108.46280136459963
67.49821358195692,134.99642716391384
50.37253986534661,100.74507973069322
77.06350751606094,154.12701503212188
30.93575930455308,61.87151860910616
3.9648039684032077,7.929607936806415
54.052848493301596,108.10569698660319
59.968602394951,119.937204789902
88.85646495770595,177.7129299154119
1.8327993922000574,3.6655987844001148
41.856373537588844,83.71274707517769
84.96467866580974,169.92935733161949
17.626114435111585,35.25222887022317
23.35238586836751,46.70477173673502
52.70273170298109,105.40546340596218
58.44500259306103,116.89000518612205
65.49848519257162,130.99697038514324
69.43942408389074,138.87884816778148
24.5184860250961,49.0369720501922
47.40645088738604,94.81290177477209
10.093114303559314,20.18622860711863
31.332723368246494,62.66544673649299
96.13540048133703,192.27080096267406
98.54359326140481,197.08718652280962
42.868246628038435,85.73649325607687
72.91018607933229,145.82037215866458
23.370999045700678,46.741998091401356
79.54235375120456,159.08470750240912
67.37035918499694,134.74071836999389
43.3399758057923,86.6799516115846
74.60755248048922,149.21510496097844
33.25830533707889,66.51661067415777
10.914934151287792,21.829868302575584
98.19970033244483,196.39940066488967
73.78828525717587,147.57657051435174
28.228784474770606,56.45756894954121
7.374853388370406,14.749706776740812
19.359470450239314,38.71894090047863
95.7757022565879,191.5514045131758
49.78619740911414,99.57239481822828
83.42297494220338,166.84594988440676
60.01738671654756,120.03477343309513
14.276676304398993,28.553352608797987
3.673645599588138,7.347291199176276
34.21981587710231,68.43963175420463
68.35742799081791,136.71485598163582
92.29791999699543,184.59583999399086
1.442333416091135,2.88466683218227
39.7946664063101,79.5893328126202
21.66609084442277,43.33218168884554
20.847710981571566,41.69542196314313
65.95670420858559,131.91340841717118
23.36442165880005,46.7288433176001
69.2380153749312,138.4760307498624
12.683959935879107,25.367919871758215
19.547974052028472,39.095948104056944
58.56710801286042,117.13421602572085
80.93744204270075,161.8748840854015
5.1120659223153675,10.224131844630735
79.58716707664169,159.17433415328338
95.70123100817733,191.40246201635466
71.49912852355594,142.99825704711188
66.68700077223944,133.3740015444789
67.0317361186883,134.0634722373766
80.20849041446421,160.41698082892842
12.440751329128407,24.881502658256814
87.67529380031824,175.3505876006365
13.687131644826579,27.374263289653157
76.84582874771687,153.69165749543373
20.64628480969637,41.29256961939274
66.52096244006852,133.04192488013703
99.14688323277939,198.29376646555878
1.4643434516715126,2.928686903343025
59.06329912577944,118.12659825155887
96.26858428044468,192.53716856088937
3.92683605643821,7.85367211287642
17.498040435859842,34.996080871719684
29.234004192668806,58.46800838533761
57.115666948533494,114.23133389706699
96.6844860637093,193.3689721274186
62.68618978388444,125.37237956776887
28.30634887525306,56.61269775050612
84.35420449542369,168.70840899084737
89.24518164420485,178.4903632884097
84.3700570893974,168.7401141787948
21.303591856626102,42.607183713252205
60.27151735000093,120.54303470000185
74.45460497560005,148.9092099512001
31.446728757697795,62.89345751539559
87.23663372618657,174.47326745237314
60.915748752959665,121.83149750591933
63.28735668138741,126.57471336277482
28.838078335437288,57.676156670874576
27.11671398869777,54.23342797739554
35.79630810308101,71.59261620616202
99.11568479014727,198.23136958029454
69.66526492029487,139.33052984058975
14.462344612269163,28.924689224538326
74.49147678775273,148.98295357550546
69.90285309551565,139.8057061910313
94.169582311197,188.339164622394
36.47855305500668,72.95710611001336
26.272402464515444,52.54480492903089
52.25573310485696,104.51146620971392
74.42844393157266,148.85688786314532
69.14772772012252,138.29545544024504
24.936427258198467,49.872854516396934
90.01412813668406,180.02825627336813
20.71005583176214,41.42011166352428
29.02687459618377,58.05374919236754
8.616386957941502,17.232773915883005
47.94526127621354,95.89052255242709
52.2731256849245,104.546251369849
5.751738970024734,11.503477940049468
6.225960384467532,12.451920768935064
42.43078355211512,84.86156710423025
55.23533628107686,110.47067256215372
74.08899901756817,148.17799803513634
96.68152794964458,193.36305589928915
93.67846157659669,187.35692315319338
24.526499932142187,49.052999864284374
45.860370543068626,91.72074108613725
98.92761723929316,197.8552344785863
98.74382803292973,197.48765606585945
97.80253450213138,195.60506900426276
30.290110824236706,60.58022164847341
95.68948945677454,191.37897891354908
43.64077730537633,87.28155461075266
96.49457167007344,192.98914334014688
66.42199969800633,132.84399939601266
88.80359986175209,177.60719972350418
59.454899934629914,118.90979986925983
3.227091740183985,6.45418348036797
71.29390044853169,142.58780089706337
79.48940085833014,158.97880171666029
44.198289281474004,88.39657856294801
34.52959958805024,69.05919917610048
89.63992835664595,179.2798567132919
33.98555294837847,67.97110589675694
14.795599660742853,29.591199321485707
4.643812956768301,9.287625913536601
97.71945214628448,195.43890429256896
64.05148814216992,128.10297628433983
95.57958376816632,191.15916753633263
0.6872253541062245,1.374450708212449
8.196503919024112,16.393007838048224
61.81801415485795,123.6360283097159
16.924901303474194,33.84980260694839
46.88609695056524,93.77219390113048
50.564489237106955,101.12897847421391
53.44976459598975,106.8995291919795
7.797782708778723,15.595565417557445
76.19812265705525,152.3962453141105
55.070085019083656,110.14017003816731
66.48636602623964,132.97273205247927
24.03710627997454,48.07421255994908
16.36976154811334,32.73952309622668
76.57610622667494,153.15221245334988
19.783429402255447,39.56685880451089
56.54507156065532,113.09014312131065
29.6425963641486,59.2851927282972
41.125340387506796,82.25068077501359
80.4486603698166,160.8973207396332
76.70848472157182,153.41696944314364
24.821241025151465,49.64248205030293
3.5431770940760665,7.086354188152133
76.23518024431235,152.4703604886247
38.53589110372501,77.07178220745001
35.38650237670058,70.77300475340115
18.304247862722544,36.60849572544509
7.645220096278537,15.290440192557075
22.05966530415273,44.11933060830546
99.34629913025444,198.69259826050887
86.87607418829259,173.75214837658518
31.336881108543324,62.67376221708665
81.13341967531194,162.26683935062388
9.684492001618427,19.368984003236854
98.5603552006749,197.1207104013498
19.55984632922163,39.11969265844326
53.395022663084355,106.79004532616871
29.037871897893986,58.07574379578797
30.666354273426332,61.332708546852665
4.45076412569172,8.90152825138344
55.04338224767792,110.08676449535584
92.14442477211887,184.28884954423773
74.00894851502102,148.01789703004204
75.68615082014209,151.37230164028418
35.635042205026615,71.27008441005323
51.00783183003792,102.01566366007584
71.81779883939949,143.63559767879897
10.428285364330947,20.856570728661893
66.88011063467194,133.76022126934387
78.32056739688876,156.64113479377752
27.729994990224714,55.45998998044943
14.098793022335787,28.197586044671574
44.460664888578364,88.92132977715673
65.13305797378996,130.26611594757992
67.51080457347999,135.02160914695997
47.596468737678435,95.19293747535687
99.14509183180652,198.29018366361305
88.47853729465521,176.95707458931042
45.15443896637345,90.3088779327469
13.786371319833057,27.572742639666114
6.145715218905979,12.291430437811957
31.519501543118867,63.039003086237734
44.63292839427062,89.26585678854124
99.70323905435144,199.40647810870288
98.65497775168596,197.30995550337192
15.609106430599805,31.21821286119961
11.578049594986052,23.156099189972103
31.69622831932495,63.3924566386499
42.98758938168943,85.97517876337886
92.47786451367395,184.9557290273479
39.25740704430347,78.51481408860694
86.04264596277918,172.08529192555835
49.52121417327907,99.04242834655814
29.239169005295473,58.478338010590946
27.09926328512935,54.1985265702587
25.84134596237656,51.68269192475312
28.446392221203908,56.892784442407816
86.19788368819174,172.39576737638347
3.7294196209675556,7.458839241935111
31.97286921719581,63.94573843439162
51.998032693967374,103.99606538793475
50.48296288251595,100.9659257650319
24.728889825632784,49.45777965126557
17.392815667219686,34.78563133443937
95.94281331649171,191.88562663298342
38.97231225230635,77.9446245046127
19.69611982608025,39.3922396521605
45.77757436444565,91.5551487288913
86.2920485017207,172.5840970034414
54.46712415198428,108.93424830396856
62.882960588557694,125.76592117711539
41.90588806793338,83.81177613586677
0.8531719163751283,1.7063438327502567
70.55464008654349,141.10928017308697
92.9362754945966,185.8725509891932
16.903760936766822,33.807521873533645
66.80890927645949,133.61781855291898
99.57402193139454,199.14804386278908
88.95005681451546,177.90011362903093
77.30033653091635,154.6006730618327
39.19759756058404,78.39519512116809
86.76946133577829,173.53892267155658
25.874604488203655,51.74920897640731
59.14882454604824,118.29764909209648
25.88861415813235,51.7772283162647
94.99972539089191,189.99945078178382
77.67704320831615,155.3540864166323
76.49128481107894,152.98256962215788
88.9665639834894,177.9331279669788
99.3563112272054,198.7126224544108
57.54166930193835,115.0833386038767
10.838082041832797,21.676164083665594
18.822374905703942,37.644749811407884
23.759711746455913,47.51942349291183
7.0461423216159,14.0922846432318
57.80972686157347,115.61945372314695
68.66458168693987,137.32916337387974
16.10195542484495,32.2039108496899
97.51400045944408,195.02800091888815
65.92168644431737,131.84337288863475
73.14818202684292,146.29636405368583
30.92083891613108,61.84167783226216
34.597520226508735,69.19504045301747
71.69502969783271,143.39005939566542
89.40837594619492,178.81675189238985
2.344410051176238,4.688820102352476
9.123120922000982,18.246241844001965
87.14256842895817,174.28513685791634
33.83389428655972,67.66778857311944
0.20975734361107223,0.41951468722214447
29.19505870222653,58.39011740445306
45.20818657171765,90.4163731434353
99.64573139291089,199.29146278582178
52.25857833915924,104.51715667831849
83.42540531258864,166.85081062517727
40.19396467184604,80.38792934369208
8.647541936593283,17.295083873186567
6.766924394763452,13.533848789526903
40.77529709046003,81.55059418092006
34.95757926420533,69.91515852841066
70.60923374463863,141.21846748927726
22.91748662185833,45.83497324371666
98.94263760764032,197.88527521528064
47.56092251780042,95.12184503560084
24.443584915095485,48.88716983019097
19.854036949873933,39.708073899747866
0.5010953252690742,1.0021906505381484
9.902255390955494,19.804510781910988
63.11838451524401,126.23676903048802
98.04079759447954,196.08159518895908
39.01300553269002,78.02601106538005
80.60606019080777,161.21212038161553
65.10390928259898,130.20781856519795
39.61509151178893,79.23018302357787
31.051059352176956,62.10211870435391
72.91538893155773,145.83077786311546
10.148692556998684,20.297385113997368
94.56791301279989,189.13582602559978
67.29904796467972,134.59809592935943
2.5953216581686034,5.190643316337207
6.294542630559318,12.589085261118637
13.966361278511341,27.932722557022682
56.53651188538635,113.0730237707727
9.216308926735973,18.432617853471946
77.2820976600464,154.5641953200928
93.1235675793286,186.2471351586572
54.752310824765345,109.50462164953069
90.59358093151982,181.18716186303965
32.107497510218174,64.21499502043635
35.04387679868478,70.08775359736956
15.810229488286575,31.62045897657315
92.97407468751159,185.94814937502318
15.489506823175702,30.979013646351405
5.642995057634703,11.285990115269406
84.87358352792718,169.74716705585436
62.356303823304216,124.71260764660843
82.53585383438838,165.07170766877675
29.799759569011464,59.59951913802293
38.74709935472651,77.49419870945302
15.744628670261672,31.489257340523345
39.35258696335521,78.70517392671042
75.36496691562387,150.72993383124773
59.83501966820598,119.67003933641196
51.63886471075846,103.27772942151692
23.889784842790597,47.779569685581194
20.609380395981468,41.218760791962936
67.74624397621521,135.49248795243042
80.1016931278703,160.2033862557406
89.33274382304221,178.66548764608442
13.9400843332247,27.8801686664494
5.67544731956271,11.35089463912542
97.38896311031378,194.77792622062756
59.39660570682014,118.79321141364028
73.53917841671918,147.07835683343836
96.41200774521667,192.82401549043334
32.02753011613847,64.05506023227694
2.964152771643147,5.928305543286294
64.37946342705038,128.75892685410076
10.489818639246929,20.979637278493858
67.52877306210998,135.05754612421995
36.18202431235077,72.36404862470154
22.043029094732724,44.08605818946545
51.86670529776646,103.73341059553292
41.12524979649636,82.25049959299272
44.8709264726937,89.7418529453874
28.09916639151149,56.19833278302298
43.952341079397485,87.90468215879497
73.50687375345288,147.01374750690576
94.8600676242855,189.720135248571
44.08203109366337,88.16406218732673
42.918361551206495,85.83672310241299
21.912211236883316,43.82442247376663
82.12238099165735,164.2447619833147
28.95159756517386,57.90319513034772
80.09824560810002,160.19649121620003
15.835405147859195,31.67081029571839
31.298272438279117,62.596544876558234
65.88546210170283,131.77092420340566
56.67134470574721,113.34268941149442
53.11303810901757,106.22607621803515
35.36686526134638,70.73373052269277
84.22784451974644,168.45568903949288
28.673564884527757,57.34712976905551
0.9625943221254207,1.9251886442508415
95.96575378945732,191.93150757891465
77.210349797097,154.420699594194
20.98908231210651,41.97816462421302
94.02061574163564,188.04123148327128
80.48543130701256,160.97086261402512
16.93968779812871,33.87937559625742
22.627170404945385,45.25434080989077
20.34957891438166,40.69915782876332
24.362992994624154,48.72598598924831
47.108351515353554,94.21670303070711
80.43409133717509,160.86818267435018
2.984251270885596,5.968502541771192
33.580456781107,67.160913562214
6.664242416720678,13.328484833441356
38.72674099095196,77.45348198190392
45.20738523543572,90.41477047087145
11.196485013683578,22.392970027367156
61.47906913791596,122.95813827583191
74.73460875332587,149.46921750665174
13.01550382120592,26.03100764241184
79.43458321734624,158.8691664346925
67.3386956090166,134.6773912180332
82.89511214467609,165.79022428935218
92.36427244520746,184.72854489041492
63.732115371598894,127.46423074319779
34.45140038864183,68.90280077728366
98.25057567538744,196.50115135077488
0.7029533052659409,1.4059066105318818
29.347774338112988,58.695548676225975
58.412802101423125,116.82560420284625
30.740799144927355,61.48159828985471
87.8430510709987,175.6861021419974
85.05697788354504,170.1139557670901
7.804669696184174,15.609339392368348
85.334609148544,170.669218297088
69.36273006464562,138.72546012929124
27.76132199892566,55.52264399785132
45.75361573912337,91.50723147824674
16.571712991547837,33.143425983095675
2.929417642372878,5.858835284745756
8.803050816819447,17.606101633638893
60.46506184288669,120.93012368577338
68.76155862009126,137.52311724018253
80.06709482201995,160.1341896440399
83.30414639077219,166.60829278154438
50.600431486502806,101.20086297300561
8.582993572980824,17.165987145961648
74.81476285441894,149.6295257088379
82.35809777020273,164.71619554040547
25.567313064040352,51.134626128080704
27.514763150592803,55.029526301185605
87.66358097703481,175.32716195406962
76.11182109851555,152.2236421970311
35.303997763067564,70.60799552613513
90.13095779260925,180.2619155852185
54.03755903040335,108.0751180608067
46.59027477243068,93.18054954486136
87.85671875648836,175.71343751297672
65.84368803454382,131.68737606908763
31.89077590494076,63.78155180988152
98.1021449661409,196.2042899322818
78.61229398936655,157.2245879787331
38.41221320809519,76.82442641619038
91.88165649384862,183.76331298769725
81.21662747725964,162.43325495451927
1.0171009203537418,2.0342018407074836
66.31103340225447,132.62206680450893
51.88041392883657,103.76082785767314
26.05594750976462,52.11189501952924
21.308512339870532,42.617024679741064
61.89302805614519,123.78605611229038
76.96527347008542,153.93054694017084
96.99746617789266,193.99493235578532
9.041281171123439,18.082562342246877
57.31149787380959,114.62299574761919
19.833099364335293,39.66619872867059
2.391219141557277,4.782438283114554
2.6313094450346353,5.2626188900692705
51.65830217796283,103.31660435592566
54.61646180238636,109.23292360477272
79.00906342986141,158.01812685972283
50.258577266452335,100.51715453290467
96.61885206004375,193.2377041200875
25.21504812574069,50.43009625148138
23.937905684918338,47.875811369836676
13.432421578482856,26.864843156965712
95.28920541215537,190.57841082431074
0.3796395461317381,0.7592790922634762
45.34352403629705,90.6870480725941
50.26390456687692,100.52780913375383
12.64455327345091,25.28910654690182
27.43307955445432,54.86615910890864
2.0410852627941956,4.082170525588391
21.133464616765686,42.26692923353137
8.146932893972592,16.293865787945183
96.85576072930351,193.71152145860702
83.47679577678578,166.95359155357156
96.10496936305573,192.20993872611146
57.05587260339874,114.11174520679748
63.65436975533408,127.30873951066816
83.81432332426753,167.62864664853507
27.029670088728974,54.05934017745795
40.272195068369335,80.54439013673867
4.411309096129878,8.822618192259757
21.826608694034455,43.65321738806891
44.37674896849935,88.7534979369987
19.150392062330944,38.30078412466189
67.29051375399837,134.58102750799674
94.35247970878117,188.70495941756235
8.978263586593837,17.956527173187673
83.70612664734983,167.41225329469967
54.89507203765691,109.79014407531382
44.41450620946684,88.82901241893369
19.995245480889533,39.99049096177907
89.9577272037405,179.915454407481
99.4868427228816,198.9736854457632
80.65915217622816,161.31830435245632
91.9463091565598,183.8926183131196
1.277927032779258,2.555854065558516
99.04361084679674,198.08722169359348
7.4506938365313635,14.901387673062727
39.075967067027904,78.15193413405581
68.41982588590366,136.83965177180733
1.395187406208398,2.790374812416796
87.40221558007202,174.80443116014405
63.58199308442527,127.16398616885054
82.95459934128318,165.90919868256637
58.208031054740026,116.41606210948005
23.32786940200211,46.65573880400422
76.76412829163411,153.52825658326822
24.877568131882143,49.755136263764285
12.747010290431183,25.494020580862365
77.60541095474044,155.21082190948087
91.69574441748955,183.3914888349791
62.286587168383754,124.57317433676751
59.791185541057544,119.58237108211509
8.073116398762071,16.146232797524142
66.83834441698751,133.67668883397502
43.00551518654918,86.01103037309836
31.73978694319163,63.47957388638326
22.19890126212509,44.39780252425018
23.008709186529728,46.017418373059456
38.04253158692708,76.08506317385417
17.706892665250116,35.41378533050023
12.221538320124935,24.44307664024987
47.922683781276106,95.84536756255221
65.63806656238368,131.27613312476737
8.782662397593255,17.56532479518651
23.332884537648813,46.665769075297625
27.61771858958937,55.23543717917874
13.193634874303884,26.387269748607768
69.3757240229794,138.7514480459588
20.341509233255117,40.683018466510234
73.91265830287367,147.82531660574733
67.88389753252592,135.76779506505184
53.01145684890021,106.02291369780042
57.03645821701144,114.07291643402289
39.262725683909636,78.52545136781927
38.82638728899498,77.65277457798996
70.91947394769583,141.83894789539167
57.160112441253666,114.32022488250733
19.827252342509748,39.654504685019496
12.97674879197518,25.95349758395036
10.212273467281873,20.424546934563747
11.407883245028827,22.815766490057655
47.50631494436644,95.01262988873287
94.52311728428742,189.04623456857485
42.48586657688465,84.9717331537693
86.62338069053958,173.24676138107915
22.905377129274985,45.81075425854997
72.64777224718232,145.29554449436463
88.5045394776948,177.0090789553896
77.67191392441897,155.34382784883795
36.110452587409206,72.22090517481841
98.63924021262473,197.27848042524946
5.703771520345091,11.407543040690182
79.91201818758663,159.82403637517325
25.084848399938785,50.16969679987757
9.91345107188798,19.82690214377596
83.40353982483984,166.80707964967968
67.79031637466149,135.58063274932297
33.405992568524354,66.81198513704871
86.85988921312597,173.71977842625193
96.65241047112654,193.3048209422531
71.89558544207443,143.79117088414887
93.31540416371746,186.63080832743492
55.830663026338456,111.66132605267691
26.276090811007524,52.55218162201505
16.64851265160846,33.29702530321692
34.09730424156414,68.19460848312828
16.210750310008383,32.421500620016765
45.11085886992989,90.22171773985978
66.41733236094012,132.83466472188024
97.6810307724057,195.3620615448114
19.693182629023866,39.38636525804773
9.900791290267087,19.801582580534173
46.06860224198195,92.1372044839639
33.7607762127201,67.5215524254402
49.60253076565741,99.20506153131483
52.3061365033056,104.6122730066112
4.799571930302071,9.599143860604142
23.706831344096656,47.41366268819331
21.36437097093267,42.72874194186534
7.143834381312564,14.287668762625128
43.62684142322808,87.25368284645616
53.56360421146951,107.12720842293902
76.43385629511799,152.86771259023598
4.228896749680045,8.45779349936009
87.79433240836664,175.58866481673329
13.920867984184337,27.841735968368674
17.231462056960112,34.462924113920224
22.346960088500712,44.693920177001424
96.38503259184557,192.77006518369114
45.33442379847607,90.66884759695213
60.35894186950833,120.71788373901666
89.68759936033862,179.37519872067725
39.340829126989604,78.68165825397921
11.618695347819575,23.23739069563915
4.136435880706069,8.272871761412137
61.905904771644785,123.81180954328957
29.91369106681351,59.82738213362702
23.529366234862724,47.05873246972545
48.47800002109538,96.95600004219077
41.47111632353887,82.94223264707774
41.82725047994459,83.65450095988918
50.47216324285251,100.94432648570502
14.78518898751695,29.5703779750339
87.50240331228899,175.00480662457798
71.37200125088036,142.74400250176072
60.01979725788157,120.03959451576314
14.405678882914907,28.811357765829815
82.32417002936934,164.64834005873868
54.245885507703804,108.49177101540761
57.157571545742,114.315143091484
58.08771817870423,116.17543635740846
80.57609230177842,161.15218460355683
44.83020176127987,89.66040352255975
83.09969742063905,166.1993948412781
87.73890850167552,175.47781700335105
26.616416470491966,53.23283294098393
90.02000483802748,180.04000967605495
9.986211649152521,19.972423298305042
28.76268409262177,57.52536818524354
52.793038328246865,105.58607665649373
10.788112424262842,21.576224848525683
14.219788287954271,28.439576575908543
96.10598935990285,192.2119787198057
91.78587439949773,183.57174879899546
70.62441704063556,141.24883408127113
31.57902727145897,63.15805454291794
34.9599839230523,69.9199678461046
32.49412138639563,64.98824277279127
1.7043289264300543,3.4086578528601086
61.558145734460936,123.11629146892187
76.25370671910458,152.50741343820917
38.600438830264004,77.20087766052801
31.56365787335178,63.12731574670356
78.8815082652589,157.7630165305178
77.98018976702654,155.9603795340531
49.739161092004245,99.47832218400849
33.42594143532624,66.85188287065247
57.47971601222025,114.9594320244405
22.23619507592922,44.47239015185844
92.33785219824878,184.67570439649757
20.78319853397548,41.56639706795096
2.321496327526884,4.642992655053768
76.58654239657352,153.17308479314704
30.45534200415365,60.9106840083073
8.607517637668483,17.215035275336966
69.48138105389927,138.96276210779854
77.40255087384224,154.8051017476845
47.24766729269789,94.49533458539578
76.83506081166617,153.67012162333234
32.922401804736346,65.84480360947269
77.2491821512522,154.4983643025044
93.24560196439587,186.49120392879175
6.876956862066463,13.753913724132927
9.91372145517303,19.82744291034606
39.68713848779449,79.37427697558898
10.189354714506605,20.37870942901321
65.34764180449282,130.69528360898565
0.1488775590391178,0.2977551180782356
85.306941018248,170.613882036496
24.586628148864765,49.17325629772953
96.48005910752752,192.96011821505505
72.89251500210375,145.7850300042075
57.157834256716015,114.31566851343203
47.56103610641907,95.12207221283813
65.5789947613029,131.1579895226058
2.3087402802554724,4.617480560510945
85.06232799566223,170.12465599132446
29.51207277760991,59.02414555521982
65.42883247582115,130.8576649516423
79.2889953020202,158.5779906040404
59.75178899453915,119.5035779890783
75.94453635282248,151.88907270564496
3.203022912445541,6.406045824891082
16.48045580228308,32.96091160456616
12.220404440265009,24.440808880530017
94.94076897797913,189.88153795595827
21.10496740006652,42.20993480013304
75.69511470398457,151.39022940796914
52.27912430542535,104.5582486108507
3.6183053052224357,7.236610610444871
94.4923086684692,188.9846173369384
21.31076647165182,42.62153294330364
78.96212466238501,157.92424932477002
92.41819258324611,184.83638516649222
46.12581350384421,92.25162700768843
1.3759020986857884,2.7518041973715768
15.32833588179252,30.65667176358504
42.16965278845126,84.33930557690252
48.03912984301709,96.07825968603419
32.95250437131663,65.90500874263326
81.20268444346758,162.40536888693515
45.65171086757861,91.30342173515722
90.51641079343197,181.03282158686395
95.61798264443634,191.23596528887268
63.294790696600515,126.58958139320103
18.1431845010121,36.2863690020242
1.2066158219488865,2.413231643897773
42.73815303350521,85.47630606701043
37.945074576933536,75.89014915386707
52.64433542273166,105.28867084546332
63.936982249855404,127.87396449971081
36.171574436684025,72.34314887336805
94.39249710153291,188.78499420306582
2.2512007086590957,4.502401417318191
81.62680977724855,163.2536195544971
22.124063452294727,44.248126904589455
43.49061873698737,86.98123747397474
24.446263487952535,48.89252697590507
15.284410106113278,30.568820212226555
25.548626115815566,51.09725223163113
81.07660110235024,162.15320220470048
44.166870999685024,88.33374199937005
47.889296331684506,95.77859266336901
20.772898156077968,41.545796312155936
53.970062412765294,107.94012482553059
56.60163078261571,113.20326156523141
26.01200057810201,52.02400115620402
17.064635099176783,34.12927019835357
50.02826912648119,100.05653825296238
15.51706888612463,31.03413777224926
76.35017964443355,152.7003592888671
90.19348844311112,180.38697688622224
71.0862415536383,142.1724831072766
89.37799566568641,178.75599133137283
88.09681627434969,176.19363254869938
48.06730635117255,96.1346127023451
5.927030543986378,11.854061087972756
3.9155313455208396,7.831062691041679
37.26477316268427,74.52954632536854
85.6909683665688,171.3819367331376
47.428382172948766,94.85676434589753
38.85810558626195,77.7162111725239
6.482239693415092,12.964479386830185
90.40528897028818,180.81057794057637
9.462471135796358,18.924942271592716
88.00046432721197,176.00092865442394
76.79844715369656,153.59689430739311
85.25478231546634,170.5095646309327
41.951203909956114,83.90240781991223
76.69567862151293,153.39135724302585
16.613698511316088,33.227397022632175
53.596859675338095,107.19371935067619
24.892978135801403,49.78595627160281
0.9117300314285703,1.8234600628571407
66.42067304729258,132.84134609458516
94.38699491056103,188.77398982112206
50.651717370863715,101.30343474172743
25.998429411865864,51.99685882373173
78.12380679025236,156.24761358050472
51.04093349309235,102.0818669861847
33.420234572480155,66.84046914496031
35.64945583096143,71.29891166192286
99.65405212401032,199.30810424802064
29.56445507342159,59.12891014684318
90.80893542064346,181.61787084128693
26.23348675367415,52.4669735073483
94.18227948039689,188.36455896079377
25.522125430960507,51.044250861921014
67.99966660744387,135.99933321488774
55.231709956030784,110.46341991206157
34.92138326997388,69.84276653994776
85.21293355108561,170.42586710217122
55.295664524913676,110.59132904982735
2.045103752562949,4.090207505125898
66.25386918915328,132.50773837830656
74.06356518421214,148.12713036842428
68.02881192058847,136.05762384117693
57.84845932170447,115.69691864340894
2.117915478721455,4.23583095744291
29.815321404552865,59.63064280910573
67.20208962298909,134.40417924597818
12.200202492221345,24.40040498444269
12.643509455375634,25.287018910751268
28.86017355044941,57.72034710089882
47.89585703459225,95.7917140691845
66.77911912844819,133.55823825689637
91.89450324708287,183.78900649416573
29.74662675983807,59.49325351967614
0.6875490404048668,1.3750980808097335
0.4740716414791235,0.948143282958247
1.1894630085950264,2.378926017190053
72.71842805920764,145.43685611841528
86.27775140766694,172.55550281533388
30.23369439001509,60.46738878003018
91.04123201130022,182.08246402260045
67.61670370167192,135.23340740334385
82.78831025819149,165.57662051638297
55.31503554252848,110.63007108505695
27.985454766177696,55.97090953235539
53.34215037462623,106.68430074925246
37.58750524973369,75.17501049946738
89.75324802750714,179.50649605501428
62.2944180393278,124.5888360786556
39.777377111847066,79.55475422369413
39.91965670180241,79.83931340360482
56.20442577432681,112.40885154865362
72.03843348213967,144.07686696427933
5.4139947956378105,10.827989591275621
40.802152674464665,81.60430534892933
21.88636175152857,43.77272350305714
21.699196933186183,43.398393866372366
32.30666225675871,64.61332451351743
29.626298998727307,59.252597997454615
29.38259865264774,58.76519730529548
31.732052176908876,63.46410435381775
60.059946419344,120.119892838688
33.37361555787781,66.74723111575562
42.19731505725526,84.39463011451052
77.89854256443257,155.79708512886515
82.94958650930081,165.89917301860163
37.261750226418165,74.52350045283633
73.32278049713979,146.64556099427958
96.16134962449962,192.32269924899924
38.9266530498109,77.8533060996218
93.14010787150198,186.28021574300396
4.988135852299869,9.976271704599737
47.76074119991398,95.52148239982796
56.79543014312881,113.59086028625762
4.704938188971153,9.409876377942306
28.627545754481897,57.255091508963794
2.5531767060482324,5.106353412096465
50.37050700384589,100.74101400769177
49.364613251452695,98.72922650290539
8.523561386999202,17.047122773998403
66.01311607942938,132.02623215885876
87.51558456271941,175.03116912543882
21.75054925282689,43.50109850565378
38.2576220631384,76.5152441262768
18.591998369688046,37.18399673937609
33.84511925099331,67.69023850198661
18.188280474539788,36.376560949079575
81.26011555667081,162.52023111334162
28.408630603816864,56.81726120763373
12.869160350285958,25.738320700571915
41.592178221668355,83.18435644333671
18.24311997557613,36.48623995115226
41.173692236175796,82.34738447235159
41.8756235178002,83.7512470356004
14.956038650030445,29.91207730006089
19.419936716672403,38.839873433344806
5.3641536152113645,10.728307230422729
92.74668350356767,185.49336700713533
85.0458673983767,170.0917347967534
21.50566238017926,43.01132476035852
32.95636136816446,65.91272273632892
84.95166085403311,169.90332170806622
56.22754962906895,112.4550992581379
55.63221216165255,111.2644243233051
82.29090998154497,164.58181996308994
68.57973756139032,137.15947512278063
67.42946008630875,134.8589201726175
86.91030590746594,173.82061181493188
13.404485130673628,26.808970261347255
36.07969674243078,72.15939348486155
34.56485105570265,69.1297021114053
92.68311891029889,185.36623782059777
94.9921453831177,189.9842907662354
78.36521393766127,156.73042787532253
11.079901606467867,22.159803212935735
49.522475650497185,99.04495130099437
60.77946621519986,121.55893243039972
11.538141842621364,23.07628368524273
32.058700201897814,64.11740040379563
27.03675063724924,54.07350127449848
81.35918647720518,162.71837295441037
60.68063503560814,121.36127007121628
96.96809300413139,193.93618600826278
1.2068410471898883,2.4136820943797765
10.33027111174155,20.6605422234831
1.8455855301518276,3.691171060303655
23.947754620043014,47.89550924008603
8.346870047257593,16.693740094515185
92.32011157154723,184.64022314309446
95.53986517380721,191.07973034761443
81.39746558696362,162.79493117392724
91.93586763907238,183.87173527814477
38.58196217165795,77.1639243433159
2.0640620341726312,4.1281240683452625
54.42395369583739,108.84790739167478
46.579210559926786,93.15842111985357
89.47708331711384,178.95416663422768
97.6245620427853,195.2491240855706
9.464188855156507,18.928377710313015
23.83507959515112,47.67015919030224
99.63072093201221,199.26144186402442
45.632256973589236,91.26451394717847
71.2487935245771,142.4975870491542
74.68869591346107,149.37739182692215
35.90416656899812,71.80833313799624
15.61114601921707,31.22229203843414
0.8629305352938155,1.725861070587631
86.34118284580869,172.68236569161738
24.875898340719672,49.751796681439345
28.02993591050059,56.05987182100118
10.875470177228564,21.75094035445713
71.60517296622827,143.21034593245653
48.826870924908384,97.65374184981677
47.835087017343405,95.67017403468681
10.70692786509645,21.4138557301929
83.69087366273058,167.38174732546116
1.8302822443611921,3.6605644887223843
13.016445540336308,26.032891080672616
53.08701273002021,106.17402546004043
58.06650849788896,116.13301699577792
98.27548345551168,196.55096691102335
96.17102126465996,192.3420425293199
45.72099774156819,91.44199548313638
86.4941679073829,172.9883358147658
19.9260408555074,39.8520817110148
53.679950544459054,107.35990108891811
39.68840879384407,79.37681758768814
98.79378777820827,197.58757555641654
60.1817044398861,120.3634088797722
80.1752938012095,160.350587602419
58.15436489882321,116.30872979764642
98.92892047666393,197.85784095332787
97.35095306913463,194.70190613826927
21.796802742284083,43.593605484568165
18.43626533123559,36.87253066247118
16.19361456353474,32.38722912706948
96.56187288187,193.12374576374
40.80829846810341,81.61659693620682
39.31072012858067,78.62144025716134
62.90654688537563,125.81309377075127
75.64714140691038,151.29428281382076
99.2403988124822,198.4807976249644
75.15764330254743,150.31528660509485
90.98962757681358,181.97925515362715
91.1239881226425,182.247976245285
91.7800452555974,183.5600905111948
73.5361002335831,147.0722004671662
17.300553626629,34.601107253258
14.560545793457159,29.121091586914318
71.08632972516726,142.17265945033452
6.607297717158689,13.214595434317378
94.20425137685801,188.40850275371602
99.28942180538016,198.57884361076032
85.31064706055537,170.62129412111074
61.96527623051564,123.93055246103128
83.36445165632219,166.72890331264438
23.40571311449424,46.81142622898848
90.72306160684418,181.44612321368837
12.736956549919887,25.473913099839773
92.29269546856827,184.58539093713654
51.464237594448804,102.92847518889761
76.86779909562537,153.73559819125074
56.798766936502,113.597533873004
1.2325239308478175,2.465047861695635
27.736719084067694,55.47343816813539
61.733208855652656,123.46641771130531
25.891624950786262,51.783249901572525
73.17773386461994,146.35546772923988
75.23524974045313,150.47049948090626
30.565437210016157,61.13087442003231
67.80302984457961,135.60605968915922
42.329044382368274,84.65808876473655
13.924921490104214,27.84984298020843
23.06660240162789,46.13320480325578
69.70505051821961,139.41010103643922
49.20142613996735,98.4028522799347
66.2478982604824,132.4957965209648
55.27836904678293,110.55673809356585
52.56034919915875,105.1206983983175
94.20342571694779,188.40685143389558
48.28307125208975,96.5661425041795
35.36091692267054,70.72183384534108
82.32906929733798,164.65813859467596
38.13461940638494,76.26923881276988
36.49314160625743,72.98628321251486
36.4935748212476,72.9871496424952
35.373297345129714,70.74659469025943
18.93793567490797,37.87587134981594
99.13756230422895,198.2751246084579
15.238758482704418,30.477516965408835
42.8855066994835,85.771013398967
68.07396969528301,136.14793939056602
92.72567874881989,185.45135749763978
34.144746045845686,68.28949209169137
89.37209557233527,178.74419114467054
51.98575202764268,103.97150405528537
38.4618172412359,76.9236344824718
49.321383028628816,98.64276605725763
91.55889027118472,183.11778054236945
13.105754334808683,26.211508669617366
28.950253072164312,57.900506144328624
55.72610175753011,111.45220351506022
6.050212099449281,12.100424198898562
75.86186701368219,151.72373402736437
33.62758923671987,67.25517847343974
53.530273087927405,107.06054617585481
93.44371755898649,186.88743511797298
47.587911472586,95.175822945172
30.388426780257603,60.77685356051521
42.01276199610021,84.02552399220042
72.53197326004637,145.06394652009274
24.44027757597026,48.88055515194052
46.291582794258645,92.58316558851729
22.72390772713647,45.44781545427294
10.869961927925786,21.739923855851572
25.493654064325334,50.98730812865067
71.87895936839674,143.75791873679347
53.17685453748457,106.35370907496915
11.137258064553812,22.274516129107624
34.469558247734575,68.93911649546915
58.40672886750659,116.81345773501317
20.15517269778372,40.31034539556744
30.262737011873895,60.52547402374779
91.03093798674932,182.06187597349864
76.63274249295137,153.26548498590273
28.41077228663722,56.82154457327444
4.557959895843422,9.115919791686844
17.16874398508148,34.33748797016296
5.263136585208472,10.526273170416944
62.49173459771738,124.98346919543476
15.273525512922514,30.54705102584503
68.95426853651178,137.90853707302355
15.4057973917881,30.8115947835762
41.92466848422573,83.84933696845145
2.911615238104337,5.823230476208674
8.85085985294739,17.70171970589478
84.18484729103083,168.36969458206167
26.8817007342006,53.7634014684012
70.57205502638158,141.14411005276315
95.37814172421449,190.75628344842897
87.55476550638137,175.10953101276274
50.03150892944163,100.06301785888326
15.69445244356097,31.38890488712194
38.63220579795691,77.26441159591381
6.628295395836725,13.25659079167345
57.09551523092895,114.1910304618579
14.598627416104526,29.19725483220905
71.72846517854735,143.4569303570947
35.55257930834716,71.10515861669433
59.32648082615493,118.65296165230986
17.42417115351076,34.84834230702152
58.2549056168949,116.5098112337898
4.677860548776691,9.355721097553381
67.06797888163298,134.13595776326596
94.40376856270375,188.8075371254075
17.955385872717113,35.910771745434225
20.459220563076098,40.918441126152196
46.92699425289053,93.85398850578106
6.824478603710748,13.648957207421496
87.11592149922839,174.23184299845678
26.53672813747221,53.07345627494442
2.5193248920495126,5.038649784099025
27.264601202004755,54.52920240400951
40.49325492018559,80.98650984037118
12.773670400907989,25.547340801815977
94.93237420596003,189.86474841192006
14.182030709020966,28.36406141804193
96.24967796462066,192.49935592924132
51.677431896756474,103.35486379351295
4.251405322489377,8.502810644978753
27.869163786301765,55.73832757260353
41.3268218131695,82.653643626339
16.360206942355415,32.72041388471083
20.12487147213792,40.24974294427584
1.6672912616639723,3.3345825233279447
67.59771191149015,135.1954238229803
82.94988134702143,165.89976269404286
51.25545428575362,102.51090857150724
42.936929830602686,85.87385966120537
68.02517711050517,136.05035422101034
82.97741013711529,165.95482027423057
58.13607241686961,116.27214483373922
33.39121958475219,66.78243916950439
58.21650230506222,116.43300461012444
92.57089057498223,185.14178114996446
86.37040888837049,172.74081777674098
48.71500036327552,97.43000072655104
12.990234439944937,25.980468879889873
66.63084421274313,133.26168842548626
11.601008901112753,23.202017802225505
35.24319518191989,70.48639036383977
41.25878100665042,82.51756201330085
86.81625151430681,173.63250302861363
9.858801448901888,19.717602897803776
3.55911115850317,7.11822231700634
37.06362983140063,74.12725966280126
71.10755407467984,142.21510814935968
33.23194633451276,66.46389266902553
32.365848407629116,64.73169681525823
66.41298530620188,132.82597061240375
39.837288238965954,79.67457647793191
47.75835517496044,95.51671034992088
1.3148203901496847,2.6296407802993693
40.56098891015893,81.12197782031787
64.5380067566826,129.0760135133652
51.71544570858559,103.43089141717118
18.835644098935234,37.67128819787047
13.486486944407094,26.972973888814188
63.941825738225255,127.88365147645051
25.049839537069364,50.09967907413873
51.19105930154967,102.38211860309934
8.75413768906762,17.50827537813524
49.3416616929165,98.683323385833
0.1795220225100702,0.3590440450201404
93.49575144037313,186.99150288074625
59.54908063196368,119.09816126392737
17.493765883754662,34.987531767509324
33.78516485458554,67.57032970917108
80.69261998246354,161.38523996492708
74.5803237379853,149.1606474759706
33.335284518590925,66.67056903718185
4.153682759610011,8.307365519220022
75.83917098782298,151.67834197564596
21.7066325012361,43.4132650024722
63.949258026198464,127.89851605239693
8.410764657080193,16.821529314160387
70.00081780913378,140.00163561826756
83.75430724120028,167.50861448240056
56.797260645149784,113.59452129029957
33.100593252078184,66.20118650415637
89.93264677927725,179.8652935585545
6.57290703262735,13.1458140652547
85.44797486490846,170.89594972981692
88.17835449291009,176.35670898582018
17.032099457476612,34.064198914953224
58.722253810123405,117.44450762024681
58.103519876111505,116.20703975222301
87.73089990151821,175.46179980303643
94.34574431838112,188.69148863676224
94.3945018953849,188.7890037907698
25.82689034850563,51.65378069701126
44.27471355201027,88.54942710402054
92.65080363843049,185.30160727686098
49.280541812852555,98.56108362570511
40.67976451720966,81.35952903441932
10.352338241816684,20.704676483633367
53.38642122049968,106.77284244099936
42.57494062883952,85.14988125767904
69.97800282800688,139.95600565601376
29.28498886556863,58.56997773113726
44.91207768490612,89.82415536981225
60.096678096609615,120.19335619321923
65.5913320759146,131.1826641518292
98.23343303275318,196.46686606550637
27.428810926070856,54.85762185214171
66.17240359741639,132.34480719483278
21.039920908617148,42.079841817234296
92.93662494655905,185.8732498931181
45.86590220206991,91.73180440413982
63.401590502293004,126.80318100458601
87.45736736435732,174.91473472871465
45.55400923587555,91.1080184717511
16.824801201462936,33.64960240292587
23.902425492343948,47.804850984687896
39.914884052591695,79.82976810518339
3.2406887867293177,6.481377573458635
5.4802482381006605,10.960496476201321
3.1446535411102428,6.2893070822204855
47.264941512023086,94.52988302404617
1.3472747352911374,2.694549470582275
89.10378762571149,178.20757525142298
40.42620742175818,80.85241484351636
15.72737560532229,31.45475121064458
92.91386278909361,185.82772557818723
39.22409764113327,78.44819528226654
87.29255371525014,174.58510743050027
81.13148792897351,162.26297585794703
18.024263056616807,36.04852611323361
25.262815495315817,50.52563099063163
49.2857118711838,98.5714237423676
66.00851691466522,132.01703382933044
55.5612846024609,111.1225692049218
83.13342554938882,166.26685109877764
10.960627354177888,21.921254708355775
28.758481685679683,57.51696337135937
96.55021437284438,193.10042874568876
65.66266957514574,131.32533915029148
9.915443481127262,19.830886962254525
98.04615628241312,196.09231256482624
55.620803976834864,111.24160795366973
94.06365780964806,188.12731561929613
33.22658264482846,66.45316528965692
80.18463828055444,160.36927656110888
57.341507764587554,114.68301552917511
68.5426597355372,137.0853194710744
78.56017639581736,157.12035279163473
5.302628102344498,10.605256204688995
61.12653873388992,122.25307746777985
26.107540230965252,52.215080461930505
43.333100708920824,86.66620141784165
40.95214604079974,81.90429208159948
72.04130814632737,144.08261629265473
39.50608165240418,79.01216330480835
27.23265478994178,54.46530957988356
30.441364722518983,60.88272944503797
47.70884478389541,95.41768956779082
14.148153959710774,28.296307919421547
46.76112450622111,93.52224901244222
92.8643891329682,185.7287782659364
64.93523154649277,129.87046309298555
80.0048057000724,160.0096114001448
31.03680884534663,62.07361769069326
34.440168131118135,68.88033626223627
6.187139756243065,12.37427951248613
10.259159608985458,20.518319217970916
66.86569423834413,133.73138847668827
88.25761809133128,176.51523618266256
85.14803406812003,170.29606813624005
8.879719746474201,17.759439492948403
54.57761492329237,109.15522984658475
57.91045596376813,115.82091192753626
41.15980514813084,82.31961029626169
12.016421255584763,24.032842511169527
98.03180605027558,196.06361210055115
30.59810651710906,61.19621303421812
39.11597772132724,78.23195544265448
93.57878997624385,187.1575799524877
86.18855410752062,172.37710821504123
85.13775455589396,170.27550911178793
62.7542319416247,125.5084638832494
42.81479965683634,85.62959931367268
30.800594728127116,61.60118945625423
91.42431259325959,182.84862518651917
8.177573160445274,16.355146320890547
8.986445579643288,17.972891159286576
54.549300904187994,109.09860180837599
60.279187940843414,120.55837588168683
4.972243711078539,9.944487422157078
81.91400201458873,163.82800402917746
83.87481756228587,167.74963512457174
75.47412001019596,150.94824002039192
59.82496219249366,119.64992438498732
77.87834606246392,155.75669212492784
19.550538103774763,39.101076207549525
85.81429135023916,171.62858270047832
41.73240860329135,83.4648172065827
72.93840417268513,145.87680834537025
74.98019316178143,149.96038632356286
70.44242438474558,140.88484876949116
8.800059919445502,17.600119838891004
49.24196803200157,98.48393606400315
62.060823962470266,124.12164792494053
15.389317624375753,30.778635248751506
18.191048369415398,36.382096738830796
94.54395283556136,189.0879056711227
97.85302411767351,195.70604823534703
49.639570656529465,99.27914131305893
79.85333429896663,159.70666859793326
67.45766581336116,134.91533162672232
46.141475440003134,92.28295088000627
5.383358100645442,10.766716201290883
67.77164994706749,135.54329989413498
20.438189681409547,40.876379362819094
75.48482061949659,150.96964123899318
74.09089544359213,148.18179088718426
59.153376586531834,118.30675317306367
24.987283414317563,49.974566828635126
2.4936348279164244,4.987269655832849
85.25443959258175,170.5088791851635
41.2273383798626,82.4546767597252
98.10217087029113,196.20434174058227
98.83760089771431,197.67520179542862
22.158535133560385,44.31707026712077
93.41729249655711,186.83458499311422
26.92415548549193,53.84831097098386
71.76635534720542,143.53271069441084
30.496910890214156,60.99382178042831
68.17520601777026,136.35041203554053
81.6202060937693,163.2404121875386
16.420258316265755,32.84051663253151
76.57687373933352,153.15374747866704
50.794229513410485,101.58845902682097
0.7933266058861022,1.5866532117722043
43.995555096705075,87.99111019341015
22.936272959627512,45.872545919255025
65.03893845887418,130.07787691774837
32.821224118758984,65.64244823751797
63.13707168376349,126.27414336752697
45.486113138471296,90.97222627694259
23.660580439610335,47.32116087922067
78.2743234905964,156.5486469811928
47.65728363995577,95.31456727991154
46.91025267833674,93.82050535667348
80.3763525358778,160.7527050717556
56.54840915117163,113.09681830234327
32.71168799312076,65.42337598624152
83.19504769830044,166.39009539660088
9.935752421757204,19.87150484351441
60.100622471628796,120.20124494325759
3.9857752052014916,7.971550410402983
22.714945454908687,45.429890909817374
0.9336113356020248,1.8672226712040496
48.96897260681137,97.93794521362274
54.4817902646057,108.9635805292114
43.82584603297407,87.65169206594814
56.11127086725256,112.22254173450511
2.3297586077303922,4.6595172154607845
36.007597071861284,72.01519414372257
86.88155236124167,173.76310472248335
33.10040081256835,66.2008016251367
54.823424693105096,109.64684938621019
83.79106844383118,167.58213688766236
81.33523906410728,162.67047812821457
26.515025906191582,53.030051812383164
7.402482606071448,14.804965212142896
63.859414212751076,127.71882842550215
16.389395827407583,32.778791654815166
0.9807790276092798,1.9615580552185596
83.4200522080874,166.8401044161748
3.580557681930685,7.16111536386137
21.236061859003463,42.47212371800693
34.98623671744932,69.97247343489865
97.74919787035036,195.49839574070072
62.543219632011,125.086439264022
35.95590382830214,71.91180765660428
28.99726979929539,57.99453959859078
75.19714169474602,150.39428338949205
33.50364136386775,67.0072827277355
3.8326439940810197,7.6652879881620395
88.47342008066413,176.94684016132825
33.02586419160487,66.05172838320973
51.97680388009641,103.95360776019282
63.02408442315347,126.04816884630694
36.27399396767742,72.54798793535484
7.9491401254109135,15.898280250821827
44.172992367893116,88.34598473578623
65.93357391687269,131.86714783374538
87.35876489251493,174.71752978502985
51.661445664156304,103.32289132831261
40.47502140489752,80.95004280979504
38.11108106749792,76.22216213499584
71.85819393705108,143.71638787410217
23.62318862710364,47.24637725420728
8.630473517283011,17.260947034566023
66.92480343026197,133.84960686052395
21.50888067746921,43.01776135493842
49.736804918864216,99.47360983772843
55.65156925174675,111.3031385034935
64.05104860093978,128.10209720187956
15.10582571220408,30.21165142440816
13.483718034328119,26.967436068656237
11.854632914820339,23.709265829640678
87.83434413738095,175.6686882747619
69.26894714509206,138.5378942901841
94.8751706778815,189.750341355763
59.65099637715229,119.30199275430458
81.41350403326591,162.82700806653182
52.387990956799676,104.77598191359935
65.90149956382535,131.8029991276507
20.366945197390397,40.73389039478079
73.68129465425149,147.36258930850298
33.92289010946785,67.8457802189357
23.665511581864862,47.331023163729725
30.168270050681635,60.33654010136327
18.77010826973854,37.54021653947708
51.038585964800795,102.07717192960159
19.258503835100584,38.51700767020117
12.178963508966978,24.357927017933957
92.78498542994703,185.56997085989406
44.3862810507476,88.7725621014952
48.27340371282528,96.54680742565056
66.95459483129831,133.90918966259662
52.64037491929571,105.28074983859142
38.9002988288302,77.8005976576604
94.27054277770436,188.54108555540873
14.766371253973299,29.532742507946597
76.96021076249741,153.92042152499482
70.12098304611291,140.24196609222582
6.052484551669668,12.104969103339336
72.95547194040212,145.91094388080424
69.87579006932452,139.75158013864905
2.1180532810869734,4.236106562173947
42.685675359457456,85.37135071891491
56.46486595339131,112.92973190678262
72.846807815606,145.693615631212
64.52268537967053,129.04537075934107
14.893227035713686,29.78645407142737
55.57112243738608,111.14224487477216
80.92329502175517,161.84659004351033
84.23728727701769,168.47457455403537
71.01028487647156,142.02056975294312
47.85769735852329,95.71539471704658
28.020923337029945,56.04184667405989
22.938020977643227,45.87604195528645
78.01895834403996,156.03791668807992
97.13018429943284,194.26036859886568
64.0499226363471,128.0998452726942
48.76047049979313,97.52094099958626
51.44266768666101,102.88533537332202
56.97206464718925,113.9441292943785
68.96364475849698,137.92728951699397
38.546087754473625,77.09217550894725
52.90125313804962,105.80250627609924
37.57507594247886,75.15015188495772
77.39640067539882,154.79280135079765
12.969475672292653,25.938951344585305
58.19276988559914,116.38553977119828
66.53937720273208,133.07875440546417
47.87859104488346,95.75718208976691
13.920250619091423,27.840501238182846
42.015086338448135,84.03017267689627
14.924863719278125,29.84972743855625
20.71057119277012,41.42114238554024
11.588710333484487,23.177420666968974
56.22789447255978,112.45578894511956
94.18369744414308,188.36739488828616
73.20111021181775,146.4022204236355
35.190326497419676,70.38065299483935
86.5585620136242,173.1171240272484
96.98522064341536,193.97044128683072
72.13856746497845,144.2771349299569
43.14897423544125,86.2979484708825
7.1445303685500505,14.289060737100101
49.953918866690614,99.90783773338123
50.28838837151384,100.57677674302768
52.51721544304881,105.03443088609762
50.975789817831306,101.95157963566261
85.18786662919749,170.37573325839497
95.25136132119674,190.50272264239348
28.633093763977037,57.266187527954074
87.71612408786646,175.43224817573292
53.3897199963802,106.7794399927604
27.94047771689395,55.8809554337879
52.659424656224665,105.31884931244933
59.017086662650065,118.03417332530013
32.16573872334349,64.33147744668697
46.5290535105373,93.0581070210746
53.31365974289963,106.62731948579926
51.978527667734454,103.95705533546891
51.09465453354217,102.18930906708434
40.75749724577048,81.51499449154096
16.767269849507827,33.53453969901565
57.71003300065918,115.42006600131836
43.663210067178206,87.32642013435641
48.228626378215964,96.45725275643193
92.79046531584854,185.58093063169707
44.563735542894065,89.12747108578813
32.37937398285921,64.75874796571841
90.09041298185538,180.18082596371076
45.247507927973764,90.49501585594753
70.59578268656622,141.19156537313245
73.19450337616337,146.38900675232674
40.33085282290204,80.66170564580408
3.901488087232674,7.802976174465348
71.6648377572517,143.3296755145034
6.927290695321098,13.854581390642196
80.5006012592948,161.0012025185896
49.02241068370137,98.04482136740273
85.34394042271701,170.68788084543402
39.29164525905122,78.58329051810244
57.18119302203495,114.3623860440699
78.48107101759048,156.96214203518096
26.59685800357353,53.19371600714706
64.62906404176904,129.25812808353808
40.16385501837137,80.32771003674274
23.75806558981428,47.51613117962856
36.30899852380206,72.61799704760412
86.06357779956785,172.1271555991357
86.33958459534877,172.67916919069754
0.743133922179362,1.486267844358724
22.067019754058638,44.134039508117276
39.352212059552684,78.70442411910537
62.82317270821608,125.64634541643215
29.007700646384837,58.015401292769674
78.43726081297116,156.87452162594232
27.850294895432793,55.700589790865585
4.299641663072629,8.599283326145258
35.53239376950694,71.06478753901388
16.300974067659602,32.601948135319205
50.392443277858966,100.78488655571793
84.91912658390073,169.83825316780147
56.936616508546614,113.87323301709323
94.45384021893985,188.9076804378797
17.870444822843734,35.74088964568747
97.46178722791147,194.92357445582294
27.85436915488191,55.70873830976382
86.93845022653315,173.8769004530663
36.052084645340656,72.10416929068131
14.73524825660526,29.47049651321052
65.94403613417977,131.88807226835954
9.26388980912829,18.52777961825658
9.050298494907882,18.100596989815763
19.784738212811614,39.56947642562323
0.609863196706073,1.219726393412146
62.96567011220496,125.93134022440992
50.743231284243684,101.48646256848737
74.07625592070215,148.1525118414043
32.8107407942059,65.6214815884118
68.91245345572064,137.82490691144127
48.23052902169198,96.46105804338396
93.48037176351308,186.96074352702615
10.86609826293855,21.7321965258771
1.9326125818360573,3.8652251636721147
77.3959636964442,154.7919273928884
33.18879770274072,66.37759540548144
7.424871784902742,14.849743569805485
43.359485903682696,86.71897180736539
86.08354400345067,172.16708800690134
28.686973832919094,57.37394766583819
11.148340365966314,22.29668073193263
93.65100376402239,187.30200752804478
98.63333198204344,197.2666639640869
2.2626176240833296,4.525235248166659
46.00272740428682,92.00545480857365
55.37697340758082,110.75394681516164
16.154205109292185,32.30841021858437
93.81093910320247,187.62187820640494
78.43670234995088,156.87340469990176
91.5791559403299,183.1583118806598
50.87480572199416,101.74961144398831
53.25344119862232,106.50688239724464
50.110728181133894,100.22145636226779
18.63497716374892,37.26995432749784
40.65778952710796,81.31557905421592
37.34822821829393,74.69645643658787
57.61481817248675,115.2296363449735
42.386084158182605,84.77216831636521
50.77223737216916,101.54447474433832
25.269569247508805,50.53913849501761
50.489079119819856,100.97815823963971
44.06737192039611,88.13474384079223
19.55117204900563,39.10234409801126
84.64110316105617,169.28220632211233
97.77018337360197,195.54036674720393
30.107385768785512,60.214771537571025
96.39691091701891,192.79382183403783
95.70706661028208,191.41413322056417
88.13777071278348,176.27554142556696
35.1848674920337,70.3697349840674
80.47992346633156,160.9598469326631
70.87417291301443,141.74834582602887
62.83301935348303,125.66603870696606
47.97175033188417,95.94350066376833
88.4714833120072,176.9429666240144
7.413758700809526,14.827517401619051
14.54910228536227,29.09820457072454
76.00459136293155,152.0091827258631
46.0043475833415,92.008695166683
30.320556048389268,60.641112096778535
36.82445525212918,73.64891050425835
96.90363072592493,193.80726145184985
40.834240179468495,81.66848035893699
35.9199795606787,71.8399591213574
52.407452879611164,104.81490575922233
75.70927584521155,151.4185516904231
65.10975313975732,130.21950627951463
3.416725982802149,6.833451965604298
64.25314717961584,128.50629435923167
94.9642147445864,189.9284294891728
31.987717136846825,63.97543427369365
91.3661856197142,182.7323712394284
