input:a:0,output:b:0
90.78092766474772,181.56185532949544
32.594633310418295,65.18926662083659
62.43643425985058,124.87286851970116
15.374508100543638,30.749016201087276
56.36931906296686,112.73863812593372
69.47977254204169,138.95954508408337
25.795736407264357,51.591472814528714
56.392838427383666,112.78567685476733
59.42943959380839,118.85887918761678
29.3436410620281,58.6872821240562
34.232988983458924,68.46597796691785
9.701310019484666,19.40262003896933
26.633962244419106,53.26792448883821
19.131114682326,38.262229364652
63.830105360215896,127.66021072043179
45.82802505363017,91.65605010726034
11.015461416625971,22.030922833251942
21.387284445727804,42.77456889145561
34.291464020584996,68.58292804116999
67.82334273387004,135.64668546774007
95.58372160902913,191.16744321805825
19.090038239483587,38.18007647896717
11.038128957021021,22.076257914042042
85.76244606731748,171.52489213463497
3.1307793381684212,6.2615586763368425
57.85029337635642,115.70058675271284
54.16262756524098,108.32525513048196
2.041963398533153,4.083926797066306
19.313852001550835,38.62770400310167
98.94598104198475,197.8919620839695
90.94039066360881,181.88078132721762
45.66154327821722,91.32308655643445
67.23087431811894,134.46174863623787
52.25516821186776,104.51033642373552
6.681757383128462,13.363514766256923
63.42797346274277,126.85594692548554
91.19860199058196,182.39720398116393
43.96259353230253,87.92518706460505
12.271461017746432,24.542922035492865
38.55054706428059,77.10109412856119
72.72078342727623,145.44156685455246
39.51589391303641,79.03178782607282
0.2328217561422652,0.4656435122845304
69.5935878225052,139.1871756450104
18.601067971454377,37.202135942908754
45.063019403317625,90.12603880663525
47.59546268883304,95.19092537766608
26.99579910108978,53.99159820217956
48.839038134609744,97.67807626921949
73.24542409664323,146.49084819328647
88.5727308051161,177.1454616102322
4.5433973714256615,9.086794742851323
56.173618361142196,112.34723672228439
77.39231798124047,154.78463596248093
62.3084353364929,124.6168706729858
52.02992160377051,104.05984320754102
1.613160459873919,3.226320919747838
67.92672774275,135.8534554855
6.040658005181232,12.081316010362464
93.21118197319396,186.42236394638792
20.163564711187874,40.32712942237575
30.328740666287313,60.657481332574626
84.98686521707954,169.97373043415908
86.54476325462124,173.0895265092425
49.933957996689315,99.86791599337863
39.1208245693488,78.2416491386976
15.55103238851312,31.10206477702624
65.4739610291428,130.9479220582856
87.01103402565957,174.02206805131914
38.641560266763406,77.28312053352681
67.30906289911889,134.61812579823777
62.79296899654706,125.58593799309412
65.89294386363333,131.78588772726667
7.132280837036797,14.264561674073594
20.39462179569893,40.78924359139786
94.74341805762498,189.48683611524996
12.918109181834215,25.83621836366843
65.83272600755414,131.6654520151083
30.027541362223932,60.055082724447864
54.70853560815995,109.4170712163199
86.6389685674387,173.2779371348774
2.6594871081802363,5.3189742163604725
30.09667265667202,60.19334531334404
76.59267296088521,153.18534592177042
89.69468883836188,179.38937767672377
3.5035646736508053,7.0071293473016105
46.13502687262855,92.2700537452571
98.79585052057291,197.59170104114583
82.14289674372625,164.2857934874525
2.400070209980354,4.800140419960708
5.352026336803917,10.704052673607833
17.186076503909153,34.372153007818305
77.75710393191645,155.5142078638329
68.53161280827574,137.06322561655148
77.05049422532593,154.10098845065187
68.02792764175834,136.05585528351668
88.09887627625767,176.19775255251534
54.69345833785817,109.38691667571634
1.645345946038479,3.290691892076958
29.139800724619537,58.279601449239074
27.1481564227652,54.2963128455304
87.91535244966305,175.8307048993261
81.40844364264369,162.81688728528738
19.719193104764308,39.438386209528616
99.06646062154533,198.13292124309066
74.26493895749327,148.52987791498654
41.38935857077283,82.77871714154566
91.7782407328556,183.5564814657112
26.906085044049057,53.812170088098114
25.294063166001536,50.58812633200307
73.36260104396436,146.72520208792872
68.66892923434528,137.33785846869057
88.23092287769198,176.46184575538396
56.6764799464463,113.3529598928926
1.3110366662779538,2.6220733325559076
2.825816622202193,5.651633244404386
9.29872936673739,18.59745873347478
1.8019405116140086,3.603881023228017
12.018582227538587,24.037164455077175
53.65523729186873,107.31047458373746
94.56147902156701,189.12295804313402
83.3221019260116,166.6442038520232
51.654947052747815,103.30989410549563
29.95590192825769,59.91180385651538
76.6495464310316,153.2990928620632
20.15599666255551,40.31199332511102
8.927550364877202,17.855100729754405
33.410417134945334,66.82083426989067
5.704002771255501,11.408005542511003
22.55388352198009,45.10776704396018
83.12016800636229,166.24033601272458
6.741657798691502,13.483315597383005
20.47683650883574,40.95367301767148
75.316807329977,150.633614659954
65.66783550654279,131.33567101308557
86.72559956841631,173.45119913683263
27.424029641193894,54.84805928238779
77.60658774816723,155.21317549633446
77.08680149174334,154.1736029834867
62.95178730810016,125.90357461620032
44.89995191271904,89.79990382543808
3.6534232680561662,7.3068465361123325
59.188366966537664,118.37673393307533
2.391758895168583,4.783517790337166
47.936532047116046,95.87306409423209
93.01674916488263,186.03349832976525
34.655690723797996,69.31138144759599
10.521795208101093,21.043590416202186
26.580612772071575,53.16122554414315
41.34844619892275,82.6968923978455
76.7449470977154,153.4898941954308
34.20224177411018,68.40448354822036
20.81123381066058,41.62246762132116
64.88712820556613,129.77425641113226
39.205621534189895,78.41124306837979
46.74381023309172,93.48762046618344
33.94703231157556,67.89406462315112
26.530298253189667,53.06059650637933
4.969392335759815,9.93878467151963
77.63332247065524,155.2666449413105
8.56715452404233,17.13430904808466
74.19990118368975,148.3998023673795
2.496264048138519,4.992528096277038
7.4215512300547015,14.843102460109403
15.286383449945706,30.572766899891413
87.49286816975102,174.98573633950204
31.573975334260286,63.14795066852057
91.16172612487209,182.32345224974418
58.1375764959871,116.2751529919742
28.331414911909093,56.662829823818186
20.68376641748856,41.36753283497712
28.179934023551134,56.35986804710227
66.62959045845689,133.25918091691378
56.54717941843155,113.0943588368631
80.04697035198333,160.09394070396667
84.61018245511266,169.22036491022533
23.946227559356547,47.892455118713094
90.41527179313668,180.83054358627336
58.59810181021325,117.1962036204265
70.41694384648419,140.83388769296837
9.914367330669682,19.828734661339364
39.419710701215706,78.83942140243141
14.21956443196839,28.43912886393678
30.05524109023473,60.11048218046946
88.83353643536256,177.66707287072512
87.82748630474032,175.65497260948064
5.127819979764903,10.255639959529805
54.18781062334066,108.37562124668132
84.47576369886526,168.95152739773053
31.757835547593572,63.515671095187145
83.04970505722363,166.09941011444727
7.7255532948687256,15.451106589737451
22.04213746413575,44.0842749282715
1.2478130872863646,2.4956261745727293
95.46086305399216,190.9217261079843
97.92104417593946,195.8420883518789
15.20229424663947,30.40458849327894
34.14128152960173,68.28256305920345
99.91808698774427,199.83617397548855
55.2466988262465,110.493397652493
93.14989467760985,186.2997893552197
40.753866611654146,81.50773322330829
5.789653705643172,11.579307411286344
54.79089590421533,109.58179180843067
56.967770174545485,113.93554034909097
70.36257167938736,140.72514335877472
43.14346306900977,86.28692613801954
55.17255941411777,110.34511882823554
24.110989409883476,48.22197881976695
52.981693848396105,105.96338769679221
68.33804842280972,136.67609684561944
22.172862923511072,44.345725847022145
15.386418058200446,30.772836116400892
65.56821699763418,131.13643399526836
6.840456554455521,13.680913108911042
45.74909066862093,91.49818133724186
96.06987668739102,192.13975337478203
49.76252932391877,99.52505864783754
12.924298601713758,25.848597203427516
91.6080061807237,183.2160123614474
68.69718101361174,137.39436202722348
8.046432285927441,16.092864571854882
7.501181898699016,15.002363797398033
12.417936502528903,24.835873005057806
83.524694831389,167.049389662778
67.29867988865357,134.59735977730713
14.567110458712618,29.134220917425235
95.56804586937176,191.13609173874352
19.07345765641305,38.1469153128261
52.619858226700764,105.23971645340153
18.007295122896316,36.01459024579263
74.21963652687128,148.43927305374257
23.877499068856423,47.754998137712846
85.51289110936644,171.02578221873287
97.9218465092631,195.8436930185262
82.30832763753271,164.61665527506543
62.02919036953316,124.05838073906632
76.26550089521616,152.53100179043233
47.59705015334191,95.19410030668382
56.33519623590166,112.67039247180332
66.31671081255573,132.63342162511145
45.86350681550485,91.7270136310097
35.924354882650846,71.84870976530169
99.93832376172045,199.8766475234409
40.684410577907656,81.36882115581531
92.95110326099272,185.90220652198545
47.01268034350279,94.02536068700557
23.974955864431145,47.94991172886229
71.20147341497083,142.40294682994167
24.708755071448753,49.417510142897505
43.49885328724533,86.99770657449066
90.808789040108,181.617578080216
26.235327888363457,52.470655776726915
30.771922590887336,61.54384518177467
74.61658346574464,149.23316693148928
3.525281243832523,7.050562487665046
47.88567189685212,95.77134379370425
3.6223189724226668,7.2446379448453335
72.33687471233314,144.67374942466628
78.26606568645059,156.53213137290118
91.91687398339113,183.83374796678225
67.2468219873198,134.4936439746396
91.74834634249922,183.49669268499844
50.01302211771903,100.02604423543806
35.81733406049729,71.63466812099458
59.05604489553219,118.11208979106438
21.846384567321365,43.69276913464273
79.95079827689094,159.90159655378187
38.48118155205725,76.9623631041145
87.94330376664168,175.88660753328335
74.27554518699827,148.55109037399654
71.54173241056758,143.08346482113515
50.45259469859119,100.90518939718238
51.69953980173047,103.39907960346093
45.11784700930026,90.23569401860053
38.29223455186226,76.58446910372452
32.28622674228002,64.57245348456004
97.89688569221067,195.79377138442135
6.710602391882404,13.421204783764807
49.05679418696344,98.11358837392687
94.31221191863986,188.62442383727972
38.289063490215746,76.57812698043149
48.428443373817956,96.85688674763591
90.0244716899278,180.0489433798556
45.883350458844696,91.76670091768939
6.745701227588907,13.491402455177814
5.025561462505934,10.051122925011867
91.4819088335835,182.963817667167
55.09816907331745,110.1963381466349
17.667318702376434,35.33463740475287
51.34183936122798,102.68367872245597
78.68864612087528,157.37729224175055
83.67172896336436,167.34345792672872
74.31148186998942,148.62296373997884
59.77250203776023,119.54500407552047
31.408209624189208,62.816419248378416
39.32520048824132,78.65040097648264
74.5897013120421,149.1794026240842
25.95423318348692,51.90846636697384
54.8568048591918,109.7136097183836
69.95520667891564,139.9104133578313
73.48028582110409,146.96057164220818
63.42459539922976,126.84919079845952
86.7634354808819,173.5268709617638
66.9783769393826,133.9567538787652
38.61254348010815,77.2250869602163
15.48365514901664,30.96731029803328
42.56570168734613,85.13140337469225
33.590080873321625,67.18016174664325
46.246184873901065,92.49236974780213
0.0053238416403145195,0.010647683280629039
29.80202199681008,59.60404399362016
38.2650275662179,76.5300551324358
74.22135565280546,148.4427113056109
38.39294298199982,76.78588596399965
54.20393134313041,108.40786268626081
46.42724589453281,92.85449178906562
92.6399448558386,185.2798897116772
70.37016743966024,140.74033487932047
43.15955790985833,86.31911581971666
2.4513170267764783,4.902634053552957
15.433334284253753,30.866668568507507
21.196222488180926,42.39244497636185
74.5060062590868,149.0120125181736
76.47744708748337,152.95489417496674
67.16680930765511,134.33361861531023
49.652837079902945,99.30567415980589
64.98062630260502,129.96125260521003
79.97648752054477,159.95297504108953
59.33343040266704,118.66686080533408
38.64091741385871,77.28183482771742
50.212797954417354,100.42559590883471
27.069031585077987,54.138063170155974
6.807949305108085,13.61589861021617
64.62414721917126,129.24829443834253
32.0583203363349,64.1166406726698
14.548478665822417,29.096957331644834
8.120469801828323,16.240939603656646
32.63835300507096,65.27670601014192
53.952361862985974,107.90472372597195
71.11222469527885,142.2244493905577
30.655321595894303,61.31064319178861
91.02826513141342,182.05653026282684
81.14746226363397,162.29492452726794
49.40174304801063,98.80348609602126
81.30136447280341,162.60272894560683
98.18092345354454,196.36184690708907
3.0244435656083923,6.048887131216785
79.031301411186,158.062602822372
52.551911189933044,105.10382237986609
7.531687482692007,15.063374965384014
78.43534495423508,156.87068990847015
96.64235420223136,193.28470840446272
76.94467421061235,153.8893484212247
76.5169467428379,153.0338934856758
91.20610894858103,182.41221789716207
35.29901209752738,70.59802419505476
94.49613619714655,188.9922723942931
27.21624899109758,54.43249798219516
82.3750566768581,164.7501133537162
60.61257193071865,121.2251438614373
34.24312260806241,68.48624521612481
29.35550014562416,58.71100029124832
14.857708283587467,29.715416567174934
68.21056331151637,136.42112662303273
63.295349678742475,126.59069935748495
88.05930740648971,176.11861481297942
62.592941719275885,125.18588343855177
23.519967725762736,47.03993545152547
76.07985326598477,152.15970653196953
4.990533892131587,9.981067784263175
70.7072457245847,141.4144914491694
51.675085365026455,103.35017073005291
64.6984336185221,129.3968672370442
58.305294800604834,116.61058960120967
78.62473432069662,157.24946864139324
2.457958835479779,4.915917670959558
69.467356739467,138.934713478934
69.79716956030427,139.59433912060854
95.18270677051733,190.36541354103466
40.15010982967219,80.30021965934438
91.57981955269945,183.1596391053989
77.84149485672064,155.6829897134413
27.864387192589934,55.72877438517987
98.04613947406192,196.09227894812383
48.24733181882562,96.49466363765124
23.836215864323695,47.67243172864739
15.863931960734657,31.727863921469314
22.102030087900793,44.20406017580159
5.926439905968872,11.852879811937743
79.11829601865425,158.2365920373085
7.887466511800034,15.774933023600068
61.13708989435443,122.27417978870886
50.898397573830636,101.79679514766127
53.88743709908629,107.77487419817258
84.94467099385245,169.8893419877049
32.0034651985061,64.0069303970122
0.5666742874794073,1.1333485749588146
52.90795704156934,105.81591408313868
25.319510348554218,50.639020697108435
84.46514281038725,168.9302856207745
36.95106506342053,73.90213012684106
52.546811428707116,105.09362285741423
58.51882238043723,117.03764476087446
40.3390979779108,80.6781959558216
65.60307014556174,131.2061402911235
86.46815740206496,172.93631480412992
19.664900316247056,39.32980063249411
76.68785217678511,153.37570435357023
18.259382036843373,36.51876407368675
58.00930046614447,116.01860093228893
10.872225903664312,21.744451807328623
95.0904105763948,190.1808211527896
30.272605155994814,60.54521031198963
76.55677989806627,153.11355979613253
35.25298259427534,70.50596518855068
43.18522869635119,86.37045739270238
85.37460350754145,170.7492070150829
39.311105215921195,78.62221043184239
47.49882763169801,94.99765526339603
80.19317098373959,160.38634196747918
88.18604493299188,176.37208986598375
92.20734686650724,184.41469373301447
22.665393570106286,45.33078714021257
95.54189315760163,191.08378631520327
37.86714340869345,75.7342868173869
60.17536339019921,120.35072678039842
54.02436685895723,108.04873371791446
79.78183971335214,159.56367942670428
56.27666689668509,112.55333379337019
93.09502241919215,186.1900448383843
66.49327375084475,132.9865475016895
20.20239993050944,40.40479986101888
91.59208950789763,183.18417901579525
91.04164134385097,182.08328268770194
9.016544731814879,18.033089463629757
24.115946500414932,48.231893000829864
78.58484445872195,157.1696889174439
61.86585427124764,123.73170854249528
71.44592582554752,142.89185165109504
69.98648909378208,139.97297818756417
50.528011219081904,101.05602243816381
29.42877428162304,58.85754856324608
60.47809077120485,120.9561815424097
44.7553611760681,89.5107223521362
68.16452242842173,136.32904485684347
82.55221098372205,165.1044219674441
16.62524424782391,33.25048849564782
24.885222129750993,49.770444259501986
36.438387696975084,72.87677539395017
49.67415804203833,99.34831608407666
88.46428030109634,176.92856060219268
60.11777265013054,120.23554530026108
67.2995107161266,134.5990214322532
64.64916500741184,129.29833001482368
35.311896711925506,70.62379342385101
91.25186947843451,182.50373895686903
75.49972629891606,150.99945259783212
68.11543839734631,136.23087679469262
62.95498613353089,125.90997226706178
90.21344832087851,180.42689664175703
77.98707363896067,155.97414727792133
97.24164104028179,194.48328208056358
38.26424530392952,76.52849060785904
69.40035538098675,138.8007107619735
3.8561399176445077,7.712279835289015
39.4479140445581,78.8958280891162
58.389795701513336,116.77959140302667
20.730606984635212,41.461213969270425
19.859756532456487,39.719513064912974
32.20102508318634,64.40205016637267
20.980678540009258,41.961357080018516
19.459403481054217,38.918806962108434
27.53120405744577,55.06240811489154
79.0391203042298,158.0782406084596
45.739315317467224,91.47863063493445
1.8040942678188232,3.6081885356376464
58.52928142834928,117.05856285669856
23.83803446347532,47.67606892695064
72.94292408888143,145.88584817776285
96.79117668932228,193.58235337864457
55.865084916492926,111.73016983298585
72.04843343011545,144.0968668602309
3.7648757095825602,7.5297514191651205
90.06471911202368,180.12943822404736
38.078051628040384,76.15610325608077
77.60199655937767,155.20399311875533
16.17168590513781,32.34337181027562
29.826903312300324,59.65380662460065
7.807114610511768,15.614229221023535
54.118837668038225,108.23767533607645
49.499235394366025,98.99847078873205
54.533914622194025,109.06782924438805
1.3488506879031137,2.6977013758062274
54.90637265671895,109.8127453134379
86.73746746177264,173.47493492354528
64.96994945557725,129.9398989111545
48.21859244771193,96.43718489542385
2.0166310703531254,4.033262140706251
25.89014030564838,51.78028061129676
98.53214091190301,197.06428182380603
36.428655987494665,72.85731197498933
74.40243302806556,148.80486605613112
89.29449421492002,178.58898842984004
33.76322915339367,67.52645830678733
87.91385948536018,175.82771897072035
0.6526751592249025,1.305350318449805
20.085241400784593,40.170482801569186
57.85463388567164,115.70926777134328
72.96965697017637,145.93931394035275
14.406002930609707,28.812005861219415
57.72119408941624,115.44238817883247
0.7690694390885655,1.538138878177131
78.9563218343873,157.9126436687746
19.632702568176796,39.26540513635359
71.75496985742724,143.50993971485448
62.35302359876888,124.70604719753776
19.09007499779677,38.18014999559354
67.66848475546851,135.33696951093702
68.52197019451262,137.04394038902524
14.098704122823747,28.197408245647495
5.830120113798188,11.660240227596375
68.95530314025471,137.91060628050943
41.575886276022885,83.15177255204577
75.21902355204611,150.43804710409222
81.05818653304796,162.11637306609592
7.922503833291438,15.845007666582877
73.28535855825513,146.57071711651025
62.468829769597875,124.93765953919575
35.4593706320257,70.9187412640514
61.556211961983564,123.11242392396713
59.46112295554278,118.92224591108555
17.713907851742416,35.42781570348483
40.760111115585055,81.52022223117011
37.27045564901166,74.54091129802332
0.8740281425056562,1.7480562850113124
4.9093144775826385,9.818628955165277
40.731074031568504,81.46214806313701
17.378955508249682,34.757911016499364
65.07960359175367,130.15920718350733
96.53580821338697,193.07161642677394
74.7403439969376,149.4806879938752
25.28702121600821,50.57404243201642
44.91247181281488,89.82494362562976
85.66691524182379,171.33383048364757
31.13886032928458,62.27772065856916
42.03020696746419,84.06041393492838
54.57879135162268,109.15758270324535
22.71917179248516,45.43834358497032
71.2218008301791,142.4436016603582
68.09209312246135,136.1841862449227
73.46352808657848,146.92705617315696
72.93078191996146,145.86156383992292
20.396805829135246,40.79361165827049
8.127438891682836,16.25487778336567
9.5137132680571,19.0274265361142
85.36616999171042,170.73233998342084
13.489240990052942,26.978481980105883
56.451208892758764,112.90241778551753
91.79268927624153,183.58537855248306
23.308656576544973,46.617313153089945
51.304401017308784,102.60880203461757
42.64650901907753,85.29301803815505
71.21794990107551,142.43589980215103
56.045533780644696,112.09106756128939
43.82983719017886,87.65967438035771
81.64763187254937,163.29526374509874
70.2198460430817,140.4396920861634
77.56062107056387,155.12124214112774
22.67143301672583,45.34286603345166
35.79936733013616,71.59873466027231
78.51764064409237,157.03528128818473
73.05236186069905,146.1047237213981
61.85161309150833,123.70322618301665
47.658594790696185,95.31718958139237
60.307631116944194,120.61526223388839
52.262675369663924,104.52535073932785
45.54140728833701,91.08281457667402
62.282144634775314,124.56428926955063
45.84419459248304,91.68838918496608
7.539209810408131,15.078419620816263
62.79766431558588,125.59532863117175
43.711100900553,87.422201801106
51.229590953518766,102.45918190703753
63.64565842053674,127.29131684107348
2.237372401704696,4.474744803409392
84.09711006869985,168.1942201373997
32.18645598991683,64.37291197983366
69.6464721917527,139.2929443835054
33.77087217862206,67.54174435724411
57.73011920439479,115.46023840878958
96.64320999732077,193.28641999464153
30.78106997924548,61.56213995849096
47.999542327133895,95.99908465426779
16.097739565292468,32.195479130584935
79.46379229530528,158.92758459061056
48.629404486132586,97.25880897226517
35.87727436197271,71.75454872394542
50.06848321572412,100.13696643144824
38.6494105428015,77.298821085603
81.38713131834461,162.77426263668923
61.30041333242923,122.60082666485846
75.80999395879596,151.6199879175919
52.076759780194806,104.15351956038961
12.15586592225546,24.31173184451092
71.33946551069427,142.67893102138854
70.4671122647532,140.9342245295064
41.85032503360503,83.70065006721006
57.08779564167534,114.17559128335068
16.2356651146488,32.4713302292976
65.40882982603206,130.81765965206412
41.61325257225032,83.22650514450063
55.72033358566608,111.44066717133217
23.606681590324097,47.213363180648194
50.9714273576141,101.9428547152282
65.6205489655472,131.2410979310944
13.816064173191112,27.632128346382224
61.42320157246319,122.84640314492638
48.36682864622489,96.73365729244978
15.877786169437902,31.755572338875805
2.1127112391951863,4.225422478390373
19.876718946383654,39.75343789276731
95.29989648148049,190.59979296296098
26.35010057236461,52.70020114472922
33.869010282329924,67.73802056465985
17.395595729220027,34.79119145844005
83.49782929980977,166.99565859961953
94.24213970834052,188.48427941668103
79.16610656897369,158.33221313794738
35.53157850866723,71.06315701733446
68.55395200941442,137.10790401882883
97.7831985482296,195.5663970964592
58.53203431446934,117.06406862893868
90.25746962737749,180.51493925475498
23.989037213221888,47.978074426443776
64.10759392896045,128.2151878579209
67.93808467924866,135.87616935849732
99.86201966337019,199.72403932674038
62.881077095960606,125.76215419192121
73.19092508999769,146.38185017999538
3.734840624556357,7.469681249112714
14.19406302249363,28.38812604498726
46.51224742468103,93.02449484936206
80.78881364692234,161.57762729384467
33.0784742135351,66.1569484270702
15.336753917022772,30.673507834045544
87.33883158173738,174.67766316347476
48.73645507552157,97.47291015104314
4.527295896940076,9.054591793880151
27.928114275533765,55.85622855106753
61.86570621923977,123.73141243847954
18.28780230412893,36.57560460825786
41.74655547662552,83.49311095325103
66.63740315886496,133.2748063177299
28.7528782188865,57.505756437773
75.76790086897245,151.5358017379449
78.37157355095863,156.74314710191726
33.40693190265044,66.81386380530088
53.118523882834,106.237047765668
4.7846621797025035,9.569324359405007
66.17435244173703,132.34870488347406
48.72805920469357,97.45611840938714
60.002841266315365,120.00568253263073
53.4694879383372,106.9389758766744
71.16141560742818,142.32283121485636
33.67983755739964,67.35967511479927
55.63163106954302,111.26326213908604
26.344520071233813,52.689040142467626
80.9997324166201,161.9994648332402
69.70611470719909,139.41222941439818
43.8227407332042,87.6454814664084
17.078460406270125,34.15692081254025
32.378690930659715,64.75738186131943
44.1994985070316,88.3989970140632
90.41139718764994,180.82279437529988
28.001371461053225,56.00274292210645
21.93021495214216,43.86042990428432
35.94961217378832,71.89922434757663
53.926672842071795,107.85334568414359
1.4628238399552074,2.9256476799104147
92.77226812618878,185.54453625237755
23.13571412711164,46.27142825422328
33.21400314005767,66.42800628011534
79.94932599502744,159.89865199005487
32.131097345188664,64.26219469037733
13.556593487114144,27.113186974228288
37.34393594605261,74.68787189210522
42.81857380323988,85.63714760647976
74.23032198790673,148.46064397581347
49.51952180299807,99.03904360599614
10.199872183188074,20.399744366376147
82.72866751619846,165.4573350323969
98.39257996490629,196.78515992981258
56.60914524837663,113.21829049675326
77.30112583907407,154.60225167814815
65.52859579675953,131.05719159351906
54.93796995753023,109.87593991506046
37.742585434085555,75.48517086817111
42.31488990929038,84.62977981858076
95.36752063868298,190.73504127736595
8.026206697245119,16.052413394490237
46.5481648123224,93.0963296246448
39.98270045162252,79.96540090324504
28.10118465645616,56.20236931291232
65.06465201758084,130.12930403516168
23.44574637601061,46.89149275202122
32.63105094661704,65.26210189323407
43.47747491770172,86.95494983540344
51.784462067350844,103.56892413470169
17.006359646773472,34.012719293546944
0.6438105705018016,1.2876211410036031
36.04420036996584,72.08840073993169
14.531548539325845,29.06309707865169
86.2729494851816,172.5458989703632
11.912936828279719,23.825873656559438
50.45054843096094,100.90109686192189
58.95797750429862,117.91595500859724
14.233430000517433,28.466860001034867
10.945057077705854,21.89011415541171
18.0189273930882,36.0378547861764
27.864157083840613,55.728314167681226
54.02012270469013,108.04024540938026
15.17889948138812,30.35779896277624
93.66228340901202,187.32456681802404
53.4212852748,106.8425705496
41.06291033017677,82.12582066035354
81.5814111382107,163.1628222764214
74.33868885899956,148.67737771799912
52.36642015777484,104.73284031554968
66.99578554682817,133.99157109365635
22.790604759848986,45.58120951969797
30.758299328056825,61.51659865611365
2.1147921192124275,4.229584238424855
45.98023939867144,91.96047879734289
85.2211126081719,170.4422252163438
24.49360810299599,48.98721620599198
67.24919932664429,134.49839865328858
83.66002081045097,167.32004162090195
17.423088911064,34.846177822128
98.60784673443523,197.21569346887046
84.21855053211866,168.4371010642373
30.07278005523688,60.14556011047376
16.812127581348168,33.624255162696336
35.225578355146524,70.45115671029305
21.983653107691115,43.96730621538223
53.98260389978486,107.96520779956973
29.848972746998136,59.69794549399627
73.26323758465512,146.52647516931023
94.79289405135553,189.58578810271106
38.54954012612548,77.09908025225096
34.27134433103202,68.54268866206404
27.024801600982173,54.049603201964345
64.07203367806177,128.14406735612354
73.46575082208132,146.93150164416264
82.29184074739128,164.58368149478255
17.084191921906967,34.168383843813935
91.02429518878873,182.04859037757745
59.378760520076646,118.75752104015329
52.40654461834507,104.81308923669015
37.141953225536014,74.28390645107203
27.457114568494255,54.91422913698851
68.38235896081473,136.76471792162945
39.522675946779515,79.04535189355903
18.2361159256619,36.4722318513238
42.3035995465766,84.6071990931532
18.163035791947422,36.326071583894844
80.87312180242743,161.74624360485487
86.74249690662107,173.48499381324214
55.046119957515586,110.09223991503117
41.66524706732688,83.33049413465376
69.5213318179479,139.0426636358958
11.682747049540609,23.365494099081218
32.94788217344172,65.89576434688344
91.15367392549608,182.30734785099216
24.997728426119203,49.995456852238405
23.566864073517777,47.133728147035555
72.55611717173144,145.1122343434629
39.2918188215057,78.5836376430114
55.32625673386059,110.65251346772118
32.084559148211476,64.16911829642295
54.453693884584695,108.90738776916939
97.54019379797685,195.0803875959537
66.04111876699085,132.0822375339817
52.42497133989349,104.84994267978698
67.05564331491772,134.11128662983543
57.58622439784967,115.17244879569934
68.06210382692981,136.12420765385963
94.7772730427395,189.554546085479
72.07962065223079,144.15924130446157
9.52732304025885,19.0546460805177
31.690897946580886,63.38179589316177
59.3284795464859,118.6569590929718
24.67245237717509,49.34490475435018
69.56139707163426,139.12279414326852
64.07130561100496,128.14261122200992
7.7542450148811675,15.508490029762335
17.358178969991865,34.71635793998373
47.7696680086817,95.5393360173634
2.8708469682281246,5.741693936456249
91.23853117276636,182.47706234553272
95.53284177987511,191.06568355975023
30.372565435368394,60.74513087073679
46.999434068730764,93.99886813746153
52.348094027797245,104.69618805559449
14.181253901964663,28.362507803929326
93.51519503494924,187.0303900698985
99.96873467785002,199.93746935570005
10.212458733869767,20.424917467739533
90.46465085961198,180.92930171922396
25.918022875460412,51.836045750920825
94.35302470631456,188.7060494126291
21.743324777671603,43.486649555343206
13.034296736231887,26.068593472463775
51.72103204059238,103.44206408118475
44.444182094339155,88.88836418867831
91.55612873929057,183.11225747858114
3.3270988489107256,6.654197697821451
59.573818523803865,119.14763704760773
45.83447172936064,91.66894345872127
80.90273768857224,161.8054753771445
13.360258214359522,26.720516428719044
61.143411033791516,122.28682206758303
19.716409587440587,39.432819174881175
58.23367660199305,116.4673532039861
95.87628476122562,191.75256952245124
71.59874161985198,143.19748323970396
76.69074585542269,153.38149171084538
54.84135263886313,109.68270527772626
77.40736902754381,154.81473805508762
59.33840225493622,118.67680450987244
6.057514850511114,12.115029701022229
0.2260650708472256,0.4521301416944512
16.785007618415126,33.57001523683025
37.02500355923829,74.05000711847659
8.646925686494178,17.293851372988357
90.79272937140651,181.58545874281302
72.07815942569437,144.15631885138873
72.22462502493377,144.44925004986754
47.30441657448945,94.6088331489789
91.5423331275808,183.0846662551616
64.95430190764647,129.90860381529293
97.64919365300283,195.29838730600565
70.42853093528385,140.8570618705677
94.48250748449446,188.96501496898892
58.56671904409998,117.13343808819997
56.99645571415446,113.99291142830891
43.52829641224404,87.05659282448808
33.07260189007645,66.1452037801529
90.28199805467045,180.5639961093409
81.40496224367226,162.80992448734452
68.20144593111596,136.4028918622319
10.231824810951561,20.463649621903123
38.716686113750164,77.43337222750033
4.9436561380538535,9.887312276107707
25.331546434170214,50.66309286834043
80.01406183441524,160.0281236688305
28.39869990911046,56.79739981822092
70.83067047125847,141.66134094251694
63.682573657775635,127.36514731555127
22.189944897349733,44.379889794699466
36.7925196935036,73.5850393870072
24.838126695872866,49.67625339174573
82.99694280732135,165.9938856146427
76.34045251928899,152.68090503857798
40.23507959129837,80.47015918259675
44.72429694579997,89.44859389159994
21.270651004340714,42.54130200868143
55.359091074999,110.718182149998
10.295759060771847,20.591518121543693
68.95129526421746,137.90259052843493
13.95742672655974,27.91485345311948
44.317166922272165,88.63433384454433
9.217169668135805,18.43433933627161
89.28398551023956,178.56797102047912
13.19109804421139,26.38219608842278
62.84603555510536,125.69207111021072
1.204784925242619,2.409569850485238
15.65302551828177,31.30605103656354
28.366208653887416,56.73241730777483
86.24261488297958,172.48522976595916
31.09617392474464,62.19234784948928
54.06861529948952,108.13723059897904
45.994170461792415,91.98834092358483
98.91302888671123,197.82605777342246
82.20865173454145,164.4173034690829
7.626266718943242,15.252533437886484
81.60925551414444,163.21851102828887
49.08924411226959,98.17848822453918
18.737057167898406,37.47411433579681
89.59412490950123,179.18824981900246
4.109712293002565,8.21942458600513
74.23442031988954,148.46884063977907
62.24544767657212,124.49089535314424
93.34634163305503,186.69268326611007
42.08834088565978,84.17668177131956
7.7257460472720645,15.451492094544129
78.8310828830423,157.6621657660846
39.93948866600917,79.87897733201834
83.92522825820417,167.85045651640834
36.70385342371031,73.40770684742061
47.62638715370338,95.25277430740675
41.019455039223196,82.03891007844639
6.6662350587339825,13.332470117467965
17.31517932035882,34.63035864071764
23.32190380471938,46.64380760943876
4.3454850892817305,8.690970178563461
79.92523624564636,159.85047249129272
3.0229319054750903,6.0458638109501806
16.877428956822392,33.754857913644784
2.510618007126042,5.021236014252084
72.59404304573593,145.18808609147186
91.0492008665678,182.0984017331356
24.550486038521736,49.10097207704347
70.96194152489865,141.9238830497973
91.48669003255762,182.97338006511524
11.349435642563732,22.698871285127463
26.42660207705001,52.85320415410002
20.51456076299655,41.0291215259931
5.809525463100695,11.61905092620139
24.84655813142188,49.69311626284376
54.95085519096252,109.90171038192504
33.50054646650323,67.00109293300646
23.339597496906727,46.679194993813454
88.23974857272034,176.4794971454407
46.915713858833165,93.83142771766633
15.30839341206287,30.61678682412574
41.733510296652994,83.46702059330599
87.12213474622364,174.24426949244727
51.70660321220988,103.41320642441976
61.659566601101446,123.31913320220289
60.32773346659408,120.65546693318817
53.292362422771944,106.58472484554389
99.78850554987908,199.57701109975815
2.7076965251542906,5.415393050308581
47.12204060679035,94.2440812135807
60.00742749332986,120.01485498665971
11.226486171498973,22.452972342997946
54.650175022992606,109.30035004598521
48.887101592199635,97.77420318439927
49.90089293212387,99.80178586424773
35.16213636954023,70.32427273908046
35.51545636866153,71.03091273732306
32.155185111724926,64.31037022344985
70.96543736455317,141.93087472910634
84.94677831405272,169.89355662810544
35.188653894055435,70.37730778811087
96.25714565123337,192.51429130246675
11.577722959588609,23.155445919177218
49.50796994826775,99.0159398965355
97.87832422458509,195.75664844917017
11.806614172580865,23.61322834516173
86.09342281023928,172.18684562047855
49.30241419147679,98.60482838295358
92.90365133107315,185.8073026621463
21.277887641867167,42.555775283734334
86.71437486441486,173.42874972882973
91.26313030491325,182.5262606098265
64.67664547332109,129.35329094664218
76.33455447770862,152.66910895541724
49.028387820103646,98.05677564020729
50.51893219061363,101.03786438122727
18.425457409100822,36.850914818201645
57.148109821565996,114.29621964313199
26.682294796617644,53.36458959323529
29.287141496915403,58.574282993830806
22.76800546625325,45.5360109325065
61.774127469395225,123.54825493879045
14.766636996347737,29.533273992695474
45.77153524512314,91.54307049024628
0.541693464188886,1.083386928377772
37.877631734436356,75.75526346887271
2.813898296014883,5.627796592029766
60.387221209853756,120.77444241970751
15.634057664728129,31.268115329456258
97.95761208744653,195.91522417489307
15.41805595943142,30.83611191886284
2.989288702079873,5.978577404159746
27.6627217292045,55.325443458409
72.32382506260497,144.64765012520994
97.39006434111255,194.7801286822251
25.436538604448867,50.87307720889773
31.841581262496742,63.683162524993485
75.30707829751323,150.61415659502646
59.429452653418956,118.85890530683791
59.96827228114343,119.93654456228685
39.37569793863012,78.75139587726024
20.246234012801757,40.492468025603515
23.15078042729025,46.3015608545805
29.819457375792048,59.638914751584096
10.227871459005,20.45574291801
74.26754080181247,148.53508160362495
33.64423679259587,67.28847358519174
8.30790011336765,16.6158002267353
63.563081137070796,127.12616227414159
0.9937497804291762,1.9874995608583523
82.11591712101526,164.23183424203052
81.17818607755308,162.35637215510616
67.20072974581045,134.4014594916209
29.26309416823991,58.52618833647982
87.01970383323554,174.03940766647108
25.143993068086246,50.28798613617249
40.72305532424615,81.4461106484923
54.78515842864522,109.57031685729044
0.80826750427615,1.6165350085523
15.819769666288208,31.639539332576415
41.51483378102129,83.02966756204258
30.996975272303786,61.99395054460757
1.5774134132253814,3.154826826450763
4.022023906067296,8.044047812134592
47.41711570209961,94.83423140419922
81.83726773428344,163.6745354685669
8.663628250435341,17.327256500870682
77.05745606566164,154.11491213132328
62.65658097449517,125.31316194899034
45.660069734990316,91.32013946998063
19.801351827024284,39.60270365404857
28.873803299858835,57.74760659971767
47.83528692786481,95.67057385572961
38.33272863684516,76.66545727369032
60.98842462611815,121.9768492522363
27.373751745946684,54.74750349189337
60.09086712370446,120.18173424740893
81.57003863878333,163.14007727756666
20.00086305139057,40.00172610278114
37.36204613329663,74.72409226659326
7.014361134541581,14.028722269083161
38.11013999483413,76.22027998966826
33.27479669266135,66.5495933853227
87.86112491708558,175.72224983417115
15.439482567198205,30.87896513439641
91.77046529104655,183.5409305820931
13.72542215094783,27.45084430189566
65.89372822499148,131.78745644998295
82.361978037603,164.723956075206
13.40569925249051,26.81139850498102
26.485514154344138,52.971028308688275
18.318907440155062,36.637814880310124
42.52552504336261,85.05105008672523
48.28741316386665,96.5748263277333
32.637832812384325,65.27566562476865
34.03625881718315,68.0725176343663
82.66436138912601,165.32872277825203
26.586461692415554,53.17292338483111
99.582056428862,199.164112857724
51.42586424662109,102.85172849324218
9.460579936954627,18.921159873909254
23.554522232502705,47.10904446500541
64.1837999462292,128.3675998924584
6.4115849458558305,12.823169891711661
88.13304725615258,176.26609451230516
13.211772285110989,26.423544570221978
38.459272309551764,76.91854461910353
53.65550190202961,107.31100380405923
29.23831282962227,58.47662565924454
96.45127964709316,192.90255929418632
2.335682096136793,4.671364192273586
58.877404466444915,117.75480893288983
36.90300376549631,73.80600753099262
92.10816251622263,184.21632503244527
29.6932472837364,59.3864945674728
40.162214182339085,80.32442836467817
0.0684134808531689,0.1368269617063378
0.5896450978180701,1.1792901956361401
40.349727110029676,80.69945422005935
68.41003977665851,136.82007955331702
51.53597694103418,103.07195388206836
41.109012854201524,82.21802570840305
41.230312998952876,82.46062599790575
4.451553630575211,8.903107261150423
4.138822676262322,8.277645352524644
50.80673308206079,101.61346616412158
20.64754704250944,41.29509408501888
66.97222580246482,133.94445160492964
89.45703056846546,178.9140611369309
83.43759632758257,166.87519265516514
73.14999576525403,146.29999153050807
15.180932102905453,30.361864205810907
40.522007218882486,81.04401443776497
34.79548351260443,69.59096702520885
55.90648322335427,111.81296644670854
50.757666868840445,101.51533373768089
22.736494075761172,45.472988151522344
51.69955091911157,103.39910183822315
52.88076949573458,105.76153899146917
36.937443091905244,73.87488618381049
48.45261029194423,96.90522058388846
23.271303326946146,46.54260665389229
85.65848428649619,171.31696857299238
81.04670248041566,162.09340496083132
68.58385049617519,137.16770099235038
22.24388279253252,44.48776558506504
41.519135475949,83.038270951898
17.81519947810549,35.63039895621098
52.237703471234376,104.47540694246875
93.0290317397239,186.0580634794478
38.84751814989716,77.69503629979432
23.330519390604454,46.66103878120891
45.48974262286081,90.97948524572162
94.98235680547825,189.9647136109565
51.513615197337224,103.02723039467445
61.08790168785026,122.17580337570053
45.093351050194904,90.18670210038981
88.30718758053003,176.61437516106005
90.91027162654657,181.82054325309315
27.10716947266002,54.21433894532004
41.37062070348717,82.74124140697434
75.72467272570637,151.44934545141274
42.53479321880047,85.06958643760095
10.832073194417703,21.664146388835405
87.12655474554353,174.25310949108706
57.16509524086179,114.33019048172358
60.02511616297631,120.05023232595262
74.31307435378038,148.62614870756076
45.80962657168599,91.61925314337198
62.845834441050954,125.69166888210191
74.55046589449132,149.10093178898265
30.825282544811415,61.65056508962283
2.338793031673514,4.677586063347028
93.97173921982662,187.94347843965323
77.56968443545303,155.13936887090605
46.46405277995919,92.92810555991838
38.432546594364034,76.86509318872807
19.114551489601073,38.229102979202146
39.079670851695866,78.15934170339173
11.389338324725918,22.778676649451835
88.9667190323181,177.9334380646362
34.929886086852335,69.85977217370467
37.93893344002276,75.87786688004552
29.0910518945809,58.1821037891618
39.87109715318642,79.74219430637284
87.6388655367766,175.2777310735532
33.0795976550444,66.1591953100888
22.22804289153092,44.45608578306184
16.034948004755655,32.06989600951131
23.645549260956813,47.291098521913625
31.239879925623924,62.47975985124785
64.669134756351,129.338269512702
61.00763061916743,122.01526123833486
95.7917193108314,191.5834386216628
53.161533725436314,106.32306745087263
23.946788356429227,47.893576712858454
68.27184260230376,136.54368520460753
75.2620523716698,150.5241047433396
57.69271005928602,115.38542011857204
87.90569864493023,175.81139728986045
86.57549706526218,173.15099413052437
25.17529079132933,50.35058158265866
76.15508310427498,152.31016620854996
10.870721490759315,21.74144298151863
75.25859234211654,150.5171846842331
61.34612022397186,122.69224044794372
88.43940696360445,176.8788139272089
87.53741561856934,175.07483123713868
39.897432869387174,79.79486573877435
31.533800282944068,63.067600565888135
3.162322602395351,6.324645204790702
49.425349095024195,98.85069819004839
39.17526351898009,78.35052703796018
45.48977720724149,90.97955441448298
64.3301492944507,128.6602985889014
14.393109712860442,28.786219425720883
63.14513820753868,126.29027641507736
8.641646753787002,17.283293507574005
77.86695536961898,155.73391073923796
43.59868136865207,87.19736273730415
39.08722464889243,78.17444929778486
23.35722198188884,46.71444396377768
59.02214693330272,118.04429386660544
89.68585245634034,179.37170491268068
80.6937822640464,161.3875645280928
62.84574413270138,125.69148826540275
28.276241615384844,56.55248323076969
35.64758900637922,71.29517801275844
13.3297293338551,26.6594586677102
16.150356504729125,32.30071300945825
46.820274057701475,93.64054811540295
39.30320247563437,78.60640495126874
54.422237097898794,108.84447419579759
12.326684318246262,24.653368636492523
78.45464891737237,156.90929783474473
4.94177981181757,9.88355962363514
76.54870134039665,153.0974026807933
59.11556353145622,118.23112706291244
44.58413793064025,89.1682758612805
84.37351154364906,168.74702308729812
33.14673351262704,66.29346702525407
45.11903442334301,90.23806884668602
6.814537663356335,13.62907532671267
69.33652200312879,138.67304400625758
19.19710339379884,38.39420678759768
83.67334144231172,167.34668288462345
47.84977752411383,95.69955504822767
73.47051227644478,146.94102455288956
76.60755343912193,153.21510687824386
78.49581016477156,156.9916203295431
79.15046761639528,158.30093523279055
84.41106670881331,168.82213341762662
95.13077655484798,190.26155310969597
15.419414407906496,30.83882881581299
39.321949020889434,78.64389804177887
54.92605901341827,109.85211802683654
69.81138391789837,139.62276783579674
28.03257518379434,56.06515036758868
81.60026241954141,163.20052483908282
68.82236378670962,137.64472757341923
58.02630185375555,116.0526037075111
93.9013078282808,187.8026156565616
20.609606777390976,41.21921355478195
26.971357233972505,53.94271446794501
21.248447280484395,42.49689456096879
5.229765219458137,10.459530438916275
79.28923979339719,158.57847958679437
71.92111755081856,143.84223510163713
6.2928956778001695,12.585791355600339
29.926308256602795,59.85261651320559
53.04627076523993,106.09254153047986
45.23738042467712,90.47476084935424
81.76476577320993,163.52953154641986
2.0195836868421524,4.039167373684305
10.505795062616642,21.011590125233283
91.71122173004498,183.42244346008997
82.82439078105699,165.64878156211398
71.69592458906331,143.39184917812662
82.0413410207431,164.0826820414862
35.22019639530891,70.44039279061782
10.861967819355145,21.72393563871029
64.7452668402724,129.4905336805448
98.25435113350315,196.5087022670063
21.64884347747642,43.29768695495284
62.503904169733495,125.00780833946699
35.82293005963278,71.64586011926556
8.643992939483415,17.28798587896683
85.54007901995632,171.08015803991265
40.021402903338114,80.04280580667623
61.640567864982465,123.28113572996493
24.087878006407447,48.175756012814894
72.06244322442676,144.12488644885352
97.53757180858973,195.07514361717946
4.954911008945329,9.909822017890658
86.67150598741918,173.34301197483836
74.36303997242904,148.72607994485807
53.12322819630487,106.24645639260974
86.66197980245191,173.32395960490382
63.023570368700135,126.04714073740027
73.79408121925303,147.58816243850606
7.612693541722992,15.225387083445984
3.9101386682294015,7.820277336458803
57.51546270086125,115.0309254017225
97.97118115789945,195.9423623157989
98.64149769498923,197.28299538997845
73.51151384856246,147.02302769712492
76.00322129831557,152.00644259663113
72.37701073736875,144.7540214747375
27.28079147602388,54.56158295204776
28.535446610547133,57.070893221094266
40.53683670849527,81.07367341699054
5.763476652713395,11.52695330542679
66.98710180234288,133.97420360468575
5.731161081939828,11.462322163879657
30.56686769030923,61.13373538061846
72.04902888875515,144.0980577775103
74.84222968566809,149.68445937133617
66.2722970751062,132.5445941502124
15.631162994382585,31.26232598876517
65.82444774862118,131.64889549724236
14.009746760564369,28.019493521128737
16.62695578393779,33.25391156787558
71.49379282994734,142.98758565989468
80.9424573131429,161.8849146262858
99.04832672250838,198.09665344501676
49.209769758090815,98.41953951618163
51.81028109958594,103.62056219917189
41.59723520112281,83.19447040224561
52.142392585760035,104.28478517152007
29.897855735099576,59.79571147019915
13.272029783575523,26.544059567151045
89.41083064426222,178.82166128852444
52.2298629098783,104.4597258197566
57.7123418335534,115.4246836671068
27.163169962273624,54.32633992454725
85.8674742826665,171.734948565333
55.88820155296854,111.77640310593708
70.93841931962002,141.87683863924005
68.85337379698146,137.70674759396292
75.62055043660605,151.2411008732121
48.39272883658347,96.78545767316695
95.20960276190013,190.41920552380026
32.669666032427315,65.33933206485463
85.92145878497189,171.84291756994378
81.60119278937515,163.2023855787503
0.5376157847011731,1.0752315694023462
87.36053561307503,174.72107122615006
54.70000935055336,109.40001870110672
84.76588678756173,169.53177357512345
96.49195986636873,192.98391973273746
57.223618847872245,114.44723769574449
53.71154591110987,107.42309182221975
40.24020288509833,80.48040577019665
54.17180343943117,108.34360687886235
65.47387119157592,130.94774238315185
96.48733432241312,192.97466864482624
39.093555160712555,78.18711032142511
76.74633701339094,153.49267402678188
2.014376674877061,4.028753349754122
17.180819203929932,34.361638407859864
20.132114141774927,40.264228283549855
9.409830943511178,18.819661887022356
54.90119541039683,109.80239082079366
60.66278818081483,121.32557636162966
75.03004950376348,150.06009900752696
49.15563579971255,98.3112715994251
79.9259331187535,159.851866237507
83.75143952935345,167.5028790587069
57.82898345751447,115.65796691502894
96.08491568467,192.16983136934
58.77938972248956,117.55877944497912
76.66825988333635,153.3365197666727
67.81418722362413,135.62837444724826
5.2609474323892735,10.521894864778547
30.066036868738312,60.132073737476624
19.39278747160459,38.78557494320918
31.85192951316229,63.70385902632458
97.2009866857729,194.4019733715458
86.85303271266055,173.7060654253211
75.456529650157,150.913059300314
98.79819475209443,197.59638950418886
44.38298097033848,88.76596194067696
24.452594697564034,48.90518939512807
95.57726344503769,191.15452689007537
55.0963081142276,110.1926162284552
50.33134496672034,100.66268993344067
9.184930882471953,18.369861764943906
26.385100113024905,52.77020022604981
83.2818307997559,166.5636615995118
38.76380679643834,77.52761359287668
45.34631727171278,90.69263454342556
97.62304608426757,195.24609216853514
71.47930610366483,142.95861220732965
82.40634624413163,164.81269248826325
24.41300438314333,48.82600876628666
53.68113751671855,107.3622750334371
63.009766409504365,126.01953281900873
23.46023105507493,46.92046211014986
81.42292097157325,162.8458419431465
25.577006194821873,51.154012389643746
98.72082869193258,197.44165738386516
55.640768848959745,111.28153769791949
67.62696381912143,135.25392763824286
76.649061501396,153.298123002792
47.25374847185493,94.50749694370985
56.220766149245115,112.44153229849023
89.34038369973119,178.68076739946238
29.74409439968153,59.48818879936306
11.565293035526992,23.130586071053983
84.35196521344866,168.70393042689733
30.172231685684537,60.34446337136907
59.14366399859272,118.28732799718544
6.92920163322931,13.85840326645862
71.23631686026933,142.47263372053865
21.10113286067804,42.20226572135608
0.3897463900618514,0.7794927801237028
36.7627459486378,73.5254918972756
19.616954691110866,39.23390938222173
99.78155907081148,199.56311814162297
4.507627334119713,9.015254668239425
55.644551813591356,111.28910362718271
47.25016692637246,94.50033385274492
28.46084259587094,56.92168519174188
11.194662060288907,22.389324120577815
16.34785379155459,32.69570758310918
33.74133800478789,67.48267600957578
53.72607579637758,107.45215159275516
7.972368147050646,15.944736294101292
16.416886317118827,32.833772634237654
97.04530853863318,194.09061707726636
3.872221528705022,7.744443057410044
31.73708231465223,63.47416462930446
50.95328416770734,101.90656833541468
79.36668005800362,158.73336011600725
40.47853133446277,80.95706266892554
96.39293469926542,192.78586939853085
97.3229402966891,194.6458805933782
85.14148286334994,170.28296572669987
68.71013412208477,137.42026824416953
78.13160535381289,156.26321070762577
64.76727712329054,129.53455424658108
20.828371871764595,41.65674374352919
2.511047841910785,5.02209568382157
98.0033902591801,196.0067805183602
76.44247474458135,152.8849494891627
50.906840687092526,101.81368137418505
10.492785902700419,20.985571805400838
44.941873950735776,89.88374790147155
27.591849959902813,55.183699919805626
39.293653274414844,78.58730654882969
20.435422899925747,40.870845799851494
82.4625906852769,164.9251813705538
58.099337763346334,116.19867552669267
29.520227741487027,59.04045548297405
0.83317136678277,1.66634273356554
91.35014609830048,182.70029219660097
47.105380178933295,94.21076035786659
64.92601680521756,129.85203361043511
56.72711105715287,113.45422211430574
13.845358644430661,27.690717288861322
94.62955142628077,189.25910285256154
48.027761755798906,96.05552351159781
70.33029523071622,140.66059046143243
36.13811626589099,72.27623253178199
13.73147539213615,27.4629507842723
54.15772903476318,108.31545806952636
69.44014943625876,138.88029887251753
5.231705748051441,10.463411496102882
80.36068859861378,160.72137719722755
79.26017449356017,158.52034898712034
31.980676418405785,63.96135283681157
97.81461464589688,195.62922929179376
33.55597519842406,67.11195039684812
35.083687898607366,70.16737579721473
70.59213977343533,141.18427954687067
13.039993712138509,26.079987424277018
13.09648294794381,26.19296589588762
84.28857056376354,168.57714112752709
33.874254726931575,67.74850945386315
82.93126997587386,165.86253995174772
57.829822783122374,115.65964556624475
27.10251534293692,54.20503068587384
79.16969527230387,158.33939054460774
86.41718586416812,172.83437172833624
35.66290312500923,71.32580625001846
68.39635597080503,136.79271194161007
29.16678073625102,58.33356147250204
12.556124744638119,25.112249489276238
33.43063114838798,66.86126229677596
71.32028524550104,142.64057049100208
77.95617181540783,155.91234363081566
56.50820711059227,113.01641422118453
89.95851628178416,179.9170325635683
85.47238553406137,170.94477106812275
84.65714605377217,169.31429210754433
97.22619887195346,194.45239774390691
43.56128117769128,87.12256235538256
89.60594234197674,179.21188468395349
70.50149904830987,141.00299809661973
59.670884884829626,119.34176976965925
34.74044890307167,69.48089780614335
4.311484138319588,8.622968276639176
22.297098398250036,44.59419679650007
85.27093955001318,170.54187910002636
59.80831445656597,119.61662891313193
73.57998679297117,147.15997358594234
74.6748562361099,149.3497124722198
60.02465271369949,120.04930542739898
85.84155871580803,171.68311743161607
63.365421231191085,126.73084246238217
73.44160102802833,146.88320205605666
54.38188284882861,108.76376569765722
47.25723841051316,94.51447682102632
20.987765744132236,41.97553148826447
50.5199750433729,101.0399500867458
63.106703986292004,126.21340797258401
60.73882177683386,121.47764355366772
53.638573717117154,107.27714743423431
98.59096603864859,197.18193207729718
38.37031859948345,76.7406371989669
20.32931299835976,40.65862599671952
38.83995019104092,77.67990038208184
98.33620323619834,196.6724064723967
75.33958723368052,150.67917446736104
52.5843517317502,105.1687034635004
57.79821570384676,115.59643140769352
27.85538268740291,55.71076537480582
89.38413967388945,178.7682793477789
8.754524335177361,17.509048670354723
26.697244925030283,53.394489850060566
59.048033277497694,118.09606655499539
19.615074890058914,39.23014978011783
82.636393941231,165.272787882462
39.06076530517638,78.12153061035276
21.363596287250786,42.72719257450157
18.343070561092077,36.686141122184154
50.49418205376375,100.9883641075275
52.38201775976251,104.76403551952502
41.6198183329692,83.2396366659384
60.81469322820684,121.62938645641368
93.61187216143307,187.22374432286614
92.63301927537056,185.26603855074111
38.706525030370386,77.41305006074077
34.25494492370865,68.5098898474173
53.362392307788454,106.72478461557691
7.74508770986021,15.49017541972042
57.95765017932991,115.91530035865982
41.01233577164639,82.02467154329278
47.9621304304374,95.9242608608748
1.0164523561604133,2.0329047123208266
70.86378420706758,141.72756841413516
78.2745956101992,156.5491912203984
45.153687248562,90.307374497124
44.276420290174045,88.55284058034809
89.60827220967025,179.2165444193405
95.33502038701383,190.67004077402765
59.35818477375212,118.71636954750424
33.68430917968357,67.36861835936713
99.20901326346551,198.41802652693102
65.32634979332633,130.65269958665266
57.339288107378316,114.67857621475663
16.42580003294185,32.8516000658837
1.425773345108483,2.851546690216966
32.194410823270324,64.38882164654065
46.51736333505,93.0347266701
28.01177616397198,56.02355232794396
54.57425733299394,109.14851466598788
24.493755079343693,48.987510158687385
90.17462677112167,180.34925354224333
18.875121522458006,37.75024304491601
74.5880106474551,149.1760212949102
76.5497824410042,153.0995648820084
13.510967657425898,27.021935314851795
25.22984264517628,50.45968529035256
35.94084508639502,71.88169017279004
81.41492152989352,162.82984305978704
46.44097638006281,92.88195276012561
90.08693121522595,180.1738624304519
94.7416677639418,189.4833355278836
60.654239117825725,121.30847823565145
95.40542336849097,190.81084673698194
44.83672369737146,89.67344739474292
64.0486318278942,128.0972636557884
83.77959927801028,167.55919855602056
61.485405962277476,122.97081192455495
66.23882233040817,132.47764466081634
19.56626509736469,39.13253019472938
62.49727476880535,124.9945495376107
46.98728955686635,93.9745791137327
24.312181365364616,48.62436273072923
57.20051305641353,114.40102611282705
99.10023098217009,198.20046196434018
37.77658981362328,75.55317962724656
50.75679715443707,101.51359430887415
93.68116614446205,187.3623322889241
23.646521986021618,47.293043972043236
36.6883330196492,73.3766660392984
37.10078741297129,74.20157482594259
83.27399831401024,166.54799662802048
31.091285790815192,62.182571581630384
99.48585101122627,198.97170202245255
67.63929110826633,135.27858221653267
20.503137334065478,41.006274668130956
69.8011406931504,139.6022813863008
0.5348677874610908,1.0697355749221815
64.9968346779664,129.9936693559328
58.991164472066124,117.98232894413225
1.1540822724911304,2.3081645449822608
81.83052726327922,163.66105452655844
19.832498799385622,39.664997598771244
45.05825526417105,90.1165105283421
61.13671980612608,122.27343961225216
30.202844556601114,60.40568911320223
60.86745784139765,121.7349156827953
60.725836855219974,121.45167371043995
6.475599500531725,12.95119900106345
54.19182197919713,108.38364395839426
30.104039729091824,60.20807945818365
69.28339934487019,138.56679868974038
27.438130806372783,54.876261612745566
82.61121686421059,165.22243372842118
54.11120120546112,108.22240241092224
85.59662843114391,171.19325686228783
98.80683047678946,197.61366095357891
12.19512333386481,24.39024666772962
12.53932565719741,25.07865131439482
83.10735332652348,166.21470665304696
80.4799769283613,160.9599538567226
94.74526843990493,189.49053687980987
74.56590052044456,149.13180104088912
39.9501303998067,79.9002607996134
46.12994654864359,92.25989309728718
81.09379998401305,162.1875999680261
63.17716700912853,126.35433401825706
14.86329943480289,29.72659886960578
10.554467159960767,21.108934319921534
9.478244247900392,18.956488495800784
35.16751496566884,70.33502993133769
97.06716618853082,194.13433237706164
45.80626994086836,91.61253988173672
52.077870961782345,104.15574192356469
31.885140872052965,63.77028174410593
84.37595657275997,168.75191314551995
63.11171204538029,126.22342409076057
62.91668673884442,125.83337347768884
82.30531074749031,164.61062149498062
90.04034475749974,180.08068951499948
83.70929402783331,167.41858805566662
89.63503587519102,179.27007175038204
68.0549400460761,136.1098800921522
84.16243887082923,168.32487774165847
94.08590739630624,188.17181479261248
46.47871731152535,92.9574346230507
35.49745981228496,70.99491962456992
41.30340649437888,82.60681298875777
83.44054550508797,166.88109101017594
82.78249688852816,165.56499377705632
27.558912955840277,55.117825911680555
30.09360031410626,60.18720062821252
2.079351777169125,4.15870355433825
79.99826769092883,159.99653538185765
20.074658072637654,40.14931614527531
65.20410022863894,130.40820045727787
68.90418355624743,137.80836711249486
94.6700871799078,189.3401743598156
11.89060254617763,23.78120509235526
7.647252209680843,15.294504419361687
72.94808264836026,145.8961652967205
42.715726344721816,85.43145268944363
95.60709018531284,191.21418037062568
83.98053316300474,167.96106632600947
31.194105474894553,62.388210949789105
99.13109629524914,198.26219259049827
82.13215339294176,164.26430678588352
32.8299111487062,65.6598222974124
81.44435263472054,162.8887052694411
12.980368544715471,25.960737089430943
13.229544364050538,26.459088728101076
54.69155726756871,109.38311453513742
55.76007334483989,111.52014668967978
69.40319686962023,138.80639373924046
5.560138573151285,11.12027714630257
31.88461675457225,63.7692335091445
28.228282498969527,56.456564997939054
28.19791603483338,56.39583206966676
4.10341243365896,8.20682486731792
42.34861211636534,84.69722423273068
96.98138832116746,193.96277664233492
74.31518765490993,148.63037530981987
98.43386164160243,196.86772328320487
46.318427335607716,92.63685467121543
45.64113952808868,91.28227905617736
2.6100309050340886,5.220061810068177
0.09070679796241432,0.18141359592482864
67.54291046096287,135.08582092192574
51.60134561068085,103.2026912213617
88.91913421037533,177.83826842075067
97.96136636397982,195.92273272795964
33.17961392614214,66.35922785228428
26.878177065482912,53.756354130965825
35.2490641508363,70.4981283016726
27.063773647871393,54.12754729574279
73.229064941021,146.458129882042
84.79595787990365,169.5919157598073
77.37034514188213,154.74069028376425
32.98359905646259,65.96719811292517
80.0319064277582,160.0638128555164
60.6988210328953,121.3976420657906
17.150681532238565,34.30136306447713
80.15436263621247,160.30872527242494
91.42848487960985,182.8569697592197
39.19714606299783,78.39429212599566
12.682560338824612,25.365120677649223
11.299145740499428,22.598291480998856
46.9391632800012,93.8783265600024
37.3931122885953,74.7862245771906
2.2639953146315173,4.5279906292630345
99.07744137761179,198.15488275522358
20.463563860161482,40.927127720322964
84.85726093657304,169.71452187314608
5.735261157054539,11.470522314109077
33.33367920448869,66.66735840897738
75.62323347402832,151.24646694805665
70.31079462278173,140.62158924556346
92.68915901601089,185.37831803202178
3.7464057108710036,7.492811421742007
43.136790204486864,86.27358040897373
75.5032604753168,151.0065209506336
47.79094919519065,95.5818983903813
86.28828298015296,172.5765659603059
21.31835081712321,42.63670163424642
0.21780410674544504,0.4356082134908901
97.1881330618767,194.3762661237534
72.96339235858231,145.92678471716462
96.8542644333452,193.7085288666904
48.73780667144805,97.4756133428961
97.01257393899485,194.0251478779897
29.368029920276804,58.73605984055361
79.35638714273338,158.71277428546676
33.022300883347185,66.04460176669437
35.60604008826951,71.21208017653902
67.08126125647894,134.16252251295788
96.42571922905863,192.85143845811726
63.0411552610102,126.0823105220204
3.6626869015326635,7.325373803065327
66.92570881012749,133.85141762025498
67.35441380550998,134.70882761101996
76.520423700485,153.04084740097
78.89434041348868,157.78868082697736
41.96134698523009,83.92269397046017
44.151038023423375,88.30207604684675
68.43882445908558,136.87764891817116
44.60779114539225,89.2155822907845
29.07290005187837,58.14580010375674
72.55699640541118,145.11399281082237
2.578644176249234,5.157288352498468
81.0215173803072,162.0430347606144
31.17930201465319,62.35860402930638
40.73454730336871,81.46909460673741
70.69382199924767,141.38764399849535
52.61967200659933,105.23934401319866
22.137715600948894,44.27543120189779
11.414843417934007,22.829686835868014
30.588971820606904,61.17794364121381
76.92079459562933,153.84158919125866
56.374484879547005,112.74896975909401
31.374163282926038,62.748326565852075
59.468676227803904,118.93735245560781
17.265275032288983,34.530550064577966
53.09864054254898,106.19728108509796
26.73158187996385,53.4631637599277
48.04323213773055,96.0864642754611
36.225023149182256,72.45004629836451
70.97167448754767,141.94334897509535
66.91058807059142,133.82117614118283
86.41445413690889,172.82890827381777
83.98545358490904,167.97090716981808
71.54730609435393,143.09461218870786
42.59682037027611,85.19364074055223
14.561277686338347,29.122555372676693
33.07581143213309,66.15162286426617
92.05599973440573,184.11199946881146
90.80504256703856,181.6100851340771
2.0571734779620043,4.114346955924009
20.747259524030635,41.49451904806127
14.742705690718239,29.485411381436478
18.11832171568345,36.2366434313669
97.60154930177575,195.2030986035515
60.32225843232406,120.64451686464812
74.84635099275091,149.69270198550183
52.929305604909146,105.85861120981829
35.673499080592975,71.34699816118595
42.85040870455492,85.70081740910985
94.21736569950441,188.43473139900883
13.920016159839587,27.840032319679175
97.19105959476397,194.38211918952794
63.63144615353483,127.26289230706966
72.58906050629749,145.17812101259497
46.69936426262783,93.39872852525566
18.207943411789095,36.41588682357819
52.553162204023565,105.10632440804713
27.610298752897013,55.220597505794025
87.19377718307024,174.38755436614048
82.61016156317108,165.22032312634215
65.79037628606447,131.58075257212894
6.968171678647339,13.936343357294678
98.60316291692531,197.20632583385063
65.09484075229977,130.18968150459955
40.554694253386415,81.10938850677283
6.922270011530085,13.84454002306017
30.11840240605489,60.23680481210978
98.16991160180737,196.33982320361474
30.569335615453618,61.138671230907235
61.39316151894241,122.78632303788481
38.476557212989206,76.95311442597841
47.512380285700694,95.02476057140139
82.78938256098004,165.5787651219601
83.7425731391273,167.4851462782546
22.71052559946781,45.42105119893562
79.86924159210591,159.73848318421182
37.901516011247004,75.80303202249401
48.75499562720128,97.50999125440256
34.54982092675234,69.09964185350468
69.0242144402658,138.0484288805316
22.154203775504445,44.30840755100889
29.434058604094893,58.86811720818979
35.585298350009055,71.17059670001811
95.30734665689468,190.61469331378936
62.932178847142474,125.86435769428495
40.501137703736546,81.00227540747309
46.650222941489325,93.30044588297865
74.99758011133495,149.9951602226699
28.84226914515876,57.68453829031752
43.454079874106164,86.90815974821233
32.43762103701718,64.87524207403436
55.362889918649714,110.72577983729943
55.88265795910103,111.76531591820206
87.39562424511519,174.79124849023037
87.15772094167372,174.31544188334743
87.27258293411857,174.54516586823715
24.067605429325077,48.135210858650154
22.097857700598,44.195715401196
38.49583520836723,76.99167041673446
89.64795657758772,179.29591315517544
19.517779322924955,39.03555864584991
83.09514795309923,166.19029590619846
52.85349689695943,105.70699379391885
44.46713194268026,88.93426388536052
18.602061670176685,37.20412334035337
0.5301400239439591,1.0602800478879182
99.55110095541704,199.10220191083408
52.570585773018166,105.14117154603633
36.90647154369645,73.8129430873929
11.100854109646374,22.201708219292748
5.549320698989302,11.098641397978604
82.14307409167549,164.28614818335097
93.2808146310625,186.561629262125
45.024097870549696,90.04819574109939
20.586412487495288,41.172824974990576
18.919260643296088,37.838521286592176
25.187750113475015,50.37550022695003
53.41914123939523,106.83828247879046
57.750085430487594,115.50017086097519
7.07730370405023,14.15460740810046
84.70844458014035,169.4168891602807
38.15535506357776,76.31071012715552
66.119990508789,132.239981017578
6.054187057406146,12.108374114812293
95.51332043822973,191.02664087645945
9.404969060948954,18.809938121897908
0.5603180056267809,1.1206360112535618
10.324947132710848,20.649894265421697
65.1783629473951,130.3567258947902
50.314484631594404,100.62896926318881
35.73110851259555,71.4622170251911
21.732530714059074,43.46506142811815
45.980608088901484,91.96121617780297
33.55561225746918,67.11122451493836
45.21032835074521,90.42065670149042
48.6177853128188,97.2355706256376
17.710180168260802,35.420360336521604
79.19317002125482,158.38634004250963
80.6026511988684,161.2053023977368
58.515356271974014,117.03071254394803
73.4965622739927,146.9931245479854
50.99322927706721,101.98645855413442
88.61683111183882,177.23366222367764
33.75397802317408,67.50795604634816
47.0968955081153,94.1937910162306
15.53669827779165,31.0733965555833
7.252809574415819,14.505619148831638
72.36773921352896,144.73547842705793
95.91509823264353,191.83019646528706
63.853142010697916,127.70628402139583
58.73626375035242,117.47252750070484
60.053299751151215,120.10659950230243
17.576260636280505,35.15252127256101
11.25343743608802,22.50687487217604
45.05408509380982,90.10817018761963
50.77012210800349,101.54024421600698
38.85644750895943,77.71289501791885
94.29731775504533,188.59463551009065
0.6776491525833483,1.3552983051666967
81.33185610184916,162.6637122036983
62.05581351641165,124.1116270328233
20.217829080958882,40.435658161917765
17.58560177556474,35.17120355112948
72.60841256471477,145.21682512942954
42.27990711377612,84.55981422755224
28.762065695732165,57.52413139146433
85.45862157285144,170.91724314570288
92.6714444961566,185.3428889923132
13.0661285364139,26.1322570728278
15.65416137220408,31.30832274440816
69.21095225328759,138.42190450657517
72.18436876801641,144.36873753603282
77.9309513577051,155.8619027154102
43.77739229336821,87.55478458673642
97.7361951807048,195.4723903614096
34.40124424338651,68.80248848677302
94.38162075801372,188.76324151602745
75.83872428709319,151.67744857418637
53.365894241686064,106.73178848337213
89.2247413672771,178.4494827345542
24.713436445685144,49.42687289137029
94.47429724870473,188.94859449740946
76.31309902291176,152.62619804582351
63.16804880412844,126.33609760825688
36.477218059552854,72.95443611910571
77.49936754574387,154.99873509148773
35.56735597445767,71.13471194891534
1.2651675203035562,2.5303350406071123
94.38421959281769,188.76843918563537
40.581906979955086,81.16381395991017
55.63405131023206,111.26810262046412
98.03930253122938,196.07860506245876
84.60083487502634,169.20166975005267
23.63578296673323,47.27156593346646
66.53525360617668,133.07050721235336
50.79984560351144,101.59969120702289
86.08265145609244,172.16530291218487
79.58103506989794,159.16207013979587
83.62650965148848,167.25301930297695
29.413464161251092,58.826928322502184
27.441736293806095,54.88347258761219
64.25475383639049,128.50950767278098
47.25215443647899,94.50430887295798
80.90403263524661,161.80806527049322
56.76139078101833,113.52278156203666
71.75743508202537,143.51487016405073
82.20209722575301,164.40419445150602
30.587999265744237,61.175998531488474
17.36608301874878,34.73216603749756
25.992591949735942,51.985183899471885
5.924519529055495,11.84903905811099
69.15656736627017,138.31313473254033
15.379723093349485,30.75944618669897
56.640209593656564,113.28041918731313
9.951278937237817,19.902557874475633
67.14787091572757,134.29574183145513
40.706598175022215,81.41319635004443
69.7334722259232,139.4669444518464
12.916808066326446,25.833616132652892
31.922867941197197,63.84573588239439
83.22360784910819,166.44721569821638
2.6663603774645495,5.332720754929099
85.98259703924629,171.96519407849257
82.20248706679757,164.40497413359515
18.914058849437442,37.828117698874884
12.93263818598599,25.86527637197198
35.826151881409565,71.65230376281913
13.470402649421697,26.940805298843394
5.091815990678827,10.183631981357655
45.39993730971447,90.79987461942893
55.547906073502574,111.09581214700515
26.73602932835871,53.47205865671742
6.973063057215223,13.946126114430445
56.87376277156271,113.74752554312542
39.62788479582843,79.25576959165686
59.50852177870328,119.01704355740657
30.28815391317563,60.57630782635126
55.448410468691264,110.89682093738253
22.694797097952534,45.38959419590507
81.49854146393808,162.99708292787616
61.261587278902475,122.52317455780495
68.8802796047858,137.7605592095716
96.56945299082899,193.13890598165798
6.589174569762834,13.178349139525668
42.71139643203835,85.4227928640767
67.8993128172368,135.7986256344736
96.80465920992829,193.60931841985658
4.289723878855711,8.579447757711423
0.11709043090564197,0.23418086181128395
63.650527634022644,127.30105526804529
20.082262865224052,40.164525730448105
15.56445353900977,31.12890707801954
27.687437268966285,55.37487453793257
75.26162210110809,150.52324420221618
52.14041953063521,104.28083906127041
30.02495916690072,60.04991833380144
30.530023656032533,61.060047312065066
53.01209217602158,106.02418435204316
37.05046204505877,74.10092409011754
53.483847374104386,106.96769474820877
12.132945177400167,24.265890354800334
14.699192345750212,29.398384691500425
31.376385090360415,62.75277018072083
0.6976776332185963,1.3953552664371927
66.8953713402016,133.7907426804032
61.03474227114341,122.06948454228682
96.3500126560172,192.7000253120344
43.41474498503936,86.82948997007873
81.46918016515009,162.93836033030018
13.92573597692448,27.85147195384896
16.816829965236657,33.633659930473314
61.2608434486732,122.5216868973464
37.29249217781854,74.58498435563708
62.39077880013605,124.7815576002721
69.4962447834743,138.9924895669486
27.00145450028102,54.00290900056204
60.96328866384522,121.92657732769044
41.35445061231143,82.70890122462286
87.82523219263489,175.65046438526977
39.04655518045045,78.0931103609009
48.0819198015061,96.1638396030122
79.61019745420124,159.22039490840248
43.35883462358846,86.71766924717691
69.67771048194736,139.35542096389472
39.70948641309959,79.41897282619918
81.34500582008421,162.69001164016842
52.72200264793595,105.4440052958719
46.3357633772365,92.671526754473
48.981958520268684,97.96391704053737
33.72017902152834,67.44035804305668
57.53566678146838,115.07133356293676
14.140282512517178,28.280565025034356
47.11314480683909,94.22628961367818
98.10167153719163,196.20334307438327
59.240619626851185,118.48123925370237
63.94382289332046,127.88764578664092
28.73906150714216,57.47812301428432
59.96083392084064,119.92166784168128
64.9853019868502,129.9706039737004
58.53464590446167,117.06929180892334
31.56941774379827,63.13883548759654
34.68708400840256,69.37416801680511
5.074499436621782,10.148998873243563
34.127180673672676,68.25436134734535
60.09217311367606,120.18434622735212
64.0140789368644,128.0281578737288
92.30351654447199,184.60703308894398
31.158835053248968,62.317670106497935
90.45668274035272,180.91336548070544
36.11312142426327,72.22624284852654
58.81820292708434,117.63640585416869
10.40979173062182,20.81958346124364
40.402819725952035,80.80563945190407
91.95567528552603,183.91135057105205
82.02808536400548,164.05617072801095
14.103231782675163,28.206463565350326
38.48958954341523,76.97917908683046
93.79695256612628,187.59390513225256
24.34453981221486,48.68907962442972
36.409444814758544,72.81888962951709
23.252782976587827,46.505565953175655
40.346070886249485,80.69214177249897
39.361471313770544,78.72294262754109
89.95441645415553,179.90883290831107
40.70062295228162,81.40124590456324
32.32583201299305,64.6516640259861
74.45101685576017,148.90203371152035
15.326466815807837,30.652933631615674
35.83072800970329,71.66145601940659
81.17020500488427,162.34041000976853
16.2617142336131,32.5234284672262
45.085346831055375,90.17069366211075
84.16187122316259,168.32374244632518
12.190896721490052,24.381793442980104
82.33778525925601,164.67557051851202
55.087306516186004,110.17461303237201
62.5595499241795,125.119099848359
50.31250310898721,100.62500621797442
56.53142818879754,113.06285637759508
59.08591505697618,118.17183011395235
18.12088237164533,36.24176474329066
62.89143290705428,125.78286581410856
85.44663914771922,170.89327829543845
19.29563116817684,38.59126233635368
32.59670128481632,65.19340256963264
75.36026354124094,150.72052708248188
31.78605401713732,63.57210803427464
33.74169569446398,67.48339138892796
49.99623851449366,99.99247702898732
50.97164771748793,101.94329543497587
32.84510313912895,65.6902062782579
46.637174116884616,93.27434823376923
70.72607443170614,141.45214886341228
91.03562781073474,182.07125562146948
94.94603832748389,189.89207665496778
52.06783630693509,104.13567261387018
42.221805390138286,84.44361078027657
86.10985315762682,172.21970631525363
81.50551853911328,163.01103707822656
62.08291370171703,124.16582740343406
94.20518746215426,188.4103749243085
14.499251971840854,28.99850394368171
77.01884604269628,154.03769208539256
39.503590735185824,79.00718147037165
25.37823272449371,50.75646544898742
57.22794776059483,114.45589552118966
66.28299638839664,132.56599277679328
50.52559953233001,101.05119906466003
35.37499624673448,70.74999249346897
17.940309799544185,35.88061959908837
38.05164904528926,76.10329809057852
9.873869260856694,19.747738521713387
90.65679642639093,181.31359285278185
10.994832718859083,21.989665437718166
95.31542662006518,190.63085324013036
72.43407964512618,144.86815929025235
22.538974309959425,45.07794861991885
11.458560691490117,22.917121382980234
38.72806088353222,77.45612176706445
80.45547327157281,160.91094654314563
71.72279382876687,143.44558765753374
57.82185261834011,115.64370523668022
93.57062282616316,187.14124565232632
30.138057759940818,60.276115519881635
43.08824917434663,86.17649834869326
12.749041010404994,25.49808202080999
19.176786864420315,38.35357372884063
24.835260664884608,49.670521329769215
82.45063392998634,164.90126785997268
34.511669639660134,69.02333927932027
63.94968145570591,127.89936291141181
44.22600476715019,88.45200953430037
89.36619116640288,178.73238233280577
56.68387911326307,113.36775822652613
75.52809538866026,151.05619077732052
62.58905248639177,125.17810497278354
62.56381309505574,125.12762619011149
33.830814742227254,67.66162948445451
35.76820273778901,71.53640547557802
44.56020628620374,89.12041257240747
54.9703291560962,109.9406583121924
64.84348891462326,129.68697782924653
30.17553407648118,60.35106815296236
19.459039671953516,38.91807934390703
80.65088496751154,161.3017699350231
43.77049054967572,87.54098109935144
89.92108079465108,179.84216158930215
0.3749798780047109,0.7499597560094218
24.31726460776301,48.63452921552602
29.612793002986535,59.22558600597307
36.17419731088947,72.34839462177894
89.29282022390028,178.58564044780056
94.07692453056924,188.1538490611385
89.12076029016166,178.2415205803233
73.61196557510985,147.2239311502197
96.08576290359558,192.17152580719116
22.540831022413656,45.08166204482731
30.607338616288093,61.214677232576186
6.08798729470773,12.17597458941546
42.44453819786742,84.88907639573485
50.022717570350906,100.04543514070181
73.83994660606147,147.67989321212295
90.10954736742896,180.21909473485792
35.33321522875574,70.66643045751148
58.596941127343214,117.19388225468643
80.19523378731019,160.39046757462037
89.26756631330063,178.53513262660127
44.6048082908196,89.2096165816392
63.06490899220443,126.12981798440886
29.83548509328211,59.67097018656422
19.83830570983123,39.67661141966246
22.72253751838371,45.44507503676742
88.5773753477202,177.1547506954404
55.12700130521316,110.25400261042633
58.853033014572645,117.70606602914529
17.574172679105125,35.14834535821025
61.307375953040236,122.61475190608047
20.431539606926176,40.86307921385235
91.9119182533307,183.8238365066614
63.61553074521912,127.23106149043824
50.343343806708006,100.68668761341601
33.54817620578143,67.09635241156286
45.213078469932945,90.42615693986589
20.257699537417984,40.51539907483597
1.2700190147293622,2.5400380294587244
11.68687958211062,23.37375916422124
8.024193915890553,16.048387831781106
21.980858683260596,43.96171736652119
42.80019538172633,85.60039076345267
85.0214158415443,170.0428316830886
48.29198361734781,96.58396723469562
8.678369944651998,17.356739889303995
84.63337483268401,169.26674966536802
44.75026571751677,89.50053143503354
81.33630720076562,162.67261440153123
7.687842490300911,15.375684980601822
19.84652528156432,39.69305056312864
72.90475185943153,145.80950371886306
80.72131474192538,161.44262948385077
17.37122577517255,34.7424515503451
87.80535486204175,175.6107097240835
24.99561922411485,49.9912384482297
70.33674228277847,140.67348456555695
15.266658571866076,30.533317143732152
53.968046990978365,107.93609398195673
37.37169771603644,74.74339543207287
75.99628114856917,151.99256229713833
56.39162609550766,112.78325219101532
70.31511966194603,140.63023932389206
1.8056470601806374,3.6112941203612747
83.27047428989101,166.54094857978203
28.067086399582443,56.13417279916489
95.87344623637833,191.74689247275666
72.15475056367897,144.30950112735795
44.38121292770683,88.76242585541365
71.49630038793774,142.99260077587547
1.0603085487154829,2.1206170974309657
97.75146741540556,195.5029348308111
41.91076103486411,83.82152206972822
94.22420116679247,188.44840233358494
1.3081752691138093,2.6163505382276186
24.9278188614368,49.8556377228736
45.72807852661538,91.45615705323075
94.5788546443335,189.157709288667
16.49239525367623,32.98479050735246
20.287621567868474,40.57524313573695
90.6409577420194,181.2819154840388
11.767849959507416,23.53569991901483
17.781210967299256,35.56242193459851
72.01077041415125,144.0215408283025
8.462926967532303,16.925853935064605
71.17305791690083,142.34611583380166
47.99552537305365,95.9910507461073
89.36192953836628,178.72385907673257
22.365829108521375,44.73165821704275
90.33798854480307,180.67597708960614
41.98068263809813,83.96136527619626
12.863376905866152,25.726753811732305
47.601645850838494,95.20329170167699
21.84643283087997,43.69286566175994
54.569477993077356,109.13895598615471
8.356099357849022,16.712198715698044
50.40519079180131,100.81038158360262
75.34331615409856,150.68663230819712
55.82140080986908,111.64280161973817
2.631052850450344,5.262105700900688
4.015117707635851,8.030235415271703
39.77490707663917,79.54981415327833
55.79204753482146,111.58409506964291
17.059369823435823,34.118739646871646
80.06071343490562,160.12142686981124
6.129711881064647,12.259423762129295
77.4996240699992,154.9992481399984
99.4431560162853,198.8863120325706
69.12510680794843,138.25021361589685
64.74394986524779,129.48789973049557
44.17770112026748,88.35540224053496
28.231965653785128,56.463931307570256
59.55346679108909,119.10693358217819
10.87409692071214,21.74819384142428
34.2637064974301,68.5274129948602
79.68373530551662,159.36747061103324
65.79944090309667,131.59888180619333
84.82065302240164,169.6413060448033
39.362218004080205,78.72443600816041
3.8377386748281284,7.675477349656257
31.923788490421778,63.847576980843556
66.59991355216238,133.19982710432475
45.23213217448967,90.46426434897934
50.45824439249371,100.91648878498742
7.627615051187043,15.255230102374085
6.7340490119953795,13.468098023990759
95.5278636631973,191.0557273263946
53.16687560686639,106.33375121373278
75.73214896537317,151.46429793074634
51.11032819430831,102.22065638861662
99.94335242655521,199.88670485311042
19.51177681293568,39.02355362587136
25.340333334459864,50.68066666891973
7.337249285835368,14.674498571670735
30.654829888436264,61.30965977687253
95.91902887612692,191.83805775225383
23.470677972216503,46.941355944433006
36.587460309196686,73.17492061839337
33.14227041558776,66.28454083117552
55.5572301781058,111.1144603562116
61.10340506261759,122.20681012523518
36.228420427537486,72.45684085507497
41.08647097310709,82.17294194621418
88.44532325417265,176.8906465083453
15.720280093618012,31.440560187236024
43.57220056640322,87.14440113280644
93.80673611058256,187.61347222116513
57.868892826365204,115.73778565273041
43.98664303472329,87.97328606944659
62.01447401708109,124.02894803416218
3.794250810411015,7.58850162082203
97.04149301138655,194.0829860227731
33.65593947672213,67.31187895344426
41.538533646734,83.077067293468
30.170959943635665,60.34191988727133
8.210682187915042,16.421364375830084
38.27569834200383,76.55139668400766
29.732934887510275,59.46586977502055
50.4590016036342,100.9180032072684
71.96170074549465,143.9234014909893
90.02285087237455,180.0457017447491
2.5896390568177274,5.179278113635455
75.476779954894,150.953559909788
87.53974056106128,175.07948112212256
29.350374274504976,58.70074854900995
88.81343001143588,177.62686002287177
26.2389932363163,52.4779864726326
62.71675915377494,125.43351830754987
83.50754886251296,167.01509772502592
68.43214071012274,136.86428142024548
90.43981757950628,180.87963515901257
5.71618611458663,11.43237222917326
98.85775815685031,197.71551631370062
10.392185942700838,20.784371885401676
71.42752403906455,142.8550480781291
51.85210854062324,103.70421708124648
3.9824773107185796,7.964954621437159
50.64355959848134,101.28711919696268
79.57342781823813,159.14685563647626
63.59225520946774,127.18451041893547
82.69859536967506,165.39719073935012
92.38463685265614,184.7692737053123
1.4027918960162533,2.8055837920325066
14.061747326112762,28.123494652225524
10.653113092685418,21.306226185370836
60.91560711107028,121.83121422214056
61.617534533055284,123.23506906611057
61.99523337323535,123.9904667464707
2.5228540895655405,5.045708179131081
70.24850425751488,140.49700851502976
78.45787678630009,156.91575357260018
91.8528602874189,183.7057205748378
83.038086334054,166.076172668108
47.60221157673228,95.20442315346456
58.68690652748175,117.3738130549635
84.98978277561767,169.97956555123534
18.052961765571663,36.105923531143326
45.98392931142603,91.96785862285206
14.814583887928933,29.629167775857866
7.075629982578901,14.151259965157802
79.38671169601376,158.77342339202752
36.22571451348268,72.45142902696536
90.28788304682148,180.57576609364295
79.29112579224011,158.58225158448022
89.97085804767754,179.94171609535508
40.10776056890989,80.21552113781978
71.89310570899583,143.78621141799167
10.426599747078736,20.853199494157472
54.85353826869438,109.70707653738876
21.830971029262123,43.66194205852425
95.95985806417848,191.91971612835695
23.991601876600953,47.983203753201906
80.04966380232959,160.09932760465918
42.08838931469493,84.17677862938986
10.291899138623606,20.58379827724721
62.2886081256752,124.5772162513504
96.95993112840881,193.91986225681762
74.16689003359824,148.33378006719647
41.10725871413551,82.21451742827102
2.969015954051568,5.938031908103136
77.18896507285903,154.37793014571807
24.14768777331081,48.29537554662162
96.64223422761651,193.28446845523302
68.83736836256391,137.67473672512781
92.03645270336378,184.07290540672756
80.00345737625729,160.00691475251458
42.23627159392297,84.47254318784594
53.943254489388536,107.88650897877707
55.2481502613625,110.496300522725
55.63349242953834,111.26698485907669
59.83661776703671,119.67323553407341
84.2652069793722,168.5304139587444
77.64135169109572,155.28270338219144
55.92648780482801,111.85297560965601
24.389324551539115,48.77864910307823
79.47151016267273,158.94302032534546
12.837676699550371,25.675353399100743
30.071836461767354,60.14367292353471
49.92888020364482,99.85776040728965
77.17124580786296,154.34249161572592
65.77574415014075,131.5514883002815
3.2901748890317273,6.580349778063455
16.674667495003625,33.34933499000725
82.87637858060674,165.75275716121348
93.33336551422175,186.6667310284435
10.09712000087295,20.1942400017459
89.22934890093109,178.45869780186217
76.30175068045749,152.60350136091498
14.794191526005228,29.588383052010457
30.97107762171163,61.94215524342326
97.50449498053749,195.00898996107497
29.643867034058236,59.28773406811647
70.66497725978408,141.32995451956816
52.60268481836032,105.20536963672065
28.08738709795128,56.17477419590256
80.39339690890142,160.78679381780285
18.29902145172576,36.59804290345152
99.32025122100687,198.64050244201374
71.3642732209258,142.7285464418516
83.79896660271093,167.59793320542187
33.10759700847781,66.21519401695562
68.9052191164138,137.8104382328276
57.650414040325956,115.30082808065191
32.759756339749025,65.51951267949805
8.200763733397142,16.401527466794285
77.87457553940142,155.74915107880284
4.238310648962673,8.476621297925346
10.406247195091744,20.81249439018349
24.733572925218127,49.46714585043625
68.37672205878948,136.75344411757897
69.63096489011508,139.26192978023016
54.576459859427395,109.15291971885479
60.879355973803385,121.75871194760677
82.49629473062386,164.99258946124772
54.58159646504852,109.16319293009704
74.1357121599337,148.2714243198674
31.14526152513053,62.29052305026106
58.67910902720115,117.3582180544023
60.32322396874563,120.64644793749126
60.832499586442445,121.66499917288489
90.2220083678284,180.4440167356568
96.99427410095961,193.98854820191923
1.0399214241953003,2.0798428483906006
38.098209233020306,76.19641846604061
31.660506423681277,63.32101284736255
71.12556437495225,142.2511287499045
7.155011345710893,14.310022691421786
63.313828294732645,126.62765658946529
49.04836956106197,98.09673912212394
35.865338068917076,71.73067613783415
46.032591813564274,92.06518362712855
74.86780915177272,149.73561830354544
75.38902895156744,150.77805790313488
97.0894360153378,194.1788720306756
47.904514334602254,95.80902866920451
11.235162996164972,22.470325992329943
97.8133426775645,195.626685355129
76.14626050273473,152.29252100546947
9.567203646628696,19.134407293257393
8.816006677452826,17.632013354905652
10.583588279620738,21.167176559241476
80.75052708534871,161.50105417069742
70.54318722253984,141.08637444507968
52.019589076411286,104.03917815282257
37.94104781102215,75.8820956220443
47.698938633050844,95.39787726610169
99.28261249688246,198.56522499376493
55.286638146057335,110.57327629211467
44.81622729450761,89.63245458901523
40.64029071003794,81.28058142007588
86.22061398217382,172.44122796434763
0.9291515579290421,1.8583031158580843
73.43798452860067,146.87596905720133
2.9639769086515555,5.927953817303111
96.119945079334,192.239890158668
97.26552166012658,194.53104332025316
85.66705166687463,171.33410333374925
73.16148556720414,146.32297113440828
45.28377017839276,90.56754035678551
48.53078404093252,97.06156808186503
41.269547115670214,82.53909423134043
20.539644335981933,41.079288671963866
4.811163462163859,9.622326924327718
1.3992395320654771,2.7984790641309543
8.904575515258628,17.809151030517256
79.31146730063922,158.62293460127844
89.87883066253937,179.75766132507874
63.02006726316208,126.04013452632417
13.654301264491963,27.308602528983926
46.92870348913232,93.85740697826463
2.541628169858179,5.083256339716358
88.01600383079182,176.03200766158363
18.886255470550704,37.77251094110141
82.67891254345491,165.35782508690983
27.841236414596892,55.682472829193784
6.340259897019463,12.680519794038926
26.44907533546592,52.89815067093184
10.309105825543863,20.618211651087726
49.83956168219549,99.67912336439097
10.026603221973518,20.053206443947037
50.50683985262591,101.01367970525182
26.83058398531629,53.66116797063258
52.8910818238703,105.7821636477406
77.68603420183072,155.37206840366144
2.6838184697098866,5.367636939419773
38.45858046133797,76.91716092267593
71.60442539728645,143.2088507945729
14.443586250310513,28.887172500621027
90.52397506015342,181.04795012030684
74.7238270973871,149.4476541947742
2.2494222133394137,4.4988444266788274
31.06204712208389,62.12409424416778
97.00859753060472,194.01719506120943
75.4204294200696,150.8408588401392
19.448584671044323,38.897169342088645
23.656181018739687,47.312362037479375
47.38268169790848,94.76536339581696
25.7670574833076,51.5341149666152
51.316399418919,102.632798837838
56.49432166077848,112.98864332155696
55.64409570878996,111.28819141757992
87.54511815103729,175.09023630207457
20.142052742207717,40.284105484415434
13.186618167075913,26.373236334151827
3.1532671683742852,6.3065343367485704
82.6271508808508,165.2543017617016
58.67852521541928,117.35705043083856
58.624529249214895,117.24905849842979
2.002462269986305,4.00492453997261
34.27890545724645,68.5578109144929
94.1457357478946,188.2914714957892
78.76954642698635,157.5390928539727
58.09322786496036,116.18645572992072
97.90739743349899,195.81479486699797
98.92706697766207,197.85413395532413
70.68132122881214,141.36264245762428
92.73059474647299,185.46118949294598
10.329630614333974,20.659261228667948
65.10410907656389,130.20821815312777
27.975344255093393,55.95068851018679
28.66416756232082,57.32833512464164
62.464630221371785,124.92926044274357
88.00720979072032,176.01441958144065
97.66067516478867,195.32135032957734
2.2327951197189777,4.465590239437955
56.828720563803714,113.65744112760743
69.18728494959848,138.37456989919696
27.609680516627655,55.21936103325531
95.79848571042785,191.5969714208557
67.79298666337678,135.58597332675356
80.0696797276698,160.1393594553396
28.84991311999352,57.69982623998704
77.37163874324871,154.74327748649742
97.12277845898296,194.24555691796593
12.745723638493278,25.491447276986555
37.98911181076555,75.9782236215311
92.21529825409766,184.43059650819532
54.64077321064321,109.28154642128642
83.31523652894818,166.63047305789635
31.754894767826446,63.50978953565289
46.186309143054515,92.37261828610903
5.876491492209269,11.752982984418537
58.23041609477669,116.46083218955339
44.38695534140786,88.77391068281572
95.26647460272677,190.53294920545355
44.03681272642655,88.0736254528531
56.68662616755209,113.37325233510418
70.16570143009714,140.3314028601943
88.64198467905878,177.28396935811756
16.408207053119327,32.81641410623865
72.26334683240341,144.52669366480683
41.38259471008819,82.76518942017638
81.05417433254686,162.10834866509373
68.35779927277356,136.71559854554712
83.81292247753535,167.6258449550707
19.675733850409394,39.35146770081879
37.78571958183748,75.57143916367497
90.57909012679059,181.15818025358118
35.76683747940614,71.53367495881228
56.25540938248071,112.51081876496141
30.934204005283426,61.86840801056685
92.0097875304565,184.019575060913
4.936127479757868,9.872254959515736
62.09514520306032,124.19029040612064
52.04464125653061,104.08928251306122
75.58366053702483,151.16732107404965
75.37389260368931,150.74778520737863
5.898589363494821,11.797178726989642
47.03825568765153,94.07651137530306
67.19484903118693,134.38969806237387
51.81665109137008,103.63330218274017
88.65623217859394,177.31246435718788
32.22288930348783,64.44577860697567
52.795822809605234,105.59164561921047
69.37696669837017,138.75393339674034
69.14711903739502,138.29423807479003
78.60027212074003,157.20054424148006
16.681226305315956,33.36245261063191
33.589110778105805,67.17822155621161
34.37886571214131,68.75773142428262
19.16241377171137,38.32482754342274
22.464766276328596,44.92953255265719
53.29556626210884,106.59113252421768
26.192935002971375,52.38587000594275
30.780188794592846,61.56037758918569
11.363936446747458,22.727872893494915
81.08701555047998,162.17403110095995
92.58875583873922,185.17751167747844
28.393642293986964,56.78728458797393
37.290034508986295,74.58006901797259
82.51148058863514,165.02296117727028
52.289178563674064,104.57835712734813
77.3347898838654,154.6695797677308
10.252936648377787,20.505873296755574
81.27362326693745,162.5472465338749
61.6073301976951,123.2146603953902
99.72208081197184,199.44416162394367
88.52274423746489,177.04548847492978
99.75451379167956,199.5090275833591
21.85687717381932,43.71375434763864
30.54060592631853,61.08121185263706
69.2625834423549,138.5251668847098
81.17330315520222,162.34660631040444
86.05963511408218,172.11927022816437
14.913527089938516,29.82705417987703
54.13162912430065,108.2632582486013
71.77260890023287,143.54521780046574
7.192877228546624,14.385754457093247
37.647230749590065,75.29446149918013
66.90994677726064,133.8198935545213
1.1771578339190958,2.3543156678381916
54.83447295081598,109.66894590163196
75.30421560765767,150.60843121531533
45.55739089177956,91.11478178355912
88.62009286123023,177.24018572246047
29.46369945020184,58.92739890040368
47.32801476008615,94.6560295201723
47.00528869193011,94.01057738386022
7.731586481707787,15.463172963415573
98.5642032327782,197.1284064655564
78.34912857386304,156.69825714772608
31.21056256664023,62.42112513328046
60.36488547622062,120.72977095244124
44.94718367564043,89.89436735128086
73.09278009256165,146.1855601851233
48.44637145333366,96.89274290666732
93.67101624612911,187.34203249225823
54.50453596107284,109.00907192214568
32.76595339008072,65.53190678016144
17.04744708811422,34.09489417622844
61.63788573980338,123.27577147960676
80.65949135773793,161.31898271547587
4.249103307084434,8.498206614168868
1.2213572258884642,2.4427144517769284
90.01148545268384,180.02297090536769
7.991712639502213,15.983425279004425
39.85766422421045,79.7153284484209
19.37492189890535,38.7498437978107
74.55425516610248,149.10851033220496
35.952276819221,71.904553638442
30.896162579224608,61.792325158449216
80.37300532609008,160.74601065218016
26.850327013099605,53.70065402619921
48.71405771704795,97.4281154340959
1.6742160076413937,3.3484320152827873
73.02604305282276,146.05208610564551
51.48213402809044,102.96426805618088
48.70053997229841,97.40107994459682
31.68974561135154,63.37949122270308
56.97281605957011,113.94563211914021
7.756630251773544,15.513260503547087
99.41184482319353,198.82368964638707
68.94586332602744,137.89172665205487
9.205813212236613,18.411626424473226
3.3326005630821,6.6652011261642
70.29360028337075,140.5872005667415
90.71021473102691,181.42042946205382
54.35527319195348,108.71054638390696
54.1060965366223,108.2121930732446
88.26691773909694,176.53383547819388
63.60586334999753,127.21172669999505
64.3875135214086,128.7750270428172
14.806781809925551,29.613563619851103
22.260792980730614,44.52158596146123
26.913222302169803,53.826444604339606
33.49048730398445,66.9809746079689
14.7841642892101,29.5683285784202
27.99645311735094,55.99290623470188
14.55994008847915,29.1198801769583
22.598327203134115,45.19665440626823
39.823012010261536,79.64602402052307
6.759199724611776,13.518399449223551
55.00398569067673,110.00797138135346
28.899798897306518,57.799597794613035
42.905696157508444,85.81139231501689
19.250251244654358,38.500502489308715
72.18816605870238,144.37633211740476
59.49274272632478,118.98548545264956
37.21342718286541,74.42685436573082
19.99284466129121,39.98568932258242
45.26487039015969,90.52974078031939
56.05436608006408,112.10873216012816
56.130806877764385,112.26161375552877
15.443996231350898,30.887992462701796
9.326874109689342,18.653748219378684
95.27716147824373,190.55432295648745
21.55271478648756,43.10542957297512
39.275305866115716,78.55061173223143
55.46683512135184,110.93367024270368
22.401544284873797,44.803088569747594
33.339702988243644,66.67940597648729
61.02858195816061,122.05716391632122
1.3155248323994728,2.6310496647989456
78.03519092971426,156.07038185942852
48.489779383665166,96.97955876733033
42.7911842344971,85.5823684689942
72.9160102667031,145.8320205334062
94.1368041722845,188.273608344569
12.713875472292624,25.42775094458525
78.7714963461214,157.5429926922428
0.7120905574189651,1.4241811148379302
92.55767373022258,185.11534746044515
36.48055225349211,72.96110450698421
20.97697643129246,41.95395286258492
85.22629603258525,170.4525920651705
60.36738479256542,120.73476958513083
60.70981288969325,121.4196257793865
50.658302237932276,101.31660447586455
0.9570683791095935,1.914136758219187
37.5294597817056,75.0589195634112
87.5309520535268,175.0619041070536
12.392765009251583,24.785530018503167
67.09408401353987,134.18816802707974
56.05807401803878,112.11614803607756
22.412973511664845,44.82594702332969
56.829561154503786,113.65912230900757
12.63125467760463,25.26250935520926
37.40297403822167,74.80594807644334
15.577805841024317,31.155611682048633
97.58608563222401,195.17217126444802
99.70213572555562,199.40427145111124
40.04550516527129,80.09101033054257
43.42442184873345,86.8488436974669
96.25713710523729,192.51427421047458
65.12849355286001,130.25698710572001
16.66655831289544,33.33311662579088
99.71629005023229,199.43258010046458
98.04923223206947,196.09846446413894
51.70346127489475,103.4069225497895
55.31394085122406,110.62788170244812
56.513976436240455,113.02795287248091
37.54111618666365,75.0822323733273
92.74232371758721,185.48464743517442
79.03830138722762,158.07660277445524
37.36195290840458,74.72390581680916
76.65074240545134,153.30148481090268
27.639414898110815,55.27882979622163
90.93866461040376,181.87732922080752
34.030919403756535,68.06183880751307
63.08889933827285,126.1777986765457
78.23570500395142,156.47141000790285
36.84953105812803,73.69906211625606
32.282779237777106,64.56555847555421
23.14443458039368,46.28886916078736
55.71994218070564,111.43988436141127
0.05676498336995017,0.11352996673990035
23.166014108494316,46.33202821698863
50.02280712907257,100.04561425814514
93.82273489124124,187.64546978248248
9.918334658457805,19.83666931691561
58.1541297557235,116.308259511447
47.47511426292572,94.95022852585144
92.6228204924268,185.2456409848536
46.457744458122775,92.91548891624555
55.511008049598,111.022016099196
83.22892613523099,166.45785227046198
95.41162517432855,190.8232503486571
85.48886004939831,170.97772009879662
99.27067460214833,198.54134920429667
35.555368037860255,71.11073607572051
43.595815736615776,87.19163147323155
95.82466762925249,191.64933525850498
48.15829876045732,96.31659752091464
1.0077207134299604,2.015441426859921
45.40545007244033,90.81090014488066
60.41687157789172,120.83374315578344
66.34034645285382,132.68069290570764
46.27290313488525,92.5458062697705
17.1819442123596,34.3638884247192
23.18277297267841,46.36554594535682
86.03745097249555,172.0749019449911
73.99457268122275,147.9891453624455
56.46194758973474,112.92389517946948
43.59451549520416,87.18903099040833
40.928035663805574,81.85607132761115
20.228434741068135,40.45686948213627
92.32630837941522,184.65261675883045
60.97179193634954,121.94358387269908
33.62172684736539,67.24345369473077
91.41866910327357,182.83733820654714
82.15300165834556,164.30600331669112
12.303186813569722,24.606373627139444
58.325925886693774,116.65185177338755
2.3635839824290628,4.7271679648581255
0.7652440865426491,1.5304881730852982
76.5392791073502,153.0785582147004
42.75018727905674,85.50037455811348
13.51794439349866,27.03588878699732
61.611285689254046,123.22257137850809
75.8968632252863,151.7937264505726
78.30873278995095,156.6174655799019
85.06831343483609,170.13662686967217
3.267927554592376,6.535855109184752
98.11746532362251,196.23493064724502
36.151798017259075,72.30359603451815
57.1934794985939,114.3869589971878
50.84011983081,101.68023966162
60.573334599961456,121.14666919992291
27.865760714589516,55.73152142917903
84.7123988127067,169.4247976254134
73.634048472386,147.268096944772
71.38348486363513,142.76696972727026
81.81085891679763,163.62171783359526
9.69502725328243,19.39005450656486
5.384666326513909,10.769332653027819
69.59417763941225,139.1883552788245
11.133825392355467,22.267650784710934
47.28731024957703,94.57462049915407
8.582851829602124,17.165703659204247
18.573593775636287,37.14718755127257
10.549922494743813,21.099844989487625
30.634506186128686,61.26901237225737
86.11793984585067,172.23587969170134
73.64135562678227,147.28271125356454
59.15077054004505,118.3015410800901
91.00358771629084,182.00717543258168
33.295347373128706,66.59069474625741
8.906570290259952,17.813140580519903
77.85063432844032,155.70126865688064
63.525434171380546,127.05086834276109
28.418507806675418,56.837015613350836
46.96895742431353,93.93791484862706
9.145717341418235,18.29143468283647
40.234087151966655,80.46817430393331
4.395031971449981,8.790063942899963
93.87621151967657,187.75242303935315
47.8054969512977,95.6109939025954
62.474677444653615,124.94935488930723
87.64940939902121,175.29881879804242
41.94244845668289,83.88489691336578
62.31243227341997,124.62486454683994
27.24469462782446,54.48938925564892
50.91177838339072,101.82355676678144
24.142829177927215,48.28565835585443
56.1642055079839,112.3284110159678
60.021943078372466,120.04388615674493
22.493125959132954,44.98625191826591
41.492023500948704,82.98404700189741
42.07698711003044,84.15397422006087
35.06682485365914,70.13364970731828
70.77713970302338,141.55427940604676
95.87367598107205,191.7473519621441
84.42164440463003,168.84328880926006
46.43617588357372,92.87235176714744
50.2507792801444,100.5015585602888
63.554406944176876,127.10881388835375
65.82780055995856,131.65560111991712
80.65055549694385,161.3011109938877
91.52974688048107,183.05949376096214
35.767746425628076,71.53549285125615
62.000923298255394,124.00184659651079
76.45138683995411,152.90277367990822
66.77896985505255,133.5579397101051
43.76801872889335,87.5360374577867
33.89730576121293,67.79461152242585
50.19234845547125,100.3846969109425
84.00345742561865,168.0069148512373
75.08724183213718,150.17448366427436
39.41261977006767,78.82523954013534
61.002225622584106,122.00445124516821
33.60448731396611,67.20897462793222
71.6312069725374,143.2624139450748
20.832430568663398,41.664861137326795
8.700707261650864,17.401414523301728
21.26147454114057,42.52294908228114
95.31525194133303,190.63050388266606
48.14185661456154,96.28371322912308
68.86764189961589,137.73528379923178
43.99283392353948,87.98566784707896
29.258252473046486,58.51650494609297
2.4873979871420038,4.9747959742840075
39.92277152658463,79.84554305316927
11.922563332149371,23.845126664298743
61.14695702226679,122.29391404453358
63.12332808987158,126.24665617974316
29.48159573528408,58.96319147056816
7.304566207169582,14.609132414339165
94.61450533024845,189.2290106604969
17.169678435836776,34.33935687167355
5.673179848043763,11.346359696087527
2.2862563040391803,4.572512608078361
36.32143823230353,72.64287646460706
92.19529220673026,184.39058441346052
20.080267644642657,40.16053528928531
9.842860513342977,19.685721026685954
81.74921318503769,163.49842637007538
53.3746673447518,106.7493346895036
72.77688627169348,145.55377254338697
0.13496404407493667,0.26992808814987335
25.871031425511248,51.742062851022496
75.02007140942801,150.04014281885603
76.66290691194239,153.32581382388477
96.57607876933261,193.15215753866522
67.90183714699769,135.80367429399539
9.538040385718427,19.076080771436853
44.10380085172313,88.20760170344626
13.882658653208168,27.765317306416335
12.931464484188282,25.862928968376565
64.49100692173386,128.9820138434677
25.30243518363211,50.60487036726422
10.475827409859505,20.95165481971901
71.79848572403115,143.5969714480623
28.982147730672725,57.96429546134545
7.465612528085675,14.93122505617135
98.79192057486246,197.58384114972492
27.901068816886998,55.802137633773995
80.04396768955424,160.08793537910847
69.52883529027044,139.05767058054087
39.938954213839274,79.87790842767855
49.47281899143853,98.94563798287706
90.76453557088026,181.5290711417605
98.5509358220687,197.1018716441374
60.232511295484194,120.46502259096839
18.53471658302479,37.06943316604958
24.71610585851838,49.43221171703676
94.60220361902216,189.20440723804433
92.40660089671542,184.81320179343084
68.13471098282344,136.26942196564687
73.08431132741941,146.16862265483883
5.4118048457532435,10.823609691506487
76.73014206186471,153.46028412372942
45.92586521909353,91.85173043818706
82.77419412512783,165.54838825025567
79.48057030113709,158.96114060227418
17.43891197621119,34.87782395242238
59.002049133979604,118.00409826795921
53.03868841168784,106.07737682337569
11.059157229716321,22.118314459432643
68.03698168042199,136.07396336084398
13.454528959506707,26.909057919013414
67.38251203634636,134.7650240726927
31.61811277116955,63.2362255423391
50.950156851250306,101.90031370250061
13.692878597404457,27.385757194808914
52.9376827905139,105.8753655810278
46.25193277008981,92.50386554017962
26.15421910267486,52.30843820534972
48.719582891463375,97.43916578292675
58.69591671174638,117.39183342349276
85.84860647470785,171.6972129494157
87.52797544512788,175.05595089025576
78.24313807174687,156.48627614349374
97.05766382355986,194.11532764711973
69.82190103050246,139.64380206100492
37.71933221265046,75.43866442530091
16.160230957413024,32.32046191482605
66.57553261563733,133.15106523127466
31.762502884315513,63.525005768631026
7.981550511057778,15.963101022115556
91.32569198312224,182.65138396624448
23.267590854992658,46.535181709985316
27.812435138702252,55.624870277404504
48.12251754563482,96.24503509126964
2.96580263470958,5.93160526941916
43.64548619884179,87.29097239768357
69.9567088909664,139.9134177819328
35.41042680979697,70.82085361959393
51.86104527763516,103.72209055527031
39.44377673772485,78.8875534754497
48.52628867398082,97.05257734796164
87.86624396055822,175.73248792111644
77.98629598828994,155.97259197657988
7.2195310395885,14.439062079177
30.508344689290958,61.016689378581916
96.12387163520594,192.2477432704119
27.602091697941567,55.204183395883135
82.82154690649992,165.64309381299984
67.65687472228505,135.3137494445701
57.35132325193869,114.70264650387738
20.35509424644022,40.71018849288044
44.8797976365081,89.7595952730162
57.30807452876475,114.6161490575295
38.75610869872952,77.51221739745904
6.244830109596555,12.48966021919311
85.59793381622181,171.19586763244362
39.709856059487294,79.41971211897459
99.90179607339107,199.80359214678214
64.25713403427353,128.51426806854707
80.22523471823946,160.45046943647893
5.675892926084469,11.351785852168938
63.75681463905427,127.51362927810854
69.37211170024386,138.74422340048773
16.915489633172264,33.83097926634453
27.846412687773324,55.69282537554665
3.0113972579721926,6.022794515944385
19.742948706322228,39.485897412644455
3.2686076599985348,6.5372153199970695
44.121094230002015,88.24218846000403
13.936002492823418,27.872004985646836
81.26373386084948,162.52746772169897
31.914768833213458,63.829537666426916
32.665163339092175,65.33032667818435
78.61965224048363,157.23930448096726
17.38095730830863,34.76191461661726
93.0230129341493,186.0460258682986
95.32346469408004,190.6469293881601
54.8332980078968,109.6665960157936
29.433514658276117,58.867029316552234
74.23522025108095,148.4704405021619
18.777911077818775,37.55582215563755
29.37229138382368,58.74458276764736
54.48252285258898,108.96504570517796
74.78390376357046,149.56780752714093
55.040101120776285,110.08020224155257
16.639727637776648,33.279455275553296
36.306323208200865,72.61264641640173
91.40779071931568,182.81558143863137
40.26604480233357,80.53208960466714
14.121694353494263,28.243388706988526
23.86137808284682,47.72275616569364
44.53695158928428,89.07390317856856
61.65128436535559,123.30256873071119
57.05618983667843,114.11237967335686
92.62970702122517,185.25941404245035
65.56804221668527,131.13608443337054
82.01626584726912,164.03253169453825
24.799908686878393,49.599817373756785
64.07658434402683,128.15316868805365
3.9231842387104976,7.846368477420995
75.17374673973696,150.3474934794739
18.445681056061048,36.891362112122096
75.69124190061567,151.38248380123133
17.757611804065064,35.51522360813013
93.59671605381331,187.19343210762662
49.77504331030694,99.55008662061388
78.83263790807574,157.66527581615148
6.549826162209971,13.099652324419942
4.2560423805411585,8.512084761082317
52.52584805805751,105.05169611611502
13.920399407882854,27.84079881576571
25.114904746520406,50.22980949304081
22.057220186846692,44.114440373693384
14.397232156967732,28.794464313935464
37.95576197918995,75.9115239583799
59.30919618743077,118.61839237486154
11.830138032290115,23.66027606458023
61.4783469605888,122.9566939211776
30.080467015593715,60.16093403118743
58.1728216944956,116.3456433889912
88.44343550271738,176.88687100543476
0.08247313800094913,0.16494627600189826
80.0191129076845,160.038225815369
71.26352902436098,142.52705804872195
66.69688602662634,133.3937720532527
44.56069333091922,89.12138666183844
78.34489447808019,156.68978895616038
27.731532096443,55.463064192886
72.90639701867964,145.81279403735928
90.21041254056402,180.42082508112804
16.401223428199717,32.802446856399435
47.652573382139465,95.30514676427893
73.24210203156362,146.48420406312724
69.51344941621154,139.0268988324231
70.2389489633375,140.477897926675
26.374599776684494,52.74919955336899
48.4343034222072,96.8686068444144
31.629987393664607,63.25997478732921
66.7957067040281,133.5914134080562
40.67505763060466,81.35011526120933
80.94022462884332,161.88044925768665
20.67894772013513,41.35789544027026
82.40155840399248,164.80311680798496
84.73785313428115,169.4757062685623
50.606804850933486,101.21360970186697
27.70057404512626,55.40114809025252
96.57513143202185,193.1502628640437
44.507782741328995,89.01556548265799
16.84102565458633,33.68205130917266
32.07222920397101,64.14445840794203
93.32655998420742,186.65311996841484
33.86015060509102,67.72030121018204
9.486422525378801,18.972845050757602
95.23621698591799,190.47243397183598
36.983376674831966,73.96675334966393
27.34983943600592,54.69967887201184
87.62464773340443,175.24929546680886
0.9369231259344524,1.8738462518689047
94.28469650980166,188.56939301960333
47.980784892201434,95.96156978440287
33.59915956807843,67.19831913615685
24.372203291733275,48.74440658346655
84.93619235344583,169.87238470689167
28.15384936014036,56.30769872028072
3.5238873583218755,7.047774716643751
88.19787774153599,176.39575548307198
4.724022482088264,9.448044964176528
69.56616586054203,139.13233172108406
2.3120743779550756,4.624148755910151
11.132256864645251,22.264513729290503
49.48925970507493,98.97851941014986
79.95191288106244,159.90382576212488
33.349546480058514,66.69909296011703
17.685928130970353,35.37185626194071
2.8515379386486295,5.703075877297259
40.73089590961233,81.46179181922466
93.64515050742004,187.29030101484008
76.59654484575752,153.19308969151504
52.58499118640402,105.16998237280804
83.24579215853905,166.4915843170781
60.449652607865026,120.89930521573005
58.67207582047078,117.34415164094156
30.31316000499785,60.6263200099957
91.53772959636132,183.07545919272263
26.445883610667885,52.89176722133577
1.4505065640706194,2.901013128141239
36.99709738018525,73.9941947603705
2.9100651344215134,5.820130268843027
32.35693711711913,64.71387423423826
33.828868828198445,67.65773765639689
43.24047759140264,86.48095518280527
28.00737712087773,56.01475424175546
92.82505237489922,185.65010474979843
46.86972023279481,93.73944046558962
86.74287655699595,173.4857531139919
61.286433343992144,122.57286668798429
40.54079895851006,81.08159791702012
99.75791092497454,199.51582184994908
58.05605261413884,116.11210522827768
26.348467641635665,52.69693528327133
1.4793574661602915,2.958714932320583
52.06649290432814,104.13298580865629
10.766593551484526,21.533187102969052
89.50374655972462,179.00749311944924
15.350026203224665,30.70005240644933
84.29158590210774,168.58317180421548
67.12723908104537,134.25447816209075
18.519618571755835,37.03923714351167
56.95785094900333,113.91570189800666
8.664729572887808,17.329459145775616
4.718948402113954,9.437896804227908
44.22249812749226,88.44499625498452
63.30839310534097,126.61678621068194
83.89567160153635,167.7913432030727
10.445247852283723,20.890495704567446
60.74899897238244,121.49799794476488
95.69957887212783,191.39915774425566
8.371658324151387,16.743316648302773
51.36229509542771,102.72459019085542
32.333528651319085,64.66705730263817
53.482870919659675,106.96574183931935
75.74838935464804,151.49677870929608
12.566392426720718,25.132784853441436
76.8751671434815,153.750334286963
72.56206733635256,145.1241346727051
77.08343173629663,154.16686347259326
71.51836031987156,143.03672063974312
80.76922805737534,161.5384561147507
42.99606864756901,85.99213729513802
43.667456299271954,87.33491259854391
80.05112831862331,160.10225663724663
43.863755263125505,87.72751052625101
45.480797335532316,90.96159467106463
55.876003161397115,111.75200632279423
95.3616608514973,190.7233217029946
8.094226581016795,16.18845316203359
54.8450045843101,109.6900091686202
92.42731863595368,184.85463727190736
15.639381847450572,31.278763694901144
0.10766259712794435,0.2153251942558887
95.21207583404563,190.42415166809127
34.454866762037526,68.90973352407505
99.75458711865623,199.50917423731246
18.531959432173505,37.06391886434701
11.50674052765459,23.01348105530918
50.25578229850104,100.51156459700208
22.542895456963564,45.08579091392713
90.14772439786816,180.29544879573632
97.2158981139693,194.4317962279386
48.91079477475457,97.82158954950914
89.02803363108647,178.05606726217295
64.31674805394492,128.63349610788984
72.02457349734006,144.04914699468011
17.112047375822637,34.224094751645275
71.35484840765349,142.70969681530698
39.72255664977236,79.44511329954472
77.69901936249828,155.39803872499655
67.72008794605875,135.4401758921175
47.49455247254597,94.98910494509194
63.91855559201897,127.83711118403794
69.76355491645785,139.5271098329157
5.398624413551056,10.797248827102113
25.46016482887623,50.92032965775246
39.33413473070433,78.66826946140866
46.76227545038655,93.5245509007731
50.677900432817694,101.35580086563539
25.528566157208655,51.05713231441731
72.85034866527234,145.70069733054467
49.323791282271934,98.64758256454387
4.3294150481001825,8.658830096200365
18.281042420653804,36.56208484130761
28.69612227287257,57.39224454574514
5.223276971028101,10.446553942056202
85.55718830494983,171.11437660989967
54.47353053721275,108.9470610744255
83.57380840673959,167.14761681347917
5.192222607238839,10.384445214477678
9.528559078661747,19.057118157323494
25.33842453167412,50.67684906334824
77.45421059595604,154.90842119191208
61.64373019264098,123.28746038528196
5.681287308907201,11.362574617814403
91.32271788385478,182.64543576770956
56.13306414355361,112.26612828710722
45.74967095499376,91.49934190998752
94.43654548109886,188.87309096219772
83.62554752136782,167.25109504273564
9.302824013120114,18.605648026240228
63.51493083159452,127.02986166318904
24.662064506215863,49.324129012431726
68.70309064858179,137.40618129716358
62.76931035426971,125.53862070853943
91.657895610369,183.315791220738
6.752760649901612,13.505521299803224
46.24119184469204,92.48238368938408
14.730769631259532,29.461539262519064
31.031138467701847,62.062276935403695
83.99734688662625,167.9946937732525
33.42534634477129,66.85069268954258
29.11949293525491,58.23898587050982
99.74953361430185,199.4990672286037
93.46258775534343,186.92517551068687
84.9926461397841,169.9852922795682
68.07732215179591,136.15464430359182
57.29413319655832,114.58826639311664
8.52622306147779,17.05244612295558
90.31360098824955,180.6272019764991
31.81398956453134,63.62797912906268
39.89116856703857,79.78233713407714
22.00382573587992,44.00765147175984
91.69970811435564,183.3994162287113
7.947210107004954,15.894420214009909
58.4959263064853,116.9918526129706
65.94016495251235,131.8803299050247
38.96140817225117,77.92281634450234
62.634921994992546,125.26984398998509
60.642106464360765,121.28421292872153
2.8122551783890337,5.624510356778067
47.1823572976405,94.364714595281
81.8986819815877,163.7973639631754
17.856667277778126,35.71333455555625
17.017304205780427,34.03460841156085
8.47193494728864,16.94386989457728
98.37760597333022,196.75521194666044
65.20971417698712,130.41942835397424
63.38680143083762,126.77360286167524
6.626326422581929,13.252652845163858
34.55131195291984,69.10262390583968
3.1887441151297824,6.377488230259565
60.269398581136954,120.53879716227391
11.724406844262237,23.448813688524474
17.51206897641606,35.02413795283212
82.76249731825928,165.52499463651856
41.59773376261562,83.19546752523124
17.01999367531831,34.03998735063662
72.9118769050815,145.823753810163
68.93953401670684,137.8790680334137
80.10852298455193,160.21704596910385
9.308818441286448,18.617636882572896
20.764741580583156,41.52948316116631
25.341967752691442,50.683935505382884
45.680248872993126,91.36049774598625
93.8196277951645,187.639255590329
1.2596307985596744,2.519261597119349
41.27396380693542,82.54792761387084
50.23944332560445,100.4788866512089
40.59969776213924,81.19939552427849
55.18463805820299,110.36927611640598
70.34373009522218,140.68746019044437
36.4276018360991,72.8552036721982
4.539762213721932,9.079524427443864
2.7105009424958526,5.421001884991705
55.04861128094709,110.09722256189418
65.04003726025441,130.08007452050882
1.2615060206155881,2.5230120412311763
87.80190101000005,175.6038020200001
14.664371996685988,29.328743993371976
66.01032636653878,132.02065273307755
78.69747679916081,157.39495359832162
60.17457764542061,120.34915529084122
41.59329782899728,83.18659565799456
0.11045252084468382,0.22090504168936764
11.99672934308208,23.99345868616416
63.50168307722666,127.00336615445332
95.76433356065542,191.52866712131083
17.739919003199745,35.47983800639949
73.12754264620676,146.25508529241353
87.5275537749361,175.0551075498722
53.185615423673106,106.37123084734621
33.43791453919852,66.87582907839705
39.65802883049761,79.31605766099521
98.76789282973822,197.53578565947643
47.96041513064333,95.92083026128665
25.94498286380854,51.88996572761708
16.67912239402184,33.35824478804368
29.19007300681995,58.3801460136399
58.67952837465469,117.35905674930937
16.429491661142038,32.858983322284075
13.915100495990806,27.830200991981613
65.74786581161777,131.49573162323554
67.79453107317092,135.58906214634183
90.8832713111063,181.7665426222126
43.35661952965353,86.71323905930706
40.09895313703914,80.19790627407828
79.3050315709539,158.6100631419078
53.91785435840297,107.83570871680594
4.247053780156806,8.494107560313612
0.48495221817207446,0.9699044363441489
36.09291952404375,72.1858390480875
91.45079193076546,182.90158386153092
79.56497952607049,159.12995905214098
51.47608507370204,102.95217014740408
69.48807834377178,138.97615668754355
40.22101199546777,80.44202399093554
54.30721662052556,108.61443324105112
4.441146909873828,8.882293819747655
24.739801268988394,49.47960253797679
2.396437024718001,4.792874049436002
17.223599809124167,34.447199618248334
8.070416115841129,16.140832231682257
21.098702273592785,42.19740454718557
92.4940221828324,184.9880443656648
55.89652456346028,111.79304912692056
88.91944226269864,177.83888452539728
11.286590886680992,22.573181773361984
29.082635366061993,58.165270732123986
10.517454583107034,21.034909166214067
89.020344618219,178.040689236438
87.18246056032342,174.36492112064684
87.14777873419189,174.29555746838378
65.44773697734784,130.8954739546957
47.82188684250812,95.64377368501624
57.01666671366521,114.03333342733042
53.338687929260345,106.67737585852069
4.241478953848055,8.48295790769611
47.52121717936917,95.04243435873833
67.51453069034692,135.02906138069383
99.94923153217499,199.89846306434998
89.9150048387616,179.8300096775232
92.72481502378145,185.4496300475629
38.54195013787548,77.08390027575096
80.76798866490198,161.53597732980396
17.13344465692419,34.26688931384838
90.32134315918358,180.64268631836717
22.163158876667012,44.326317753334024
15.914731376954094,31.82946275390819
22.694439873487614,45.38887974697523
82.69843111165967,165.39686222331935
41.029423195590795,82.05884639118159
34.54747681151985,69.0949536230397
60.469635218591,120.939270437182
29.512650835687857,59.025301671375715
36.52227651919252,73.04455303838505
33.16612453162647,66.33224906325295
67.63805321917954,135.27610643835908
22.65810364534432,45.31620729068864
15.462812779290436,30.925625558580872
85.29941388103289,170.59882776206578
72.38378894772914,144.7675778954583
77.52059737277723,155.04119474555446
34.08481373204823,68.16962746409646
4.905814407122078,9.811628814244155
91.13667580636842,182.27335161273683
95.33617378928194,190.6723475785639
19.443896416724492,38.887792833448984
86.44125080093117,172.88250160186234
46.60550564035173,93.21101128070346
37.79918137328793,75.59836274657586
56.7483647356948,113.4967294713896
9.903118486786788,19.806236973573576
6.057546182187201,12.115092364374402
92.8915456549095,185.783091309819
13.159134534343963,26.318269068687925
97.4835626718784,194.9671253437568
54.79818470297499,109.59636940594999
48.21353264328029,96.42706528656058
95.62460032274609,191.24920064549218
62.90230996977868,125.80461993955736
39.30997402853036,78.61994805706072
5.689056849865459,11.378113699730918
60.589276078278864,121.17855215655773
57.59016436023898,115.18032872047796
4.490900911296592,8.981801822593184
3.9632809539271285,7.926561907854257
96.57646697557128,193.15293395114256
65.65199798997425,131.3039959799485
48.75108887902552,97.50217775805103
1.2096688754647755,2.419337750929551
63.81809948907742,127.63619897815484
10.671974184285792,21.343948368571585
97.80705542399734,195.61411084799468
62.273313381616354,124.54662676323271
1.5961511154312324,3.192302230862465
80.3284300191608,160.6568600383216
70.75590865029872,141.51181730059744
12.686579337600035,25.37315867520007
19.490950483975666,38.98190096795133
80.39005315665489,160.78010631330977
49.95280538934076,99.90561077868152
33.41983630420214,66.83967260840429
63.19284945413569,126.38569890827138
71.43826881865475,142.8765376373095
29.78594818787744,59.57189637575488
45.155192371846574,90.31038474369315
2.265960594577432,4.531921189154864
46.19989922319358,92.39979844638717
29.07912139726292,58.15824279452584
9.73075563403607,19.46151126807214
43.77271192232697,87.54542384465394
40.655051820488865,81.31010364097773
0.3527263643428036,0.7054527286856072
32.18119940043401,64.36239880086802
42.05377469510856,84.10754939021712
46.6184290652164,93.2368581304328
44.532111497020196,89.06422299404039
89.9391136624053,179.8782273248106
61.179802802515745,122.35960560503149
16.35654935116615,32.7130987023323
93.45646878977054,186.91293757954108
41.78420688876303,83.56841377752606
16.6531144287284,33.3062288574568
69.7293043792763,139.4586087585526
25.720017153232423,51.440034306464845
64.39765097664724,128.79530195329448
67.85580566701809,135.71161133403618
38.931518951786295,77.86303790357259
64.95330815568427,129.90661631136854
59.165080775625725,118.33016155125145
50.3376493005902,100.6752986011804
31.510457239827648,63.020914479655296
24.500412339968157,49.000824679936315
29.521212711682498,59.042425423364996
78.50419726015558,157.00839452031116
28.843228452521462,57.686456905042924
72.43575423194443,144.87150846388886
89.58220724949494,179.16441449898988
89.19024846516751,178.38049693033503
14.167918608788877,28.335837217577755
22.039894199875874,44.07978839975175
80.90463256452293,161.80926512904585
96.15839557222097,192.31679114444194
89.46314322556621,178.92628645113243
54.34995190994434,108.69990381988868
6.33369907573722,12.66739815147444
35.0832532402955,70.166506480591
78.75046108876623,157.50092217753246
22.48177467150696,44.96354934301392
17.58017868220676,35.16035736441352
66.03527697898814,132.07055395797627
46.12854540527525,92.2570908105505
93.3499255573663,186.6998511147326
65.71591485142133,131.43182970284266
26.140272318221168,52.280544636442336
20.810393753721357,41.620787507442714
80.58080512482957,161.16161024965913
49.77508368550313,99.55016737100625
60.788997953904,121.577995907808
37.48397062005237,74.96794124010474
77.62035915991132,155.24071831982263
89.97923969469922,179.95847938939843
55.54816333684802,111.09632667369604
90.9935065052038,181.9870130104076
62.042310708905966,124.08462141781193
73.90401434407114,147.8080286881423
66.89164801355211,133.78329602710423
91.65034873757205,183.3006974751441
71.10897113594203,142.21794227188406
92.74328629023107,185.48657258046214
27.84682302781133,55.69364605562266
26.284298643077076,52.56859728615415
30.92798913405247,61.85597826810494
62.94688774452033,125.89377548904066
38.13385093295372,76.26770186590744
33.72927555896208,67.45855111792416
16.14338376789165,32.2867675357833
47.27909039458471,94.55818078916943
86.22203679393627,172.44407358787254
11.462159916503811,22.924319833007623
7.4761314266665435,14.952262853333087
70.78657173604289,141.57314347208577
13.448343465939306,26.896686931878612
81.76093303333934,163.52186606667868
93.49980478876446,186.99960957752893
57.32220483973913,114.64440967947826
81.45095377102858,162.90190754205716
91.78940791996,183.57881583992
5.777141653124396,11.554283306248792
70.95641149493648,141.91282298987295
11.992548060701413,23.985096121402826
4.012997481177405,8.02599496235481
2.9450154487740687,5.8900308975481375
85.05277287042381,170.10554574084762
40.285533232579674,80.57106646515935
17.03684334723742,34.07368669447484
85.75140789702046,171.5028157940409
73.37471026020069,146.74942052040137
0.8598501081256038,1.7197002162512076
34.51366908913393,69.02733817826785
97.39202147976717,194.78404295953433
54.24901513890573,108.49803027781147
55.99666285249898,111.99332570499796
84.74920028908818,169.49840057817636
38.35940641495335,76.7188128299067
72.34634941160026,144.69269882320052
61.474335588627305,122.94867117725461
87.2388609409926,174.4777218819852
2.216220667186397,4.432441334372794
42.11310552096118,84.22621104192235
41.11230657907631,82.22461315815262
51.32307433734,102.64614867468
6.573371101797443,13.146742203594886
45.58393577038247,91.16787154076493
94.57799013849419,189.15598027698837
84.95362895215493,169.90725790430986
10.470777380734075,20.94155476146815
39.58471937058702,79.16943874117403
22.200156648928772,44.400313297857544
71.99004316855932,143.98008633711865
88.00387720062405,176.0077544012481
33.7637672739376,67.5275345478752
43.93824879596567,87.87649759193134
53.66909883286721,107.33819766573443
38.376440695644234,76.75288139128847
23.070283548928884,46.14056709785777
35.66127866099077,71.32255732198153
6.597683150747502,13.195366301495003
27.74125360052594,55.48250720105188
68.67161906609704,137.34323813219407
77.46556155250865,154.9311231050173
77.89430618679965,155.7886123735993
40.394599879896845,80.78919975979369
6.6001664394439885,13.200332878887977
50.68873599615209,101.37747199230418
4.101850774745641,8.203701549491281
94.10918870127341,188.21837740254682
96.0655100983307,192.1310201966614
38.24226555943622,76.48453111887244
4.972316672136268,9.944633344272535
46.71445422452931,93.42890844905862
83.57355476866441,167.14710953732882
88.78894305621512,177.57788611243024
65.04537010780967,130.09074021561935
80.34416132710444,160.6883226542089
97.26171395953224,194.5234279190645
38.44069650264325,76.8813930052865
10.173213743873454,20.346427487746908
55.545435566438485,111.09087113287697
45.31583310266751,90.63166620533502
30.602464907023574,61.20492981404715
57.62467558552839,115.24935117105677
44.629006204574395,89.25801240914879
75.70849735266985,151.4169947053397
14.984382603460878,29.968765206921756
91.4442557763204,182.8885115526408
72.76335525878636,145.52671051757272
25.13739296021479,50.27478592042958
46.73522275932699,93.47044551865397
56.33795683491123,112.67591366982246
15.31961060974194,30.63922121948388
51.567841033596764,103.13568206719353
44.62348671100047,89.24697342200093
13.115726575916986,26.23145315183397
42.09427224409745,84.1885444881949
22.739105539508998,45.478211079017996
25.955350095459938,51.910700190919876
13.687527825935241,27.375055651870483
5.858897918371175,11.71779583674235
74.7801712963749,149.5603425927498
68.1582187408096,136.3164374816192
7.664004433906413,15.328008867812827
55.85139021284722,111.70278042569444
42.2258748627054,84.4517497254108
61.40250943031751,122.80501886063502
20.38707063321139,40.77414126642278
41.783868197838416,83.56773639567683
38.90497772982354,77.80995545964709
93.2141056843386,186.4282113686772
69.46830894232589,138.93661788465178
60.1821655659689,120.3643311319378
43.423930438929226,86.84786087785845
82.39365525547251,164.78731051094502
53.29274322740836,106.58548645481672
75.55790161033113,151.11580322066226
93.76377987780448,187.52755975560896
24.819872198273718,49.639744396547435
6.072624413905503,12.145248827811006
73.20623343385915,146.4124668677183
72.11230480415136,144.22460960830273
48.679551549342094,97.35910309868419
2.9139508854457152,5.8279017708914305
0.8873457594490763,1.7746915188981527
15.503164159898686,31.006328319797372
5.5388298917330765,11.077659783466153
65.26981475913801,130.53962951827603
52.12891760530569,104.25783521061138
37.0063406023302,74.0126812046604
41.82026931226924,83.64053862453848
34.07472181258587,68.14944362517174
20.098501227323208,40.197002454646416
88.71698490405228,177.43396980810456
9.565051259561708,19.130102519123415
93.10909922463122,186.21819844926245
90.4053137802415,180.810627560483
77.64997027505282,155.29994055010565
14.692141727924056,29.384283455848113
64.38740192605765,128.7748038521153
45.838986955684454,91.67797391136891
96.11709491566943,192.23418983133885
37.800346616709724,75.60069323341945
11.922996411395403,23.845992822790805
44.84973458345662,89.69946916691325
73.32237995089618,146.64475990179236
70.10061912903886,140.20123825807772
84.31307755935474,168.62615511870948
7.364471949855467,14.728943899710934
84.88661904439503,169.77323808879007
3.2011311655877117,6.402262331175423
55.07273198164595,110.1454639632919
70.57160376197396,141.14320752394792
95.32956437298685,190.6591287459737
79.80953033214237,159.61906066428475
91.72888740764228,183.45777481528455
58.84523676305717,117.69047352611435
78.47814135217502,156.95628270435003
25.87208026591129,51.74416053182258
51.248305352075306,102.49661070415061
75.92451661094782,151.84903322189564
11.654649347128466,23.30929869425693
78.61978654774023,157.23957309548047
76.90060301280812,153.80120602561624
12.560563876000275,25.12112775200055
84.39607667475099,168.79215334950197
91.41276759281432,182.82553518562864
30.720856772538852,61.441713545077704
79.51687817325498,159.03375634650996
52.46497504204092,104.92995008408184
2.998249831053579,5.996499662107158
87.98633732278012,175.97267464556023
53.424890726781626,106.84978145356325
72.95641913782939,145.91283827565877
62.38836522810672,124.77673045621344
72.62255086320303,145.24510172640606
53.06309616224624,106.12619232449248
70.61413932707083,141.22827865414166
44.323357739932725,88.64671547986545
42.86461729199576,85.72923458399153
59.977967616254034,119.95593523250807
24.546403548275308,49.092807096550615
0.07477930726695892,0.14955861453391783
1.22057352716326,2.44114705432652
27.759635202973598,55.519270405947196
44.43487300769083,88.86974601538166
85.09636364137573,170.19272728275146
5.274997570488282,10.549995140976565
16.266255750543547,32.53251150108709
56.13725808883237,112.27451617766474
10.317116286460381,20.634232572920762
46.81961931086801,93.63923862173603
49.44798246189544,98.89596492379088
80.3206530744637,160.6413061489274
26.517479550517876,53.03495910103575
25.92009918404742,51.84019836809484
58.57662515962752,117.15325031925504
10.05707212597553,20.11414425195106
32.820684667272836,65.64136933454567
54.17396670752513,108.34793341505026
78.8172083339824,157.6344166679648
54.35798611605224,108.71597223210448
67.99290689772378,135.98581379544757
29.514612584055943,59.029225168111886
42.72845520114568,85.45691040229136
59.682701033963404,119.36540206792681
81.05908072032882,162.11816144065764
81.56686972695026,163.13373945390052
92.8990491179136,185.7980982358272
71.78996322677821,143.57992645355642
77.44777053536193,154.89554107072385
15.178467883165014,30.35693576633003
3.659943466909943,7.319886933819886
1.496726183035968,2.993452366071936
6.545732830026529,13.091465660053059
44.3360071988084,88.6720143976168
8.403290348850112,16.806580697700223
13.635169700396688,27.270339400793375
73.35335909252895,146.7067181850579
98.25420554875343,196.50841109750687
83.58099339409823,167.16198678819646
84.50460666431474,169.00921332862947
88.81858328888684,177.63716657777368
90.1333640408452,180.2667280816904
65.11879267686955,130.2375853537391
81.0760267972642,162.1520535945284
17.08247679746827,34.16495359493654
87.22329002693846,174.44658005387691
83.81861914316893,167.63723828633786
93.01689459698298,186.03378919396596
80.19535584130261,160.39071168260523
27.57911300295651,55.15822600591302
87.71355181217245,175.4271036243449
15.236365574271616,30.472731148543232
92.00919095351748,184.01838190703495
32.94829987968283,65.89659975936566
36.31199503475172,72.62399006950344
77.51059444478426,155.02118888956852
28.05426374307394,56.10852748614788
49.00161884841814,98.00323769683628
80.67034954183073,161.34069908366146
99.53762267038027,199.07524534076055
91.76903439186806,183.53806878373612
0.44268872466938225,0.8853774493387645
15.093212900678799,30.186425801357597
12.336128896264487,24.672257792528974
56.31291711410945,112.6258342282189
90.58866047287754,181.17732094575507
78.69706532154261,157.39413064308522
56.00227527699337,112.00455055398675
46.65463640138563,93.30927280277126
30.94621845254594,61.89243690509188
94.32863495629807,188.65726991259615
27.368611008519327,54.737222017038654
67.13780142269997,134.27560284539993
8.780502563832993,17.561005127665986
44.59089957618485,89.1817991523697
14.971572994143056,29.943145988286112
56.90385953347643,113.80771906695286
16.385637929643458,32.771275859286916
27.304093851676804,54.60818770335361
52.005924710352794,104.01184942070559
27.120126391783515,54.24025278356703
41.02617070048047,82.05234140096094
55.405358141180585,110.81071628236117
44.44616937771843,88.89233875543685
14.56585816070881,29.13171632141762
56.11969250966433,112.23938501932867
14.191935349226059,28.383870698452117
74.42252291160787,148.84504582321574
91.21734832317478,182.43469664634955
30.183842180725982,60.367684361451964
35.56906719822065,71.1381343964413
92.17771202494674,184.3554240498935
55.27605130230329,110.55210260460657
74.0795068253857,148.1590136507714
41.2193324165244,82.4386648330488
53.951647353867706,107.90329470773541
78.10237930958084,156.20475861916168
60.97993057807246,121.95986115614492
9.305774047129345,18.61154809425869
78.55835564953048,157.11671129906097
7.11860073033137,14.23720146066274
58.85308787172809,117.70617574345619
60.880535352871,121.761070705742
44.32958991979551,88.65917983959102
9.79381591775661,19.58763183551322
48.5263792690091,97.0527585380182
36.86331653839989,73.72663307679979
46.1865206357614,92.3730412715228
76.17974733031392,152.35949466062783
34.794636494624264,69.58927298924853
47.15575394523087,94.31150789046174
44.84867065891475,89.6973413178295
65.46596685413725,130.9319337082745
5.217303045727961,10.434606091455922
29.772669654871876,59.54533930974375
63.434146484923914,126.86829296984783
19.924362625939164,39.84872525187833
88.62808364764724,177.2561672952945
56.43600210792846,112.87200421585692
76.05932888545301,152.11865777090603
66.43406542671218,132.86813085342436
59.55926403923086,119.11852807846172
65.3401269199078,130.6802538398156
63.45278782754398,126.90557565508796
47.85151222827713,95.70302445655426
52.85082583043283,105.70165166086566
72.41651716581715,144.8330343316343
84.20917662233627,168.41835324467255
60.93343102045166,121.86686204090331
65.32897345226027,130.65794690452054
56.863598036029636,113.72719607205927
71.07096204079731,142.14192408159462
48.304041754269214,96.60808350853843
9.467699090393412,18.935398180786823
58.3314801606947,116.6629603213894
80.28387941231853,160.56775882463705
54.398563188158946,108.79712637631789
1.5149261746700393,3.0298523493400786
55.763343038205925,111.52668607641185
9.679631250793829,19.359262501587658
56.93136193163421,113.86272386326841
77.69198621942017,155.38397243884035
77.82502515755473,155.65005031510947
45.17952494864092,90.35904989728184
66.33107317840698,132.66214635681396
99.76709002834876,199.53418005669752
0.16842515112077683,0.33685030224155366
46.71645988100912,93.43291976201824
57.33104011212702,114.66208022425404
12.017385544973036,24.034771089946073
21.367747653523537,42.735495307047074
88.77234346259579,177.54468692519157
31.691496197791746,63.38299239558349
12.020465493549871,24.040930987099742
98.70842626831299,197.41685253662598
1.3351185534252963,2.6702371068505926
95.74060631977606,191.48121263955213
8.798793556731754,17.597587113463508
1.1804424939717673,2.3608849879435345
24.177754557359954,48.35550911471991
92.50485773072712,185.00971546145425
59.342058042145915,118.68411608429183
36.577463195719275,73.15492639143855
83.4090715076866,166.8181430153732
17.29171113471327,34.58342226942654
84.88786719895309,169.77573439790618
75.0584947065597,150.1169894131194
0.6583206718008494,1.3166413436016988
32.26056221854577,64.52112443709154
43.811691022097875,87.62338204419575
90.89032606941782,181.78065213883565
74.76690900599964,149.53381801199927
68.02461881548103,136.04923763096207
62.46035231631378,124.92070463262756
48.17298471418834,96.34596942837668
20.192582168438665,40.38516433687733
63.1658118730382,126.3316237460764
94.73758354161833,189.47516708323667
27.14753496750277,54.29506993500554
4.736668634864594,9.473337269729187
93.26223559891429,186.52447119782857
91.80056021342882,183.60112042685765
97.39082558512432,194.78165117024864
84.41672207300701,168.83344414601402
85.48939079904838,170.97878159809676
77.69874606070279,155.39749212140558
50.04785931112681,100.09571862225361
63.953087125934836,127.90617425186967
13.716560319077221,27.433120638154442
15.576957190736884,31.15391438147377
32.85113641311457,65.70227282622913
84.21176742903396,168.4235348580679
93.61006864881669,187.22013729763339
21.944076973809846,43.88815394761969
36.389651641859224,72.77930328371845
38.76773275406984,77.53546550813968
96.42727774448501,192.85455548897002
98.5307757794793,197.0615515589586
0.6771377334489848,1.3542754668979695
80.8337599154851,161.6675198309702
88.3050200694165,176.610040138833
23.99420636568329,47.98841273136658
50.42964199220864,100.85928398441727
76.42122227720292,152.84244455440583
8.755400997482198,17.510801994964396
78.59077431664528,157.18154863329056
4.276914534291121,8.553829068582242
77.97271174640056,155.94542349280113
51.86801247887729,103.73602495775458
6.682600005284611,13.365200010569222
2.1608412850132153,4.3216825700264305
69.70406522464687,139.40813044929374
31.013004103710664,62.02600820742133
6.383697158410017,12.767394316820035
31.50292482548488,63.00584965096976
39.06219015340171,78.12438030680342
53.30657627031974,106.61315254063948
39.91796882858001,79.83593765716002
90.84678672939086,181.6935734587817
45.74016318707067,91.48032637414134
49.00629452862317,98.01258905724634
61.639414563995075,123.27882912799015
65.05509153785484,130.11018307570967
89.05456115367339,178.10912230734678
49.742541513884255,99.48508302776851
22.12939701366109,44.25879402732218
66.33070070055197,132.66140140110394
44.51832923492189,89.03665846984379
99.16510732656427,198.33021465312854
74.0039060848342,148.0078121696684
52.66969156493705,105.3393831298741
30.041771819591688,60.083543639183375
89.67677545087189,179.35355090174377
20.294834039463204,40.58966807892641
19.226448595520296,38.45289719104059
47.71260168203264,95.42520336406528
62.43595430116105,124.8719086023221
31.28282590623921,62.56565181247842
98.09306618482118,196.18613236964237
45.007245157482814,90.01449031496563
65.18460255686178,130.36920511372355
24.55848169800482,49.11696339600964
41.971572245364854,83.94314449072971
41.27278624326289,82.54557248652578
83.52268367550313,167.04536735100626
65.68902020199614,131.3780404039923
36.919990690625745,73.83998138125149
5.53751934553619,11.07503869107238
27.843141716140785,55.68628343228157
54.416005464631326,108.83201092926265
87.84614097346214,175.69228194692428
28.26243856430317,56.52487712860634
25.630789635332786,51.26157927066557
32.776593722167455,65.55318744433491
81.35580939566559,162.71161879133118
25.427861504946904,50.85572300989381
21.983087710038184,43.96617542007637
18.244192145791104,36.48838429158221
22.05772210423458,44.11544420846916
7.649345601898583,15.298691203797166
6.870059752026747,13.740119504053494
52.71244902402682,105.42489804805363
3.9104159719758558,7.8208319439517116
93.65308768225759,187.30617536451518
45.003880599137844,90.00776119827569
65.00801862159994,130.0160372431999
82.00762626479688,164.01525252959377
33.97338802256712,67.94677604513424
69.2140211298072,138.4280422596144
72.6049884695818,145.2099769391636
99.86369697975796,199.72739395951592
11.809836103060212,23.619672206120423
55.253457134000826,110.50691426800165
22.946852267700745,45.89370453540149
79.51005241993455,159.0201048398691
0.6864057925546452,1.3728115851092904
23.042606863912553,46.085213727825106
87.32069625854331,174.64139251708662
56.286602549162914,112.57320509832583
20.935925069776694,41.87185013955339
77.56412141276606,155.1282428255321
73.51319175346838,147.02638350693675
75.55065308118097,151.10130616236194
70.00272889404441,140.00545778808882
35.55095853255633,71.10191706511266
58.24229548707396,116.48459097414792
28.364990346107554,56.72998069221511
63.73590485350796,127.47180970701592
14.146154538838019,28.292309077676038
71.48775768397742,142.97551536795484
51.03915320857112,102.07830641714224
7.842659978236622,15.685319956473244
99.73194163086899,199.46388326173798
19.8550347806572,39.7100695613144
24.45418434435258,48.90836868870516
8.42522910895147,16.85045821790294
8.590811887536788,17.181623775073575
50.66251654689471,101.32503309378941
79.33341819200804,158.66683638401608
32.57401435379689,65.14802870759378
48.35982349874843,96.71964699749687
19.506759335714563,39.013518671429125
5.414584071329031,10.829168142658062
42.22696282295721,84.45392564591442
80.60469237471828,161.20938474943657
55.52598750133099,111.05197500266198
37.31045778944092,74.62091557888184
19.457190495926223,38.91438099185245
67.8949283423093,135.7898566846186
69.888078552488,139.776157104976
25.517431226790933,51.034862453581866
21.375985837321398,42.751971674642796
38.695309306468836,77.39061861293767
50.992724118236644,101.98544823647329
66.64852883286979,133.29705766573957
52.950406270919274,105.90081254183855
89.93021053620224,179.86042107240448
36.61328125910936,73.22656251821871
55.4705216465333,110.9410432930666
54.56590261556402,109.13180523112804
64.95635579373482,129.91271158746963
88.58332381653848,177.16664763307696
61.90535601316469,123.81071202632938
43.21225262150623,86.42450524301246
3.2057537974580996,6.411507594916199
56.42330532681052,112.84661065362104
65.761620941807,131.523241883614
5.929440379046868,11.858880758093736
26.957901728960888,53.915803457921776
10.256222727644959,20.512445455289917
25.3511122296609,50.7022244593218
97.96170259416833,195.92340518833666
8.369104723828658,16.738209447657315
93.52199858890707,187.04399717781413
72.7102154515881,145.4204309031762
60.733544792504745,121.46708958500949
56.80004871500523,113.60009743001046
74.04099790775477,148.08199581550954
7.667074768667925,15.33414953733585
56.56313869805628,113.12627739611256
42.86330722156044,85.72661444312088
98.05440608011418,196.10881216022835
26.449322177298562,52.898644354597124
83.75810292316002,167.51620584632005
8.745858968309218,17.491717936618436
42.79499150217544,85.58998300435088
77.01669966912938,154.03339933825876
34.5363120100528,69.0726240201056
50.27987023907896,100.55974047815792
81.64212223558803,163.28424447117607
45.31606699330385,90.6321339866077
9.379317827958412,18.758635655916823
49.91888867143559,99.83777734287118
6.033778235804332,12.067556471608665
57.84849268268242,115.69698536536484
52.07274263534711,104.14548527069422
47.030675350813375,94.06135070162675
29.026528412536734,58.05305682507347
50.132485634468615,100.26497126893723
76.47730064141889,152.95460128283779
89.93080482857503,179.86160965715007
63.42800530512414,126.85601061024828
22.81876171931273,45.63752343862546
29.375447252807476,58.75089450561495
8.708450303770132,17.416900607540263
67.52798315088737,135.05596630177473
6.584000808834734,13.168001617669468
10.4139829809902,20.8279659619804
44.406294365213675,88.81258873042735
4.779629050942724,9.559258101885447
38.321322672607124,76.64264534521425
24.508998878742418,49.017997757484835
96.32952846351174,192.65905692702347
10.861043101116586,21.72208620223317
11.097025000520212,22.194050001040424
17.16133471239273,34.32266942478546
44.06487201428576,88.12974402857152
14.724217387604643,29.448434775209286
31.010178020219993,62.020356040439985
3.150322583820575,6.30064516764115
54.07966883149468,108.15933766298936
25.89221897191818,51.78443794383636
10.543034710522114,21.08606942104423
50.845704831640425,101.69140966328085
63.315047643951935,126.63009528790387
24.100194925974005,48.20038985194801
64.88537044067914,129.77074088135828
59.4503595761658,118.9007191523316
25.388982640489345,50.77796528097869
20.72454019506025,41.4490803901205
84.68475064846152,169.36950129692303
75.5768525688722,151.1537051377444
56.92800321386879,113.85600642773758
15.84288701377783,31.68577402755566
4.251578022067859,8.503156044135718
39.95419638578074,79.90839277156148
43.13509911661345,86.2701982332269
11.869319794536736,23.738639589073472
76.51952884942044,153.03905769884088
9.657024399109005,19.31404879821801
56.84780709587793,113.69561419175587
77.09105049547068,154.18210099094136
93.41904128264868,186.83808256529736
24.6629953527563,49.3259907055126
30.0707958573751,60.1415917147502
62.551779528957816,125.10355905791563
98.88893611866017,197.77787223732034
14.25722533938034,28.51445067876068
85.76444725568713,171.52889451137426
78.2430341421072,156.4860682842144
45.829542744300625,91.65908548860125
10.551968408979606,21.103936817959212
46.872794096343085,93.74558819268617
6.983089709020051,13.966179418040102
15.723812683805406,31.44762536761081
23.080574803921106,46.16114960784221
94.6550239562943,189.3100479125886
40.52581492270802,81.05162984541604
72.95415819142734,145.90831638285468
21.316010854507383,42.632021709014765
12.684954702212481,25.369909404424963
5.506794447304331,11.013588894608661
6.317295520134014,12.634591040268027
77.54883643353233,155.09767286706466
65.96731209288265,131.9346241857653
60.68044516687876,121.36089033375752
24.94873634268655,49.8974726853731
13.006567733265562,26.013135466531125
37.808714839279624,75.61742967855925
62.063604657453745,124.12720931490749
32.07760950892131,64.15521901784263
58.3171618259578,116.6343236519156
41.9689398364997,83.9378796729994
85.87693273732246,171.75386547464493
67.21546703227273,134.43093406454545
28.744125524737317,57.488251049474634
42.07062162640063,84.14124325280126
25.006834839087453,50.01366967817491
25.21185572556124,50.42371145112248
29.334992072907273,58.669984145814546
96.58966462013362,193.17932924026724
59.37009987807029,118.74019975614058
29.538012529709377,59.076025059418754
76.71069207274303,153.42138414548606
50.09594137710008,100.19188275420017
56.56686975135633,113.13373950271266
1.2347340489111347,2.4694680978222694
1.5961499653950106,3.1922999307900213
87.06889483220083,174.13778966440165
21.707264018499227,43.414528036998455
36.175267206970844,72.35053441394169
12.428408538497592,24.856817076995185
47.80284585386227,95.60569170772455
22.377990153109995,44.75598030621999
60.77246516368261,121.54493032736522
9.882373467324701,19.764746934649402
33.55209296333322,67.10418592666645
66.68376365075996,133.3675273015199
13.509874235503073,27.019748471006146
6.822717991424576,13.645435982849152
4.128510074179159,8.257020148358318
44.11795880213746,88.23591760427492
15.106720439742816,30.21344087948563
58.54883704136985,117.0976740827397
21.420902696784484,42.84180539356897
66.88318394905998,133.76636789811997
15.076419458594682,30.152838917189364
75.63755028214295,151.2751005642859
41.607106704985256,83.21421340997051
20.230389346232336,40.46077869246467
48.86346746712646,97.72693493425292
61.578433833243686,123.15686766648737
42.83291726903676,85.66583453807353
47.14473245744797,94.28946491489594
29.983335956956015,59.96667191391203
55.460133601109206,110.92026720221841
39.86955354326116,79.73910708652232
9.079688463469049,18.159376926938098
72.65711517653862,145.31423035307725
84.07165204325861,168.14330408651722
9.749338024015831,19.498676048031662
94.09312204761527,188.18624409523053
15.44756701211034,30.89513402422068
35.86856121338765,71.7371224267753
23.43411551405228,46.86823102810456
87.06038464259048,174.12076928518096
92.4626023694718,184.9252047389436
58.028533905048484,116.05706781009697
84.52283972513791,169.04567945027583
79.4079638138963,158.8159276277926
6.403462911789093,12.806925823578187
60.04230980789441,120.08461961578882
31.024321543081935,62.04864308616387
78.55163982031803,157.10327964063606
17.400377642359445,34.80075528471889
68.91483447203899,137.82966894407798
46.01620023251832,92.03240046503664
69.83022312375658,139.66044624751316
83.97408546077315,167.9481709215463
66.39037515790041,132.78075031580082
68.00251669015746,136.00503338031493
4.85565856768333,9.71131713536666
98.6852601764804,197.3705203529608
85.97181282000062,171.94362564000124
41.750204256551946,83.50040851310389
66.16199280030341,132.32398560060682
83.73394599580351,167.46789199160702
59.11887180750901,118.23774361501802
61.31527286346646,122.63054572693292
38.31143721148612,76.62287442297225
38.82676478685184,77.65352957370368
54.084541207994796,108.16908241598959
22.726673195874582,45.453346391749164
27.67516641108222,55.35033282216444
56.94391960499239,113.88783920998478
99.26534180690766,198.5306836138153
91.22116895606351,182.44233791212702
52.054015587360695,104.10803117472139
80.31003943553297,160.62007887106594
81.6231642071854,163.2463284143708
13.698576471105506,27.39715294221101
11.906052460286332,23.812104920572665
57.77271091760265,115.5454218352053
63.99310502388197,127.98621004776393
42.824931393629065,85.64986278725813
99.4638880751038,198.9277761502076
90.06055726010122,180.12111452020244
99.59052151468676,199.1810430293735
4.057878409225346,8.115756818450691
32.46770978490544,64.93541956981088
39.265520796688705,78.53104159337741
81.06279832906625,162.1255966581325
30.72871210477539,61.45742420955078
27.884608447896643,55.769216895793285
80.74520162170252,161.49040324340504
65.70670335592807,131.41340671185614
25.338781057132,50.677562114264
16.04606560326086,32.09213120652172
25.702980764874095,51.40596152974819
23.234716364293128,46.469432728586256
72.22599862494091,144.45199724988183
84.60259135329945,169.2051827065989
87.4075243969457,174.8150487938914
26.143281126673134,52.28656225334627
85.18700663359668,170.37401326719336
74.96264843797536,149.92529687595072
65.45611010835505,130.9122202167101
62.709408146124865,125.41881629224973
24.865152640831035,49.73030528166207
94.38036709600712,188.76073419201424
36.051885543401326,72.10377108680265
92.93005956917904,185.86011913835807
4.821560319697104,9.643120639394208
29.774893990047246,59.54978798009449
35.28822816596558,70.57645633193115
57.44622418253091,114.89244836506182
57.20673789472557,114.41347578945114
44.9752599598861,89.9505199197722
50.049512031077846,100.09902406215569
85.54811897037169,171.09623794074338
26.798343917939004,53.59668783587801
40.756940852076596,81.51388170415319
65.51003980687433,131.02007961374866
24.23769797510047,48.47539595020094
38.947088942627026,77.89417788525405
1.7204518471637398,3.4409036943274796
11.544534989287769,23.089069978575537
32.090045120281154,64.18009024056231
91.54722278148033,183.09444556296066
67.28961552228276,134.57923104456552
40.902032215288074,81.80406443057615
96.8682046484646,193.7364092969292
14.345068563473518,28.690137126947036
30.323736218724385,60.64747243744877
85.87531715928242,171.75063431856483
54.9458652733421,109.8917305466842
74.2788077644889,148.5576155289778
57.51477135555548,115.02954271111096
40.72297316156934,81.44594632313868
10.48117670475035,20.9623534095007
95.2493027623675,190.498605524735
58.017903886010835,116.03580777202167
19.81673636105431,39.63347272210862
79.63498098013696,159.26996196027392
35.013394185806,70.026788371612
16.012598529497314,32.02519705899463
98.5401248946848,197.0802497893696
69.94064702218047,139.88129404436094
49.600765505552246,99.20153101110449
76.25723249176545,152.5144649835309
51.92614529237254,103.85229058474508
93.76739282348673,187.53478564697346
94.11031996682357,188.22063993364713
44.74570618514322,89.49141237028644
97.6834200137667,195.3668400275334
39.5713515517136,79.1427031034272
9.919249496410654,19.838498992821307
24.283144605022787,48.566289210045575
62.80941650112655,125.6188330022531
80.48765200478911,160.97530400957822
10.949581110802221,21.899162221604442
99.67096402828854,199.34192805657707
54.12076204285455,108.2415240857091
10.233098686119835,20.46619737223967
44.519962333148165,89.03992466629633
62.290331609540615,124.58066321908123
7.913085288679811,15.826170577359623
7.698922247521034,15.397844495042069
2.6072742592797904,5.214548518559581
96.10333238595992,192.20666477191983
57.102097722256985,114.20419544451397
28.634180016991316,57.26836003398263
69.22952024101396,138.45904048202792
36.575747761696256,73.15149552339251
42.88967649772051,85.77935299544102
96.03599112874481,192.07198225748962
91.03752805075422,182.07505610150844
85.81188650250604,171.62377300501208
24.06134070931477,48.12268141862954
10.04385364409952,20.08770728819904
83.17542777014727,166.35085554029453
58.8862956012558,117.7725912025116
18.037211722677437,36.074423445354874
31.486248847632893,62.97249769526579
85.70809418157359,171.41618836314717
75.25625408758076,150.5125081751615
35.708994827478655,71.41798965495731
72.99079627190098,145.98159254380195
99.81904156367244,199.63808312734488
98.97048736224822,197.94097472449644
90.35662797320391,180.71325594640783
99.16965860460841,198.33931720921683
88.55026977298526,177.10053954597052
22.934666291549178,45.869332583098355
58.28986448626973,116.57972897253946
78.76985560452215,157.5397112090443
72.8141578343419,145.6283156686838
72.08294719015204,144.16589438030408
47.37985039884578,94.75970079769156
52.668592740549194,105.33718548109839
24.88550590183681,49.77101180367362
77.82572608395701,155.65145216791402
77.7834762667334,155.5669525334668
9.512875867200687,19.025751734401375
40.134961971010306,80.26992394202061
10.050071495521461,20.100142991042922
24.37266230937102,48.74532461874204
74.95382180710442,149.90764361420884
79.08969266288923,158.17938532577847
51.75079709625753,103.50159419251506
37.01477679878648,74.02955359757296
5.6724065648711575,11.344813129742315
6.422042659835681,12.844085319671361
79.18265077691196,158.3653015538239
67.12413809681343,134.24827619362685
45.62263373103844,91.24526746207688
41.72496844606596,83.44993689213192
96.56945714950433,193.13891429900866
37.71994577480312,75.43989154960624
31.91061316540329,63.82122633080658
79.94903812919871,159.89807625839742
35.437910800520314,70.87582160104063
76.61404617795857,153.22809235591714
80.52799079774383,161.05598159548765
69.61423127982923,139.22846255965845
19.371056911374673,38.742113822749346
72.88318254053571,145.76636508107143
97.51552997844378,195.03105995688756
48.444836726903695,96.88967345380739
27.845945910634274,55.69189182126855
10.218870740273445,20.43774148054689
37.12376626092478,74.24753252184956
87.81004425408692,175.62008850817384
63.16527835663468,126.33055671326936
78.31943392345543,156.63886784691087
6.459548657074254,12.919097314148509
52.97175862517437,105.94351725034873
76.27715218174203,152.55430436348405
90.3387584241702,180.6775168483404
11.62513630319647,23.25027260639294
11.517355785486005,23.03471157097201
57.38307257262204,114.76614514524408
29.732508196409213,59.46501639281843
50.61291160940168,101.22582321880336
38.88617306143129,77.77234612286259
58.39906212655235,116.7981242531047
12.1291896308367,24.2583792616734
44.97972932752896,89.95945865505792
13.968474033643584,27.93694806728717
76.14188544161252,152.28377088322503
86.45243801006133,172.90487602012266
89.52430335136678,179.04860670273357
71.0134904813121,142.0269809626242
38.73634231784383,77.47268463568766
77.65086353686128,155.30172707372256
58.552713855251085,117.10542771050217
86.5177738247053,173.0355476494106
93.98390577382844,187.96781154765688
38.54731811946716,77.09463623893431
3.014540744505778,6.029081489011556
19.123520967448325,38.24704193489665
39.006009419259335,78.01201883851867
17.77156829678438,35.54313659356876
54.16612633027099,108.33225266054198
91.30390482955305,182.6078096591061
61.73601015029874,123.47202030059748
20.950455577955296,41.90091115591059
32.107098744384274,64.21419748876855
19.01602378417072,38.03204756834144
88.71178180477955,177.4235636095591
22.273840648020236,44.54768129604047
58.738230037720726,117.47646007544145
81.60005957593125,163.2001191518625
94.63221015388196,189.2644203077639
45.69935029359572,91.39870058719144
47.329926399499854,94.65985279899971
61.46124751713842,122.92249503427684
79.64058869872679,159.28117739745358
12.66303776921408,25.32607553842816
58.32621865462744,116.65243730925488
27.111965330187083,54.223930660374165
90.0852413692285,180.170482738457
19.24996480623654,38.49992961247308
54.28966730666046,108.57933461332092
16.060888409146102,32.121776818292204
24.664706647674816,49.32941329534963
74.67641152541118,149.35282305082237
7.248741867772401,14.497483735544803
54.37666059724052,108.75332119448105
15.834063584712021,31.668127169424043
43.12233598217781,86.24467196435562
89.38003197526152,178.76006395052303
17.617464949084304,35.23492989816861
65.09301712542353,130.18603425084706
38.33661297796387,76.67322595592773
50.8570930185697,101.7141860371394
39.59818168143069,79.19636336286138
48.87220535518338,97.74441071036676
49.377413785435195,98.75482757087039
50.099077769023324,100.19815553804665
12.571924188078498,25.143848376156996
57.6209342918216,115.2418685836432
71.25485655073217,142.50971310146434
60.73094418268323,121.46188836536646
27.931227880062835,55.86245576012567
8.002535229683104,16.00507045936621
56.30876922663586,112.61753845327172
7.28923194403821,14.57846388807642
76.7721484635293,153.5442969270586
26.262137575616507,52.52427515123301
70.164583051892,140.329166103784
5.094122490505926,10.188244981011852
19.24434154892061,38.48868309784122
86.54900919075439,173.09801838150878
21.09108359636317,42.18216719272634
54.78226122954195,109.5645224590839
39.927952565540856,79.85590513108171
23.039760582945846,46.07952116589169
43.5643098863753,87.1286197727506
75.87018388665908,151.74036777331816
27.80356727015427,55.60713454030854
73.4351262528055,146.870252505611
16.880428058372765,33.76085611674553
52.23209655435967,104.46419310871934
85.10598835541464,170.21197671082928
15.446045868325486,30.892091736650972
94.02746241369196,188.05492482738393
6.514918570154416,13.029837140308832
3.5161951128819036,7.032390225763807
77.95507024257111,155.91014048514222
50.62018909381162,101.24037818762324
5.645436694052208,11.290873388104416
62.93857476714766,125.87714953429531
89.11475491361507,178.22950982723015
32.01199545529276,64.02399091058552
61.3472772572334,122.6945545144668
46.65801167473646,93.31602334947291
21.155638722203605,42.31127744440721
14.486171233722667,28.972342467445333
70.30199797814589,140.60399595629178
8.702510696150123,17.405021392300245
30.26019579350906,60.52039158701812
32.9495806601659,65.8991613203318
46.39209733442823,92.78419466885646
61.214983273664934,122.42996654732987
21.15418349276532,42.30836698553064
39.645408506675636,79.29081701335127
16.87127970196538,33.74255940393076
27.836889327707436,55.67377865541487
80.47929302341936,160.95858604683872
96.81602532177963,193.63205064355927
34.070650867894095,68.14130173578819
1.2630992484913173,2.5261984969826345
72.00104913875943,144.00209827751885
58.48601264273896,116.97202528547793
76.40238364221345,152.8047672844269
32.993437890635946,65.98687578127189
53.108345161728884,106.21669032345777
31.091558188668266,62.18311637733653
94.92457965131888,189.84915930263776
52.5974972420513,105.1949944841026
11.469766589014807,22.939533178029613
95.7883357183619,191.5766714367238
80.16869164058957,160.33738328117914
12.812437708207336,25.62487541641467
15.797292350444113,31.594584700888227
4.721027649711695,9.44205529942339
55.58596448082756,111.17192896165513
18.903029560924278,37.806059121848556
0.7134489511926079,1.4268979023852157
39.68032961847301,79.36065923694602
8.905220112701128,17.810440225402257
44.72236375903699,89.44472751807398
75.13662010817382,150.27324021634763
32.428307396033986,64.85661479206797
36.24656238767818,72.49312477535636
9.401795174716842,18.803590349433684
15.149940785927695,30.29988157185539
32.59605569544345,65.1921113908869
32.80391787574348,65.60783575148696
70.45585733009645,140.9117146601929
44.10479762040719,88.20959524081438
25.25391191799944,50.50782383599888
1.6717585776740762,3.3435171553481524
72.99753545102358,145.99507090204716
8.059762106576795,16.11952421315359
60.469398899067386,120.93879779813477
18.927040420876693,37.85408084175339
95.2070101329663,190.4140202659326
72.82330162657185,145.6466032531437
0.29488026079834695,0.5897605215966939
89.04637474254467,178.09274948508934
8.947146633508352,17.894293267016703
75.15728723599288,150.31457447198576
49.31034252067001,98.62068504134002
15.244337368386219,30.488674736772438
36.847344835995166,73.69468967199033
85.24981036951004,170.4996207390201
3.901450332966039,7.802900665932078
14.968913198104506,29.93782639620901
34.08775281158043,68.17550562316086
48.71055560638599,97.42111121277198
72.2525438666844,144.5050877333688
89.5999275907356,179.1998551814712
29.885875566486007,59.771751132972014
1.2502959924744705,2.500591984948941
39.04025819426532,78.08051638853064
49.918652764226024,99.83730552845205
28.99045469270267,57.98090938540534
83.22632627508268,166.45265255016537
88.54868115361924,177.09736230723848
49.5868302713505,99.173660542701
35.368010417176606,70.73602083435321
95.69126578407496,191.38253156814991
9.290405330033092,18.580810660066184
6.32306297364379,12.64612594728758
88.4697945462299,176.9395890924598
74.39582322276557,148.79164644553114
62.35875812223024,124.71751624446048
95.78719031606857,191.57438063213715
45.11994428436782,90.23988856873564
50.80235028704403,101.60470057408806
77.34703135944082,154.69406271888164
33.744065565938165,67.48813113187633
85.9713542726855,171.942708545371
79.47690428222997,158.95380856445993
13.790708605819757,27.581417211639515
68.63643716241677,137.27287432483354
42.11707050883808,84.23414101767617
24.939303917493515,49.87860783498703
97.688278540738,195.376557081476
27.67885799672445,55.3577159934489
80.15293719023919,160.30587438047837
24.120953164955196,48.24190632991039
23.796142018361387,47.59228403672277
39.47003804894794,78.94007609789588
38.90005123347211,77.80010246694422
0.5170426187416033,1.0340852374832066
7.1725935894412896,14.345187178882579
90.0442870302597,180.0885740605194
51.1666220545438,102.3332441090876
86.05136540641463,172.10273081282926
62.846531636300064,125.69306327260013
3.990908267635118,7.981816535270236
18.31894167397632,36.63788334795264
19.969726296662106,39.93945259332421
13.672106771672777,27.344213543345553
4.098738265208556,8.197476530417113
33.57959989022523,67.15919978045046
46.84230091102663,93.68460182205327
64.48768762534658,128.97537525069316
74.51040190271029,149.02080380542057
90.30484839685762,180.60969679371524
39.87386993130569,79.74773986261138
28.388775110585417,56.777550221170834
5.28775867641288,10.57551735282576
14.099258898836808,28.198517797673617
5.881463720043978,11.762927440087957
93.72018964811653,187.44037929623306
62.06773119995186,124.13546239990372
72.51532716143281,145.03065432286562
90.85736192167685,181.7147238433537
62.928889059564554,125.85777811912911
90.41263231706654,180.82526463413308
47.024825602689724,94.04965120537945
93.40266326000737,186.80532652001475
47.79520197834911,95.59040395669822
11.354017965747687,22.708035931495374
53.26607259511257,106.53214519022514
45.97038747490885,91.9407749498177
45.85365682659172,91.70731365318343
87.57537687217457,175.15075374434915
35.017059529498695,70.03411905899739
7.995563751723034,15.991127503446068
31.604122414562596,63.20824482912519
14.429040861326248,28.858081722652496
89.04658458739908,178.09316917479816
53.181439952041146,106.36287990408229
72.9462172036872,145.8924344073744
93.00716664309697,186.01433328619393
95.09246578752568,190.18493157505137
2.709221872960721,5.418443745921442
52.98573670225153,105.97147340450306
54.70706610226424,109.41413220452849
14.375841445352167,28.751682890704334
35.294215400495546,70.58843080099109
3.88445924717864,7.76891849435728
22.66020579406912,45.32041158813824
47.70790201043651,95.41580402087303
36.37463328118212,72.74926656236424
3.843127881704178,7.686255763408356
69.6576586275115,139.315317255023
54.67828416437113,109.35656832874226
50.84363559714655,101.6872711942931
70.36385911264189,140.72771822528378
98.73721868675027,197.47443737350054
22.664260113110057,45.328520226220114
37.7644810469273,75.5289620938546
20.644604058364035,41.28920811672807
51.75102487330426,103.50204974660852
59.891131794804764,119.78226358960953
85.4022341097951,170.8044682195902
41.46143820928201,82.92287641856402
69.06936338472848,138.13872676945695
93.45685662013429,186.91371324026858
76.68286534919422,153.36573069838843
59.85264982194211,119.70529964388422
83.07726483910129,166.15452967820258
10.749097975722988,21.498195951445975
18.84324165721869,37.68648331443738
83.1099036046366,166.2198072092732
52.882910954585206,105.76582190917041
1.7547111027465423,3.5094222054930846
62.166962065560384,124.33392413112077
25.81799345697907,51.63598691395814
69.3574953859311,138.7149907718622
81.39777593094186,162.79555186188372
56.35011724798324,112.70023449596648
59.96895070119132,119.93790140238264
78.40459359368374,156.80918718736748
27.38852555410193,54.77705110820386
32.53357121541196,65.06714243082392
73.69873281592852,147.39746563185705
4.286392812588147,8.572785625176294
15.218757629332135,30.43751525866427
61.682752604741566,123.36550520948313
4.824397313942219,9.648794627884438
77.7953933770263,155.5907867540526
29.748280526672875,59.49656105334575
86.32468114313174,172.64936228626348
40.904558673540315,81.80911734708063
30.89375303172044,61.78750606344088
52.125972258462106,104.25194451692421
98.92775067839541,197.85550135679082
50.4922423995934,100.9844847991868
82.80804093687098,165.61608187374196
44.65823789489869,89.31647578979738
36.13334126701627,72.26668253403254
39.05166631159711,78.10333262319422
39.33561050601996,78.67122101203992
66.83954105667937,133.67908211335873
62.822814631220425,125.64562926244085
6.30947371820445,12.6189474364089
5.752506492973241,11.505012985946482
73.87882160685363,147.75764321370727
2.410841918590101,4.821683837180202
37.724968098856195,75.44993619771239
20.60563358873462,41.21126717746924
46.931972494639126,93.86394498927825
24.350994069300146,48.70198813860029
91.99935534208137,183.99871068416275
7.458360742334036,14.916721484668072
37.34382047882983,74.68764095765965
4.961318513198998,9.922637026397997
67.88977114652018,135.77954229304035
25.36196544102389,50.72393088204778
45.148673388224566,90.29734677644913
42.337265956103835,84.67453191220767
74.86284265642733,149.72568531285467
70.23499737425266,140.46999474850531
36.15297291204173,72.30594582408347
94.1767577810471,188.3535155620942
3.4272073613329512,6.8544147226659025
5.687654778756501,11.375309557513003
92.1829807772867,184.3659615545734
94.81976527500078,189.63953055000155
60.12248661547661,120.24497323095322
31.775417342282353,63.550834684564705
51.108385770030104,102.21677154006021
8.169663657667204,16.33932731533441
85.08478798253442,170.16957596506884
71.90929988644038,143.81859977288076
86.42914764725595,172.8582952945119
77.61932869376876,155.23865738753753
34.03873004129705,68.0774600825941
92.1803352370808,184.3606704741616
43.449779584572255,86.89955916914451
49.77681289204801,99.55362578409601
36.469797382699056,72.93959476539811
52.112088637724455,104.22417727544891
8.268492379098857,16.536984758197715
80.19000846563992,160.38001693127984
0.24072634526445258,0.48145269052890516
87.13240684672017,174.26481369344035
94.94711638379323,189.89423276758646
66.26970118032095,132.5394023606419
60.21095452554661,120.42190905109322
39.71094222652959,79.42188445305918
66.8464799375917,133.6929598751834
33.35581353276979,66.71162706553957
35.273137273320856,70.54627454664171
42.42280592702107,84.84561185404213
76.77858899731817,153.55717799463633
94.3735249324178,188.7470498648356
16.273395368923595,32.54679073784719
77.48842644254069,154.97685288508137
72.3306824524826,144.6613649049652
42.820756667596896,85.64151333519379
19.4121862901091,38.8243725802182
8.16258413003469,16.32516826006938
98.37670135778596,196.75340271557192
22.661963321634072,45.323926643268145
23.37645147250269,46.75290294500538
89.23442150455766,178.46884300911532
59.75099768245607,119.50199536491213
78.52789223939183,157.05578447878366
78.81853867788968,157.63707735577935
72.60647841691701,145.21295683383403
56.360334637200424,112.72066927440085
22.512410896036926,45.02482179207385
96.5103922913153,193.0207845826306
38.37789636371368,76.75579272742736
40.399975386203714,80.79995077240743
72.1881192589715,144.376238517943
26.19882052073388,52.39764104146776
88.38795127311452,176.77590254622905
0.4665660887842371,0.9331321775684742
1.3917091030385298,2.7834182060770596
79.79297238558192,159.58594477116384
59.57252786367467,119.14505572734934
15.103734705751016,30.207469411502032
39.309528571258156,78.61905714251631
40.20685535684583,80.41371071369166
39.68936977514718,79.37873955029436
56.03781965798191,112.07563931596383
0.6493019842126468,1.2986039684252937
40.2103886216311,80.4207772432622
25.009204315710832,50.018408631421664
82.49123744696584,164.98247489393168
57.34619516906152,114.69239033812303
93.09109026241103,186.18218052482206
5.291074499455995,10.58214899891199
96.75030915556908,193.50061831113817
43.2668589802085,86.533717960417
67.39967180708038,134.79934361416076
63.52326585550612,127.04653171101224
77.07605072704136,154.15210145408273
45.08514662465911,90.17029324931822
4.051306962787415,8.10261392557483
48.832579595877256,97.66515919175451
25.154423303333793,50.308846606667586
97.37055201246919,194.74110402493838
97.79443606927958,195.58887213855917
13.226871417310349,26.453742834620698
4.8025675136590955,9.605135027318191
31.00556180402836,62.01112360805672
0.1820087075104837,0.3640174150209674
57.17412164728493,114.34824329456985
67.74787873332913,135.49575746665826
66.57632775381056,133.15265550762112
20.032318317735264,40.06463663547053
20.586718821796435,41.17343764359287
96.62396284330748,193.24792568661496
38.062546528343255,76.12509305668651
25.68660064347309,51.37320128694618
6.286488748300368,12.572977496600735
38.17608395236343,76.35216790472685
88.25282991955305,176.5056598391061
58.0415807509988,116.0831615019976
55.68152817020277,111.36305634040554
66.83666134963381,133.67332269926763
37.66631765039369,75.33263530078737
88.96670322271486,177.9334064454297
41.74821767008217,83.49643534016434
54.03449971382862,108.06899942765725
52.153394204634736,104.30678840926947
6.851911444336444,13.703822888672889
18.19274873862271,36.38549747724542
4.497647214206646,8.995294428413292
94.46151007301033,188.92302014602066
25.16828780657453,50.33657561314906
91.41627204649866,182.83254409299732
42.396067911360014,84.79213582272003
19.68057644651433,39.36115289302866
76.56481680441519,153.12963360883037
60.03282560435922,120.06565120871844
82.23964857011983,164.47929714023965
21.29054605485299,42.58109210970598
21.705722900123547,43.411445800247094
72.5722934973542,145.1445869947084
50.69844606021318,101.39689212042636
26.055161228903867,52.11032245780773
62.60589638256142,125.21179276512284
62.65820496109789,125.31640992219577
67.0087072274081,134.0174144548162
37.297893142812136,74.59578628562427
84.13041152226016,168.26082304452032
94.40636296964368,188.81272593928736
48.69052999937762,97.38105999875523
50.38663880945011,100.77327761890022
11.010294600256964,22.02058920051393
39.89156295083202,79.78312590166404
72.7289708781778,145.4579417563556
7.600305221814018,15.200610443628037
78.31597992523966,156.63195985047932
25.43832499698159,50.87664999396318
90.53769296851783,181.07538593703566
22.501832391429854,45.00366478285971
90.18558145789575,180.3711629157915
18.348134054531563,36.696268109063126
76.64886134328339,153.29772268656677
64.01377542765746,128.02755085531493
94.89778043163564,189.79556086327128
90.4912493882102,180.9824987764204
59.01354783629258,118.02709567258516
10.633182981847911,21.266365963695822
54.153554368611914,108.30710873722383
58.97317685313881,117.94635370627762
83.3966197274695,166.793239454939
95.2472168044541,190.4944336089082
57.68036713845186,115.36073427690371
20.180998737372292,40.361997474744584
86.61507532263161,173.23015064526322
49.32468194725924,98.64936389451849
17.6770358135121,35.3540716270242
12.317075403539713,24.634150807079426
80.55278156229807,161.10556312459613
73.8556910624087,147.7113821248174
78.84897080336681,157.69794160673362
12.612686001857298,25.225372003714597
91.75839305963245,183.5167861192649
14.129997879589629,28.259995759179258
23.658761648461123,47.317523296922246
71.052245674705,142.10449134941
31.934920067831428,63.869840135662855
84.20834982115282,168.41669964230564
7.6944955938109905,15.388991187621981
36.806443194810335,73.61288638962067
68.5055683698794,137.0111367397588
50.11032191145534,100.22064382291067
14.663589461172855,29.32717892234571
51.342945114285655,102.68589022857131
6.337463603511628,12.674927207023256
43.852795029421934,87.70559005884387
61.924997751057084,123.84999550211417
43.935768358890485,87.87153671778097
79.4177851423756,158.8355702847512
24.699064768140566,49.39812953628113
70.80562342708205,141.6112468541641
12.580696451001971,25.161392902003943
71.45966227392839,142.91932454785677
56.12054894941876,112.24109789883752
8.647033070241028,17.294066140482055
21.207968705968007,42.415937411936014
23.04797624354693,46.09595248709386
61.41385202649447,122.82770405298893
46.47455272422304,92.94910544844608
54.28309425386077,108.56618850772153
61.060985743832404,122.12197148766481
17.444543571826877,34.889087143653754
11.271377062029696,22.542754124059392
70.82085131044529,141.64170262089058
37.661616136774825,75.32323227354965
42.14671796014012,84.29343592028025
17.162310999947117,34.324621999894234
58.79927055846258,117.59854111692516
65.80894593540856,131.61789187081712
60.96769138043421,121.93538276086842
53.705074990637605,107.41014998127521
96.16055461198776,192.32110922397553
83.72790292308538,167.45580584617076
63.522728899144674,127.04545779828935
31.57920995948844,63.15841991897688
38.54347993749838,77.08695987499677
89.88889860044756,179.77779720089512
48.6128242836811,97.2256485673622
27.613498103999103,55.226996207998205
0.2999997401725629,0.5999994803451258
18.909704357381806,37.81940871476361
79.20274847302477,158.40549694604954
27.224269438808978,54.448538877617956
34.75614162444549,69.51228324889098
12.24838037128536,24.49676074257072
79.21804360127919,158.43608720255838
67.24954920759056,134.49909841518112
64.22409215687199,128.44818431374398
90.6416884331707,181.2833768663414
8.209971904176271,16.419943808352542
50.80001579449206,101.60003158898412
90.39338106710403,180.78676213420806
77.4789173703913,154.9578347407826
14.01620125576386,28.03240251152772
74.38982774637208,148.77965549274415
13.620907448481168,27.241814896962335
76.08122781532862,152.16245563065723
35.65829811284487,71.31659622568974
54.53446510237132,109.06893020474264
95.9524869463948,191.9049738927896
0.47820179334956414,0.9564035866991283
55.52368472482778,111.04736944965556
33.91390076622503,67.82780153245005
55.36371625097214,110.72743250194428
8.414835592356141,16.829671184712282
80.87400185541762,161.74800371083523
87.68465680747862,175.36931361495724
94.82645825643301,189.65291651286603
63.339491412088265,126.67898282417653
45.116512118317054,90.23302423663411
41.171053322686504,82.34210664537301
41.43258991888422,82.86517983776844
60.20645036493924,120.41290072987849
48.14853960515653,96.29707921031306
79.04898579402325,158.0979715880465
20.13250385118468,40.26500770236936
66.62276205522608,133.24552411045215
36.49008063859983,72.98016127719966
20.334623732395297,40.669247464790594
94.98033528212916,189.96067056425832
2.586789945461765,5.17357989092353
77.7309056340204,155.4618112680408
74.2467815974121,148.4935631948242
86.91292462217437,173.82584924434875
16.33895503329651,32.67791006659302
90.10277170472098,180.20554340944196
50.9752344552725,101.950468910545
58.84456169227803,117.68912338455605
90.8736850354881,181.7473700709762
34.820019390034105,69.64003878006821
69.98278229954057,139.96556459908115
13.99141564734504,27.98283129469008
94.9382410360684,189.8764820721368
91.34595123360675,182.6919024672135
15.978393703971228,31.956787407942457
22.39036537462541,44.78073074925082
17.5136340316957,35.0272680633914
23.148264919123072,46.296529838246144
14.135252727859115,28.27050545571823
16.269875946984303,32.53975189396861
95.49867162389532,190.99734324779064
30.869454415022844,61.73890883004569
19.846302006286585,39.69260401257317
35.57941917604822,71.15883835209644
34.63999403738893,69.27998807477786
93.65512456514263,187.31024913028526
7.9204773374162984,15.840954674832597
94.58308974745907,189.16617949491814
91.5111852997101,183.0223705994202
5.171835525741086,10.343671051482172
4.636553481555394,9.273106963110788
13.116432781222088,26.232865562444175
82.86418894033648,165.72837788067295
48.173356548256265,96.34671309651253
58.26384586511272,116.52769173022544
12.968958062595648,25.937916125191297
66.33198305159802,132.66396610319603
11.680683924694469,23.361367849388937
4.054148791074952,8.108297582149904
34.48018373123899,68.96036746247798
87.6832172465593,175.3664344931186
7.995619536601451,15.991239073202902
68.04826762841179,136.09653525682359
52.76156676414829,105.52313352829658
35.43018454918888,70.86036909837776
82.5561511449411,165.1123022898822
53.984058509074565,107.96811701814913
64.15517649360817,128.31035298721633
96.12354924570874,192.2470984914175
63.25339340654105,126.5067868130821
36.184057590161345,72.36811518032269
46.74879362336022,93.49758724672044
59.432398080047236,118.86479616009447
82.58182618923733,165.16365237847467
73.88217955201381,147.76435910402762
76.69267053522803,153.38534107045606
33.61496634104593,67.22993268209186
39.30706548479533,78.61413096959066
86.10452498799806,172.20904997599612
91.50438043568435,183.0087608713687
80.88233150141463,161.76466300282925
56.56194883819319,113.12389767638638
85.53815340658,171.07630681316
10.235180896323081,20.470361792646163
65.15763812932406,130.3152762586481
28.38328538660203,56.76657077320406
3.5601872503718712,7.1203745007437425
1.8638987798684559,3.7277975597369117
63.7859271093997,127.5718542187994
91.21020099079227,182.42040198158455
17.88925149686801,35.77850299373602
47.56175044526524,95.12350089053048
9.461582841801807,18.923165683603614
96.1373067051459,192.2746134102918
69.2633300408434,138.5266600816868
76.53019983385076,153.06039966770152
12.985008797816178,25.970017595632356
18.484404032107605,36.96880806421521
95.9444692931418,191.8889385862836
38.94164656909437,77.88329313818873
9.99440842795134,19.98881685590268
76.78940930765344,153.5788186153069
79.64713528442124,159.29427056884248
76.14946751643048,152.29893503286095
59.814710160991545,119.62942032198309
22.77448712974358,45.54897425948716
31.7477330444089,63.4954660888178
14.88730928933223,29.77461857866446
21.155072994133896,42.31014598826779
6.763725558913547,13.527451117827095
92.41375565198831,184.82751130397662
18.47140826681396,36.94281653362792
5.370450394308667,10.740900788617335
11.868012249228222,23.736024498456445
70.63442212840808,141.26884425681615
34.19366857345678,68.38733714691357
26.504084673156537,53.008169346313075
36.227736978767275,72.45547395753455
63.127352647340075,126.25470529468015
63.020861963624185,126.04172392724837
27.074871727308214,54.14974345461643
20.3903057774248,40.7806115548496
84.94997222110959,169.89994444221918
74.56292628272983,149.12585256545967
4.074601472385863,8.149202944771726
88.98201429155318,177.96402858310637
7.106491692422978,14.212983384845955
43.545830613059366,87.09166122611873
85.48087862680886,170.96175725361772
80.21096245308135,160.4219249061627
13.752691440401744,27.505382880803488
40.59491691499477,81.18983382998954
12.059468527026496,24.118937054052992
97.6235497178605,195.247099435721
23.686912755283764,47.37382551056753
98.84305464345117,197.68610928690234
28.302809239447335,56.60561847889467
87.5480427891009,175.0960855782018
35.97113542759153,71.94227085518305
97.51288556056778,195.02577112113556
38.23867959381065,76.4773591876213
51.70109654437448,103.40219308874896
51.569811788288646,103.13962357657729
55.29572103513922,110.59144207027845
97.45772091047466,194.91544182094933
38.08996595632957,76.17993191265914
2.48201958601294,4.96403917202588
33.79977668910905,67.5995533782181
41.0384887204652,82.0769774409304
98.82920957020761,197.65841914041522
10.140769442276632,20.281538884553264
53.479406878700416,106.95881375740083
13.889593197098415,27.77918639419683
23.38753085985146,46.77506171970292
3.7690948828523974,7.538189765704795
43.96534196974877,87.93068393949754
98.78890892607123,197.57781785214246
73.16602415970146,146.33204831940293
78.94365942970546,157.88731885941093
80.18774467099634,160.37548934199268
70.53670811940572,141.07341623881143
65.13254920632188,130.26509841264377
78.55446911209172,157.10893822418345
91.44095092371177,182.88190184742353
19.33106232659029,38.66212465318058
74.66865228408189,149.33730456816377
45.77605816177709,91.55211632355417
7.563380248378559,15.126760496757118
25.27731658411857,50.55463316823714
79.77427418324727,159.54854836649454
95.4046946644029,190.8093893288058
36.80256035412817,73.60512070825634
75.22249551342014,150.44499102684028
83.36949814369389,166.73899628738778
91.68637259520732,183.37274519041463
17.992856884175467,35.985713768350934
15.897796425931144,31.79559285186229
68.01430195826738,136.02860391653476
92.75236016718875,185.5047203343775
36.998047149910704,73.99609429982141
2.0576048086507925,4.115209617301585
42.59402085189477,85.18804170378954
90.6738877647671,181.3477755295342
94.32078955311661,188.64157910623322
54.08252172632496,108.16504345264993
8.372603821173596,16.745207642347193
89.94997427728354,179.8999485545671
94.4047120603893,188.8094241207786
35.64383284955211,71.28766569910422
21.789623014691617,43.579246029383235
46.72893487317788,93.45786974635575
25.05615575442979,50.11231150885958
31.379127042693934,62.75825408538787
42.04326601955065,84.0865320391013
54.16308058432298,108.32616116864595
11.501897502488356,23.003795004976713
96.63760175140565,193.2752035028113
43.93330234607926,87.86660469215852
1.8576602379873686,3.715320475974737
32.09758190668924,64.19516381337849
18.85577278219923,37.71154556439846
64.33564405668596,128.67128811337193
54.148976653141126,108.29795330628225
61.21113985981971,122.42227971963942
63.09124986566127,126.18249973132254
74.74215736601676,149.4843147320335
88.08657955402795,176.1731591080559
96.2807746101671,192.5615492203342
58.431885927980765,116.86377185596153
44.56005765872872,89.12011531745743
92.70830040138138,185.41660080276276
10.49113975723438,20.98227951446876
57.72272310365426,115.44544620730852
78.47049189310313,156.94098378620626
52.54775985691924,105.09551971383848
74.3535400712576,148.7070801425152
58.1401438066188,116.2802876132376
54.97264026295109,109.94528052590218
9.952901723532992,19.905803447065985
66.64342478438893,133.28684956877785
24.41094107537447,48.82188215074894
68.44074192666818,136.88148385333636
22.886335050617912,45.772670101235825
3.287153302402279,6.574306604804558
27.510836784110793,55.02167356822159
50.200186485039175,100.40037297007835
44.76283378619746,89.52566757239492
19.482118470217134,38.96423694043427
54.80516778585978,109.61033557171956
37.3811086625605,74.762217325121
99.0395500449232,198.0791000898464
23.570590876116505,47.14118175223301
25.182681902852288,50.365363805704575
62.81873807602949,125.63747615205898
61.86938931718593,123.73877863437185
80.85175238590618,161.70350477181236
83.21348582218874,166.4269716443775
71.35003229553367,142.70006459106733
37.63211268222645,75.2642253644529
58.34675670198992,116.69351340397984
76.31509300411615,152.6301860082323
26.836659161797037,53.673318323594074
25.85975850807152,51.71951701614304
11.341955666112124,22.68391133222425
80.6382382834163,161.2764765668326
33.86677322461951,67.73354644923901
78.76664014202798,157.53328028405596
98.19529023184404,196.39058046368808
4.189856629501532,8.379713259003063
86.90819379694446,173.81638759388892
80.41373615607914,160.82747231215828
79.40167569096069,158.80335138192137
23.98821855596389,47.97643711192778
56.12623783194217,112.25247566388434
36.76973070295264,73.53946140590529
43.742707113065016,87.48541422613003
23.103790134874057,46.207580269748114
96.31041432558007,192.62082865116014
38.036828018611025,76.07365603722205
16.437969911493187,32.875939822986375
55.552099123000396,111.10419824600079
10.101586403325658,20.203172806651317
40.1730685534051,80.3461371068102
20.100205006439875,40.20041001287975
0.015092460397347907,0.030184920794695813
18.326675951835746,36.65335190367149
17.875365369756658,35.750730739513315
99.910502586947,199.821005173894
78.17315179247221,156.34630358494442
4.550764055909939,9.101528111819878
81.63700452240596,163.27400904481192
57.486581287365055,114.97316257473011
89.14435580876815,178.2887116175363
10.396484065229162,20.792968130458323
58.23078479609298,116.46156959218597
14.153076257577425,28.30615251515485
14.01944572345133,28.03889144690266
62.219167098475715,124.43833419695143
51.160457228410294,102.32091445682059
3.910503805388288,7.821007610776576
25.907425915574912,51.814851831149824
49.140757626483776,98.28151525296755
97.86781248409176,195.73562496818352
85.99690295970562,171.99380591941124
44.11613947405946,88.23227894811892
57.48961821408536,114.97923642817072
21.684088912364142,43.368177824728285
93.7989255653727,187.5978511307454
83.94508479148254,167.8901695829651
47.29323486734677,94.58646973469354
82.51271915427469,165.02543830854938
55.72225129469521,111.44450258939042
56.48795132867471,112.97590265734942
34.58596595809475,69.1719319161895
65.57174184469582,131.14348368939164
32.57462146480506,65.14924292961012
19.418746791041,38.837493582082
56.51357623137705,113.0271524627541
77.23774087791668,154.47548175583336
50.849252178348095,101.69850435669619
48.39704008487957,96.79408016975914
22.937781454897753,45.875562909795505
62.93707804068491,125.87415608136982
25.31682705903474,50.63365411806948
28.37334248268907,56.74668496537814
38.63430219958961,77.26860439917922
33.40290252926319,66.80580505852637
99.61876541986454,199.2375308397291
56.41417649253374,112.82835298506748
80.59285192322207,161.18570384644414
3.8687340524844904,7.737468104968981
75.52088390927982,151.04176781855963
19.524211975579842,39.048423951159684
88.42054316754933,176.84108633509865
20.491874037383496,40.98374807476699
18.137184724449583,36.274369448899165
22.346566846184658,44.693133692369315
72.80836888513669,145.61673777027337
83.96152304392331,167.92304608784661
86.92677712590543,173.85355425181086
43.88866624489663,87.77733248979327
88.36955873523664,176.73911747047327
71.17901082812324,142.35802165624648
62.183795235126624,124.36759047025325
90.3335741443121,180.6671482886242
50.29223405120261,100.58446810240522
0.29931813458241585,0.5986362691648317
50.51215534008692,101.02431068017384
43.41793606381879,86.83587212763759
19.25407981511015,38.5081596302203
93.7646044834337,187.5292089668674
9.809564299940664,19.61912859988133
86.86079246487472,173.72158492974944
27.176343329185126,54.35268665837025
61.44571313680112,122.89142627360224
84.1973024839216,168.3946049678432
19.2347603067197,38.4695206134394
79.3659259460318,158.7318518920636
47.24194408553368,94.48388817106736
6.875989845817987,13.751979691635974
39.68804078334022,79.37608156668044
17.104497336243483,34.208994672486966
96.10169705769765,192.2033941153953
86.34748748930357,172.69497497860715
14.890229860968706,29.78045972193741
55.092401388823156,110.18480277764631
57.85069590109114,115.70139180218229
7.22881056707092,14.45762113414184
21.974273177863644,43.94854635572729
95.76691997448057,191.53383994896114
79.08369238942544,158.16738477885087
93.52925389082553,187.05850778165106
41.195448048647854,82.39089609729571
39.83654986791534,79.67309973583068
79.1500211629111,158.3000423258222
94.44564595826944,188.89129191653888
85.28454902951506,170.56909805903013
92.03232028746086,184.06464057492173
52.89632043928386,105.79264087856772
13.895246589044985,27.79049317808997
14.63758018714547,29.27516037429094
41.16604371734724,82.33208743469449
4.649448828442515,9.29889765688503
93.24687431658282,186.49374863316564
67.490527127654,134.981054255308
7.021389107285769,14.042778214571538
71.92953842298539,143.85907684597078
80.16355238681857,160.32710477363713
9.513429433360232,19.026858866720463
18.389273842447707,36.778547684895415
44.91376693105742,89.82753386211483
30.100326117837707,60.20065223567541
37.647609526121464,75.29521905224293
49.11193084751875,98.2238616950375
38.552846210989166,77.10569242197833
1.2310210343105088,2.4620420686210176
68.60285101111343,137.20570202222686
42.950394359846456,85.90078871969291
29.447196020913648,58.894392041827295
79.94128075984108,159.88256151968216
78.45396623817447,156.90793247634895
32.09693890642467,64.19387781284934
71.22513586880851,142.45027173761702
9.84712480190183,19.69424960380366
62.3866543146574,124.7733086293148
42.98365086748791,85.96730173497582
34.6799819054199,69.3599638108398
59.31567484483418,118.63134968966835
5.376047871326506,10.752095742653012
3.1800584310646363,6.3601168621292725
14.408223335141567,28.816446670283135
90.28900208509326,180.57800417018652
44.50416065276164,89.00832130552328
38.1142280493091,76.2284560986182
11.76702613595455,23.5340522719091
57.164013206063046,114.32802641212609
84.47482291997204,168.94964583994408
67.48534961708742,134.97069923417484
4.683927876580851,9.367855753161702
56.79441730996289,113.58883461992578
87.9181110502715,175.836222100543
33.260152796547274,66.52030559309455
70.97187575442764,141.94375150885529
75.31543845640117,150.63087691280234
90.30697457567999,180.61394915135998
94.79480054059162,189.58960108118325
37.41877529279187,74.83755058558374
71.92208168089465,143.8441633617893
97.28995712741049,194.57991425482098
75.42211952924187,150.84423905848374
10.592083392575692,21.184166785151383
0.5290739524049681,1.0581479048099363
24.472307313513063,48.94461462702613
33.90860714419024,67.81721428838048
80.89189691904602,161.78379383809204
55.12636770022535,110.2527354004507
18.764237224786452,37.528474449572904
48.37247020181322,96.74494040362644
95.94840742187881,191.89681484375762
26.669133619368623,53.338267238737245
57.393851683814354,114.78770336762871
80.09551058835766,160.1910211767153
47.57553481569635,95.1510696313927
49.37813289018385,98.7562657803677
56.026185846460564,112.05237169292113
63.77472484704194,127.54944969408388
21.87492080851173,43.74984161702346
83.65981886710347,167.31963773420694
0.36432028094354196,0.7286405618870839
96.13414066678504,192.2682813335701
90.29909609166754,180.59819218333507
28.873729205976705,57.74745841195341
81.91041756299431,163.82083512598862
8.534240584442877,17.068481168885754
88.16491491775473,176.32982983550946
10.536579453163453,21.073158906326906
58.79894320391234,117.59788640782467
2.72845979846853,5.45691959693706
70.98951067216535,141.9790213443307
90.76683268213013,181.53366536426026
89.2973142600028,178.5946285200056
51.092636832809866,102.18527366561973
30.346574936141067,60.693149872282135
17.482880263118915,34.96576052623783
39.15065157388913,78.30130314777826
82.37054789183044,164.74109578366088
56.01370236704749,112.02740473409499
70.26239298149827,140.52478596299653
3.9759315115608707,7.951863023121741
11.06562383696852,22.13124767393704
50.93807251091744,101.87614502183489
26.27853466317458,52.55706932634916
24.454894223790713,48.90978844758143
20.14934778154339,40.29869556308678
38.07731411673642,76.15462823347283
33.75205735662534,67.50411471325069
24.276987031332297,48.553974062664594
14.902247665488444,29.804495330976888
72.41859054932719,144.83718109865438
26.68961618852529,53.37923237705058
17.680565262278158,35.361130524556316
90.29042914084121,180.58085828168242
60.71825850077261,121.43651700154523
76.13077400382619,152.26154800765238
21.594800616243038,43.189601232486076
97.0092080662735,194.018416132547
6.076803511449114,12.153607022898228
21.74816315471466,43.49632630942932
89.0796862030614,178.1593724061228
12.488374996080276,24.976749992160553
63.29508091391297,126.59016182782594
46.818721351876825,93.63744270375365
43.58239166951287,87.16478333902575
50.7142480565607,101.4284961131214
81.69130380485548,163.38260760971096
83.36785463385826,166.73570926771652
76.60235554705093,153.20471109410187
73.50654719392496,147.01309438784992
93.15131012545874,186.30262025091747
82.51200845492599,165.02401690985198
24.923167668193248,49.846335336386495
15.677102568504676,31.35420513700935
99.65239014715081,199.30478029430162
31.462967696696175,62.92593539339235
35.93994588539368,71.87989177078737
13.436579829552652,26.873159659105305
54.35082484736192,108.70164969472384
46.46934413446143,92.93868826892286
28.059090906021456,56.11818181204291
39.82986911248043,79.65973822496086
86.4942440838826,172.9884881677652
45.88082975665253,91.76165951330506
69.93207703149962,139.86415406299923
23.148839521475473,46.297679042950946
56.444308029879885,112.88861605975977
0.9178100670244604,1.8356201340489209
52.157483744634916,104.31496748926983
85.57810741338446,171.15621482676892
4.360275081246234,8.720550162492469
71.37020997799678,142.74041995599356
52.93703369466676,105.87406738933352
49.029203629408016,98.05840725881603
77.83523586581354,155.6704717316271
21.008541911711355,42.01708382342271
51.965233195118984,103.93046639023797
75.48459349288518,150.96918698577036
65.25463185470313,130.50926370940627
18.59403977733348,37.18807955466696
33.794900343986754,67.58980068797351
13.508600562214014,27.017201124428027
1.5435484466633675,3.087096893326735
61.45628362477985,122.9125672495597
29.409723777681517,58.819447555363034
80.96173230985157,161.92346461970314
66.11464862910337,132.22929725820674
40.09563470356342,80.19126940712684
16.98294253950681,33.96588507901362
96.25096357739027,192.50192715478053
73.03137234039278,146.06274468078556
81.61480081329353,163.22960162658705
21.765826142962453,43.531652285924906
27.381638302226598,54.763276604453196
66.85201157540185,133.7040231508037
18.598046419259905,37.19609283851981
26.617560249336425,53.23512049867285
66.81315401555175,133.6263080311035
38.411978791796464,76.82395758359293
11.795500123721558,23.591000247443116
4.289981062940651,8.579962125881302
7.4593517425530775,14.918703485106155
0.3523947632343205,0.704789526468641
73.41359320709114,146.82718641418228
12.728581529378168,25.457163058756336
33.57563668209402,67.15127336418804
26.38721509304557,52.77443018609114
69.54670748606905,139.0934149721381
36.44014015824669,72.88028031649338
48.03383506552903,96.06767013105807
81.79757210616445,163.5951442123289
8.198844158512452,16.397688317024905
49.22186198774294,98.44372397548588
40.218428317344056,80.43685663468811
94.81692924467048,189.63385848934095
96.82925903929059,193.65851807858118
14.063388336835892,28.126776673671785
96.26698017030519,192.53396034061038
90.2522562095615,180.504512419123
63.01895656164085,126.0379131232817
78.36696002960446,156.7339200592089
91.7836166428878,183.5672332857756
31.25367638284784,62.50735276569568
83.2691706699054,166.5383413398108
56.99590941943885,113.9918188388777
46.53884580572129,93.07769161144257
59.07836599366353,118.15673198732706
21.166793317918785,42.33358663583757
96.77496655113113,193.54993310226226
76.60616983424576,153.21233966849152
0.1250620814908232,0.2501241629816464
4.486960254102912,8.973920508205824
76.46263769885525,152.9252753977105
55.29586093516357,110.59172187032713
60.39964548711643,120.79929097423286
8.890282262877946,17.780564525755892
91.5627573887709,183.1255147775418
24.778936697628197,49.557873395256394
50.0753125790559,100.1506251581118
89.77292334160532,179.54584668321064
60.82634215630268,121.65268431260536
58.41288016927005,116.8257603385401
96.73397241452605,193.4679448290521
73.10998443944733,146.21996887889466
88.30437381279091,176.60874762558183
75.01506406028635,150.0301281205727
11.723076931151565,23.44615386230313
34.46305784903523,68.92611569807046
38.353595109516604,76.70719021903321
82.33823582977125,164.6764716595425
71.01689551997463,142.03379103994925
53.87206502881177,107.74413005762354
15.122742573765112,30.245485147530225
98.34271394408397,196.68542788816794
95.07159153869257,190.14318307738515
24.06660994581523,48.13321989163046
7.114602546204562,14.229205092409124
93.67720365759752,187.35440731519503
0.9932548858257784,1.9865097716515567
90.64969721791651,181.29939443583302
1.8189857503301043,3.6379715006602087
82.48437792998742,164.96875585997483
37.295226336681765,74.59045267336353
91.105914575415,182.21182915083
98.29792505750461,196.59585011500923
83.14017887128253,166.28035774256506
72.9157597120416,145.8315194240832
22.930942145749412,45.861884291498825
45.30578238094637,90.61156476189274
53.85993918187872,107.71987836375745
32.818564134960525,65.63712826992105
37.409598275474764,74.81919655094953
35.499219577433635,70.99843915486727
33.73190470118112,67.46380940236224
57.03255153437572,114.06510306875144
40.36571919482708,80.73143838965416
91.77949313143094,183.55898626286188
71.26594567362704,142.5318913472541
77.72436145154174,155.44872290308348
20.12235370756431,40.24470741512862
54.5878177983951,109.1756355967902
35.97505049641706,71.95010099283412
93.03390486717146,186.06780973434292
20.048502159254078,40.097004318508155
92.92931677472357,185.85863354944715
19.090076156654856,38.18015231330971
58.6458078810999,117.2916157621998
43.47389148250964,86.94778296501929
62.0374042002756,124.0748084005512
15.366041830344768,30.732083660689536
36.379283972310276,72.75856794462055
90.38948493936563,180.77896987873126
93.11975570364095,186.2395114072819
76.12601282895614,152.25202565791227
67.26963817577874,134.53927635155748
15.8918136943906,31.7836273887812
50.568611714571276,101.13722342914255
5.066686007719213,10.133372015438425
67.02280991860842,134.04561983721683
10.612517948094224,21.225035896188448
69.77819272970414,139.5563854594083
76.09205344336863,152.18410688673725
67.97788837028611,135.95577674057222
3.711670643356091,7.423341286712182
79.35121740243152,158.70243480486303
29.087682081227406,58.17536416245481
2.685114105307951,5.370228210615902
27.957045360382782,55.914090720765564
95.95306389534619,191.90612779069238
45.859682008571134,91.71936401714227
8.989205855608551,17.978411711217102
43.54263743159429,87.08527486318857
0.21669222244026232,0.43338444488052463
55.816295371224925,111.63259074244985
34.737636152834575,69.47527230566915
80.49808508393278,160.99617016786556
37.863718632032686,75.72743726406537
96.33668818403493,192.67337636806985
44.336194993651,88.672389987302
31.21407754490102,62.42815508980204
23.434742384569386,46.86948476913877
81.4434031321095,162.886806264219
21.97864317131637,43.95728634263274
20.608614863336662,41.217229726673324
14.961603469579943,29.923206939159886
6.904639233066767,13.809278466133534
96.18879190998578,192.37758381997156
2.956325525355785,5.91265105071157
33.50767911950264,67.01535823900528
98.44824225391892,196.89648450783784
74.26672509493955,148.5334501898791
49.90123715396396,99.80247430792792
99.60632878995979,199.21265757991958
80.73795695522855,161.4759139104571
30.97596315155552,61.95192630311104
93.98071840643058,187.96143681286117
44.617789025704255,89.23557805140851
50.350029032289854,100.70005806457971
31.545001082741152,63.090002165482304
24.707755499364193,49.41551099872839
60.3263392289876,120.6526784579752
60.99230469073631,121.98460938147262
72.65411775468823,145.30823550937646
50.29845108539551,100.59690217079103
13.91026144887043,27.82052289774086
90.55766131420091,181.11532262840183
63.59104171019235,127.1820834203847
65.18168522157151,130.36337044314303
20.34569993627158,40.69139987254316
30.318232773736554,60.63646554747311
21.336572382594156,42.67314476518831
46.86889797186422,93.73779594372844
72.91449813806187,145.82899627612375
11.149858587965088,22.299717175930176
95.85215658835664,191.70431317671327
12.107070929902441,24.214141859804883
26.327916505785986,52.65583301157197
12.093871139256374,24.187742278512747
43.334788957916196,86.66957791583239
24.083873418138392,48.167746836276784
64.99792039509448,129.99584079018896
77.84181555517354,155.68363111034708
73.29468085970558,146.58936171941116
18.51330838496884,37.02661676993768
73.69322862995263,147.38645725990526
2.8675771952230145,5.735154390446029
49.17970668646817,98.35941337293634
44.04657989824997,88.09315979649995
78.9985119749003,157.9970239498006
18.481014159374396,36.96202831874879
44.08416774307105,88.1683354861421
45.33319541122517,90.66639082245034
40.91450644634188,81.82901289268376
60.23018827505558,120.46037655011116
69.96489119280095,139.9297823856019
75.57337631465518,151.14675262931036
88.0317703924978,176.0635407849956
73.85516493863426,147.71032987726852
93.99242649860209,187.98485299720417
52.30161332640532,104.60322665281063
26.800530978652347,53.601061957304694
12.287933459909917,24.575866919819834
46.600285187399614,93.20057037479923
82.09047854638126,164.18095709276253
76.05402151076962,152.10804302153923
52.65153743027129,105.30307486054258
92.96227200598439,185.92454401196878
28.529301333098033,57.058602666196066
45.423908900723966,90.84781780144793
89.4219798019943,178.8439596039886
82.69143657788103,165.38287315576207
62.68862367898688,125.37724735797376
7.587413573578605,15.17482714715721
64.02225084635099,128.04450169270197
56.8869415277563,113.7738830555126
17.028723817038085,34.05744763407617
53.83429832586983,107.66859665173966
22.905930787440788,45.811861574881576
61.044150647033426,122.08830129406685
54.67379245398794,109.34758490797589
36.753135553501494,73.50627110700299
26.478441037085844,52.95688207417169
21.43297934769528,42.86595869539056
94.22301060998713,188.44602121997426
78.27212427749483,156.54424855498965
20.842282137520694,41.68456427504139
67.09311975405944,134.1862395081189
61.552107237162666,123.10421447432533
1.599894868480345,3.19978973696069
17.320130587119355,34.64026117423871
26.419129310390232,52.838258620780465
39.74279553553326,79.48559107106652
36.04539302125849,72.09078604251698
8.90204131799579,17.80408263599158
89.68952481663388,179.37904963326775
81.79278362464531,163.58556724929062
64.30202957036471,128.60405914072942
66.09876813199251,132.19753626398503
60.40751243928817,120.81502487857634
52.973595729695155,105.94719145939031
22.494144682903084,44.98828936580617
31.202875847348754,62.40575169469751
9.930394936449593,19.860789872899186
28.599879315674503,57.199758631349006
11.632338253250207,23.264676506500415
40.28985956669667,80.57971913339334
95.77707873849685,191.5541574769937
64.40823472831359,128.81646945662717
46.904733909914356,93.80946781982871
48.55711791026335,97.1142358205267
33.81785169192503,67.63570338385006
40.27933796573001,80.55867593146002
93.94692844297707,187.89385688595414
7.477055541750199,14.954111083500399
44.57135384360937,89.14270768721875
60.38141161780872,120.76282323561745
11.556726305799693,23.113452611599385
84.60904863021213,169.21809726042426
31.375122548274494,62.75024509654899
52.11613213232093,104.23226426464186
1.4680916469820504,2.936183293964101
5.1366921707793445,10.273384341558689
33.86063973111098,67.72127946222196
32.25770123202961,64.51540246405922
66.98745788789512,133.97491577579024
89.02373932777996,178.04747865555993
85.94366933157411,171.88733866314823
38.71388052083306,77.42776104166612
99.81119353265103,199.62238706530206
84.18511068911397,168.37022137822794
48.500347106134825,97.00069421226965
67.98456327314574,135.96912654629148
52.02651120269584,104.05302240539169
74.95917517913752,149.91835035827503
34.617991225822294,69.23598245164459
66.9239155727868,133.8478311455736
77.45570973011972,154.91141946023944
22.326518263544315,44.65303652708863
55.29102795275173,110.58205590550347
93.34888660874296,186.69777321748592
12.893217420916937,25.786434841833874
34.71685494455967,69.43370988911934
66.35679662141037,132.71359324282074
36.300030914176,72.600061828352
57.027446858300635,114.05489371660127
17.265245379424023,34.530490758848046
80.43362632648888,160.86725265297775
1.7687011905418437,3.5374023810836874
41.5326292801901,83.0652585603802
94.17641709323352,188.35283418646705
77.61062976177591,155.22125952355182
67.63730456977733,135.27460913955466
74.56199623965071,149.12399247930142
47.45791262652087,94.91582525304175
10.826394782788784,21.652789565577567
53.31078912440227,106.62157824880454
30.47310285242476,60.94620570484952
70.73474296953167,141.46948593906333
16.252461992361223,32.504923984722446
22.124362144355203,44.248724288710406
12.92932374006992,25.85864748013984
51.602935195448396,103.20587039089679
16.65350680330603,33.30701360661206
55.02956630893987,110.05913261787974
63.60107057162789,127.20214114325579
57.51206790905171,115.02413581810342
13.970020953377615,27.94004190675523
82.14646139442867,164.29292278885734
7.794685443590699,15.589370887181397
32.83086066245933,65.66172132491866
73.13437293936418,146.26874587872837
38.91939824974522,77.83879649949044
80.01286832721128,160.02573665442256
66.95373337198423,133.90746674396846
4.393441363630646,8.786882727261291
6.36345066392291,12.72690132784582
10.818927903369035,21.63785580673807
86.85266156651514,173.70532313303028
31.171581237592328,62.343162475184656
94.58905790371645,189.1781158074329
37.66762510871586,75.33525021743172
73.64130286779938,147.28260573559876
37.09103502845432,74.18207005690864
12.303926325461212,24.607852650922425
77.00214856159211,154.00429712318422
0.6836452820115357,1.3672905640230715
28.26297330484657,56.52594660969314
15.39705794163706,30.79411588327412
70.82501462450675,141.6500292490135
26.49100431897272,52.98200863794544
92.07319600534296,184.14639201068593
79.20269319817875,158.4053863963575
95.09599389863351,190.19198779726702
30.349796953066786,60.69959390613357
93.49730754409664,186.99461508819329
83.63377825751242,167.26755651502484
13.695239424363425,27.39047884872685
75.05733111762581,150.11466223525161
64.31945259217298,128.63890518434596
57.79961086503017,115.59922173006034
94.30918474059479,188.61836948118957
31.078868731485265,62.15773746297053
75.3067360386159,150.6134720772318
16.47659388197099,32.95318776394198
85.92830327235737,171.85660654471474
94.22555049452998,188.45110098905997
63.49982212185258,126.99964424370516
28.949114151127585,57.89822830225517
56.216991987699835,112.43398397539967
86.52767153664668,173.05534307329336
41.27114649388013,82.54229298776026
39.098533213915424,78.19706642783085
81.72895286667115,163.4579057333423
42.22726723520641,84.45453447041282
16.2146886761673,32.4293773523346
18.822963208624,37.645926417248
92.62623103078029,185.25246206156058
82.81899319271923,165.63798638543847
51.08247079843091,102.16494159686182
53.45214809574949,106.90429619149899
77.81814131001875,155.6362826200375
24.366928040263915,48.73385608052783
67.45438364209487,134.90876728418974
22.54471026605227,45.08942053210454
34.78821369994297,69.57642739988594
35.089555576679075,70.17911115335815
98.20925767927717,196.41851535855434
40.777382819220556,81.55476563844111
95.49036149245184,190.98072298490368
2.4249990777911345,4.849998155582269
29.69667201213695,59.3933440242739
94.86439667469216,189.72879334938432
43.318782698685744,86.63756539737149
76.19076005942276,152.38152011884551
20.334664783283728,40.669329566567455
22.73816412050591,45.47632824101182
96.66989055107018,193.33978110214036
44.22331416948747,88.44662833897495
29.703747318819694,59.40749463763939
18.728771665018197,37.457543330036394
42.1573110069704,84.3146220139408
8.569084013782735,17.13816802756547
11.503237364982532,23.006474729965063
60.5569941340527,121.1139882681054
63.77056986706506,127.54113973413013
27.65839253250979,55.31678506501958
29.65805789353024,59.31611578706048
66.55238460817064,133.10476921634128
3.291435137306853,6.582870274613706
90.40121128854067,180.80242257708133
49.70815425549837,99.41630851099674
36.060732826032584,72.12146565206517
85.41742134900022,170.83484269800044
12.569903850964149,25.139807701928298
98.36399078265373,196.72798156530746
12.425821168521189,24.851642337042378
64.33912746050653,128.67825492101306
12.446595162923678,24.893190325847357
75.1785482598899,150.3570965197798
33.06261927324613,66.12523854649226
49.90795751369974,99.81591502739948
62.27053094180744,124.54106188361489
59.77493076411308,119.54986152822616
40.80620768428807,81.61241536857614
77.58746552833549,155.17493105667097
45.77756353513387,91.55512707026774
82.25665231391453,164.51330462782906
48.9700798875803,97.9401597751606
26.7723479261884,53.5446958523768
73.76123879828597,147.52247759657195
57.709581037815546,115.41916207563109
46.247827486031724,92.49565497206345
29.366676362964974,58.73335272592995
67.21189448455664,134.42378896911328
60.74183388437855,121.4836677687571
39.00425240790787,78.00850481581574
60.48428492188026,120.96856984376052
78.08490773842792,156.16981547685583
99.59956749894371,199.19913499788743
16.15376865416678,32.30753730833356
46.42453288987555,92.8490657797511
84.62258265298375,169.2451653059675
19.984038115921308,39.968076231842616
34.869149463319374,69.73829892663875
80.49684118142582,160.99368236285164
91.21849176491999,182.43698352983998
13.91611383493152,27.83222766986304
76.3826318535681,152.7652637071362
65.26257860580739,130.52515721161478
80.14904377247346,160.29808754494692
87.82389176825723,175.64778353651445
79.80964806878671,159.61929613757343
41.07123470045333,82.14246940090666
35.25310695826145,70.5062139165229
35.01355886051017,70.02711772102035
57.35056962499123,114.70113924998246
89.48345523245601,178.96691046491202
81.13295900722055,162.2659180144411
68.27035824071561,136.54071648143122
71.52711050827145,143.0542210165429
69.74943645339194,139.49887290678387
60.971444268202546,121.94288853640509
97.11753229817367,194.23506459634734
15.133552021359975,30.26710404271995
96.48455063059896,192.96910126119792
70.8108855029564,141.6217710059128
86.71788679318567,173.43577358637134
79.97042976354851,159.94085952709702
95.12498709118648,190.24997418237297
33.922305882310965,67.84461176462193
92.78572409379409,185.57144818758817
11.033472369931797,22.066944739863594
47.43218656372332,94.86437312744664
38.09524898209335,76.1904979641867
66.24430595421839,132.48861190843678
70.33324974896735,140.6664994979347
51.36298251082432,102.72596502164863
16.068824476893482,32.137648953786965
57.518101137269205,115.03620227453841
55.60572631872871,111.21145263745743
69.15916050306828,138.31832100613656
40.93256691673227,81.86513383346454
40.43398739737303,80.86797479474606
46.49590187652643,92.99180375305286
97.90207143130758,195.80414286261515
4.746033079351419,9.492066158702839
77.06689771803548,154.13379543607095
16.134589414753453,32.269178829506906
90.29339074133127,180.58678148266253
64.58997736295748,129.17995472591497
23.68259109319584,47.36518218639168
76.34423717756572,152.68847435513143
69.99772237620485,139.9954447524097
15.066994547641709,30.133989095283418
30.532389394973425,61.06477878994685
72.75455648821097,145.50911297642193
89.67088593664971,179.34177187329942
75.03585253224065,150.0717050644813
93.54635012878548,187.09270025757095
85.86112870107357,171.72225740214714
60.78261089173016,121.56522178346032
21.840539362558697,43.681078725117395
18.85682238981039,37.71364477962078
53.313069314294545,106.62613862858909
21.899391659576096,43.79878331915219
57.055458036148735,114.11091607229747
10.678234038010526,21.356468076021052
4.5025575072240365,9.005115014448073
80.36453287823822,160.72906575647644
87.25722480469962,174.51444960939924
97.81715167557894,195.63430335115788
25.43548140579298,50.87096281158596
27.96751839280277,55.93503678560554
26.202120906848524,52.40424181369705
75.58358478613924,151.16716957227848
92.73449828556798,185.46899657113596
38.93380104555941,77.86760209111883
58.35469238321128,116.70938476642256
49.85947830579903,99.71895661159806
35.75289309411993,71.50578618823987
91.57839112475685,183.1567822495137
57.66790930215107,115.33581860430213
49.88200946120327,99.76401892240654
34.66366389471656,69.32732778943311
7.996995227108316,15.993990454216632
29.568671987339044,59.13734397467809
96.48261076752117,192.96522153504233
79.54375831628009,159.08751663256018
22.650879238186604,45.30175847637321
78.98055761055443,157.96111522110886
76.00574930984955,152.0114986196991
41.32750705379874,82.65501410759748
77.8611129831627,155.7222259663254
62.62255322321968,125.24510644643937
25.89205289772106,51.78410579544212
50.24222366485085,100.4844473297017
71.75960928371464,143.51921856742928
89.10593963402434,178.21187926804868
78.73522682326184,157.47045364652368
81.7914479898391,163.5828959796782
57.209121365028004,114.41824273005601
56.458480970921975,112.91696194184395
9.740603133085878,19.481206266171757
62.48327674932733,124.96655349865466
43.88028703909016,87.76057407818033
90.00698643489474,180.01397286978948
24.32443146575838,48.64886293151676
85.52691605443265,171.0538321088653
95.98146133899613,191.96292267799225
86.2033414889989,172.4066829779978
94.50800452069481,189.01600904138962
48.528934637630584,97.05786927526117
35.03643961636986,70.07287923273972
78.57805453467299,157.15610906934597
8.400875688830789,16.801751377661578
58.97264982354372,117.94529964708744
2.2018751901190403,4.403750380238081
36.40088447350479,72.80176894700958
92.53667766470807,185.07335532941613
89.37298430807309,178.74596861614617
82.3810806735793,164.7621613471586
98.59974361024373,197.19948722048747
18.3843443808973,36.7686887617946
2.0636125352000323,4.127225070400065
13.56770158518824,27.13540317037648
58.12676553356434,116.25353106712868
43.29093941805498,86.58187883610996
41.63817318643219,83.27634637286438
12.021813709942307,24.043627419884615
1.9894219075879516,3.978843815175903
34.806519356792286,69.61303871358457
33.5583213474817,67.1166426949634
14.671377258916108,29.342754517832216
44.12124285417699,88.24248570835398
24.720250963334067,49.440501926668134
20.63466437476651,41.26932874953302
5.096767010976766,10.193534021953532
58.79994937521569,117.59989875043138
5.798147593889058,11.596295187778116
59.46946437183942,118.93892874367884
1.1844834011297878,2.3689668022595756
98.41798787972269,196.83597575944538
72.50935394576857,145.01870789153713
6.566923298794625,13.13384659758925
6.591798554887374,13.183597109774748
18.948561477223148,37.897122954446296
10.860176343640038,21.720352687280077
24.664497930649752,49.328995861299504
24.557958848798833,49.115917697597666
60.07240043336157,120.14480086672314
13.507765750544065,27.01553150108813
0.27026147015722923,0.5405229403144585
52.01258695433568,104.02517390867136
18.795050793336454,37.59010158667291
55.356082460359936,110.71216492071987
80.90636023786635,161.8127204757327
15.952316581905324,31.904633163810647
27.778955638417745,55.55791127683549
61.97570746214858,123.95141492429715
42.96228258477199,85.92456516954398
83.93420858841692,167.86841717683384
9.424470577767053,18.848941155534106
72.81818146263451,145.63636292526903
91.65199297687171,183.30398595374342
80.41119213405875,160.8223842681175
27.808888040877434,55.61777608175487
78.38116855901467,156.76233711802934
79.281522060253,158.563044120506
21.216248379340573,42.43249675868115
26.41112051764427,52.82224103528854
55.98933928778952,111.97867857557904
54.83688813232705,109.6737762646541
2.710148454392869,5.420296908785738
66.48841964086866,132.9768392817373
16.764858004945882,33.529716009891764
3.347838552605731,6.695677105211462
50.98839258316988,101.97678516633977
0.5963061580206985,1.192612316041397
77.73190689452831,155.46381378905662
27.370086232307678,54.740172464615355
74.622098326466,149.244196652932
18.060341601429354,36.12068320285871
99.81859220324827,199.63718440649654
43.026832350754816,86.05366470150963
88.28875855122857,176.57751710245714
55.28852636221022,110.57705272442044
30.5776154943278,61.1552309886556
15.201749683777999,30.403499367555998
22.465737132456365,44.93147426491273
88.9663302392377,177.9326604784754
55.48127822015433,110.96255644030866
42.119099847576976,84.23819969515395
61.56709411566006,123.13418823132012
72.029405497996,144.058810995992
30.280146942448503,60.56029388489701
56.05546850749451,112.11093701498902
22.57965298776763,45.15930597553526
47.484025916510475,94.96805183302095
25.907681313496667,51.815362626993334
55.618411471087434,111.23682294217487
80.31589579168988,160.63179158337977
88.96797770407429,177.93595540814857
43.49912042595266,86.99824085190532
47.0272949979478,94.0545899958956
46.82571132782306,93.65142265564612
40.17270910026096,80.34541820052192
21.632444162310204,43.26488832462041
19.2735555723221,38.5471111446442
31.78175574457649,63.56351148915298
60.476975367601085,120.95395073520217
71.23943656310382,142.47887312620765
71.8438713592126,143.6877427184252
88.64434031303969,177.28868062607938
68.24775032762832,136.49550065525665
64.26075288073832,128.52150576147665
11.973647004471221,23.947294008942443
56.25972555927594,112.51945111855188
20.528007761179047,41.056015522358095
42.67680631860976,85.35361263721953
55.281070611744674,110.56214122348935
95.91029314876577,191.82058629753155
98.50641790385336,197.01283580770672
57.61565789809928,115.23131579619856
38.20546399646306,76.41092799292612
75.20423861894308,150.40847723788616
34.243963056171,68.487926112342
72.67783813646255,145.3556762729251
47.9395758094533,95.8791516189066
5.238280864846912,10.476561729693824
99.65569362667733,199.31138725335467
91.25393658598753,182.50787317197506
83.10572574751724,166.21145149503448
12.004248470203338,24.008496940406676
1.6318130727936309,3.2636261455872617
95.42331084659398,190.84662169318796
64.76844532359293,129.53689064718586
45.768355166269856,91.53671033253971
3.509009018593856,7.018018037187712
7.0724134890647665,14.144826978129533
94.3422914579478,188.6845829158956
93.97048875656463,187.94097751312927
20.626864157721336,41.25372831544267
93.10761822334658,186.21523644669315
44.024175367281046,88.04835073456209
2.046070053721971,4.092140107443942
67.74821359004264,135.49642718008528
2.138887254853994,4.277774509707988
54.76624888056156,109.53249776112312
86.9221924158095,173.844384831619
88.43475362916158,176.86950725832315
45.906068277329084,91.81213655465817
20.63316960977446,41.26633921954892
95.65917190399375,191.3183438079875
62.70639053353615,125.4127810670723
4.76211431859358,9.52422863718716
29.39310257677905,58.7862051535581
23.05293613049416,46.10587226098832
59.163615023720816,118.32723004744163
62.05830392350968,124.11660784701937
67.17748502886361,134.35497005772723
88.30818639908809,176.61637279817617
49.942333552326176,99.88466710465235
89.96718346530538,179.93436693061076
71.32020118145988,142.64040236291976
2.869117165550672,5.738234331101344
50.889820928522745,101.77964185704549
69.90320192251542,139.80640384503084
77.38290309655969,154.76580619311937
86.25264081339338,172.50528162678677
66.98394631129011,133.96789262258022
3.988467010648089,7.976934021296178
75.15887782710686,150.31775565421373
44.515790780954234,89.03158156190847
7.2060861221624695,14.412172244324939
5.866730201697711,11.733460403395423
38.21788517410991,76.43577034821982
38.78964544853262,77.57929089706523
64.76428072043126,129.52856144086252
26.97002448342759,53.94004896685518
94.90181355359998,189.80362710719996
7.7199824153463386,15.439964830692677
80.82190165045543,161.64380330091086
98.26947976857103,196.53895953714206
31.143280755347813,62.28656151069563
33.9233303163776,67.8466606327552
42.31998712437266,84.63997424874532
11.361764146089847,22.723528292179694
84.82186175649773,169.64372351299545
30.055332125786606,60.11066425157321
41.819399103088514,83.63879820617703
60.556461696250295,121.11292339250059
42.99322112971669,85.98644225943337
59.74258279509953,119.48516559019906
76.90858797817509,153.81717595635018
76.49843026991712,152.99686053983424
7.182954260400287,14.365908520800573
73.06640520293976,146.13281040587952
23.79289037295379,47.58578074590758
67.5194269284708,135.0388538569416
97.11624429623845,194.2324885924769
45.41952367610745,90.8390473522149
58.73290261807739,117.46580523615478
19.15635699364828,38.31271398729656
56.048432794057724,112.09686558811545
51.53144064899662,103.06288129799324
9.988076849586758,19.976153699173516
78.69418477856229,157.38836955712458
65.52135129384924,131.04270258769847
62.83053324828516,125.66106649657031
10.183160937086999,20.366321874173998
35.317102741038255,70.63420548207651
18.833960938993176,37.66792187798635
68.70532403169787,137.41064806339574
19.313175714509967,38.626351429019934
22.098936012411784,44.19787202482357
58.22937938890138,116.45875877780276
63.451004599574844,126.90200919914969
3.9309405218143523,7.8618810436287045
1.667578740705744,3.335157481411488
90.73294639961364,181.46589279922728
43.0798777649131,86.1597555298262
16.85116153718502,33.70232307437004
97.96429378760571,195.92858757521142
46.45183900992408,92.90367801984816
19.367031255212652,38.734062510425304
35.836750583896595,71.67350116779319
55.22090821926247,110.44181643852494
20.31214254246061,40.62428508492122
72.82983577094514,145.65967154189028
60.35355295018323,120.70710590036646
59.134489757193684,118.26897951438737
33.115847239908405,66.23169447981681
8.232372988202608,16.464745976405215
51.360690709876465,102.72138141975293
20.25919151787451,40.51838303574902
46.524980507331314,93.04996101466263
91.60966662693832,183.21933325387664
18.779882715641925,37.55976543128385
71.39669884439222,142.79339768878444
49.779073162841414,99.55814632568283
89.70365303345656,179.40730606691312
53.728030645732915,107.45606129146583
45.99519622133733,91.99039244267466
67.88401823138693,135.76803646277386
16.748111942546473,33.496223885092945
13.187098189675961,26.374196379351922
46.987961841700134,93.97592368340027
22.570377355260398,45.140754710520795
28.369899456132018,56.739798912264035
13.815429686154745,27.63085937230949
0.44208852558683676,0.8841770511736735
71.67357388137364,143.34714776274728
48.3987470762114,96.7974941524228
69.99797320052143,139.99594640104286
27.274223936252405,54.54844787250481
31.417932218041898,62.835864436083796
53.23050991918237,106.46101983836473
85.43159228965685,170.8631845793137
12.215425336231222,24.430850672462444
54.019999183631676,108.03999836726335
47.38328561357134,94.76657122714268
98.30522634138293,196.61045268276587
78.40088674198043,156.80177348396086
31.11944595373991,62.23889190747982
88.97414729115437,177.94829458230873
69.32608023950326,138.6521604790065
30.41756082824548,60.83512165649096
9.621877539930502,19.243755079861003
71.0766241768256,142.1532483536512
37.57722858186393,75.15445716372786
89.5970730165571,179.1941460331142
14.78683621416218,29.57367242832436
54.24277742829962,108.48555485659924
69.05581256458035,138.1116251291607
25.25783019302047,50.51566038604094
74.61585934182867,149.23171868365733
24.035978766527112,48.071957533054224
13.483890293736811,26.967780587473623
95.92321219949976,191.84642439899952
50.00027814110355,100.0005562822071
19.65901948027676,39.31803896055352
78.62287269068815,157.2457453813763
24.757935792165775,49.51587158433155
57.65481561133791,115.30963122267582
89.3884529212649,178.7769058425298
24.49083919873062,48.98167839746124
0.3340700154303322,0.6681400308606644
79.86368587196121,159.72737174392242
7.407189670009318,14.814379340018636
83.22616792580291,166.45233585160582
44.84235891397106,89.68471782794212
76.4222710551317,152.8445421102634
92.13566400789907,184.27132801579813
6.497220205555276,12.994440411110553
5.294698909023154,10.589397818046308
62.609145216579876,125.21829043315975
47.173355001682715,94.34671000336543
60.81182931937046,121.62365863874092
29.222361709387425,58.44472341877485
74.93334215988625,149.8666843197725
30.71903084226353,61.43806168452706
32.87804213596951,65.75608427193902
82.0833375531333,164.1666751062666
67.85383784097337,135.70767568194674
38.24281790705842,76.48563581411685
91.2094389596413,182.4188779192826
96.99250307986954,193.98500615973907
68.77657517475994,137.55315034951988
75.65701610151926,151.31403220303852
44.06522427351217,88.13044854702434
24.572616505147195,49.14523301029439
30.143854889598153,60.287709779196305
27.022895865218842,54.045791730437685
15.328518795636692,30.657037591273383
96.61108202212945,193.2221640442589
66.94575617684922,133.89151235369843
12.587274132691018,25.174548265382036
33.38550992688462,66.77101985376925
15.879185270707264,31.75837054141453
1.3215074831565699,2.6430149663131397
18.444657351514216,36.88931470302843
46.43212567845201,92.86425135690402
25.27270307173408,50.54540614346816
20.01036554412916,40.02073108825832
65.46209487897924,130.9241897579585
24.05706972368189,48.11413944736378
74.9423903326316,149.8847806652632
39.026156071505646,78.05231214301129
76.45534033710922,152.91068067421844
82.81090331273022,165.62180662546044
78.97085245444006,157.94170490888013
58.62846078960175,117.2569215792035
14.168035783262134,28.336071566524268
89.40804101137135,178.8160820227427
83.64422403667466,167.28844807334931
35.4649933984993,70.9299867969986
17.56677684656671,35.13355369313342
53.30774030980599,106.61548061961199
90.29682116130009,180.59364232260018
52.673472220682825,105.34694444136565
94.85756531791968,189.71513063583936
63.348101141203585,126.69620228240717
54.94624833965675,109.8924966793135
58.93193463067213,117.86386926134426
77.02378189988653,154.04756379977306
68.33228239280085,136.6645647856017
60.31114264584776,120.62228529169552
55.40658690357414,110.81317380714827
5.5130961165144825,11.026192233028965
16.397478566393197,32.794957132786394
65.32023726734172,130.64047453468345
41.864757121129074,83.72951424225815
51.26301498153995,102.5260299630799
5.918448170086188,11.836896340172377
99.32748639094902,198.65497278189804
67.08314633760281,134.16629267520563
54.43585114293272,108.87170228586544
64.63340344454342,129.26680688908684
63.196223444927135,126.39244688985427
2.39822610209135,4.7964522041827
16.25428485825642,32.50856971651284
29.09954548025534,58.19909096051068
28.494476274778656,56.98895254955731
3.7508536235514645,7.501707247102929
1.2835065922699007,2.5670131845398014
32.742816508910344,65.48563301782069
37.719153921647596,75.43830784329519
12.768364558621759,25.536729117243517
35.958050255458765,71.91610051091753
63.98131339275841,127.96262678551682
74.15688496063333,148.31376992126667
18.74184512636454,37.48369025272908
26.462912276420237,52.925824552840474
19.942082350932,39.884164701864
69.22662410057588,138.45324820115175
34.21966052439834,68.43932104879669
0.6162953407716443,1.2325906815432885
27.20798452006301,54.41596904012602
60.388967031920615,120.77793406384123
96.30011142767725,192.6002228553545
37.92308523271175,75.8461704654235
94.40596732006033,188.81193464012065
82.05748694716004,164.1149738943201
56.83851533768012,113.67703067536024
35.16586105541574,70.33172211083148
6.334483681839986,12.668967363679972
69.78495396709013,139.56990793418026
81.44342159824895,162.8868431964979
43.18475288036968,86.36950576073936
38.66405995852487,77.32811991704973
97.75491400058492,195.50982800116984
2.8537687615815877,5.707537523163175
4.2511133136517,8.5022266273034
5.294166410313494,10.588332820626988
37.99266823555298,75.98533647110597
82.52245765936203,165.04491531872407
7.165779378345705,14.33155875669141
83.51599266064238,167.03198532128476
2.5562500452195436,5.112500090439087
18.27656626270703,36.55313252541406
95.85124251421519,191.70248502843037
97.87922341987783,195.75844683975566
60.78624247117313,121.57248494234626
37.93508304937537,75.87016609875074
18.154185199039652,36.308370398079305
52.28757259810496,104.57514519620992
58.731602703875005,117.46320540775001
19.422354916643858,38.844709833287716
28.00872293506239,56.01744587012478
81.91795329941671,163.83590659883342
39.06654943758375,78.1330988751675
54.25996796393271,108.51993592786542
92.27632783199766,184.55265566399532
99.81609118405126,199.63218236810252
47.89384868738482,95.78769737476964
96.25961791500029,192.51923583000058
41.6774073785288,83.3548147570576
98.94079188601793,197.88158377203587
62.00010708569661,124.00021417139322
82.49078026077251,164.98156052154502
24.051404670595822,48.102809341191644
52.42446581292306,104.84893162584612
0.679153485980688,1.358306971961376
7.2274006329377976,14.454801265875595
1.231862973193032,2.463725946386064
73.95434066808527,147.90868133617053
48.612982381641054,97.22596476328211
76.08836268320519,152.17672536641038
28.072532007101238,56.145064014202475
21.10523870151706,42.21047740303412
1.6085491315570577,3.2170982631141154
35.16026400838522,70.32052801677044
66.64763859405167,133.29527718810334
48.01247591993681,96.02495183987362
94.9021593380888,189.8043186761776
14.803658285325538,29.607316570651076
39.94289400934521,79.88578801869042
11.616090921750944,23.232181843501888
13.817750923815208,27.635501847630415
40.70901225691973,81.41802451383946
84.53118938620653,169.06237877241307
99.28622207139584,198.57244414279168
95.59183535201412,191.18367070402823
8.245333007433109,16.490666014866218
28.152219977126435,56.30443995425287
33.511153036591054,67.02230607318211
42.670516072507866,85.34103214501573
68.88826447666823,137.77652895333645
50.000560476070774,100.00112095214155
68.48862090614575,136.9772418122915
99.79527967292398,199.59055934584796
28.870674440614653,57.74134888122931
9.854644433153803,19.709288866307606
41.137292739928334,82.27458547985667
1.1236479847763992,2.2472959695527983
41.4445342742158,82.8890685484316
68.76958043906497,137.53916087812993
2.7134765108894565,5.426953021778913
97.42972831337313,194.85945662674627
0.10834195410277525,0.2166839082055505
70.10601199394495,140.2120239878899
97.27080286181484,194.5416057236297
70.68011157118079,141.36022314236158
90.73824931812314,181.47649863624628
44.1594394193782,88.3188788387564
81.76532034941889,163.53064069883777
76.58035794337226,153.16071588674453
22.886541664712688,45.773083329425376
66.01975079291691,132.03950158583382
60.43184410673056,120.86368821346112
71.44520668959127,142.89041337918255
61.60672689033792,123.21345378067583
91.97152200918846,183.94304401837692
71.66357244940873,143.32714489881747
24.849675065505007,49.699350131010014
70.4133059531496,140.8266119062992
62.96794651435443,125.93589302870886
22.765364409663547,45.530728819327095
43.391998590756664,86.78399718151333
51.758713116405886,103.51742623281177
35.380368946866426,70.76073789373285
41.90260350418124,83.80520700836249
59.47705428686274,118.95410857372548
19.681696035792452,39.363392071584904
14.111984368992792,28.223968737985583
60.37373865335518,120.74747730671037
80.43743249992943,160.87486499985886
87.24709370085371,174.49418740170742
80.48142138100121,160.96284276200242
97.68587957245714,195.37175914491428
34.40018305220421,68.80036610440843
26.279651410892356,52.55930282178471
88.86877765564365,177.7375553112873
58.925944899937086,117.85188979987417
6.587838177815186,13.175676355630372
80.76875764653876,161.53751529307752
2.198358857982863,4.396717715965726
30.897709511108783,61.795419022217565
44.182113886678465,88.36422777335693
76.78696763165222,153.57393526330443
93.7262162198244,187.4524324396488
18.146031841531894,36.29206368306379
95.68194268711994,191.36388537423989
93.05568705409468,186.11137410818935
20.762861484177265,41.52572296835453
49.14339131828309,98.28678263656619
36.13810250953373,72.27620501906746
54.606996409536954,109.21399281907391
63.15870903184917,126.31741806369834
50.51427035079627,101.02854070159253
96.7032793044293,193.4065586088586
34.367755568558266,68.73551113711653
23.053027294202998,46.106054588405996
14.824688725578461,29.649377451156923
71.56871364283496,143.13742728566993
54.06551767588728,108.13103535177456
92.78214728972968,185.56429457945936
6.612527716315864,13.225055432631727
39.101793219373306,78.20358643874661
0.7564908397301173,1.5129816794602347
46.26260586978458,92.52521173956916
21.35524608338042,42.71049216676084
34.6715452002487,69.3430904004974
30.06926379316992,60.13852758633984
78.22294279349023,156.44588558698047
19.113237886874746,38.22647577374949
11.512437841607637,23.024875683215274
29.27023820251643,58.54047640503286
47.86275132305181,95.72550264610362
98.8897423395974,197.7794846791948
69.44411315594566,138.88822631189132
96.07843708512826,192.15687417025651
55.89798324373605,111.7959664874721
1.616227417001248,3.232454834002496
41.28310458648148,82.56620917296296
72.36483422475443,144.72966844950886
54.38651655082582,108.77303310165163
10.114099403237176,20.228198806474353
96.17980885148442,192.35961770296885
82.69868668866258,165.39737337732515
63.654410268051706,127.30882053610341
52.94515570210032,105.89031140420065
75.10697330022963,150.21394660045925
88.74455687006201,177.48911374012403
21.61111621238191,43.22223242476382
70.36377132485052,140.72754264970104
52.66664192286514,105.33328384573028
26.800128438944725,53.60025687788945
0.9871586658027232,1.9743173316054463
42.942301848063856,85.88460369612771
62.92726429036989,125.85452858073978
91.94091635773192,183.88183271546384
1.3764270664203049,2.7528541328406098
94.08107490786341,188.16214981572682
66.05287867356886,132.1057573471377
56.5006686414206,113.0013372828412
73.2337385164877,146.4674770329754
49.00484652774518,98.00969305549036
58.46256761931249,116.92513523862497
31.709125279758688,63.418250559517375
80.72826071106267,161.45652142212535
11.619091236702195,23.23818247340439
70.24128550671325,140.4825710134265
59.9773237667089,119.9546475334178
30.97965514948551,61.95931029897102
7.3572392016507004,14.714478403301401
56.65241674490302,113.30483348980604
78.26159008397423,156.52318016794845
29.246457391410907,58.49291478282181
8.690719031352767,17.381438062705534
65.86842924654418,131.73685849308836
98.24740581493363,196.49481162986726
34.334485604558665,68.66897120911733
95.32699133714141,190.65398267428282
32.6694794683339,65.3389589366678
8.620292782313266,17.24058556462653
56.82169097062513,113.64338194125025
82.85699223566426,165.71398447132853
16.63958120603628,33.27916241207256
43.75596316073618,87.51192632147236
80.22779045293855,160.4555809058771
80.4614021915296,160.9228043830592
4.822962670688902,9.645925341377804
43.160445819140726,86.32089163828145
80.06706229991073,160.13412459982146
9.574414396501652,19.148828793003304
61.513533937232545,123.02706787446509
71.2660789587086,142.5321579174172
51.24417957363402,102.48835914726804
21.405344544714122,42.810689089428244
0.5475347285656795,1.095069457131359
94.6318918712281,189.2637837424562
69.02657525199425,138.0531505039885
9.361375635650028,18.722751271300055
93.45596851045315,186.9119370209063
73.34018250750238,146.68036501500475
41.15000262092886,82.30000524185772
40.71926817007863,81.43853634015726
35.02488379218435,70.0497675843687
58.07294408658256,116.14588817316512
76.41680644122563,152.83361288245126
94.53420827256814,189.06841654513627
24.124796799050863,48.249593598101725
90.65956993030163,181.31913986060326
13.149654387128196,26.299308774256392
12.321948964845097,24.643897929690194
93.25135524195395,186.5027104839079
85.56872889892998,171.13745779785995
75.15664148443214,150.31328296886429
51.12926403174918,102.25852806349836
80.75715803029533,161.51431606059066
48.72482836265923,97.44965672531846
32.837246603435396,65.67449320687079
41.59299139688877,83.18598279377754
48.511328511719654,97.02265702343931
53.072298289733034,106.14459657946607
30.59406848810302,61.18813697620604
11.038585305265014,22.07717061053003
12.703766750039748,25.407533500079495
12.140810219576858,24.281620439153716
62.66881215891761,125.33762431783522
88.48216692261872,176.96433384523743
59.70238689890639,119.40477379781278
96.87903764657145,193.7580752931429
62.713553842604696,125.42710768520939
80.11830702233013,160.23661404466026
56.37751571281835,112.7550314256367
7.014059158144759,14.028118316289518
6.111407458771367,12.222814917542735
35.16907868153909,70.33815736307818
37.68586580606076,75.37173161212152
26.651874870032987,53.303749740065975
60.50941399681431,121.01882799362862
86.86098075693911,173.72196151387823
67.76310564570697,135.52621129141394
57.60496543123198,115.20993086246396
44.46442940270872,88.92885880541743
48.3765777687457,96.7531555374914
38.17171293561712,76.34342587123425
26.372245921998793,52.74449184399759
90.60597027010921,181.21194054021842
74.12946757369355,148.2589351473871
68.2302955300221,136.4605910600442
17.43076789967162,34.86153579934324
46.9526381074201,93.9052762148402
1.691623325761582,3.383246651523164
72.60436894582828,145.20873789165657
79.7554694435044,159.5109388870088
41.505725230660296,83.01145046132059
0.891190761699101,1.782381523398202
51.162775567912924,102.32555113582585
42.365966905315986,84.73193381063197
96.90566991654242,193.81133983308484
43.339767000361476,86.67953400072295
80.73756385007042,161.47512770014083
36.01884069382386,72.03768138764772
69.23814584307503,138.47629168615006
96.75122081855399,193.50244163710798
75.85312691343566,151.70625382687132
72.94838908416531,145.89677816833063
72.76005246878435,145.5201049375687
87.37321543157155,174.7464308631431
58.01909121556257,116.03818243112514
85.9256991060671,171.8513982121342
56.11350219815506,112.22700439631012
48.766686669703816,97.53337333940763
3.8844594937469057,7.768918987493811
22.776328699646687,45.55265739929337
4.866530345891329,9.733060691782658
92.82692146277131,185.65384292554262
26.14130567032764,52.28261134065528
1.4012877632034515,2.802575526406903
82.00183252904255,164.0036650580851
70.93874155741246,141.8774831148249
28.07105592221879,56.14211184443758
47.684248798681075,95.36849759736215
18.218459775561747,36.436919551123495
9.401288633686411,18.802577267372822
9.775967254739848,19.551934509479697
81.59144856613162,163.18289713226324
29.88310506762666,59.76621013525332
95.09065531898334,190.18131063796667
77.38429038412555,154.7685807682511
20.139690593300873,40.279381186601746
50.87315480320772,101.74630960641544
56.19484321264772,112.38968642529544
33.42751533100235,66.8550306620047
76.88594229365218,153.77188458730436
19.624326611696176,39.24865322339235
62.0354930571629,124.0709861143258
49.03860012376112,98.07720024752224
53.34460848533753,106.68921697067506
59.53490588937701,119.06981177875402
29.18984874312126,58.37969748624252
0.26026517098323154,0.5205303419664631
89.7418429403954,179.4836858807908
55.08296289312757,110.16592578625514
69.81508371689489,139.63016743378978
82.4250307878723,164.8500615757446
70.96452186878301,141.92904373756602
46.03308776563166,92.06617553126333
5.952393376544296,11.904786753088592
88.03957350806364,176.07914701612728
74.65280625948542,149.30561251897083
13.831367462433953,27.662734924867905
81.16730583114065,162.3346116622813
8.089296163622528,16.178592327245056
23.638923015737532,47.277846031475065
33.71754468294997,67.43508936589994
78.39189004021763,156.78378008043526
70.55484928987053,141.10969857974106
93.56511240972132,187.13022481944265
94.98325200977862,189.96650401955725
8.084293034024059,16.168586068048118
21.562851884524846,43.12570376904969
25.045912214646716,50.09182442929343
29.41751085408566,58.83502170817132
17.817004820997106,35.63400964199421
92.26324039159675,184.5264807831935
96.07887055691697,192.15774111383394
87.43233178547386,174.86466357094773
6.618501656557307,13.237003313114615
7.256609489059496,14.513218978118992
43.538299385747045,87.07659877149409
24.90433570205567,49.80867140411134
35.97374371765738,71.94748743531476
82.93213811058045,165.8642762211609
91.37206786649203,182.74413573298406
86.7816908898001,173.5633817796002
93.10350390316967,186.20700780633933
83.68224326017864,167.36448652035727
46.535808387125755,93.07161677425151
51.931214512888765,103.86242902577753
73.46923421272979,146.93846842545958
36.358568008208344,72.71713601641669
26.511705005305096,53.02341001061019
69.14975638807049,138.29951277614097
72.8593131854313,145.7186263708626
43.22243133198111,86.44486266396223
77.77166418663161,155.54332837326322
9.341891621200048,18.683783242400096
2.400693407605037,4.801386815210074
25.468465332339317,50.936930664678634
28.940915182637937,57.881830365275874
57.50915185962944,115.01830371925888
86.38124177880204,172.76248355760407
5.782848751460612,11.565697502921225
60.396057495242204,120.79211499048441
57.72317151564824,115.44634303129648
59.946804189652056,119.89360837930411
61.18722124344208,122.37444248688416
10.801896828584368,21.603793657168737
53.11311003535671,106.22622007071342
58.04585768600342,116.09171537200685
38.748730526123595,77.49746105224719
27.224020860008324,54.44804172001665
35.56306826187476,71.12613652374952
53.282948366958806,106.56589673391761
49.050461590115546,98.10092318023109
6.870013566608835,13.74002713321767
65.91676328295041,131.83352656590083
96.46234982873041,192.92469965746082
81.46210714796773,162.92421429593546
9.482292056972675,18.96458411394535
74.35893358754039,148.71786717508078
10.340214342965359,20.680428685930718
12.00542946331712,24.01085892663424
77.91402297108452,155.82804594216904
33.034533388326906,66.06906677665381
67.75433560488511,135.50867120977023
60.58742871377416,121.17485742754832
93.42526323969425,186.8505264793885
99.87514556303492,199.75029112606984
39.702175267178866,79.40435053435773
17.751686645600483,35.503373291200965
81.22458578051832,162.44917156103665
26.468598926934373,52.937197853868746
1.7872566081773344,3.574513216354669
28.168493147393804,56.33698629478761
34.43092902686059,68.86185805372118
78.23131173651592,156.46262347303184
0.21887832945117758,0.43775665890235516
94.23001971212759,188.46003942425517
17.63718758240692,35.27437516481384
41.70348557410608,83.40697114821216
63.6031907931511,127.2063815863022
7.259726622567053,14.519453245134105
26.705127154562035,53.41025430912407
78.78535953774706,157.5707190754941
90.71499736970586,181.4299947394117
83.09367014938499,166.18734029876998
38.5660271304313,77.1320542608626
89.8020120049916,179.6040240099832
66.74286203897017,133.48572407794035
11.805618161131903,23.611236322263807
76.29538078431288,152.59076156862577
3.3259805007539334,6.651961001507867
51.96668509958335,103.9333701991667
33.95781422977733,67.91562845955465
97.33100727133655,194.6620145426731
16.96122744872518,33.92245489745036
26.46791729587161,52.93583459174322
67.62414331995342,135.24828663990684
24.28896295549069,48.57792591098138
57.07003325074871,114.14006650149742
28.479059320389275,56.95811864077855
97.60563961529016,195.21127923058032
45.89204728137267,91.78409456274534
35.76235293298301,71.52470586596603
50.06254417955627,100.12508835911254
14.607684994942439,29.215369989884877
42.75332422605687,85.50664845211374
8.612094383157709,17.224188766315418
34.15285557775386,68.30571115550772
18.148145515695845,36.29629103139169
55.501293317269464,111.00258663453893
77.90254418469826,155.80508836939651
45.67496364578418,91.34992729156836
91.73684757308766,183.47369514617532
4.6708398748461,9.3416797496922
59.28919476030554,118.57838952061108
13.023761287172519,26.047522574345038
92.36557152346639,184.73114304693277
94.2752557224483,188.5505114448966
36.161957692427805,72.32391538485561
11.995928928745425,23.99185785749085
13.67339113508983,27.34678227017966
96.10354097749733,192.20708195499466
52.39886448127956,104.79772896255912
57.944547211544574,115.88909442308915
13.805931730193999,27.611863460387998
27.87850448461182,55.75700896922364
66.8969275064993,133.7938550129986
56.31129868030019,112.62259736060038
31.36697869665166,62.73395739330332
21.31487475906767,42.62974951813534
91.62561187574863,183.25122375149726
90.55591669432197,181.11183338864393
76.34148046686224,152.68296093372447
61.40916687331458,122.81833374662916
23.90811230467651,47.81622460935302
48.0274417003827,96.0548834007654
0.05137985351746366,0.10275970703492732
94.03342317405841,188.06684634811683
67.85542285243852,135.71084570487704
57.01526802984533,114.03053605969066
84.38916530669212,168.77833061338424
71.80402378611649,143.60804757223298
18.80144664733746,37.60289329467492
88.10371041026418,176.20742082052837
33.90920649689158,67.81841299378316
31.05961180604505,62.1192236120901
95.9557888234889,191.9115776469778
58.250051322931654,116.50010264586331
40.795203806273605,81.59040761254721
5.823826418094836,11.647652836189671
9.304160828599517,18.608321657199035
12.102268606709842,24.204537213419684
96.2953353310694,192.5906706621388
12.71020046824578,25.42040093649156
45.9833151157803,91.9666302315606
66.6234913095744,133.2469826191488
20.80118931601764,41.60237863203528
19.306397433290922,38.612794866581844
56.0984030342062,112.1968060684124
68.54569332190081,137.09138664380163
13.116256993449904,26.232513986899807
8.468837800868378,16.937675601736757
69.06689018541104,138.13378037082208
2.0534970334044944,4.106994066808989
84.93301776264921,169.86603552529843
4.526882460131965,9.05376492026393
43.6767619230808,87.3535238461616
80.45051330820739,160.90102661641478
13.528479007168603,27.056958014337205
29.67881096427246,59.35762192854492
48.0138988019236,96.0277976038472
96.86168446245433,193.72336892490867
45.55847916463167,91.11695832926334
83.35473982103997,166.70947964207994
43.04913698687148,86.09827397374296
32.34350094819236,64.68700189638471
92.70191177430974,185.40382354861947
25.928586610602466,51.85717322120493
31.028750746766697,62.057501493533394
82.78309965391763,165.56619930783526
78.27021769362163,156.54043538724326
64.52121490669268,129.04242981338535
59.19613191981151,118.39226383962303
45.621297571312994,91.24259514262599
67.46779246939982,134.93558493879965
58.31860224453212,116.63720448906425
10.454969221918287,20.909938443836573
54.41017334062017,108.82034668124034
34.596045125267196,69.19209025053439
91.4982964482435,182.996592896487
33.372368234313164,66.74473646862633
75.25425188727476,150.50850377454952
83.8020151086556,167.6040302173112
60.51354169784664,121.02708339569328
61.9484257586004,123.8968515172008
19.49484133620111,38.98968267240222
8.807378360310791,17.614756720621582
83.11532707602348,166.23065415204695
69.59504337860693,139.19008675721386
52.85028982668527,105.70057965337054
40.7448117472799,81.4896234945598
20.0294898202956,40.0589796405912
61.96489469222682,123.92978938445364
41.798921310643735,83.59784262128747
56.85735513597688,113.71471027195376
21.093487954432998,42.186975908865996
55.35740725223548,110.71481450447097
22.360864837657314,44.72172967531463
23.830881739049637,47.661763478099274
93.40380102444948,186.80760204889896
9.533884276405525,19.06776855281105
39.69347922975209,79.38695845950419
85.6355523038365,171.271104607673
69.72984220047276,139.45968440094552
22.019422332194736,44.03884466438947
81.65610331667763,163.31220663335526
25.441755173235247,50.883510346470494
15.988600531333452,31.977201062666904
38.605578043577424,77.21115608715485
23.761327824051538,47.522655648103076
99.2408249001153,198.4816498002306
0.0229548503839605,0.045909700767921
8.879321002151519,17.758642004303038
31.119489951507052,62.238979903014105
84.48928071112266,168.97856142224532
84.40150315844076,168.80300631688152
47.2005362505017,94.4010725010034
59.761731657002926,119.52346331400585
27.39184662606766,54.78369325213532
60.268996197900094,120.53799239580019
84.60319522276717,169.20639044553434
85.09717919120452,170.19435838240904
79.27916665942486,158.55833331884972
51.05384061803107,102.10768123606213
25.03124207700793,50.06248415401586
58.83898114183733,117.67796228367466
24.518734379777552,49.037468759555104
68.14397060308092,136.28794120616183
88.42478169474767,176.84956338949533
84.45331857668275,168.9066371533655
63.92411266289771,127.84822532579543
59.12307661831302,118.24615323662604
29.371658807805257,58.743317615610515
96.15072927092343,192.30145854184687
81.16440187151042,162.32880374302084
85.98791117872146,171.97582235744292
55.83880026010778,111.67760052021556
70.65531783684513,141.31063567369026
99.97058537999243,199.94117075998486
41.04698920558184,82.09397841116368
0.573223145911006,1.146446291822012
22.669739630111717,45.339479260223435
90.33634956533638,180.67269913067275
81.59307112527713,163.18614225055427
45.26796688427772,90.53593376855544
62.62303398830355,125.2460679766071
64.10828846102298,128.21657692204596
97.03616207386855,194.0723241477371
42.70523907422101,85.41047814844202
44.37281597349154,88.74563194698308
40.84355115162204,81.68710230324407
9.33957954638175,18.6791590927635
99.95765000416203,199.91530000832407
48.25499631148305,96.5099926229661
6.598557821782403,13.197115643564805
80.71919099982682,161.43838199965364
80.02754709922831,160.05509419845663
40.796281605177185,81.59256321035437
25.13469581856104,50.26939163712208
26.769236225755854,53.53847245151171
74.65645671892331,149.31291343784662
72.84772813739455,145.6954562747891
23.2679178711907,46.5358357423814
59.38211179345805,118.7642235869161
14.41964180403903,28.83928360807806
87.90160090713766,175.80320181427533
94.42836951976226,188.8567390395245
63.62758411294319,127.25516822588638
16.622259537366524,33.24451907473305
53.31782242435246,106.63564484870491
67.6851769000973,135.3703538001946
25.740237733097093,51.480475466194186
77.33773838997358,154.67547677994716
66.75173419598964,133.50346839197928
5.837843290848454,11.675686581696908
37.99577325958213,75.99154651916426
48.98628237466549,97.97256474933099
30.44004046849116,60.88008093698232
96.9594218193987,193.9188436387974
8.721502399491243,17.443004798982486
3.6770247209204854,7.354049441840971
20.552678223530073,41.105356447060146
93.07353030992644,186.14706061985288
78.43033323578979,156.86066647157958
93.76157527428923,187.52315054857846
3.9349605318053205,7.869921063610641
98.91702410501908,197.83404821003816
74.46681044113716,148.9336208822743
16.350442505062578,32.700885010125155
31.101622067900536,62.20324413580107
23.637793543143527,47.275587086287054
57.17266275075576,114.34532550151152
2.9411137150766486,5.882227430153297
14.325913215138309,28.651826430276618
18.625694845580178,37.251389691160355
65.34315332273866,130.68630664547732
19.194628309940786,38.38925661988157
3.8456313875268933,7.6912627750537865
73.68361477532149,147.36722955064297
99.39281883631216,198.78563767262432
61.51289662650461,123.02579325300923
8.165040865492458,16.330081730984915
92.04739734369802,184.09479468739605
38.743684453472774,77.48736890694555
30.174978395691166,60.34995679138233
41.87871670953014,83.75743341906028
69.25637096942559,138.51274193885118
31.461240252819422,62.922480505638845
57.45304658774081,114.90609317548162
68.81144256058226,137.62288512116453
80.84946161283823,161.69892322567645
19.113184327020573,38.226368654041146
23.38420098373607,46.76840196747214
28.089268751547692,56.178537503095384
4.135799732071909,8.271599464143819
87.45805604495527,174.91611208991054
97.17113924930429,194.34227849860858
94.21446170124412,188.42892340248824
91.32095534996559,182.64191069993117
64.07131652930083,128.14263305860166
27.43891617925389,54.87783235850778
69.42523612546701,138.85047225093402
8.37969185034132,16.75938370068264
57.943891113405954,115.88778222681191
89.74342182014885,179.4868436402977
47.944726837984696,95.88945367596939
55.363478424768566,110.72695684953713
33.34853580095726,66.69707160191452
63.985963521307376,127.97192704261475
53.834818452495426,107.66963690499085
17.04101486105859,34.08202972211718
74.308539566981,148.617079133962
81.6590817149018,163.3181634298036
1.0053160405490869,2.0106320810981737
38.761988215068946,77.52397643013789
45.81549757337719,91.63099514675439
19.034202446211744,38.06840489242349
42.95232370135849,85.90464740271698
82.37968733742844,164.75937467485687
94.81523280804701,189.63046561609403
46.15814091923425,92.3162818384685
53.46522345551842,106.93044691103684
95.85187312264254,191.7037462452851
81.39987229043591,162.79974458087182
19.839321937313937,39.67864387462787
8.825087780454721,17.650175560909442
22.406977314671995,44.81395462934399
4.4082129164060735,8.816425832812147
39.01836946073517,78.03673892147035
55.969102452521525,111.93820490504305
68.75024279631951,137.50048559263902
7.821768395886419,15.643536791772839
89.66142505690966,179.32285011381933
43.666121075995676,87.33224215199135
93.80497786149455,187.6099557229891
3.739295183619329,7.478590367238658
36.793941734375736,73.58788346875147
90.28840409967222,180.57680819934444
47.03976103066137,94.07952206132273
47.58403289838059,95.16806579676118
88.70136752458119,177.40273504916237
44.05994968393615,88.1198993678723
29.63519876869991,59.27039753739982
64.98513296731856,129.97026593463713
44.171359988302285,88.34271997660457
42.50933911903171,85.01867823806342
81.1265483824895,162.253096764979
11.310497456645374,22.620994913290748
82.20442918394303,164.40885836788607
42.87802748131876,85.75605496263752
41.117502940316776,82.23500588063355
35.49379394057289,70.98758788114579
75.12282391443341,150.24564782886682
25.16804727446662,50.33609454893324
63.849183776728914,127.69836755345783
41.565265650205276,83.13053130041055
53.547959936889754,107.09591987377951
99.31523178203278,198.63046356406556
97.2616981974705,194.523396394941
86.92541184049671,173.85082368099341
14.640560708888106,29.281121417776212
37.56981826618874,75.13963653237748
73.24450213027667,146.48900426055334
93.61083645578671,187.22167291157342
96.38631044593785,192.7726208918757
42.45189185415447,84.90378370830894
20.36352638984199,40.72705277968398
55.960664127059786,111.92132825411957
80.10881247388949,160.21762494777897
80.25573148550225,160.5114629710045
76.83410639694175,153.6682127938835
57.562304908610706,115.12460981722141
29.283689741530573,58.567379483061146
29.478450119307944,58.95690023861589
17.65650401720856,35.31300803441712
98.44653103093535,196.8930620618707
21.579498681073726,43.15899736214745
88.93482152531966,177.86964305063933
97.35791823205952,194.71583646411904
97.72383431611613,195.44766863223225
69.79914222340724,139.5982844468145
19.04389203525546,38.08778407051092
61.9924374664707,123.9848749329414
10.841660843781376,21.683321687562753
29.95285251418489,59.90570502836978
29.25693141906509,58.51386283813018
53.735877909050345,107.47175581810069
30.679967184240887,61.359934368481774
91.76777075635016,183.53554151270032
35.49819864119343,70.99639728238687
69.63810315299793,139.27620630599586
23.982880785243253,47.96576157048651
37.537548979141945,75.07509795828389
11.218653273047174,22.437306546094348
49.83559960092523,99.67119920185046
46.02364364768328,92.04728729536656
46.15530571680362,92.31061143360724
15.146707284784089,30.293414569568178
58.64782172724422,117.29564345448844
2.541322639267607,5.082645278535214
27.41114253859439,54.82228507718878
72.95113489890377,145.90226979780755
24.71904663094402,49.43809326188804
65.63473671550199,131.26947343100397
18.40175483523201,36.80350967046402
77.44182465272665,154.8836493054533
51.485389137906054,102.97077827581211
57.87762059116337,115.75524118232674
84.9868549693687,169.9737099387374
31.3536571729486,62.7073143458972
24.89327092410739,49.78654184821478
15.234586366332758,30.469172732665516
70.44029221611568,140.88058443223136
63.24131212441731,126.48262424883463
32.98782802107032,65.97565604214064
70.75524457062866,141.51048914125732
66.861080160675,133.72216032135
65.70742347355228,131.41484694710456
81.57121719017599,163.14243438035197
74.66210636174966,149.32421272349933
14.885606917815974,29.771213835631947
66.78188406706631,133.56376813413263
69.95061568412825,139.9012313682565
92.02515402351526,184.0503080470305
72.11451045914478,144.22902091828956
24.29673004599111,48.59346009198222
97.6655981799803,195.3311963599606
95.5436462622852,191.0872925245704
99.74832082695326,199.49664165390652
59.74878521512933,119.49757043025866
99.74179191555615,199.4835838311123
40.57951445963119,81.15902891926238
13.602000458326646,27.204000916653293
92.7391210614992,185.4782421229984
11.560128280263838,23.120256560527675
91.27980253405283,182.55960506810567
7.405176144146052,14.810352288292105
63.75317706395774,127.50635412791549
92.01764099962523,184.03528199925046
94.88442353131539,189.76884706263078
81.86067222717604,163.72134445435208
15.384423020351656,30.768846040703313
15.412103369022,30.824206738044
1.2694558785659393,2.5389117571318787
65.88419430595499,131.76838861190998
30.86184679975532,61.72369359951064
45.070225294301345,90.14045058860269
21.43205739646096,42.86411479292192
83.37600646535641,166.75201293071282
22.08823924980531,44.17647849961062
53.03877080630844,106.07754161261688
98.77641001953008,197.55282003906015
39.38477582728067,78.76955165456134
68.93368177942831,137.86736355885662
93.46523681387218,186.93047362774436
66.28856188081502,132.57712376163005
41.16859966785855,82.3371993357171
3.7873372719958054,7.574674543991611
49.86769338871289,99.73538677742577
86.53407686290502,173.06815372581005
65.59220185236497,131.18440370472993
57.541402646444716,115.08280529288943
99.2410863359651,198.4821726719302
68.0114344772059,136.0228689544118
86.32505755335954,172.65011510671908
74.49391977266487,148.98783954532973
78.67528185017561,157.35056370035122
57.537936896391464,115.07587379278293
91.40545183145244,182.81090366290488
0.25667646029899904,0.5133529205979981
93.8074036361081,187.6148072722162
95.36516369402777,190.73032738805554
9.55994685409708,19.11989370819416
98.89408838667964,197.78817677335928
82.61623110971232,165.23246221942463
46.07696817475071,92.15393634950142
15.742699367505885,31.48539873501177
38.1167820414007,76.2335640828014
62.68319438717486,125.36638877434972
26.042068174190003,52.08413634838001
21.127117681858433,42.254235363716866
32.41150302082942,64.82300604165884
92.59492660553163,185.18985321106325
0.2624065691204547,0.5248131382409094
23.52070416436839,47.04140832873678
44.445424840912196,88.89084968182439
91.06550479684226,182.13100959368452
34.836814953486325,69.67362990697265
8.360090190092428,16.720180380184857
84.95253475815541,169.90506951631082
21.965790687011534,43.93158137402307
88.27497409689951,176.54994819379903
88.43454380104096,176.86908760208192
48.69290049733701,97.38580099467401
76.83424485144842,153.66848970289684
99.39070036410965,198.7814007282193
19.065130765191608,38.130261530383216
3.3437260552679704,6.687452110535941
90.75532322926865,181.5106464585373
84.61762824921763,169.23525649843526
1.216846908133673,2.433693816267346
13.988253284731488,27.976506569462977
98.12867846834651,196.25735693669301
22.40091350208926,44.80182700417852
77.88144684489221,155.76289368978442
31.195216690894966,62.39043338178993
93.35433478034673,186.70866956069347
79.64923921027359,159.29847842054718
97.95623132089815,195.9124626417963
77.53270327211376,155.06540654422753
51.025047485028296,102.05009497005659
62.770784019069495,125.54156803813899
77.0647010840698,154.1294021681396
29.878659680167964,59.75731936033593
40.30385504394503,80.60771008789006
50.81967454653204,101.63934909306408
7.9261683202993645,15.852336640598729
88.50700684461695,177.0140136892339
20.95704212809093,41.91408425618186
88.42909769926459,176.85819539852918
75.89672575124636,151.79345150249273
58.86311940846072,117.72623881692144
90.6245230337075,181.249046067415
56.149862197884346,112.29972439576869
31.24658205807259,62.49316411614518
19.393444650557413,38.786889301114826
64.41277724604498,128.82555449208996
26.338038948129583,52.676077896259166
50.07144078306807,100.14288156613614
92.40997983224212,184.81995966448423
85.6401206433311,171.2802412866622
6.199923249771766,12.399846499543532
88.10285870686918,176.20571741373837
58.08551155828812,116.17102311657624
71.23621177686573,142.47242355373146
54.99547345923814,109.99094691847628
49.538840820576446,99.07768164115289
53.904758967116905,107.80951793423381
20.147467190966385,40.29493438193277
4.448625709121479,8.897251418242957
99.40973767609091,198.81947535218183
91.85095196648331,183.70190393296662
0.8539367593879299,1.7078735187758598
23.284775163399395,46.56955032679879
59.927259392648104,119.85451878529621
27.460035923979188,54.920071847958376
42.13251070212441,84.26502140424881
29.944504714556963,59.889009429113926
17.624159850833266,35.24831970166653
41.941227734346356,83.88245546869271
43.159531302300906,86.31906260460181
34.85959279805554,69.71918559611107
40.65154685261081,81.30309370522161
68.0107112244349,136.0214224488698
29.815028090790697,59.630056181581395
10.244551902908306,20.48910380581661
77.19867682370825,154.3973536474165
5.499186283496971,10.998372566993941
86.9487174539069,173.8974349078138
43.195800289526574,86.39160057905315
77.50917280343003,155.01834560686007
20.767731451644334,41.53546290328867
58.63673693875785,117.2734738775157
71.13571875361879,142.27143750723758
29.050916313029752,58.101832626059505
49.237892465420465,98.47578493084093
98.22801471125608,196.45602942251216
52.135891350406595,104.27178270081319
20.555643973221628,41.111287946443255
70.27951365109423,140.55902730218847
3.903010692338138,7.806021384676276
43.83195395486956,87.66390790973912
13.9839808456793,27.9679616913586
77.96675537277991,155.93351074555983
47.98790989490753,95.97581978981506
24.001141981688257,48.00228396337651
53.86358497178858,107.72716994357717
1.6146571899459117,3.2293143798918234
50.83655969095967,101.67311938191934
47.03025484499851,94.06050968999702
11.89389726734833,23.78779453469666
45.15683561496648,90.31367122993296
2.7933316830949018,5.5866633661898035
26.375738577267384,52.75147715453477
26.1505749964276,52.3011499928552
20.366374086544337,40.73274817308867
65.30560358084473,130.61120716168946
35.82383493018052,71.64766986036103
5.559830930694876,11.119661861389751
31.56586667617415,63.1317333523483
78.70538510226162,157.41077020452323
4.629119612826827,9.258239225653654
4.513371672351685,9.02674334470337
89.35744461850851,178.71488923701702
93.09801500620371,186.19603001240742
76.8257593112304,153.6515186224608
96.4523786810432,192.9047573620864
30.885146544032903,61.770293088065806
27.308297911382972,54.616595822765944
33.042194771778824,66.08438954355765
15.095033810148061,30.190067620296123
50.42782202268303,100.85564404536606
84.52252267896266,169.04504535792532
93.56105285143805,187.1221057028761
6.203188396097669,12.406376792195339
31.72519120000452,63.45038240000904
95.85733661933354,191.71467323866707
86.35846681564094,172.71693363128188
14.604855390054617,29.209710780109233
12.864346378260938,25.728692756521877
86.79665422426488,173.59330844852977
86.02579268599612,172.05158537199225
70.11351733773624,140.22703467547248
13.576426430808796,27.152852861617593
67.51731603450841,135.03463206901682
40.0345063311591,80.0690126623182
55.691025335283314,111.38205067056663
60.2022729332101,120.4045458664202
23.87544254614208,47.75088509228416
14.096666884975606,28.193333769951213
17.106824982008884,34.21364996401777
64.46992797707718,128.93985595415435
3.0185356415578735,6.037071283115747
28.80995271592609,57.61990543185218
41.749733572133465,83.49946714426693
71.56164843542592,143.12329687085185
92.80210368110347,185.60420736220695
92.46386122458689,184.92772244917379
22.81527107176157,45.63054214352314
40.02649084006381,80.05298168012762
11.531820177740393,23.063640355480786
57.73831034980796,115.47662069961592
21.783549427292304,43.56709885458461
99.94893217115224,199.89786434230447
84.56900931868807,169.13801863737615
86.06254394448791,172.12508788897583
12.282682061471718,24.565364122943436
45.283810686870794,90.56762137374159
35.93388699462663,71.86777398925327
63.80333814507869,127.60667629015738
88.24219247856911,176.48438495713822
51.02655333193806,102.05310666387612
62.439393362607795,124.87878672521559
20.207232666589515,40.41446533317903
72.6474702382271,145.2949404764542
26.924271264241284,53.84854252848257
9.530551858857372,19.061103717714744
73.72261537815582,147.44523075631164
79.83859648089842,159.67719296179683
93.03711578554733,186.07423157109466
95.264845978888,190.529691957776
11.631984061324928,23.263968122649857
44.49383545259082,88.98767090518164
31.474284679533238,62.948569359066475
75.6257577772921,151.2515155545842
53.75511699456557,107.51023398913114
52.87466260918495,105.7493252183699
37.990960500033125,75.98192100006625
12.525162873834251,25.050325747668502
74.1185137833637,148.2370275667274
78.78992049438793,157.57984098877586
66.96132355138272,133.92264710276544
37.58099396369753,75.16198792739506
69.71992385227954,139.43984770455907
0.8220628427801135,1.644125685560227
63.624974976176354,127.24994995235271
74.9889624247486,149.9779248494972
86.83402195592774,173.66804391185548
91.43329258418825,182.8665851683765
18.8596035254592,37.7192070509184
40.06124157946329,80.12248315892658
91.93593760025502,183.87187520051003
53.4146811843079,106.8293623686158
98.73003287704513,197.46006575409027
19.333970434442026,38.66794086888405
78.06468825595975,156.1293765119195
14.178944586265384,28.35788917253077
47.04593629256597,94.09187258513194
28.43712320619374,56.87424641238748
13.54954386701841,27.09908773403682
1.4300345414783089,2.8600690829566178
74.03260422802963,148.06520845605925
13.631908786665592,27.263817573331185
88.3252439891726,176.6504879783452
27.689593023713787,55.379186047427574
73.63824586544726,147.27649173089452
27.659203059507032,55.318406119014064
38.217591919732705,76.43518383946541
42.12751177774614,84.25502355549229
6.410684499609253,12.821368999218507
24.569426919104387,49.138853838208775
50.39205431534201,100.78410863068402
87.89118646403772,175.78237292807543
42.06733305184732,84.13466610369464
47.47483219668251,94.94966439336503
8.842988510662963,17.685977021325925
99.49599717535331,198.99199435070662
7.308398080035882,14.616796160071765
86.63770981525161,173.27541963050322
23.819350357624447,47.638700715248895
13.804279560022003,27.608559120044006
15.550650489962436,31.101300979924872
18.65786156735483,37.31572313470966
92.44394548133481,184.88789096266962
16.492540369510365,32.98508073902073
67.66001143020867,135.32002286041734
60.818665927079465,121.63733185415893
86.20421077030619,172.40842154061238
72.20742314379974,144.4148462875995
66.25701723739581,132.51403447479163
65.22489285120503,130.44978570241005
41.985735071357944,83.97147014271589
51.909762232485015,103.81952446497003
98.61113803751346,197.2222760750269
80.93582058930721,161.87164117861442
74.26403772377692,148.52807544755385
17.037506182582895,34.07501236516579
93.31450986587538,186.62901973175076
20.63843278401867,41.27686556803734
97.03754280865753,194.07508561731507
23.69148275362274,47.38296550724548
93.03244517780604,186.06489035561208
13.036576722140847,26.073153444281694
45.78384724309137,91.56769448618275
74.68846980077923,149.37693960155846
82.04340147242466,164.08680294484932
60.592705065484346,121.18541013096869
98.60965231589175,197.2193046317835
82.16881524341508,164.33763048683016
94.25488517389645,188.5097703477929
56.204201335287195,112.40840267057439
3.7730930835417897,7.5461861670835795
7.087192744059667,14.174385488119334
93.9535757865207,187.9071515730414
23.32311933183464,46.64623866366928
92.66813440501555,185.3362688100311
99.05574190220435,198.1114838044087
95.74798050558935,191.4959610111787
74.57142548455784,149.14285096911567
93.3741195674359,186.7482391348718
90.49270244075245,180.9854048815049
16.415694126028622,32.831388252057245
54.74549637084007,109.49099274168015
91.1490551280252,182.2981102560504
97.94942440126728,195.89884880253456
0.14031389799986638,0.28062779599973275
94.710987832397,189.421975664794
94.57245700004367,189.14491400008734
29.67981029577702,59.35962059155404
20.042870023395352,40.085740046790704
1.4565386322435092,2.9130772644870184
19.738222843750652,39.476445687501304
13.9048946620278,27.8097893240556
13.422025166986506,26.844050333973012
33.95148285748512,67.90296571497024
58.43653537256325,116.8730707451265
13.769931546441171,27.539863092882342
45.11887922699482,90.23775845398964
80.54382361631696,161.0876472326339
33.09005294776187,66.18010589552374
42.539361013022244,85.07872202604449
27.74653571604767,55.49307143209534
65.73497492936397,131.46994985872794
70.11436196014448,140.22872392028896
5.0357272245472595,10.071454449094519
95.92006443743456,191.84012887486912
56.86913695890398,113.73827391780796
9.44433352595061,18.88866705190122
32.94293955890895,65.8858791178179
37.12346982682796,74.24693965365591
53.362209108376405,106.72441821675281
44.66101640911073,89.32203281822146
34.61383391180407,69.22766782360814
13.49353952803689,26.98707905607378
13.88448435099059,27.76896870198118
27.978936597969028,55.957873195938056
53.026502007373,106.053004014746
77.71344370117326,155.42688740234652
21.100954279425643,42.20190855885129
97.58781940562871,195.17563881125741
3.856353430670345,7.71270686134069
83.79794792071405,167.5958958414281
40.60226597365981,81.20453194731962
0.9512807497477405,1.902561499495481
63.253277450381795,126.50655490076359
9.056988338384532,18.113976676769063
10.67585941935343,21.35171883870686
79.57436677954986,159.14873355909972
34.68988755522905,69.3797751104581
16.213744460508618,32.427488921017236
33.87133008261094,67.74266016522188
65.88570199116775,131.7714039823355
92.04117821867868,184.08235643735736
46.17155309491589,92.34310618983179
31.551045949425404,63.10209189885081
60.5143399568731,121.0286799137462
80.48650226746611,160.97300453493222
28.699462147121423,57.398924294242846
73.91050503451251,147.82101006902502
37.555121499477565,75.11024299895513
48.630830803296355,97.26166160659271
72.0811456754479,144.1622913508958
28.861880713916932,57.723761427833864
88.3752449033729,176.7504898067458
97.5671996467263,195.1343992934526
61.36801853820695,122.7360370764139
96.65079433401851,193.30158866803703
56.212650192997806,112.42530038599561
43.72234957969711,87.44469915939422
74.14777361475477,148.29554722950954
43.08099393961998,86.16198787923996
15.701232674949372,31.402465349898744
60.841736291105796,121.68347258221159
64.98976217194357,129.97952434388714
93.30362278189722,186.60724556379444
94.78650511224612,189.57301022449224
44.04757076778487,88.09514153556974
19.87769979099757,39.75539958199514
12.657516787271684,25.315033574543367
44.59026569214268,89.18053138428536
95.95414299435575,191.9082859887115
14.50863928626973,29.01727857253946
67.99424638604353,135.98849277208706
81.71114875241992,163.42229750483983
86.84923611669316,173.69847223338633
43.298468434160206,86.59693686832041
92.98214615169668,185.96429230339336
95.28321501652128,190.56643003304256
28.9152370735683,57.8304741471366
82.63708036638394,165.27416073276788
44.545286991151656,89.09057398230331
97.10197027836777,194.20394055673555
77.87338823485925,155.7467764697185
89.19005028697687,178.38010057395374
88.20392398551247,176.40784797102495
68.85501381693994,137.7100276338799
9.867596378446708,19.735192756893415
80.44776875057917,160.89553750115834
90.29315499963381,180.58630999926763
61.48746682975137,122.97493365950274
23.785030983469568,47.570061966939136
17.88049073278054,35.76098146556108
93.21191553439154,186.42383106878307
11.020116404196012,22.040232808392023
97.32363764624002,194.64727529248003
52.03793539965407,104.07587079930813
25.22776159686981,50.45552319373962
25.1980284214679,50.3960568429358
56.06910716655763,112.13821433311526
50.98079299571153,101.96158599142306
86.1738271454939,172.3476542909878
5.514981845477807,11.029963690955613
78.65400201355791,157.30800402711583
20.592455484695094,41.18491096939019
91.1532388499884,182.3064776999768
21.165296224451836,42.33059244890367
44.83116330058354,89.66232660116708
97.6723884594348,195.3447769188696
2.9893384112331334,5.978676822466267
12.1978493980352,24.3956987960704
19.511989880044112,39.023979760088224
76.14206885420722,152.28413770841445
1.680781651394958,3.361563302789916
68.92676117377565,137.8535223475513
9.067767463045662,18.135534926091324
96.38464952562951,192.76929905125903
0.28638747949415455,0.5727749589883091
98.00217306252974,196.00434612505947
43.1396205262406,86.2792410524812
27.67951544456698,55.35903088913396
55.61487528100146,111.22975056200292
26.75619475621811,53.51238951243622
17.96465167617446,35.92930335234892
41.974572705190006,83.94914541038001
36.81591490635806,73.63182981271612
1.5546887970970924,3.109377594194185
97.65322193002768,195.30644386005537
89.1665739898176,178.3331479796352
32.826318074764785,65.65263614952957
52.75909779705961,105.51819559411922
73.34066303306822,146.68132606613645
0.10977164692625996,0.21954329385251992
10.829141811718701,21.658283623437402
47.138581423665826,94.27716284733165
0.2877227397612203,0.5754454795224406
29.67201888920291,59.34403777840582
55.21600410402934,110.43200820805868
37.45995521051365,74.9199104210273
47.91721718510375,95.8344343702075
88.04961684166052,176.09923368332105
75.98955596896474,151.97911193792947
1.1787245531944768,2.3574491063889536
18.49754824983846,36.99509649967692
91.03751430452624,182.07502860905248
86.13462633640023,172.26925267280046
9.039308293414383,18.078616586828765
64.96784871505454,129.9356974301091
63.27300850885468,126.54601701770936
19.428789691980143,38.857579383960285
25.026234249253154,50.05246849850631
90.38728793133339,180.77457586266678
78.93416840064913,157.86833680129826
71.5358121281565,143.071624256313
27.2976248100253,54.5952496200506
98.96605506881265,197.9321101376253
72.59975887430622,145.19951774861244
31.34551667360065,62.6910333472013
28.690966944849528,57.381933889699056
70.3170205163594,140.6340410327188
10.166527494191758,20.333054988383516
72.22527317661115,144.4505463532223
20.331812347694157,40.663624695388314
79.00240744091704,158.00481488183408
70.60720213669133,141.21440427338266
4.6856594928033735,9.371318985606747
33.040101091976446,66.08020218395289
60.78430368226449,121.56860736452899
76.24880058272664,152.4976011654533
54.099420931895494,108.19884186379099
24.823211685055526,49.64642337011105
7.417258606241495,14.83451721248299
9.900847985477434,19.801695970954867
81.58766736487941,163.17533472975882
81.74654416631692,163.49308833263385
60.33819136975496,120.67638273950992
51.45660938154647,102.91321876309294
25.512145459434453,51.02429091886891
24.995161459473714,49.99032291894743
72.03775812620384,144.07551625240768
54.56199044262057,109.12398088524114
85.32266921077125,170.6453384215425
15.833510223564563,31.667020447129126
46.16480086915365,92.3296017383073
23.74399414188959,47.48798828377918
89.86234423654982,179.72468847309963
14.169634887914295,28.33926977582859
73.96400255365623,147.92800510731246
68.20123172694696,136.40246345389392
40.68374428072033,81.36748856144067
16.958519491385758,33.917038982771516
58.88570821017966,117.77141642035932
44.30409650017292,88.60819300034584
73.88442633899764,147.76885267799528
12.937047427263204,25.87409485452641
61.59208556835654,123.18417113671308
58.9503588816658,117.9007177633316
75.67448798057693,151.34897596115385
21.353956850066968,42.707913700133936
93.72533437555637,187.45066875111274
98.86433261786341,197.72866523572682
65.88537371092548,131.77074742185096
21.48279323091614,42.96558646183228
25.30514799415592,50.61029598831184
0.5344081859338323,1.0688163718676646
74.39160716434195,148.7832143286839
83.80782210221933,167.61564420443867
47.92459949274323,95.84919898548647
6.65359678303451,13.30719356606902
6.835323624834633,13.670647249669265
91.48803584932979,182.97607169865958
2.683381843686883,5.366763687373766
88.9969913115923,177.9939826231846
85.80899546926405,171.6179909385281
66.79799927748603,133.59599855497206
74.01867662659829,148.03735325319659
98.39554112227906,196.7910822445581
52.31066613564308,104.62133227128616
35.01842964894044,70.03685929788088
7.587445148559513,15.174890297119026
34.11178006921433,68.22356013842867
83.66116829792453,167.32233659584907
74.81450946295969,149.62901892591938
70.19041228471032,140.38082456942064
93.73767780225678,187.47535560451357
92.88383080802744,185.76766161605488
43.91276608387882,87.82553216775764
71.44034816519572,142.88069633039143
77.44474021913311,154.88948043826622
82.26510353159226,164.53020706318452
18.872409304814276,37.74481860962855
69.19886550078378,138.39773100156756
51.00641477229867,102.01282954459734
93.60463365879083,187.20926731758166
62.472990805362116,124.94598161072423
9.527932682879126,19.05586536575825
94.95749558049864,189.9149911609973
20.14022723057771,40.28045446115542
85.73887397955056,171.47774795910112
0.22124938775225367,0.44249877550450734
1.527283719246042,3.054567438492084
43.42930971199625,86.8586194239925
24.512338064413175,49.02467612882635
78.411765768201,156.823531536402
57.95883175041398,115.91766350082796
14.496200621002842,28.992401242005684
7.563693109805946,15.127386219611893
93.42448042560302,186.84896085120604
20.059984333265636,40.11996866653127
15.305323182617991,30.610646365235983
76.94279311852375,153.8855862370475
46.70513261738007,93.41026523476015
0.471885921799986,0.943771843599972
2.6611652455262647,5.322330491052529
56.749092709851844,113.49818541970369
70.85838034252396,141.71676068504792
81.70215637762387,163.40431275524773
84.417657991128,168.835315982256
48.9154550204679,97.8309100409358
79.77751422027262,159.55502844054524
80.18107726224855,160.3621545244971
77.78829091838298,155.57658183676597
82.93808696743375,165.8761739348675
60.20427022964425,120.4085404592885
72.75642242877869,145.51284485755738
48.398028802589245,96.79605760517849
80.55396819835678,161.10793639671357
70.74734329240272,141.49468658480544
26.524311315217663,53.048622630435325
12.44913621209256,24.89827242418512
50.02116332023194,100.04232664046388
58.89763611201975,117.7952722240395
69.09963245697264,138.19926491394529
1.4470365855660527,2.8940731711321055
94.37474467564527,188.74948935129055
61.04814453124532,122.09628906249064
57.888126028625074,115.77625205725015
4.937139798206824,9.874279596413649
11.490402680322997,22.980805360645995
23.882132905042674,47.76426581008535
29.16592469124587,58.33184938249174
82.8082497207553,165.6164994415106
40.7885915131327,81.5771830262654
14.901179237684826,29.80235847536965
69.2811421965299,138.5622843930598
55.60354427009027,111.20708854018054
8.304739130577765,16.60947826115553
74.37794985880461,148.75589971760922
87.59009547284843,175.18019094569686
81.0616989663148,162.1233979326296
37.43142141384167,74.86284282768334
6.755453167763303,13.510906335526606
99.98750982134574,199.97501964269148
11.08589522313591,22.17179044627182
61.348646333669535,122.69729266733907
13.670836550112487,27.341673100224973
16.611136078745904,33.22227215749181
81.72146524050771,163.44293048101542
69.67454474776495,139.3490894955299
99.07579837494637,198.15159674989275
63.90747439509911,127.81494879019822
92.24508653711271,184.49017307422542
23.600197195748574,47.20039439149715
83.06138185829562,166.12276371659124
4.27376905914818,8.54753811829636
39.05698988309898,78.11397976619796
25.881781008605863,51.763562017211726
17.580578452800477,35.161156905600954
94.01097194598132,188.02194389196265
69.17403552614876,138.3480710522975
8.543662580383549,17.087325160767097
2.789239007127564,5.578478014255128
45.83098412858016,91.66196825716032
56.275995976504646,112.55199195300929
15.123788135521732,30.247576271043464
7.518822353949906,15.037644707899812
25.780786484288022,51.561572968576044
40.986984738282516,81.97396947656503
4.090372782024532,8.180745564049063
12.16295096609592,24.32590193219184
13.66957874227338,27.33915748454676
32.99764986162763,65.99529972325526
85.51990586345771,171.03981172691542
59.18081538692284,118.36163077384568
20.648652783931375,41.29730556786275
46.27621455770539,92.55242911541077
21.000368152220116,42.00073630444023
78.76834736175444,157.53669472350887
24.82155587825252,49.64311175650504
42.540962010061264,85.08192402012253
94.76006458672063,189.52012917344126
59.76685198033221,119.53370396066443
15.876189893510018,31.752379787020036
36.1156940730957,72.2313881461914
12.548042428238404,25.096084856476807
41.5232846287484,83.0465692574968
35.90155033287914,71.80310066575828
91.60415180954608,183.20830361909216
9.356009485220284,18.712018970440568
97.7571831066955,195.514366213391
90.6575573493202,181.3151146986404
92.25284174221031,184.50568348442062
42.8539108943471,85.7078217886942
20.09446275151707,40.18892550303414
13.089829737176428,26.179659474352857
37.99773218446699,75.99546436893398
45.645356197310115,91.29071239462023
26.86891415862773,53.73782831725546
27.102953455891498,54.205906911782996
20.217008867743893,40.434017735487785
9.867489857359345,19.73497971471869
91.33280958695758,182.66561917391516
54.26752753272178,108.53505506544356
37.36010238105495,74.7202047621099
75.03884292698764,150.07768585397528
62.8585346480699,125.7170692961398
65.63135031112553,131.26270062225106
43.926237467632724,87.85247493526545
52.656388454052426,105.31277690810485
98.77987098908623,197.55974197817247
83.15118675095931,166.30237350191862
97.43422995494443,194.86845990988886
57.10727679063206,114.21455358126413
7.433738078057472,14.867476156114945
91.811251139231,183.622502278462
25.89668900200174,51.79337800400348
22.450746488820016,44.90149297764003
53.956169572642644,107.91233914528529
89.46206139390094,178.92412278780188
87.59300356945894,175.1860071389179
55.71787636796329,111.43575273592658
52.24243081568291,104.48486163136582
12.297077889581198,24.594155779162396
96.39387059313735,192.7877411862747
35.11303686040402,70.22607372080805
42.6553990541718,85.3107981083436
5.738376327743799,11.476752655487598
67.5235473421502,135.0470946843004
4.37166481222283,8.74332962444566
20.124764916109715,40.24952983221943
13.22630520841771,26.45261041683542
88.24553174850719,176.49106349701438
69.48177722179166,138.96355444358332
48.43130661171229,96.86261322342457
47.951435849196415,95.90287169839283
57.31818215596745,114.6363643119349
7.336967083772194,14.673934167544388
86.58455503741028,173.16911007482057
25.752384004395502,51.504768008791004
33.70692663053265,67.4138532610653
79.8711081213231,159.7422162426462
74.37182997050859,148.74365994101717
1.0552415459366804,2.110483091873361
92.17757852399046,184.35515704798092
49.1165856069509,98.2331712139018
45.63593078748971,91.27186157497943
59.62826986416394,119.25653972832788
81.17538834127805,162.3507766825561
52.077846009312566,104.15569201862513
53.92457875529447,107.84915751058894
69.64104700683859,139.28209401367718
4.82479714581745,9.6495942916349
40.76638299967441,81.53276599934883
67.4104771889721,134.8209543779442
2.5961795625260575,5.192359125052115
95.23191151546914,190.46382303093827
27.452968975620408,54.905937951240816
49.92164384852643,99.84328769705286
31.365091491693462,62.730182983386925
73.83639640132496,147.67279280264992
12.632589504224978,25.265179008449955
2.863816726076107,5.727633452152214
50.675348396476885,101.35069679295377
24.78593678085791,49.57187356171582
55.91284694242269,111.82569388484538
20.63669564815134,41.27339129630268
84.47414749164608,168.94829498329216
23.336478192159703,46.672956384319406
80.6269159351637,161.2538318703274
65.99749762020744,131.99499524041488
12.601681369040463,25.203362738080926
42.887064494006445,85.77412898801289
81.27173522826442,162.54347045652884
49.57760718551445,99.1552143710289
19.485340095656145,38.97068019131229
26.221429118499117,52.442858236998234
58.366404803145564,116.73280960629113
45.78637261179548,91.57274522359096
82.79237792657955,165.5847558531591
48.97936494034227,97.95872988068454
80.00515238190744,160.01030476381487
29.944683573457255,59.88936714691451
70.22162946867651,140.44325893735302
89.34133408706262,178.68266817412524
16.554437290534295,33.10887458106859
85.07790458830434,170.15580917660867
5.9793467099385715,11.958693419877143
63.418144326439275,126.83628865287855
55.82519239437639,111.65038478875277
80.20361557146708,160.40723114293417
46.82693832857638,93.65387665715276
44.074505742241975,88.14901148448395
22.771965641280232,45.543931282560465
1.856436717913268,3.712873435826536
50.04947035396744,100.09894070793489
81.89574287897102,163.79148575794204
55.23763738220679,110.47527476441358
35.171460955731405,70.34292191146281
69.45867649043564,138.91735298087127
87.00244764255991,174.00489528511983
93.44590689633371,186.89181379266742
80.12080624119193,160.24161248238386
20.390196900972168,40.780393801944335
2.5358110323384753,5.0716220646769505
63.18630474996435,126.3726094999287
84.26936081487433,168.53872162974866
55.86661097615821,111.73322195231643
49.618332924646346,99.23666584929269
94.70009600368982,189.40019200737964
28.75541533381851,57.51083066763702
18.643478295057314,37.28695659011463
77.39164958735726,154.78329917471453
27.36976166765791,54.73952333531582
51.46370228615407,102.92740457230813
56.84431920572281,113.68863841144562
43.917271988095905,87.83454397619181
6.162307468891481,12.324614937782963
39.04560234538017,78.09120469076034
59.41509759723003,118.83019519446006
65.51501891897324,131.03003783794648
44.62028226072847,89.24056452145695
95.78034216275076,191.5606843255015
94.70629560496101,189.41259120992203
8.590395095201686,17.18079019040337
88.15778947239178,176.31557894478357
27.626043633675323,55.252087267350646
58.939182890514864,117.87836578102973
68.35593492161097,136.71186984322193
29.125566895493204,58.25113379098641
30.622955649971427,61.245911299942854
9.950288327570945,19.90057665514189
80.2607314248784,160.5214628497568
60.35637064732137,120.71274129464274
76.75270899725098,153.50541799450195
95.81785725837629,191.63571451675259
11.499803674981191,22.999607349962382
65.97140101584685,131.9428020316937
94.28893189849691,188.57786379699382
27.18793123076232,54.37586246152464
14.858896342269489,29.717792684538978
52.31065837820578,104.62131675641156
27.80815099575885,55.6163019915177
3.951109177905099,7.902218355810198
93.4656044677383,186.9312089354766
63.78586655824421,127.57173311648842
81.81892379453915,163.6378475890783
6.89238213597293,13.78476427194586
48.51312869905253,97.02625739810506
81.3834561458642,162.7669122917284
30.227959393475736,60.45591878695147
74.73948468694206,149.47896937388413
31.41150462200081,62.82300924400162
22.339935604204065,44.67987120840813
22.265269527650677,44.530539055301354
69.3725583375463,138.7451166750926
65.18469084590674,130.3693816918135
73.38498757607009,146.76997515214018
25.947594483514123,51.89518896702825
75.46904077126922,150.93808154253844
72.61420497936022,145.22840995872045
47.49430160524077,94.98860321048154
81.93782232290148,163.87564464580296
84.64619309137443,169.29238618274886
61.585126616412246,123.17025323282449
95.47770212162104,190.95540424324207
47.63121094752748,95.26242189505496
57.56347542751521,115.12695085503042
40.37484016968619,80.74968033937238
8.09077696662036,16.18155393324072
16.35196062464689,32.70392124929378
28.24233767781741,56.48467535563482
85.43483470890513,170.86966941781026
53.961901747599384,107.92380349519877
12.339613587002829,24.679227174005657
10.381890069074585,20.76378013814917
46.576482901185926,93.15296580237185
18.248245767575767,36.496491535151534
86.13486977004038,172.26973954008076
65.17928186777252,130.35856373554503
34.432347679198195,68.86469535839639
78.7359526514645,157.471905302929
3.1928585412656085,6.385717082531217
70.37936379259361,140.75872758518722
87.21621552277524,174.4324310455505
71.57834183325514,143.15668366651028
91.07425346474712,182.14850692949423
88.97730126158659,177.95460252317318
31.002815521094973,62.00563104218995
95.03471288863963,190.06942577727926
15.152422317271608,30.304844634543215
30.2537693381405,60.507538676281
74.48273354499506,148.9654670899901
10.19692907709091,20.39385815418182
70.96424654476147,141.92849308952293
40.44995589822544,80.89991179645088
37.359440426812455,74.71888085362491
89.5412977417908,179.0825954835816
9.598185985865637,19.196371971731274
22.747009771210813,45.494019542421626
27.53778661852432,55.07557323704864
22.217684865502484,44.43536973100497
12.143460967303332,24.286921934606664
91.60552059342713,183.21104118685426
18.709469084084773,37.41893816816955
3.6234144788177214,7.246828957635443
21.78273319964765,43.5654663992953
91.2894661950637,182.5789323901274
51.41657218271645,102.8331443654329
81.67715759875567,163.35431519751134
83.20468254722488,166.40936509444975
47.3937200118285,94.787440023657
24.245717715661364,48.49143543132273
95.31772505104121,190.63545010208242
41.216248004465264,82.43249600893053
21.83684204440972,43.67368408881944
26.89664667827989,53.79329335655978
88.5890685599308,177.1781371198616
22.179333086394813,44.358666172789626
33.64279608336831,67.28559216673662
54.032312807080515,108.06462561416103
7.422942349782591,14.845884699565183
69.9395724897997,139.8791449795994
83.99078211466002,167.98156422932004
53.7068741873559,107.4137483747118
34.69232954298479,69.38465908596957
54.98133105710126,109.96266211420252
79.61144300295715,159.2228860059143
23.619152055054915,47.23830411010983
59.28676424516023,118.57352849032046
34.51060177361046,69.02120354722092
31.216835803455055,62.43367160691011
17.139682224191453,34.27936444838291
69.28025576636891,138.56051153273782
22.052450727291905,44.10490145458381
87.96114098459717,175.92228196919433
26.754659081939703,53.509318163879406
21.627298197298227,43.254596394596454
14.018837359367032,28.037674718734063
88.23228176686993,176.46456353373986
84.13602856857926,168.27205713715853
78.00806211127748,156.01612422255496
58.75559359826996,117.51118719653992
83.00574443797308,166.01148887594616
1.793657771528856,3.587315543057712
29.42016236181101,58.84032472362202
46.13437545284845,92.2687509056969
63.24619104954006,126.49238209908012
48.875090464740076,97.75018092948015
76.52202167646921,153.04404335293842
39.76245660411666,79.52491320823331
79.04998653971302,158.09997307942604
33.663715083356536,67.32743016671307
28.091740224777574,56.18348044955515
92.93129330618692,185.86258661237383
24.635991635813138,49.271983271626276
92.1871223258274,184.3742446516548
32.53534926239404,65.07069852478809
42.275059004699614,84.55011800939923
4.541359504621489,9.082719009242979
60.04020942243502,120.08041884487004
12.033399833320136,24.06679966664027
78.69992362825555,157.3998472565111
16.39656719731607,32.79313439463214
90.51755881883655,181.0351176376731
44.645209439904946,89.29041887980989
22.580773587419213,45.161547174838425
88.04520659641149,176.09041319282298
77.23851146131295,154.4770229226259
76.42978063332116,152.85956126664232
8.431499412101918,16.862998824203835
41.77201719291534,83.54403438583068
77.03398844451391,154.06797688902782
52.778851939481406,105.55770387896281
44.825913231989134,89.65182646397827
15.646908630503475,31.29381726100695
97.97877794586672,195.95755589173345
5.215595168364184,10.431190336728369
14.061054966108767,28.122109932217533
76.81782080594665,153.6356416118933
88.97613607772035,177.9522721554407
94.47363671018674,188.94727342037348
11.985693704007295,23.97138740801459
56.9067040524072,113.8134081048144
38.88542528105362,77.77085056210724
64.90933954603327,129.81867909206653
78.88475035957242,157.76950071914484
59.35053710906667,118.70107421813334
30.260720989023117,60.521441978046234
87.08250014449224,174.1650002889845
40.28769771643804,80.57539543287608
51.569960424532255,103.13992084906451
42.89235598540488,85.78471197080977
75.76387876659652,151.52775753319304
24.81961924215875,49.6392384843175
1.7255781129113301,3.4511562258226602
74.78547824501402,149.57095649002804
60.57772656256732,121.15545312513464
18.67597594902709,37.35195189805418
37.600664412437965,75.20132882487593
49.69336987724263,99.38673975448526
51.200209888243506,102.40041977648701
50.78126725147371,101.56253450294741
44.04271767082986,88.08543534165972
85.69999693140235,171.3999938628047
35.2123299429219,70.4246598858438
58.78239505615597,117.56479011231194
50.45274301281022,100.90548602562043
91.39936555262442,182.79873110524883
12.347363398559242,24.694726797118484
1.620047234086508,3.240094468173016
34.26055141635131,68.52110283270262
78.07559203936182,156.15118407872365
34.98307067818403,69.96614135636806
83.74262464238721,167.48524928477443
7.37177878966826,14.74355757933652
21.29802292384939,42.59604584769878
39.841188112600044,79.68237622520009
20.401242232119777,40.802484464239555
65.74679759612988,131.49359519225976
39.291576930116356,78.58315386023271
13.09753800239568,26.19507600479136
68.94973076514661,137.89946153029322
20.25897465273957,40.51794930547914
32.13068201318606,64.26136402637212
70.07331515712374,140.1466303142475
79.81669906613746,159.63339813227492
60.39251281968164,120.78502563936328
20.599228618862185,41.19845723772437
89.05423446793672,178.10846893587345
6.382329720437863,12.764659440875725
40.390470110168344,80.78094022033669
80.60982576801045,161.2196515360209
69.74439582906685,139.4887916581337
41.63670939829005,83.2734187965801
56.27265437100524,112.54530874201048
80.19881272590685,160.3976254518137
86.65090458186633,173.30180916373266
54.94880126706819,109.89760253413638
75.55754128622377,151.11508257244753
56.002618664556735,112.00523732911347
47.30522815513015,94.6104563102603
75.07811615327806,150.15623230655612
73.48705524068558,146.97411048137116
24.998325105150208,49.996650210300416
67.67196103955308,135.34392207910616
90.27761765940657,180.55523531881315
62.138166993372344,124.27633398674469
87.26373546696543,174.52747093393086
15.421377152475046,30.84275430495009
44.8270228231826,89.6540456463652
89.22439954988732,178.44879909977465
68.51647057666685,137.0329411533337
17.982357626236933,35.964715252473866
81.50282142998286,163.00564285996572
55.83455699014348,111.66911398028697
47.60209045215246,95.20418090430492
97.72911051884523,195.45822103769046
22.709654754777265,45.41930950955453
62.36032952546516,124.72065905093032
41.72919537959909,83.45839075919818
49.14233388619246,98.28466777238492
31.806331367234407,63.61266273446881
81.44092309298443,162.88184618596887
22.38043557519488,44.76087115038976
40.615069834805475,81.23013966961095
66.64745119475344,133.2949023895069
80.29176907065974,160.58353814131948
34.75526833662613,69.51053667325226
82.9810255675507,165.9620511351014
61.8571760822383,123.7143521644766
21.580033355017736,43.16006671003547
45.471780708914636,90.94356141782927
30.829491500414928,61.658983000829856
35.386805453166524,70.77361090633305
67.42030843177493,134.84061686354985
66.22296853194922,132.44593706389844
15.03753695811284,30.07507391622568
0.8733905024890798,1.7467810049781596
22.386615167491076,44.77323033498215
17.929553135533617,35.85910627106723
81.81891654303664,163.63783308607327
91.77742796063187,183.55485592126374
67.2041003967445,134.408200793489
69.3502829695881,138.7005659391762
90.55404135492596,181.1080827098519
19.086585447478633,38.173170894957266
43.66403489145253,87.32806978290506
28.178606317123066,56.35721263424613
94.7889594209,189.5779188418
58.92384950398829,117.84769900797659
98.69013755948455,197.3802751189691
91.55612888288967,183.11225776577933
34.282919843548285,68.56583968709657
1.8409250348316863,3.6818500696633727
87.82593264403523,175.65186528807047
89.05870526810293,178.11741053620585
71.61419509791497,143.22839019582995
13.525636725960776,27.051273451921553
74.69289768510754,149.38579537021508
49.03663759924023,98.07327519848046
11.428028601203044,22.856057202406088
57.64403835410551,115.28807670821102
71.12609343954496,142.25218687908992
57.28201451877774,114.56402903755549
97.3410972381978,194.6821944763956
8.865670936269133,17.731341872538266
1.256869115446957,2.513738230893914
5.6690208529670105,11.338041705934021
79.74700026114576,159.49400052229151
78.31839271209675,156.6367854241935
36.43105044822047,72.86210089644094
28.520237940818628,57.040475881637256
0.6035104117099177,1.2070208234198354
7.593992318983012,15.187984637966023
21.058647125400388,42.117294250800775
17.025014927778827,34.05002985555765
41.03801605826292,82.07603211652584
67.57918137834083,135.15836275668167
16.037203085716722,32.074406171433445
3.0878955039317035,6.175791007863407
33.09871335361317,66.19742670722634
71.09266114743224,142.18532229486448
79.08513841703787,158.17027683407574
59.67226774525921,119.34453549051842
60.07613673559899,120.15227347119799
75.06345867090248,150.12691734180495
62.81490458949539,125.62980917899078
24.5833758666378,49.1667517332756
46.86332565464576,93.72665130929153
30.836130004697214,61.67226000939443
90.03705694838607,180.07411389677213
70.99412031062063,141.98824062124126
39.24178767498341,78.48357534996681
94.58520831498542,189.17041662997084
48.193538535305656,96.38707707061131
74.07165513059792,148.14331026119584
27.295952565945736,54.59190513189147
56.981766063829994,113.96353212765999
93.01478389568275,186.0295677913655
17.71699025711576,35.43398051423152
61.686951406234854,123.37390281246971
83.5663321227839,167.1326642455678
63.567585311112765,127.13517062222553
48.78895773549636,97.57791547099272
55.911230594098605,111.82246118819721
13.480421400250442,26.960842800500885
54.68648187225904,109.37296374451807
3.992276132299044,7.984552264598088
49.93203500655613,99.86407001311225
66.82176511180268,133.64353022360535
36.669298144986726,73.33859628997345
47.83291194500182,95.66582389000364
99.74049587553726,199.48099175107453
41.067800332309,82.135600664618
98.52214520084885,197.0442904016977
22.566920736812023,45.133841473624045
16.179848200760038,32.359696401520075
17.369791641744957,34.739583283489914
40.67335981670567,81.34671963341134
36.80364168822465,73.6072833764493
57.07534994444019,114.15069988888038
23.74705006526998,47.49410013053996
15.351375824531777,30.702751649063554
35.13995135876993,70.27990271753985
17.26477369718211,34.52954739436422
83.74273939071712,167.48547878143424
38.1778670393524,76.3557340787048
46.72887479794055,93.4577495958811
29.676994947584923,59.353989895169846
81.96502642324975,163.9300528464995
53.013331579265966,106.02666315853193
54.01386094727203,108.02772189454406
1.917476455415268,3.834952910830536
70.74809484701287,141.49618969402573
61.44338411791528,122.88676823583056
3.9142250654042976,7.828450130808595
29.959176316565326,59.91835263313065
66.23711292903587,132.47422585807175
48.45623860827133,96.91247721654265
83.30783037995116,166.6156607599023
52.68747225122112,105.37494450244225
8.398911191050795,16.79782238210159
50.4129743448412,100.8259486896824
11.147217146668053,22.294434293336106
33.65636510086235,67.3127302017247
31.144990810531702,62.289981621063404
5.939350039228664,11.878700078457328
23.426956844356937,46.853913688713874
90.07757186854762,180.15514373709524
78.82216955894437,157.64433911788873
37.83454877347777,75.66909754695554
84.45231496071459,168.90462992142918
96.86674843423437,193.73349686846873
40.86744044596088,81.73488089192176
61.967249783023824,123.93449956604765
36.051098147594075,72.10219629518815
85.77557533291802,171.55115066583605
41.637822912193,83.275645824386
38.25583594019146,76.51167188038292
64.07708735408451,128.15417470816902
34.82719193201903,69.65438386403807
59.77850841402144,119.55701682804288
68.94617812064307,137.89235624128614
27.629963644208534,55.25992728841707
35.39133073437459,70.78266146874918
31.274169693556054,62.54833938711211
73.43907799860422,146.87815599720844
75.48012400111224,150.9602480022245
17.43914629743927,34.87829259487854
14.050375682136462,28.100751364272924
63.45332239528122,126.90664479056244
47.43727432949123,94.87454865898246
75.05418139225878,150.10836278451757
54.57388811279385,109.1477762255877
20.832159519674377,41.664319039348754
32.09699158770432,64.19398317540865
63.72326418311154,127.44652836622308
18.689684155209985,37.37936831041997
24.69132168131821,49.38264336263642
15.470269071554643,30.940538143109286
62.05450086576645,124.1090017315329
33.8682699463805,67.736539892761
60.176308367172545,120.35261673434509
59.33865718031236,118.67731436062472
77.31771987817659,154.63543975635318
17.473169360820485,34.94633872164097
21.203674221155254,42.40734844231051
79.78720752240959,159.57441504481918
52.32078427876584,104.64156855753168
67.00694957068033,134.01389914136067
96.86199977301693,193.72399954603387
67.04018594260572,134.08037188521143
75.37126678340567,150.74253356681135
26.243721984691614,52.48744396938323
13.283558203091406,26.567116406182812
21.095984589833517,42.19196917966703
65.65367862404005,131.3073572480801
92.32397250593934,184.64794501187868
20.80601365680128,41.61202731360256
54.297261659823526,108.59452331964705
78.97403401209907,157.94806802419814
55.29271078489385,110.5854215697877
9.59878445485054,19.19756890970108
34.880659798303405,69.76131959660681
92.2368876520411,184.4737753040822
95.36952602607404,190.73905205214808
22.810567061287657,45.62113412257531
38.813203808816745,77.62640761763349
81.95610282624631,163.91220565249262
3.8601746489728583,7.720349297945717
46.35783386548577,92.71566773097155
80.98216332626025,161.9643266525205
21.89524273184634,43.79048546369268
93.5055467370659,187.0110934741318
52.17520824010913,104.35041648021826
16.725887657253956,33.45177531450791
35.87654174705093,71.75308349410186
30.32689910347247,60.65379820694494
55.463679473634066,110.92735894726813
76.76483790225168,153.52967580450337
14.338871699644162,28.677743399288325
4.9518568511005885,9.903713702201177
28.06331079125224,56.12662158250448
78.5988333751297,157.1976667502594
67.77632485672488,135.55264971344977
96.47116880100157,192.94233760200314
97.48868393908316,194.97736787816632
52.795441479290915,105.59088295858183
40.33630605471045,80.6726121094209
29.531986979953416,59.06397395990683
91.54957908166122,183.09915816332244
75.36980371087952,150.73960742175905
69.11010834430581,138.22021668861163
98.6344782839929,197.2689565679858
81.18874761649363,162.37749523298726
12.562931116516907,25.125862233033814
78.49157357394884,156.98314714789768
70.36891872429523,140.73783744859045
48.52236111792242,97.04472223584484
19.176287025939242,38.352574051878484
39.93589355657529,79.87178711315057
75.4962352822337,150.9924705644674
96.71755125465894,193.4351025093179
39.93814719783938,79.87629439567876
51.889626332124216,103.77925266424843
47.09622428084445,94.1924485616889
24.016770306816337,48.033540613632674
72.44176312618424,144.88352625236848
74.74227424442157,149.48454848884313
56.3304155063567,112.6608310127134
33.597850180811584,67.19570036162317
14.634055537195845,29.26811107439169
47.21433895142375,94.4286779028475
39.79512097723351,79.59024195446702
12.998512290902175,25.99702458180435
63.44330325895995,126.8866065179199
94.8963589483654,189.7927178967308
37.19972044491416,74.39944088982833
95.92922555984515,191.8584511196903
58.46958827946044,116.93917655892088
68.04559125855349,136.09118251710697
96.09271037851677,192.18542075703354
14.063238176525605,28.12647635305121
15.256100609644763,30.512201219289526
82.2543682841055,164.508736568211
39.6097929511238,79.2195859022476
6.441400885562009,12.882801771124019
2.2167021164617773,4.433404232923555
54.599976629586614,109.19995325917323
23.794989321265458,47.589978642530916
10.015311524009752,20.030623048019503
17.24275441170726,34.48550882341452
92.22093736758065,184.4418747351613
40.962958553300076,81.92591710660015
99.50435576879573,199.00871153759147
54.653611444280045,109.30722288856009
5.4686334104001695,10.937266820800339
62.15614516273514,124.31229032547029
23.972036288823418,47.944072577646835
74.6789776486725,149.357955297345
91.85594986521586,183.71189973043172
49.038631251651154,98.07726250330231
82.92465828779285,165.8493165755857
92.25945522884747,184.51891045769494
3.124710246226825,6.24942049245365
59.81262871396892,119.62525742793784
9.321160903001612,18.642321806003224
73.55890168313681,147.11780336627362
34.03451903352863,68.06903806705726
96.20999711033257,192.41999422066513
11.677446501927147,23.354893003854293
9.041855412424093,18.083710824848186
85.4783985836282,170.9567971672564
92.28587510461888,184.57175020923776
71.70113583301641,143.40227166603282
36.339434880962116,72.67886976192423
6.893353513975519,13.786707027951039
19.59591710457843,39.19183420915686
11.482082613961708,22.964165227923417
25.194932764008936,50.38986552801787
21.98772952337492,43.97545904674984
59.43711718622923,118.87423437245846
30.487671612840938,60.975343225681875
15.019461867100558,30.038923734201116
8.105075279651363,16.210150559302726
82.21406114454231,164.42812228908463
69.70939033640272,139.41878067280544
78.92305708449291,157.84611416898582
29.97742385417529,59.95484770835058
56.754803474210505,113.50960694842101
82.6317441555025,165.263488311005
3.5234175110246846,7.046835022049369
45.534304052008814,91.06860810401763
76.74456339746594,153.48912679493188
62.71243000166572,125.42486000333145
92.225762888395,184.45152577679
1.9298102183455956,3.8596204366911913
5.5488725706443915,11.097745141288783
62.623154478138765,125.24630895627753
13.762615234478726,27.525230468957453
26.13172922992123,52.26345845984246
38.565086472667055,77.13017294533411
87.28752869153745,174.5750573830749
44.87374616320496,89.74749232640993
22.401685212840395,44.80337042568079
60.235015750241736,120.47003150048347
31.726543795059904,63.45308759011981
90.44035082169121,180.88070164338242
74.29037654798648,148.58075309597297
88.89936441771478,177.79872883542956
17.09829730834236,34.19659461668472
69.76298864920709,139.52597729841418
77.70788303371393,155.41576606742785
52.27159215335034,104.54318430670068
95.60918604208275,191.2183720841655
10.743337130110087,21.486674260220173
32.74675373581496,65.49350747162993
9.791602478573525,19.58320495714705
49.04683627204167,98.09367254408335
80.26631478865099,160.53262957730198
76.51705374098438,153.03410748196876
83.45860380036196,166.9172076007239
89.41654599934179,178.83309199868359
95.03128715098694,190.06257430197388
51.34268449519382,102.68536899038764
90.19163777333067,180.38327554666134
7.204604906679757,14.409209813359514
61.43297889367416,122.86595778734832
82.86694345781324,165.73388691562647
83.75729171149571,167.51458342299142
34.21014607512345,68.4202921502469
46.91202074236681,93.82404148473363
82.85635508389456,165.7127101677891
99.25063412399824,198.50126824799648
68.07329906774159,136.14659813548317
80.20125654021946,160.40251308043892
68.95104171509197,137.90208343018395
1.9043393306844791,3.8086786613689583
31.686617167373633,63.373234334747266
99.36449487475008,198.72898974950016
72.45565186697695,144.9113037339539
18.17554988769866,36.35109977539732
29.636988852382117,59.273977704764235
27.198932947392297,54.397865894784594
17.08104117962734,34.16208235925468
74.75537071084536,149.5107414216907
4.744745404124117,9.489490808248235
8.14854306085424,16.29708612170848
67.65142492323245,135.3028498464649
25.24833341121415,50.4966668224283
33.75375321023563,67.50750642047126
54.487642855114615,108.97528571022923
25.014320698605097,50.028641397210194
43.50942283420797,87.01884566841593
77.7230492825625,155.446098565125
51.5629926713584,103.1259853427168
6.5746016423956615,13.149203284791323
63.516330934753974,127.03266186950795
24.2454997182428,48.4909994364856
49.907783083532884,99.81556616706577
76.87018380928926,153.74036761857852
92.3230290337021,184.6460580674042
86.39624857026716,172.79249714053432
94.91243784738886,189.82487569477772
42.217489866817296,84.43497973363459
50.427383198039855,100.85476639607971
47.09984052221823,94.19968104443646
44.39493129026878,88.78986258053756
14.285600675990262,28.571201351980523
61.356983803501606,122.71396760700321
48.71701886741937,97.43403773483874
54.51560236036688,109.03120472073375
80.98513794647207,161.97027589294413
45.46727275508135,90.9345455101627
66.52250388666486,133.04500777332973
26.26910008239841,52.53820016479682
48.59275830891927,97.18551661783854
96.65530373031504,193.31060746063008
0.5726041315056496,1.1452082630112992
30.90058436430749,61.80116872861498
50.279949181944026,100.55989836388805
61.88080723347229,123.76161446694458
14.447609439318487,28.895218878636975
99.56915384779661,199.13830769559323
2.5830669034488496,5.166133806897699
33.88063584095803,67.76127168191606
41.020553444892286,82.04110688978457
10.352152964195593,20.704305928391186
47.37128576153795,94.7425715230759
97.87167884719032,195.74335769438065
38.808375095437285,77.61675019087457
16.842848100617168,33.685696201234336
10.735919624999967,21.471839249999935
91.53288519015103,183.06577038030207
93.2231531272226,186.4463062544452
66.13533711054637,132.27067422109275
70.15395925100027,140.30791850200055
51.56541960578074,103.13083921156148
81.0910671736574,162.1821343473148
3.317241424226325,6.63448284845265
7.858353742921286,15.716707485842573
26.07450593105686,52.14901186211372
78.02307334003302,156.04614668006604
12.238207719601169,24.476415439202338
10.785481927977248,21.570963855954496
2.939546034317164,5.879092068634328
92.11716541328008,184.23433082656015
77.16259483006482,154.32518966012964
85.71404499369119,171.42808998738238
0.5581503145070887,1.1163006290141775
87.0539957050026,174.1079914100052
44.75428963310005,89.5085792662001
14.61743572237799,29.23487144475598
18.746934382411375,37.49386876482275
44.62003952843517,89.24007905687034
88.37311670898514,176.74623341797027
33.60122575047728,67.20245150095457
37.887915274047714,75.77583054809543
88.17543732666562,176.35087465333123
46.21423468288089,92.42846936576179
38.73513161271492,77.47026322542985
54.11242490707014,108.22484981414028
40.024442550000906,80.04888510000181
36.93451095252759,73.86902190505518
10.648990257779944,21.29798051555989
45.86325450330545,91.7265090066109
37.60137383230089,75.20274766460177
38.142834062880624,76.28566812576125
31.514402994731405,63.02880598946281
38.848763255930066,77.69752651186013
11.672158673808841,23.344317347617682
48.35412808847818,96.70825617695635
14.707390838854305,29.41478167770861
92.17771569930447,184.35543139860894
9.042457455082232,18.084914910164464
49.5911740706268,99.1823481412536
33.22012448596282,66.44024897192564
26.092130011918858,52.184260023837716
29.966346035418645,59.93269207083729
78.47913004585868,156.95826009171736
73.10985325147215,146.2197065029443
49.13272001133876,98.26544002267752
57.19748934005759,114.39497868011517
89.81777334344663,179.63554668689326
12.289899624194323,24.579799248388646
15.635236818344255,31.27047363668851
37.54736860599307,75.09473721198614
79.37533241780397,158.75066483560795
25.47387170149218,50.94774340298436
1.5669325736828,3.1338651473656
84.17656937460896,168.35313874921792
65.18872642409752,130.37745284819505
64.86822553491713,129.73645106983426
83.11348001670613,166.22696003341227
83.1934667642965,166.386933528593
45.91382458300994,91.82764916601988
18.295723117858344,36.59144623571669
2.6202058166770126,5.240411633354025
54.63885178364326,109.27770356728652
19.01933232952796,38.03866465905592
20.620964126141615,41.24192825228323
17.586056865439602,35.172113730879204
34.763141892381455,69.52628378476291
98.59234617136862,197.18469234273724
33.41439832137687,66.82879664275374
61.21182969162098,122.42365938324195
23.348374936147266,46.69674987229453
29.33810148538042,58.67620297076084
53.45868259869591,106.91736519739182
98.01456813894565,196.0291362778913
91.4380302596546,182.8760605193092
62.8804034799103,125.7608069598206
30.514896378632027,61.029792757264055
51.375812674547625,102.75162534909525
77.33368361996628,154.66736723993256
92.17979651315001,184.35959302630002
98.23857687359182,196.47715374718365
86.91174467171368,173.82348934342735
93.04122884315291,186.08245768630582
35.50711158574871,71.01422317149742
78.4295992409446,156.8591984818892
35.92615965806202,71.85231931612404
72.1430295040965,144.286059008193
52.023281837368984,104.04656367473797
22.909887177510214,45.81977435502043
86.55921472251227,173.11842944502453
3.677942302369719,7.355884604739438
50.76606911225188,101.53213822450375
68.02209512393847,136.04419024787694
31.362820428145643,62.725640856291285
97.48719507232306,194.97439014464612
65.17065588935185,130.3413117787037
68.04731911418665,136.0946382283733
22.576058751062313,45.152117502124625
81.37041011838231,162.74082023676462
10.698186095593742,21.396372191187485
90.07665278016943,180.15330556033885
53.297493734893834,106.59498746978767
1.8585704566946415,3.717140913389283
25.825155011266677,51.650310022533354
75.78886007810561,151.57772015621123
23.262101940080026,46.52420388016005
46.52476769428463,93.04953538856925
35.288911195290716,70.57782239058143
56.46182792800377,112.92365585600754
78.37315691517931,156.74631383035862
87.08035846165568,174.16071692331136
61.085740985564996,122.17148197112999
65.96502508475845,131.9300501695169
49.30720823469235,98.6144164693847
43.20388632076095,86.4077726415219
23.54390628040027,47.08781256080054
38.644506291351846,77.28901258270369
19.139159533161155,38.27831906632231
67.88519333895546,135.77038667791092
62.707433591488794,125.41486718297759
23.057421797437726,46.11484359487545
24.953732049686362,49.907464099372724
25.941428844641447,51.88285768928289
23.74765908887635,47.4953181777527
93.01197093271708,186.02394186543415
89.0307614090313,178.0615228180626
53.99653870526865,107.9930774105373
16.027331250082167,32.05466250016433
98.62835411855237,197.25670823710473
96.01488727476753,192.02977454953506
14.558975735877077,29.117951471754154
14.7801564239193,29.5603128478386
66.98116707074567,133.96233414149134
70.59369657348566,141.18739314697132
97.25165534947338,194.50331069894676
76.66437484893454,153.32874969786909
12.658309953136094,25.316619906272187
8.751953165964633,17.503906331929265
52.78550089936003,105.57100179872006
65.1723954193001,130.3447908386002
79.29195655435115,158.5839131087023
86.12347199987039,172.24694399974078
43.260104587774286,86.52020917554857
76.1324243662854,152.2648487325708
23.469671034680715,46.93934206936143
90.11151902907261,180.22303805814522
74.31357993314656,148.6271598662931
29.273946131330653,58.54789226266131
87.65726585984915,175.3145317196983
75.13342523349252,150.26685046698503
85.35611852170854,170.71223704341708
48.45653480629033,96.91306961258066
38.14195231176011,76.28390462352021
71.72957746021457,143.45915492042914
9.80448033500555,19.6089606700111
36.76380015444437,73.52760030888874
71.37075578547532,142.74151157095065
30.8257615879885,61.651523175977
8.164431333115951,16.328862666231903
44.83788122335361,89.67576244670722
32.994077508247976,65.98815501649595
59.39201811766374,118.78403623532748
91.46595851058726,182.9319170211745
36.37887561826063,72.75775123652126
84.47406249087065,168.9481249817413
11.356539269087417,22.713078538174834
91.07764400992284,182.15528801984567
92.43006047438729,184.86012094877458
85.64213599909598,171.28427199819197
3.5992864607037767,7.198572921407553
33.45633070244143,66.91266140488285
64.61514776310409,129.23029552620818
65.4259702849702,130.8519405699404
52.942908624836214,105.88581724967243
9.058046144913856,18.116092289827712
81.18193725066268,162.36387450132537
94.72857536192572,189.45715072385144
41.76009578098837,83.52019156197674
50.41652621026761,100.83305242053522
94.20957058351112,188.41914116702225
37.716468352841495,75.43293670568299
55.74176540386661,111.48353080773322
94.47727351743828,188.95454703487655
3.778354173011611,7.556708346023222
58.222770905636736,116.44554181127347
93.60152364569846,187.20304729139693
42.579572498661776,85.15914499732355
84.89407839863638,169.78815679727276
77.05143010522416,154.1028602104483
8.972892592858695,17.94578518571739
20.108921784551203,40.217843569102406
36.68573344080254,73.37146688160507
45.42357877598302,90.84715755196603
56.008155037156534,112.01631007431307
59.45768408392637,118.91536816785273
38.66361575811096,77.32723151622191
4.309100566715884,8.618201133431768
56.927441567166284,113.85488313433257
51.284519529984415,102.56903905996883
98.47446166641674,196.9489233328335
83.57109345279362,167.14218690558724
14.55209778841563,29.10419557683126
62.96769909785731,125.93539819571463
44.83782338938545,89.6756467787709
61.217145832379735,122.43429166475947
17.04157877243254,34.08315754486508
63.568873475243535,127.13774695048707
91.57802302560334,183.1560460512067
65.11692048197169,130.23384096394338
15.58854693949474,31.17709387898948
61.91644664602467,123.83289329204933
29.8112069077209,59.6224138154418
45.75661003027738,91.51322006055476
79.85189678580939,159.70379357161877
53.29459899566964,106.58919799133928
68.69702639240874,137.3940527848175
54.29196310237449,108.58392620474898
92.66520271183516,185.33040542367033
91.43395072683856,182.86790145367712
57.387139390361355,114.77427878072271
44.458743279346095,88.91748655869219
6.921086255042985,13.84217251008597
47.42870204644368,94.85740409288736
12.275793606650554,24.551587213301108
75.58522445276095,151.1704489055219
80.72650042276831,161.45300084553662
74.34168362930922,148.68336725861843
3.508111819186177,7.016223638372354
12.667430002260838,25.334860004521676
19.549879644661004,39.09975928932201
54.50870443681091,109.01740887362182
79.86133908881393,159.72267817762787
61.97438265517944,123.94876531035888
96.18148484057278,192.36296968114556
69.92615249208535,139.8523049841707
20.53194716623422,41.06389433246844
64.96565085936093,129.93130171872187
39.82300869434514,79.64601738869028
71.620624244816,143.241248489632
21.14090885668548,42.28181771337096
35.87810105413438,71.75620210826877
16.81732512664409,33.63465025328818
9.453746817588327,18.907493635176653
39.103605161470554,78.20721032294111
57.34103294355493,114.68206588710986
47.34454331595127,94.68908663190254
36.03182918375527,72.06365836751054
76.24011018829509,152.48022037659018
46.96650656842808,93.93301313685616
85.83923404153339,171.67846808306678
36.498463566280456,72.99692713256091
33.8828812129331,67.7657624258662
43.30609666787478,86.61219333574957
48.62481403682592,97.24962807365183
6.5703985913982965,13.140797182796593
45.90079840623908,91.80159681247817
29.52290061504087,59.04580123008174
67.30442849458103,134.60885698916206
38.716565896400326,77.43313179280065
94.63127207211906,189.26254414423812
52.76011357644226,105.52022715288452
19.256355428167026,38.51271085633405
94.50465356513682,189.00930713027364
23.108156324282948,46.216312648565896
45.839238536102066,91.67847707220413
62.87167163540657,125.74334327081314
26.11005660444673,52.22011320889346
77.24848515687079,154.49697031374157
85.8268436734807,171.6536873469614
14.72696363109679,29.45392726219358
49.22357677375571,98.44715354751142
47.00156029263458,94.00312058526916
73.20208979276813,146.40417958553627
57.813690602882915,115.62738120576583
96.68031159612015,193.3606231922403
90.75318418347895,181.5063683669579
11.622625950475818,23.245251900951637
6.210428271772717,12.420856543545433
64.61670822197067,129.23341644394134
85.66591972142415,171.3318394428483
7.148463627031965,14.29692725406393
18.53554357376497,37.07108714752994
1.7998388033681145,3.599677606736229
0.09926755505763607,0.19853511011527214
66.86612134489685,133.7322426897937
61.744560957254016,123.48912191450803
28.63794970370406,57.27589940740812
23.423720509292455,46.84744101858491
93.90112220864621,187.80224441729243
62.16812945727174,124.33625891454348
29.64841896413838,59.29683792827676
2.2635591160602764,4.527118232120553
60.1619329557961,120.3238659115922
3.3882180569322906,6.776436113864581
59.90687260183057,119.81374520366114
74.33171155190166,148.66342310380332
22.244781974637363,44.489563949274725
2.415371675403566,4.830743350807132
76.44356783606797,152.88713567213594
10.762083622089136,21.524167244178273
52.65782991885113,105.31565983770226
44.169939444393066,88.33987888878613
74.74582192814118,149.49164385628237
43.059555071170074,86.11911014234015
58.26615603621206,116.53231207242412
30.64092171113819,61.28184342227638
52.81515675335241,105.63031350670482
75.74946913455432,151.49893826910863
47.003665543885,94.00733108777
47.06974826111087,94.13949652222173
35.63990091370128,71.27980182740257
37.58252293310689,75.16504586621377
5.578590223980662,11.157180447961323
63.503896424388714,127.00779284877743
2.269144216222563,4.538288432445126
80.45432151131102,160.90864302262204
75.52369751304083,151.04739502608166
5.519997921899433,11.039995843798867
48.04465342632659,96.08930685265318
70.26905300725645,140.5381060145129
90.97252875844339,181.94505751688678
10.17427870076112,20.34855740152224
11.957555689794141,23.915111379588282
48.93513882332936,97.87027764665872
98.8537242712115,197.707448542423
82.71454524711162,165.42909049422323
14.008054016903637,28.016108033807274
54.59116719372704,109.18233438745408
97.2178321100127,194.4356642200254
9.82589695880608,19.65179391761216
40.63349357165633,81.26698714331266
53.96389464661737,107.92778929323474
81.9196549616849,163.8393099233698
15.710049879472166,31.420099758944332
17.157728542755745,34.31545708551149
44.789104821978874,89.57820964395775
19.18026466545748,38.36052933091496
81.91354735660794,163.82709471321587
93.84041920337755,187.6808384067551
38.05168542935405,76.1033708587081
66.08023809513298,132.16047619026597
93.48582164792722,186.97164329585445
41.80662737611409,83.61325475222819
66.44081649284436,132.88163298568873
45.32066244687577,90.64132489375154
26.682690238011595,53.36538047602319
66.54677072690467,133.09354145380934
95.48882549865714,190.97765099731427
81.07109792748409,162.14219585496818
33.32450000486491,66.64900000972982
70.20221981418045,140.4044396283609
96.2135832563569,192.4271665127138
75.74383207606436,151.48766415212873
7.981118563796407,15.962237127592815
72.7537048642398,145.5074097284796
72.37940580870018,144.75881161740037
17.366576423668413,34.733152847336825
74.28276519785462,148.56553039570923
41.4068746300698,82.8137492601396
85.95724872267158,171.91449744534316
89.64863156394058,179.29726312788117
28.300504694120953,56.601009388241906
77.44561408726466,154.89122817452932
87.76643369797283,175.53286739594566
34.21522387702773,68.43044775405546
13.5581723568032,27.1163447136064
77.25199038516412,154.50398077032824
46.109672307505136,92.21934461501027
6.3561586929327,12.7123173858654
82.39928044905595,164.7985608981119
64.55133243433131,129.10266486866263
17.080350853930383,34.16070170786077
15.75233805415337,31.50467610830674
28.719003117397747,57.438006234795495
46.91744604390728,93.83489208781457
6.127237603997237,12.254475207994474
86.13011826703266,172.2602365340653
7.4358189833643955,14.871637966728791
80.60379263094343,161.20758526188686
99.69397791262115,199.3879558252423
95.86833373495234,191.7366674699047
12.928867821334434,25.857735642668867
12.666066781820662,25.332133563641325
10.191884096031833,20.383768192063666
31.894629894930972,63.789259789861944
30.81290351564564,61.62580703129128
10.500746718583864,21.001493437167728
58.82655835580205,117.6531167116041
47.956437746613226,95.91287549322645
68.48067310265044,136.96134620530088
42.0997762532787,84.1995525065574
61.33047819985384,122.66095639970769
24.340132730993492,48.680265461986984
4.528868402991781,9.057736805983563
1.3371411839282032,2.6742823678564065
17.919145399619186,35.83829079923837
22.42916111540315,44.8583222308063
89.05614898228333,178.11229796456666
13.472460464022651,26.944920928045303
67.59807590832834,135.19615181665668
51.38613830913469,102.77227661826937
71.1522000079726,142.3044000159452
92.89497038516586,185.78994077033173
89.54922779407633,179.09845558815266
45.56411735552922,91.12823471105844
96.39196899035207,192.78393798070414
57.33521322644653,114.67042645289305
0.31513973685804997,0.6302794737160999
39.111593641318656,78.22318728263731
23.73945155605646,47.47890311211292
44.167145484427515,88.33429096885503
61.62975361662713,123.25950723325425
92.63991531724996,185.27983063449992
35.96379215941348,71.92758431882696
76.05788638190086,152.11577276380171
15.010448711096968,30.020897422193936
77.32222865326321,154.64445730652642
99.43921970178673,198.87843940357345
9.770377245790574,19.540754491581147
76.60327463428874,153.20654926857748
83.0660250953677,166.1320501907354
10.25080782524277,20.50161565048554
48.126304280568476,96.25260856113695
36.528191769339266,73.05638353867853
46.81522349888279,93.63044699776557
70.85825680595663,141.71651361191326
8.067627237434339,16.135254474868677
19.105233988593895,38.21046797718779
25.00399814997396,50.00799629994792
47.08824278657833,94.17648557315665
15.850866045774925,31.70173209154985
89.8707067314202,179.7414134628404
70.85873727885014,141.71747455770029
88.19677915568917,176.39355831137834
51.37152682497344,102.74305364994687
83.02326998364897,166.04653996729795
0.6978570573758502,1.3957141147517005
13.23815795439247,26.47631590878494
8.175345717455873,16.350691434911745
2.096333077197765,4.19266615439553
59.75831445973574,119.51662891947149
33.541401219253174,67.08280243850635
47.33031969800372,94.66063939600744
91.48867469528498,182.97734939056997
30.821380245554064,61.64276049110813
61.09511970689104,122.19023941378208
71.75707582171962,143.51415164343925
36.070221105574795,72.14044221114959
17.79176729133104,35.58353458266208
23.43019318265145,46.8603863653029
50.840822975495506,101.68164595099101
24.144226815177205,48.28845363035441
59.86185461024501,119.72370922049002
6.780416085448238,13.560832170896475
98.98222320002081,197.96444640004162
45.78230212527953,91.56460425055906
43.68902279078027,87.37804558156054
43.41067850914925,86.8213570182985
11.83684196560022,23.67368393120044
13.597688743203207,27.195377486406414
69.58157807699172,139.16315615398344
48.890475868456264,97.78095173691253
34.77868597907023,69.55737195814046
89.35504931638728,178.71009863277456
51.21278364761485,102.4255672952297
60.04833224242301,120.09666448484602
69.85624483971658,139.71248967943316
67.79539761340453,135.59079522680906
61.99052392784954,123.98104785569907
61.53067748222652,123.06135496445305
47.401252682507845,94.80250536501569
92.87072766291911,185.74145532583822
62.62952923062822,125.25905846125644
54.339057530580114,108.67811506116023
64.4665632821647,128.9331265643294
24.585828243889164,49.17165648777833
56.345532751867,112.691065503734
50.610641790140974,101.22128358028195
28.404516340202502,56.809032680405004
20.396614554861493,40.793229109722986
15.179834280344885,30.35966856068977
83.60254180530364,167.2050836106073
92.28305809356614,184.56611618713228
57.33368704811785,114.6673740962357
30.13453681670798,60.26907363341596
59.2508323129483,118.5016646258966
24.42949324882464,48.85898649764928
44.047328816169895,88.09465763233979
57.9481120854984,115.8962241709968
11.646687462006877,23.293374924013754
30.892938912031266,61.78587782406253
57.704388719649835,115.40877743929967
42.83718050399658,85.67436100799316
86.87153620752342,173.74307241504684
86.82846560322997,173.65693120645994
31.262958915079707,62.525917830159415
25.891725484406404,51.78345096881281
64.29580595558639,128.59161191117278
94.92409667983162,189.84819335966324
63.40594138597899,126.81188277195798
87.77063688972193,175.54127377944386
42.34892797599596,84.69785595199193
0.7498810045965976,1.4997620091931951
30.82000784824985,61.6400156964997
60.62922112948029,121.25844225896059
92.76471319850063,185.52942639700126
18.50867882147159,37.01735764294318
8.6914058556545,17.382811711309
85.37937885872951,170.75875771745902
90.46015499081003,180.92030998162005
86.53296913099778,173.06593826199557
35.470958557431764,70.94191711486353
67.18530620246513,134.37061240493026
14.529571533216956,29.05914306643391
76.13390376511829,152.26780753023658
19.402541049717914,38.80508209943583
47.825420674247695,95.65084134849539
82.69412496676195,165.3882499335239
15.956361883899827,31.912723767799655
44.7332234738153,89.4664469476306
84.35548880603577,168.71097761207153
46.94393197736322,93.88786395472644
65.43399913234924,130.86799826469849
24.151548973326154,48.30309794665231
46.01722298561193,92.03444597122386
96.44076767185936,192.88153534371872
14.757319776799903,29.514639553599807
48.12942322278809,96.25884644557618
54.627695241395536,109.25539048279107
75.19968744820099,150.39937489640198
21.21747751166613,42.43495502333226
11.828106300247699,23.656212600495397
2.2058890078584414,4.411778015716883
98.97723690321762,197.95447380643523
43.52451100854589,87.04902201709179
32.064758259102724,64.12951651820545
49.6775159934569,99.3550319869138
56.68676710071223,113.37353420142446
17.655873447148785,35.31174689429757
61.83723427354849,123.67446854709698
89.44987894864488,178.89975789728976
80.23413821669807,160.46827643339614
4.618896667021399,9.237793334042799
18.571765647669658,37.143531295339315
70.9788657112187,141.9577314224374
65.1681986749071,130.3363973498142
4.077779195899067,8.155558391798134
35.0233973435582,70.0467946871164
83.2519057970525,166.503811594105
0.23693736917173025,0.4738747383434605
6.356063051664629,12.712126103329258
47.54225230822483,95.08450461644966
65.49207478197387,130.98414956394774
54.15045292750635,108.3009058550127
63.41078920589235,126.8215784117847
30.247349578982774,60.49469915796555
61.773423215436985,123.54684643087397
47.57290978720721,95.14581957441442
15.048184525523256,30.096369051046512
77.18881249766791,154.37762499533582
82.64689923303928,165.29379846607856
60.24851255804767,120.49702511609534
30.885427437940972,61.770854875881945
7.031669460224343,14.063338920448686
41.08262967283741,82.16525934567483
15.217932396756407,30.435864793512813
11.829238585768397,23.658477171536795
3.248762831629304,6.497525663258608
67.63224228773844,135.26448457547687
38.767642278285855,77.53528455657171
90.13933522639189,180.27867045278379
5.77983780974991,11.55967561949982
28.535310547189685,57.07062109437937
91.23978234231294,182.47956468462587
45.157578485232484,90.31515697046497
30.5621207274993,61.1242414549986
95.5219975226398,191.0439950452796
36.2360409719533,72.4720819439066
31.26600726576877,62.53201453153754
15.25312788451788,30.50625576903576
21.976992865048572,43.953985730097145
50.552561973014875,101.10512394602975
98.41162262848063,196.82324525696126
83.60226525654984,167.20453051309968
79.76680724730733,159.53361449461465
4.870630134374299,9.741260268748597
85.88225053640869,171.76450107281738
24.403991387903503,48.807982775807005
37.078360805993725,74.15672161198745
98.27041203646505,196.5408240729301
7.209942199664798,14.419884399329597
14.113882781736864,28.227765563473728
68.52509968941852,137.05019937883705
31.373519554609096,62.74703910921819
16.361399885154228,32.722799770308455
1.9001957200923125,3.800391440184625
29.02487587648731,58.04975175297462
41.17007688661447,82.34015377322893
41.93880717015412,83.87761434030824
91.9357319439366,183.8714638878732
85.37696180090349,170.75392360180697
53.23294721314049,106.46589442628098
90.36305845214649,180.72611690429298
80.73699232052668,161.47398464105336
21.319868040526046,42.63973608105209
93.59140235815018,187.18280471630035
69.29118365593457,138.58236731186915
99.39161361661925,198.7832272332385
14.74573386515672,29.49146773031344
42.162492104165125,84.32498420833025
16.765444141963993,33.530888283927986
73.713571985142,147.427143970284
35.65387583887746,71.30775167775492
92.70354546048274,185.4070909209655
90.5632052564941,181.1264105129882
72.84063352369385,145.6812670473877
37.10714286494961,74.21428572989922
11.4553277120664,22.9106554241328
42.377849727209835,84.75569945441967
43.9718856645771,87.9437713291542
74.56639789646088,149.13279579292177
9.863913198465447,19.727826396930894
70.92528619139678,141.85057238279356
51.91817685331029,103.83635370662059
0.6634911965231582,1.3269823930463165
61.79100738035221,123.58201476070442
72.08015333054323,144.16030666108645
51.47766174615974,102.95532349231948
79.96343001671309,159.92686003342618
44.12507159944602,88.25014319889203
76.02079310928039,152.04158621856078
68.6817665656544,137.3635331313088
27.506661174920033,55.01332234984007
57.114052056827944,114.22810411365589
14.083195454167164,28.16639090833433
47.15581047933009,94.31162095866019
86.87284284582518,173.74568569165035
11.623391074934641,23.246782149869283
2.646666131752451,5.293332263504902
75.48870744400959,150.97741488801918
98.8310813111766,197.6621626223532
78.9899272138909,157.9798544277818
52.684938295048454,105.36987659009691
1.1522579069729644,2.3045158139459287
78.38650092958115,156.7730018591623
87.54927769614305,175.0985553922861
62.04644566403439,124.09289132806877
7.693493872113533,15.386987744227065
1.7756074232068708,3.5512148464137416
99.27810868710215,198.5562173742043
79.27191933434582,158.54383866869165
74.91273220860866,149.82546441721732
7.00910044007056,14.01820088014112
22.130561556914262,44.261123113828525
49.815938340099265,99.63187668019853
70.87014516807375,141.7402903361475
24.690526001026825,49.38105200205365
53.44946627439878,106.89893254879756
50.252117253646425,100.50423450729285
74.38320578347407,148.76641156694814
34.93571754779411,69.87143509558823
67.56327045156051,135.12654090312103
54.7061337034698,109.4122674069396
64.35812658714666,128.7162531742933
60.817784604650086,121.63556920930017
97.14561126216773,194.29122252433547
49.918437424388515,99.83687484877703
96.99169496427761,193.98338992855523
25.395360994537242,50.790721989074484
30.081591194809988,60.163182389619976
32.3613735169388,64.7227470338776
69.12595840972543,138.25191681945086
7.133866909362729,14.267733818725459
25.83022996146601,51.66045992293202
59.13511135094317,118.27022270188634
4.360520239278776,8.721040478557551
59.46379990204701,118.92759980409402
15.1924475844198,30.3848951688396
50.30070290382842,100.60140580765685
8.08405053858583,16.16810107717166
30.182722985976838,60.365445971953676
53.929703817379504,107.85940763475901
29.631766424239935,59.26353284847987
56.59019871547658,113.18039743095316
51.15048487642587,102.30096975285174
28.228609424441174,56.45721884888235
42.38667736782248,84.77335473564496
8.576323594077472,17.152647188154944
32.87742659404987,65.75485318809974
60.40556079678606,120.81112159357212
31.506463925954677,63.01292785190935
30.958554231400104,61.91710846280021
76.97015849880437,153.94031699760873
66.40528738876031,132.81057477752063
74.18997789573363,148.37995579146727
89.61209924905059,179.22419849810117
27.305218007625886,54.61043601525177
10.661774840637472,21.323549681274944
4.004484709231704,8.008969418463408
96.13639782804748,192.27279565609496
78.35213944696605,156.7042788939321
70.67768493657016,141.35536987314032
22.762269754603903,45.524539509207806
13.723176165289297,27.446352330578595
30.76670876419607,61.53341752839214
58.864326909397555,117.72865381879511
33.18189246226198,66.36378492452396
92.73278247612659,185.46556495225317
82.58815673898913,165.17631347797825
48.25379546516929,96.50759093033858
4.881926427295625,9.76385285459125
20.466593612850115,40.93318722570023
14.895665585920426,29.791331171840852
18.41630084235818,36.83260168471636
51.67193624345416,103.34387248690832
32.877485878756175,65.75497175751235
4.521112406246908,9.042224812493815
91.17431721794453,182.34863443588907
75.31693648390811,150.63387296781622
88.05415125201336,176.1083025040267
46.31133643540978,92.62267287081956
84.87719401368868,169.75438802737736
44.44873221225558,88.89746442451116
95.04543118756531,190.09086237513063
8.58933914463793,17.17867828927586
11.755452896101648,23.510905792203296
83.72045999453013,167.44091998906026
23.164504961589916,46.32900992317983
41.83927194431549,83.67854388863098
91.76718253198067,183.53436506396133
50.92067772073605,101.8413554414721
32.530551468153725,65.06110293630745
48.82755059519851,97.65510119039702
54.400755944814435,108.80151188962887
37.12024869012974,74.24049738025948
5.042100650110248,10.084201300220496
87.20643333885529,174.41286667771058
85.14708057165628,170.29416114331255
11.499562887162684,22.999125774325368
90.57598041572625,181.1519608314525
92.42079737067088,184.84159474134177
27.514927017625755,55.02985403525151
87.36747700265192,174.73495400530385
1.516283207584368,3.032566415168736
81.3661241687871,162.7322483375742
41.781370901715476,83.56274180343095
45.78256417797124,91.56512835594248
47.063940914350056,94.12788182870011
64.37125918524964,128.74251837049928
3.8527487759101975,7.705497551820395
75.19176081950555,150.3835216390111
44.17734198913573,88.35468397827147
5.19463610063845,10.3892722012769
90.61308832086324,181.22617664172648
54.50971856244122,109.01943712488244
22.033402670594594,44.06680534118919
11.006909905924623,22.013819811849245
9.4122509590283,18.8245019180566
35.548824270003266,71.09764854000653
58.099242097615154,116.19848419523031
48.59764151239651,97.19528302479301
62.32671211925959,124.65342423851918
37.54988663451255,75.0997732690251
47.14219246837735,94.2843849367547
87.21931852640688,174.43863705281376
13.753150265721958,27.506300531443916
43.219416379581965,86.43883275916393
80.29949371842218,160.59898743684437
40.19093817328921,80.38187634657842
90.27701534388625,180.5540306877725
58.141246020027246,116.28249204005449
33.8562536417628,67.7125072835256
3.7343550005381476,7.468710001076295
69.35076439864724,138.7015287972945
6.797337490324895,13.59467498064979
58.56721131716657,117.13442263433313
18.15894025070096,36.31788050140192
34.4991067747436,68.9982135494872
86.75619615600874,173.51239231201748
16.127322020282897,32.25464404056579
13.069936847266717,26.139873694533435
99.51263287218089,199.02526574436177
19.294136087760695,38.58827217552139
90.16837212116612,180.33674424233223
94.18691952943384,188.37383905886767
85.56722243990436,171.1344448798087
31.783789366380777,63.567578732761554
39.14395206416178,78.28790412832356
31.60851479346175,63.2170295869235
16.572154565698703,33.14430913139741
55.181924688490305,110.36384937698061
31.536029349002735,63.07205869800547
9.271256472639056,18.542512945278112
53.62163775315497,107.24327550630994
93.94515796075768,187.89031592151537
59.7009299829812,119.4018599659624
35.85808286228742,71.71616572457484
87.52120643032752,175.04241286065505
80.42402109432693,160.84804218865386
95.46252224737295,190.9250444947459
77.77830917500792,155.55661835001584
13.311892343043308,26.623784686086616
21.893917548625986,43.78783509725197
77.3738544939834,154.7477089879668
85.61549962908886,171.23099925817772
59.49233192634254,118.98466385268507
90.53648515903778,181.07297031807556
10.077610169707507,20.155220339415013
86.52967867468695,173.0593573493739
71.24853069073251,142.49706138146502
63.47703131620817,126.95406263241634
83.75306020035018,167.50612040070035
67.7623743177831,135.5247486355662
3.906387223482466,7.812774446964932
21.631447161492023,43.262894322984046
92.27430155882341,184.54860311764682
46.8286734120525,93.657346824105
15.69216772897164,31.38433545794328
97.66498565450681,195.32997130901362
46.03641631746071,92.07283263492143
33.433581131265036,66.86716226253007
28.95842042194966,57.91684084389932
9.561655458718377,19.123310917436754
15.616922381573895,31.23384476314779
0.6879148891786535,1.375829778357307
59.780993970252474,119.56198794050495
5.237682129639021,10.475364259278042
59.04378829493291,118.08757658986582
35.8795448750584,71.7590897501168
75.44031763792412,150.88063527584825
79.13470483458036,158.26940966916072
8.545985496838803,17.091970993677606
97.51778694440644,195.03557388881288
96.25674157075555,192.5134831415111
97.94738243348144,195.89476486696287
90.33832813122018,180.67665626244036
64.39635809770628,128.79271619541257
63.61775772492808,127.23551544985617
73.50376932555152,147.00753865110303
84.83015730345753,169.66031460691505
93.99170352193259,187.98340704386518
77.83597749973117,155.67195499946234
18.292120705519434,36.58424141103887
7.705816446856506,15.411632893713012
38.79075754485255,77.5815150897051
44.76285989578111,89.52571979156222
73.48949561854299,146.97899123708598
30.677914178157305,61.35582835631461
34.96553662762155,69.9310732552431
46.00428009228451,92.00856018456902
30.155494073660083,60.31098814732017
4.09958132130035,8.1991626426007
63.438054292825164,126.87610858565033
59.96866380538278,119.93732761076556
31.656141395963424,63.31228279192685
8.75866293188814,17.51732586377628
34.66278658526982,69.32557317053964
95.52882837793645,191.0576567558729
52.630501282843014,105.26100256568603
34.17042464955469,68.34084929910938
99.24361146737303,198.48722293474606
7.646585222638603,15.293170445277205
64.05299519197492,128.10599038394983
42.73304257163001,85.46608514326002
41.004659530008105,82.00931906001621
43.803326725097314,87.60665345019463
97.72331248438584,195.4466249687717
38.230901377799896,76.46180275559979
88.85640352874631,177.71280705749263
80.63312353109268,161.26624706218536
21.465782991223172,42.931565982446344
12.386532785682093,24.773065571364185
85.9171027219152,171.8342054438304
14.081972639178364,28.163945278356728
16.23433817793858,32.46867635587716
21.31415098379027,42.62830196758054
43.49282818779354,86.98565637558708
39.03884685411994,78.07769370823988
16.30607542383975,32.6121508476795
19.52767199544465,39.0553439908893
81.61193640990011,163.22387281980022
16.529517682419648,33.059035364839296
5.96753762370259,11.93507524740518
7.833258849902613,15.666517699805226
98.77975167557855,197.5595033511571
82.49561002807543,164.99122005615087
42.90080217016066,85.80160434032132
1.6280268671181153,3.2560537342362306
42.01626043606995,84.0325208721399
51.02261663725183,102.04523327450366
77.78664670958064,155.57329341916127
24.752669633475357,49.50533926695071
9.033179767040167,18.066359534080334
24.68380915372581,49.36761830745162
84.0042455126646,168.0084910253292
58.88181248298676,117.76362496597352
31.585666115893375,63.17133223178675
68.35618679848166,136.71237359696332
63.73200376705883,127.46400753411766
16.207641181420406,32.41528236284081
29.712706051318104,59.42541210263621
20.542016507009976,41.08403301401995
47.08289188925024,94.16578377850048
27.88771463176094,55.77542926352188
74.3216010508423,148.6432021016846
39.36275172585334,78.72550345170669
84.8321718537842,169.6643437075684
21.399323156562378,42.798646313124756
84.83531544433363,169.67063088866726
2.2951691077727987,4.590338215545597
3.034432128452702,6.068864256905404
84.13844881268481,168.27689762536963
90.68514019966051,181.37028039932102
74.32232277987146,148.6446455597429
90.50977069615536,181.0195413923107
62.64764922369637,125.29529844739274
6.020212389107638,12.040424778215275
3.051363743157165,6.10272748631433
7.774622486527871,15.549244973055742
52.04805247580888,104.09610495161776
52.05104289032737,104.10208578065475
91.32258384972201,182.64516769944402
37.09488288296642,74.18976576593283
40.949355795340914,81.89871159068183
85.72713182745862,171.45426365491724
83.56029721380811,167.12059442761623
68.4860358223363,136.9720716446726
18.50002980931936,37.00005961863872
47.40491367271695,94.8098273454339
84.49085435393968,168.98170870787936
66.5904625922222,133.1809251844444
74.40826216341351,148.81652432682702
90.00378680041861,180.00757360083722
92.25975544174291,184.51951088348582
46.91950857073726,93.83901714147451
29.384946333773076,58.76989266754615
37.69945606077961,75.39891212155922
4.100382955997706,8.200765911995411
46.55465993248663,93.10931986497326
12.49826959406053,24.99653918812106
90.16617052424037,180.33234104848074
17.24462447148598,34.48924894297196
16.556111660307504,33.11222332061501
39.636711665003745,79.27342333000749
51.98590712514897,103.97181425029794
79.58313565939025,159.1662713187805
74.22396340187962,148.44792680375923
38.948653946440984,77.89730789288197
87.58693542439723,175.17387084879445
89.24803428456157,178.49606856912314
71.07100483296837,142.14200966593674
49.75317397763186,99.50634795526372
49.8981785853042,99.7963571706084
4.6703870192283725,9.340774038456745
95.33938492803726,190.67876985607452
91.14925801679586,182.2985160335917
13.78259131290328,27.56518262580656
71.50864569019608,143.01729138039215
54.31927581125861,108.63855162251723
63.509498520771636,127.01899704154327
92.13926269935419,184.27852539870838
72.09628718813275,144.1925743762655
65.10772537671295,130.2154507534259
18.31424254543592,36.62848509087184
12.406361507477559,24.812723014955118
18.795400690548668,37.590801381097336
59.71401817412742,119.42803634825484
55.53356491171916,111.06712982343832
67.44413304981423,134.88826609962845
51.28783130849058,102.57566261698116
73.83489371246463,147.66978742492927
43.59179004376833,87.18358008753665
74.02157925678357,148.04315851356714
32.58725803568865,65.1745160713773
7.113518895997995,14.22703779199599
55.356372633077854,110.71274526615571
65.55091808374259,131.10183616748517
68.34110023136236,136.68220046272472
7.055263561131053,14.110527122262106
11.64594626337233,23.29189252674466
98.86704687935595,197.7340937587119
20.3293582912064,40.6587165824128
27.245641700586496,54.49128340117299
96.4936030060084,192.9872060120168
42.81832950035602,85.63665900071204
91.36557620900908,182.73115241801816
9.090745048100757,18.181490096201514
26.460185944896097,52.92037188979219
92.18213282891685,184.3642656578337
9.905702617269462,19.811405234538924
90.71828014710083,181.43656029420166
26.31429496851212,52.62858993702424
20.74283538372349,41.48567076744698
25.55520984378692,51.11041968757384
64.86848322744237,129.73696645488474
62.02536241150195,124.0507248230039
94.17340430560995,188.3468086112199
28.400703248965755,56.80140649793151
45.607714233353015,91.21542846670603
34.64254327576036,69.28508655152072
32.621118889958545,65.24223777991709
12.106808623440724,24.213617246881448
43.60867245501873,87.21734491003745
12.310684449960242,24.621368899920483
16.180572283502602,32.361144567005205
52.14651612267549,104.29303224535099
98.36367191343015,196.7273438268603
29.943625006415086,59.88725001283017
19.864052633155616,39.72810526631123
76.9590125167759,153.9180250335518
95.83563641789631,191.67127283579262
52.02168251172146,104.04336502344292
74.40465101752275,148.8093020350455
8.467778680122917,16.935557360245834
66.56834846407507,133.13669692815014
58.826061866460165,117.65212373292033
95.05966476068429,190.11932952136857
90.17028818853454,180.34057637706908
45.13613717412448,90.27227434824896
59.65720416805331,119.31440833610662
30.445091624416843,60.89018324883369
36.410212221438954,72.82042444287791
92.35056443965473,184.70112887930946
4.750421713135866,9.500843426271732
32.95790424565273,65.91580849130546
58.69334987111265,117.3866997422253
62.73342793465372,125.46685586930744
45.773453058155866,91.54690611631173
46.83200603564054,93.66401207128108
12.672419209323326,25.344838418646653
45.30513878604009,90.61027757208018
36.944320409518596,73.88864081903719
35.24812014469967,70.49624028939934
82.74342771812454,165.48685543624907
66.55536469387403,133.11072938774805
14.655255206596628,29.310510413193256
39.85416189912553,79.70832379825106
68.44256750684758,136.88513501369516
36.97788483527551,73.95576967055102
55.366645609459795,110.73329121891959
71.29885525931071,142.59771051862143
37.38543396275589,74.77086792551178
55.25182062015854,110.50364124031708
53.03459565501954,106.06919131003907
54.36952837314997,108.73905674629994
5.558921738146461,11.117843476292922
11.728216903010969,23.456433806021938
20.802188901118257,41.60437780223651
72.65162998468297,145.30325996936594
91.0978458313152,182.1956916626304
64.86381947381871,129.72763894763742
3.451484754363232,6.902969508726464
65.25179313978771,130.50358627957542
81.13087547727035,162.2617509545407
28.19517788463545,56.3903557692709
6.210172670500091,12.420345341000182
68.12306819690956,136.2461363938191
63.84104519291124,127.68209038582248
56.74718215432433,113.49436430864866
90.96995301202547,181.93990602405094
45.06698485582423,90.13396971164846
95.08854778444979,190.17709556889957
96.16489088048495,192.3297817609699
5.1412675807540715,10.282535161508143
73.79072799203762,147.58145598407523
62.70047803954545,125.4009560790909
26.56741503598745,53.1348300719749
12.121763151694765,24.24352630338953
77.64145113467505,155.2829022693501
60.15992526516516,120.31985053033031
59.62334563213085,119.2466912642617
47.08665121080416,94.17330242160833
30.696163430430623,61.392326860861246
9.837593437662907,19.675186875325814
88.69536215209764,177.3907243041953
83.23053120599337,166.46106241198675
61.81504168046787,123.63008336093574
56.286227823330115,112.57245564666023
46.372017804135425,92.74403560827085
3.0676766403915923,6.1353532807831845
97.9441201794926,195.8882403589852
79.19509967264523,158.39019934529045
7.167110392918675,14.33422078583735
5.589191058688003,11.178382117376007
77.43298185388554,154.86596370777107
67.09303620834686,134.18607241669372
26.86701891453992,53.73403782907984
80.54262215635102,161.08524431270203
38.37677681072451,76.75355362144902
85.08562708470522,170.17125416941045
86.56038987956194,173.12077975912388
39.27960046923775,78.5592009384755
70.76865313756844,141.53730627513687
44.897359878737284,89.79471975747457
60.43064634903875,120.8612926980775
97.78793134485775,195.5758626897155
23.742161551843978,47.484323103687956
80.15458216894703,160.30916433789406
14.446297334380843,28.892594668761685
41.972629406361364,83.94525881272273
35.485086509474485,70.97017301894897
25.85844531471495,51.7168906294299
21.68988145415518,43.37976290831036
77.52776577444244,155.0555315488849
45.974786434980864,91.94957286996173
5.330248961660022,10.660497923320044
92.20289544685266,184.40579089370533
47.39145701963822,94.78291403927643
80.25949596857943,160.51899193715886
52.02540279176724,104.05080558353448
93.23440224465665,186.4688044893133
54.26815361915608,108.53630723831216
57.41183011628799,114.82366023257597
12.188398527781452,24.376797055562903
84.61696307933735,169.2339261586747
25.342913804224075,50.68582760844815
44.18539904814644,88.37079809629287
74.44114466391916,148.88228932783832
45.76252344440368,91.52504688880737
41.5682091741859,83.1364183483718
37.279858325443925,74.55971665088785
45.60304375052262,91.20608750104525
20.969800942702165,41.93960188540433
18.906303230274112,37.812606460548224
15.892264022985048,31.784528045970095
31.101237061735233,62.202474123470466
80.74683475055488,161.49366950110976
89.65926729925961,179.31853459851922
92.01667782608921,184.03335565217841
76.47016564584193,152.94033129168386
8.224243763052552,16.448487526105104
0.727110013603327,1.454220027206654
99.46409496520604,198.9281899304121
49.528446262863454,99.05689252572691
61.84534192325416,123.69068384650832
96.84464093531241,193.68928187062482
27.732454210989722,55.464908421979445
71.15211538358551,142.30423076717102
88.2759753293587,176.5519506587174
1.0286526060333867,2.0573052120667734
44.90133489332322,89.80266978664643
65.10348788858829,130.20697577717658
86.18629002587394,172.3725800517479
91.51614244636812,183.03228489273624
4.3482251035648956,8.696450207129791
71.17673852651588,142.35347705303175
15.709900501223462,31.419801002446924
42.59221132053423,85.18442264106847
7.724901152196306,15.449802304392612
69.41411249656532,138.82822499313065
57.07876177269032,114.15752354538064
89.07586061511189,178.15172123022379
88.62869426885868,177.25738853771736
69.46717087859278,138.93434175718556
2.070708471802174,4.141416943604348
24.559381256703062,49.118762513406125
76.13573488049963,152.27146976099925
94.43039851725491,188.86079703450983
44.89697191019828,89.79394382039656
66.46434064569071,132.92868129138142
86.96675547365028,173.93351094730056
43.79356741784213,87.58713483568425
42.6170639205814,85.2341278411628
30.081657673688365,60.16331534737673
3.3546147455777997,6.709229491155599
86.6511045717163,173.3022091434326
29.935496189498433,59.87099237899687
26.667556127059953,53.335112254119906
88.69094387381364,177.38188774762727
5.038311567734133,10.076623135468266
48.65554685139995,97.3110937027999
92.53062260970822,185.06124521941643
57.57228067114283,115.14456134228566
26.543757050176097,53.087514100352195
96.00009220763042,192.00018441526083
0.9918006490555187,1.9836012981110374
60.358064987646586,120.71612997529317
72.89259724263815,145.7851944852763
33.16775814169173,66.33551628338346
50.83591265900248,101.67182531800496
83.4409756141542,166.8819512283084
50.14875144055804,100.29750288111607
13.432598886965675,26.86519777393135
60.49139516013851,120.98279032027702
17.075851927124297,34.151703854248595
56.38006867944652,112.76013735889303
30.762095030663538,61.524190061327076
63.938674575762036,127.87734915152407
65.12616091328772,130.25232182657544
51.53027567567226,103.06055135134451
49.80720163914633,99.61440327829266
81.30574102394709,162.61148204789419
26.23010750643435,52.4602150128687
63.99619739445824,127.99239478891649
0.5625721035113829,1.1251442070227657
90.17234876342266,180.34469752684532
20.69689132345215,41.3937826469043
48.43449095810253,96.86898191620506
7.722267580603559,15.444535161207117
65.01774333485737,130.03548666971474
33.45311659992905,66.9062331998581
51.74078991690829,103.48157983381658
26.106145535937188,52.212291071874375
20.24334591876247,40.48669183752494
66.58252502006636,133.1650500401327
52.570346631971674,105.14069326394335
33.66011824432695,67.3202364886539
79.22927054219574,158.45854108439147
54.71987986797352,109.43975973594704
98.80012545641749,197.60025091283498
6.290787119632213,12.581574239264427
36.61173711511461,73.22347423022921
90.10446575968449,180.20893151936897
21.749827367143617,43.49965473428723
13.35069355768348,26.70138711536696
52.67334240262579,105.34668480525158
73.91897239956752,147.83794479913504
62.41456582645263,124.82913165290526
16.65661002135208,33.31322004270416
67.35437124924475,134.7087424984895
39.49285290338216,78.98570580676432
27.167161709115327,54.33432341823065
88.44204377327527,176.88408754655055
39.88178481019732,79.76356962039463
10.483199587864245,20.96639917572849
36.48550698399829,72.97101396799658
30.722707275581385,61.44541455116277
79.17054978125061,158.34109956250123
71.26606468715708,142.53212937431417
97.44402121869614,194.88804243739227
91.87896573143715,183.7579314628743
3.9310112235599326,7.862022447119865
14.329732660883888,28.659465321767776
5.357575216275401,10.715150432550802
0.36031598746519844,0.7206319749303969
63.46498250474995,126.9299650094999
49.77780198947268,99.55560397894536
71.3606420102,142.7212840204
59.53991616533409,119.07983233066818
47.16728151685554,94.33456303371108
61.403846493632116,122.80769298726423
6.885010046426753,13.770020092853507
84.8410356025629,169.6820712051258
66.64916210729929,133.29832421459858
7.105509210241778,14.211018420483557
94.66196607657137,189.32393215314275
38.87838605503969,77.75677211007938
22.88520356138347,45.77040712276694
80.50637597400035,161.0127519480007
65.5361350753362,131.0722701506724
31.96940575045214,63.93881150090428
39.736928004900776,79.47385600980155
7.594087298041208,15.188174596082415
57.514616682684675,115.02923336536935
90.27936595346837,180.55873190693674
85.77627976491785,171.5525595298357
84.10773372864664,168.21546745729327
12.483713143516074,24.967426287032147
94.62087043336047,189.24174086672093
33.61751892027126,67.23503784054252
65.0295961257599,130.0591922515198
20.052568427761518,40.105136855523035
24.684487672221234,49.36897534444247
37.82042052084279,75.64084104168558
32.83126495527592,65.66252991055184
20.34872107943698,40.69744215887396
67.55678405082357,135.11356810164713
26.435165106431835,52.87033021286367
30.436699690394985,60.87339938078997
98.71282755402673,197.42565510805346
23.953952236599328,47.907904473198656
6.1272933909774725,12.254586781954945
95.79167459184848,191.58334918369695
60.06762747934873,120.13525495869746
47.46294702715883,94.92589405431767
35.875127651998376,71.75025530399675
57.808503045151305,115.61700609030261
94.94814344538011,189.89628689076022
53.23197767401277,106.46395534802554
50.472098966095615,100.94419793219123
75.89616764297547,151.79233528595094
63.42094108985613,126.84188217971226
33.26464541440474,66.52929082880948
2.5703828981116117,5.140765796223223
49.66149831475626,99.32299662951252
77.70960861661787,155.41921723323574
86.93880219481228,173.87760438962457
91.60470796725606,183.20941593451212
29.39918488654415,58.7983697730883
22.279456311577526,44.55891262315505
2.26324829064799,4.52649658129598
22.810854239145286,45.62170847829057
25.018836891538776,50.03767378307755
64.51357057129087,129.02714114258174
36.4170369001639,72.8340738003278
77.36750363711381,154.73500727422763
54.85607483618574,109.71214967237148
29.83635271411934,59.67270542823868
72.82248466435047,145.64496932870094
83.1260589328016,166.2521178656032
51.24302694439837,102.48605388879675
53.05124507680148,106.10249015360296
16.802486232060087,33.60497246412017
78.30382939958915,156.6076587991783
17.202774885044082,34.405549770088165
3.067160258719348,6.134320517438696
91.85512623209856,183.7102524641971
57.152653696986434,114.30530739397287
7.247278388096634,14.494556776193267
0.8911078496465885,1.782215699293177
83.09425541296474,166.18851082592948
22.80535785069151,45.61071570138302
60.178024667052036,120.35604933410407
36.16193541414222,72.32387082828444
49.8892461335273,99.7784922670546
87.82412690813153,175.64825381626306
62.01580631286533,124.03161262573066
5.2335151504509625,10.467030300901925
56.78290502779808,113.56581005559616
3.8360026213565823,7.672005242713165
98.7240244659176,197.4480489318352
42.94459809579724,85.88919619159448
59.73990856325909,119.47981712651818
20.78864232748483,41.57728465496966
94.46993537892048,188.93987075784096
14.405910318688175,28.81182063737635
57.566763378781424,115.13352675756285
86.60953744302775,173.2190748860555
47.33813692675154,94.67627385350308
44.0557864626259,88.1115729252518
4.046474575246961,8.092949150493922
60.54700319625208,121.09400639250416
95.46000828833759,190.92001657667518
64.3541207287466,128.7082414574932
58.37928300140117,116.75856600280234
39.640371904470626,79.28074380894125
99.81161417763434,199.62322835526868
59.38976050320937,118.77952100641873
9.109758829139336,18.219517658278672
28.73033720222683,57.46067440445366
9.222089171712122,18.444178343424245
33.49768718134821,66.99537436269642
23.15626087848185,46.3125217569637
27.401303083884955,54.80260616776991
22.68614797386371,45.37229594772742
11.143552608705631,22.287105217411263
42.18498883232191,84.36997766464383
28.573192812607495,57.14638562521499
70.34492722523065,140.6898544504613
70.07050905308957,140.14101810617913
31.01495383407771,62.02990766815542
73.66169934750408,147.32339869500817
68.41012189729292,136.82024379458585
82.7658121827281,165.5316243654562
25.977258231807088,51.954516463614176
90.73520501035355,181.4704100207071
10.77853576344776,21.55707152689552
49.654027514955054,99.30805502991011
41.51882432160231,83.03764864320462
12.831127524120268,25.662255048240535
74.87787594559435,149.7557518911887
18.951826944659388,37.903653889318775
89.38445593890613,178.76891187781226
76.22095467274191,152.44190934548382
59.467116606273706,118.93423321254741
64.64015232100323,129.28030464200646
38.43092238244799,76.86184476489598
79.59094036210273,159.18188072420546
55.09766778094336,110.19533556188672
43.438180758148405,86.87636151629681
62.336598501655814,124.67319700331163
62.65199476161272,125.30398952322544
11.531424889194763,23.062849778389527
36.421717190157075,72.84343438031415
29.979697207285106,59.95939441457021
13.937394862052033,27.874789724104065
92.52011511552467,185.04023023104935
27.92295716778248,55.84591433556496
69.52615980299971,139.05231960599943
26.611510935944615,53.22302187188923
94.76779688088371,189.53559376176742
32.877741406356485,65.75548281271297
2.7848079276992843,5.569615855398569
12.262782924518056,24.525565849036113
46.02701381778444,92.05402763556889
96.87757789684485,193.7551557936897
66.93271841887865,133.8654368377573
58.63282277694159,117.26564555388318
29.233653163508876,58.46730632701775
19.820961565682794,39.64192313136559
60.423861937780444,120.84772387556089
59.1250711708818,118.2501423417636
55.18915295079726,110.37830590159452
14.933129206265082,29.866258412530165
18.550540552071347,37.10108110414269
27.6112461243201,55.2224922486402
61.70721661177144,123.41443322354289
2.4303446132859396,4.860689226571879
78.61820175892245,157.2364035178449
92.82633097648541,185.65266195297082
48.94736237209529,97.89472474419058
83.71460941599213,167.42921883198426
84.72727264015775,169.4545452803155
33.55412565456919,67.10825130913838
62.983007719184904,125.96601543836981
17.207247948081882,34.414495896163764
97.76899651297421,195.53799302594842
97.30971116886494,194.61942233772987
73.95804704579545,147.9160940915909
73.17839619385138,146.35679238770277
50.68243084316704,101.36486168633408
75.54604138851595,151.0920827770319
79.28218058903764,158.56436117807527
0.967706067267704,1.935412134535408
84.69293463670397,169.38586927340793
99.56600785980778,199.13201571961557
31.95549324937842,63.91098649875684
26.22380970709306,52.44761941418612
76.67606481668936,153.35212963337872
33.02735849649851,66.05471699299702
5.356771799636362,10.713543599272723
55.00029807865944,110.00059615731888
97.68337341769474,195.36674683538948
49.0936876174966,98.1873752349932
17.00034484620897,34.00068969241794
12.305891388722944,24.61178277744589
54.15873953396454,108.31747906792909
71.06639658396105,142.1327931679221
29.10515257453078,58.21030514906156
40.66353867711804,81.32707735423608
94.86664667624632,189.73329335249264
33.64905449177954,67.29810898355908
60.040680447431825,120.08136089486365
31.866363074184722,63.732726148369444
80.01434641791151,160.02869283582302
33.445609667068986,66.89121933413797
90.1834770058305,180.366954011661
26.722664583536282,53.445329167072565
96.13203988497038,192.26407976994076
84.16442362322168,168.32884724644336
5.730320341674422,11.460640683348844
15.309843096051146,30.619686192102293
60.9318692577378,121.8637385154756
33.56663260146947,67.13326520293894
33.72639523714697,67.45279047429393
99.38647735591142,198.77295471182285
48.17446538674398,96.34893077348796
37.725685302975606,75.45137060595121
77.69844227588237,155.39688455176474
59.89915748506809,119.79831497013618
82.40457424025333,164.80914848050665
32.046569952559345,64.09313990511869
80.42402858937733,160.84805717875466
91.36573547181295,182.7314709436259
46.57395868747549,93.14791737495098
27.072219327567304,54.14443865513461
30.730696121728606,61.46139224345721
2.6161708652948534,5.232341730589707
2.6351767688482797,5.270353537696559
69.81428154836352,139.62856309672705
32.88661322029105,65.7732264405821
23.067692071940304,46.13538414388061
59.57393941837174,119.14787883674347
14.606292221598348,29.212584443196697
77.63957948409069,155.27915896818138
96.34128532214949,192.68257064429898
34.09057123708054,68.18114247416108
37.574957364853645,75.14991472970729
48.06980419411359,96.13960838822717
82.65912873136317,165.31825746272634
7.621067424373695,15.24213484874739
71.86436712522897,143.72873425045793
34.18857328790628,68.37714657581256
96.64664940777956,193.29329881555913
53.660601756517934,107.32120351303587
38.3176899550445,76.635379910089
18.649869746246573,37.299739492493146
16.517876438985056,33.03575287797011
4.755604056619134,9.511208113238268
79.00816836658612,158.01633673317224
73.96391245205103,147.92782490410207
41.94867067679026,83.89734135358052
30.758820465820392,61.517640931640784
26.241272442312493,52.482544884624986
73.08640001794883,146.17280003589767
58.85250703122673,117.70501406245346
45.152143946510094,90.30428789302019
53.54712481181825,107.0942496236365
78.15965119784406,156.3193023956881
57.1074883730692,114.2149767461384
4.07787418756037,8.15574837512074
32.08003699664893,64.16007399329786
94.61658593950769,189.23317187901537
37.26092534277201,74.52185068554402
56.713529415274934,113.42705883054987
37.01411147726179,74.02822295452359
9.834879644480077,19.669759288960154
76.75481819553958,153.50963639107917
88.49394332980111,176.98788665960222
73.07943986484003,146.15887972968005
55.51103129410628,111.02206258821256
93.60115619035098,187.20231238070195
37.46814870363423,74.93629740726846
7.321945067533098,14.643890135066195
72.40028619168682,144.80057238337363
47.4667691705118,94.9335383410236
9.272289754367446,18.54457950873489
3.9294679442486102,7.8589358884972205
30.71806070289529,61.43612140579058
60.159576503470326,120.31915300694065
62.45768788249989,124.91537576499978
12.393305014880774,24.786610029761547
91.6394772230856,183.2789544461712
29.48621534594935,58.9724306918987
67.02408208620002,134.04816417240005
0.32329743434984515,0.6465948686996903
0.6480650905023699,1.2961301810047399
16.795996041453233,33.591992082906465
54.691877745249485,109.38375549049897
45.672964552343664,91.34592910468733
53.42750008940597,106.85500017881193
14.679819275014893,29.359638550029786
61.76939134498579,123.53878268997158
6.158318002042906,12.316636004085812
99.2117747346457,198.4235494692914
6.757839682009969,13.515679364019938
54.490888565857176,108.98177713171435
13.210069880864229,26.420139761728457
85.65494475296805,171.3098895059361
99.92293417069563,199.84586834139125
44.94783298098186,89.89566596196372
19.131412367388744,38.26282473477749
75.38027513472643,150.76055026945286
81.91416822329688,163.82833644659377
67.81230322549744,135.6246064509949
79.025102799171,158.050205598342
23.30140595010761,46.60281190021522
38.138722638904355,76.27744527780871
76.95757983886169,153.91515967772338
5.182618774277792,10.365237548555584
6.652703861948472,13.305407723896945
25.217392237773318,50.434784475546635
17.44925905268946,34.89851810537892
62.82037854652126,125.64075709304252
37.28808832190068,74.57617664380136
59.44748995738481,118.89497991476962
25.61535030475448,51.23070060950896
92.27337750809265,184.5467550161853
3.5940271280391234,7.188054256078247
39.76064137529738,79.52128275059476
68.39625132990928,136.79250265981855
