input:a:0,output:b:0
26.4438367660643,52.8876735321286
15.979980197332289,31.959960394664577
74.91832409462113,149.83664818924225
64.70279581162143,129.40559162324286
7.516591255856319,15.033182511712639
95.6739914047897,191.3479828095794
62.46776128901569,124.93552257803138
21.995019384321512,43.990038768643025
16.72810091677912,33.45620183355824
65.62311589693527,131.24623179387055
65.84149462289646,131.68298924579292
91.22727129149578,182.45454258299156
44.84130045459289,89.68260090918578
19.404558810680996,38.80911762136199
68.87747046116829,137.75494092233657
45.30957466309549,90.61914932619098
9.832431647307027,19.664863294614054
36.487242425712,72.974484851424
40.16784799150959,80.33569598301918
94.94112591649474,189.88225183298948
18.775859082429726,37.55171816485945
30.64542881893719,61.29085763787438
51.583589112373616,103.16717822474723
10.603149015145984,21.20629803029197
64.21407597690123,128.42815195380246
87.36020349347204,174.72040698694408
24.889679150342538,49.779358300685075
76.84046119585935,153.6809223917187
50.87545821473658,101.75091642947316
56.00728770016078,112.01457540032156
3.8938371035412422,7.7876742070824845
31.33323379797136,62.66646759594272
9.45442694581875,18.9088538916375
2.087956332830554,4.175912665661108
32.297281197161155,64.59456239432231
12.668205029575663,25.336410059151326
22.50014513020663,45.00029026041326
11.136686052913836,22.273372105827672
88.14506386522226,176.2901277304445
45.532614788554646,91.06522957710929
90.15274123258784,180.3054824651757
65.2172621580807,130.4345243161614
57.363951389338155,114.72790277867631
96.547471781069,193.094943562138
11.879672270195119,23.759344540390238
36.47727515929293,72.95455031858586
14.097253109883878,28.194506219767757
88.69589676885818,177.39179353771635
66.09826661601795,132.1965332320359
66.73502305851746,133.4700461170349
75.44838291070074,150.8967658214015
86.097228537575,172.19445707515
83.73729559919025,167.4745911983805
87.52013392811297,175.04026785622594
81.80580512404467,163.61161024808933
34.1028383275115,68.205676655023
22.81658496463226,45.63316992926452
66.64630813803001,133.29261627606002
69.17557215805536,138.35114431611072
10.716196254020627,21.432392508041254
76.33655819779878,152.67311639559756
32.7842268928667,65.5684537857334
84.498554700733,168.997109401466
16.170276445929176,32.34055289185835
69.40479784930253,138.80959569860505
74.6354359599735,149.270871919947
51.946649191012426,103.89329838202485
55.871141904243714,111.74228380848743
37.097604082618304,74.19520816523661
41.91675976323547,83.83351952647094
47.03378888779019,94.06757777558038
43.99625969239346,87.99251938478692
98.10775772773773,196.21551545547547
52.51658442280151,105.03316884560302
29.65726784290058,59.31453568580116
45.0646772705109,90.1293545410218
38.39895647243425,76.7979129448685
24.616751816493164,49.23350363298633
73.86886174201574,147.73772348403148
38.52876862239862,77.05753724479725
82.25582398304539,164.51164796609078
83.48247027988704,166.96494055977408
78.85162364615982,157.70324729231965
37.060689064861116,74.12137812972223
20.315522380629247,40.631044761258494
55.126570653102966,110.25314130620593
77.34424638655739,154.68849277311477
84.56814459521856,169.1362891904371
41.88995730820601,83.77991461641201
32.59356639546981,65.18713279093961
14.473415638670694,28.94683127734139
38.1580855794539,76.3161711589078
34.010482454526844,68.02096490905369
54.827537947394525,109.65507589478905
49.295621173368176,98.59124234673635
74.78179828445516,149.56359656891033
47.96969229508801,95.93938459017602
96.86581890558544,193.73163781117088
96.79253381033516,193.58506762067032
49.69042066104872,99.38084132209744
87.97498257598056,175.94996515196112
17.902329226926707,35.80465845385341
92.86689312914442,185.73378625828883
97.37084618010547,194.74169236021095
34.055507160325135,68.11101432065027
64.05947982372304,128.11895964744608
50.464706595478134,100.92941319095627
13.055919671258975,26.11183934251795
62.774803940640545,125.54960788128109
94.25482092064178,188.50964184128355
39.86242223390764,79.72484446781527
3.153104730574685,6.30620946114937
66.50628014639788,133.01256029279577
5.458243321783362,10.916486643566724
13.051221210271912,26.102442420543824
1.1878447023301875,2.375689404660375
47.481039520673974,94.96207904134795
64.69083966286752,129.38167932573504
63.92424703553045,127.8484940710609
13.775141385027723,27.550282770055446
58.34530492401132,116.69060984802265
72.73096039137472,145.46192078274944
61.690820576770186,123.38164115354037
68.91846927408383,137.83693854816767
73.75202212311831,147.50404424623662
75.34173587613357,150.68347175226714
76.35224519457002,152.70449038914003
87.58669362800786,175.17338725601573
56.07971655963303,112.15943311926605
47.41550593594602,94.83101187189204
18.429988164727273,36.85997632945455
66.06462776916398,132.12925553832795
98.5020357398412,197.0040714796824
81.93111409581692,163.86222819163385
34.7958077983588,69.5916155967176
91.07062198562485,182.1412439712497
91.26235369314753,182.52470738629506
17.974728747781477,35.94945749556295
65.50608496714224,131.0121699342845
19.672671899073425,39.34534379814685
89.07292408066158,178.14584816132316
26.25607674938125,52.5121534987625
34.10595312186068,68.21190624372136
66.4607843848082,132.9215687696164
36.71507613260665,73.4301522652133
39.113173386340385,78.22634677268077
31.49346049532784,62.98692099065568
90.23488535177574,180.4697707035515
78.4194727836339,156.8389455672678
23.626922056625478,47.253844113250956
72.73675642450598,145.47351284901197
61.31232241539656,122.62464483079312
78.73494890470562,157.46989780941124
71.28636150800887,142.57272301601773
53.32258613484423,106.64517226968846
65.81668812961126,131.63337625922253
87.9494124921089,175.8988249842178
21.107876051383744,42.21575210276749
92.1664503609962,184.3329007219924
50.97872218922339,101.95744437844678
29.951200517215646,59.90240103443129
30.13376630564577,60.26753261129154
82.40609720495752,164.81219440991504
59.90357934869871,119.80715869739743
99.7065521039212,199.4131042078424
80.73086692528435,161.4617338505687
74.97385170654329,149.94770341308657
7.151837437411235,14.30367487482247
82.35230214414028,164.70460428828056
20.855245855498772,41.710491710997545
12.305107037805985,24.61021407561197
74.99627174615482,149.99254349230964
70.03529418151385,140.0705883630277
68.67818883900279,137.35637767800557
89.4320437490188,178.8640874980376
80.46202200657866,160.92404401315733
3.237846167442082,6.475692334884164
75.79792917872066,151.59585835744133
97.32507505765012,194.65015011530025
98.44799080556261,196.89598161112522
92.37269291632454,184.74538583264908
61.129601932359144,122.25920386471829
76.52438783595079,153.04877567190158
47.77118362085246,95.54236724170492
2.0035441649668306,4.007088329933661
32.47249054289873,64.94498108579747
2.802825306131762,5.605650612263524
30.27946507925713,60.55893015851426
90.74878928155063,181.49757856310126
10.112725886233875,20.22545177246775
84.5278225634489,169.0556451268978
7.595645194479683,15.191290388959366
60.149636752064,120.299273504128
69.2881748409327,138.5763496818654
8.586245585189989,17.172491170379978
38.42118138737792,76.84236277475584
65.30744557943675,130.6148911588735
93.36012583579351,186.72025167158702
85.03345712155381,170.06691424310762
48.69643320614261,97.39286641228522
78.34956691978489,156.69913383956978
31.271325820535047,62.542651641070094
17.070917276449293,34.14183455289859
26.790450482439997,53.580900964879994
68.79421053580786,137.58842107161573
85.77494556449197,171.54989112898394
62.494094069012526,124.98818813802505
46.13971461833679,92.27942923667358
33.39028703729567,66.78057407459134
58.342274381670954,116.68454876334191
45.44685107009943,90.89370214019885
80.22401202558258,160.44802405116516
93.23002703712518,186.46005407425037
12.097834391451412,24.195668782902825
26.853959637735393,53.707919275470786
38.01201078532914,76.02402157065828
43.36257149300279,86.72514298600558
61.99272793234104,123.98545586468208
10.212225563263,20.424451126526
13.58658203463169,27.17316406926338
47.466953300931024,94.93390660186205
88.07422726021419,176.14845452042837
39.53990638063366,79.07981276126732
33.36180465479293,66.72360930958585
42.4747163128929,84.9494326257858
19.10970627061882,38.21941254123764
35.57537575618035,71.1507515123607
21.49513852345921,42.99027704691842
34.97181885408446,69.94363770816892
63.97963660539902,127.95927321079805
49.06140544840808,98.12281089681616
31.71088037469567,63.42176074939134
83.78869247338233,167.57738494676465
16.553316666718242,33.106633333436484
85.79337001981031,171.58674003962062
43.020256903615476,86.04051380723095
86.88871155360208,173.77742310720416
94.21200585682247,188.42401171364494
2.3309006183608982,4.6618012367217965
6.358338487561122,12.716676975122244
14.670435098528788,29.340870197057576
5.282439331709298,10.564878663418597
51.56633574260171,103.13267148520342
73.24289064122745,146.4857812824549
15.38885006340518,30.77770012681036
88.96655753298798,177.93311506597595
60.65160342775636,121.30320685551273
48.31293352909542,96.62586705819083
10.303541064437782,20.607082128875565
71.87953883734606,143.75907767469212
70.98991507828008,141.97983015656015
79.80343591443076,159.60687182886153
17.35389532317104,34.70779064634208
33.777289312092485,67.55457862418497
1.5232460977094964,3.0464921954189927
15.263304241223242,30.526608482446484
93.7702717397635,187.540543479527
13.994211189563476,27.988422379126952
69.10210780261035,138.2042156052207
56.1102061513178,112.2204123026356
69.25194737228396,138.50389474456793
4.1180688899852935,8.236137779970587
68.24715672942087,136.49431345884173
96.28149613862634,192.56299227725268
6.427511028053301,12.855022056106602
96.828466072703,193.656932145406
31.351424574351128,62.702849148702256
32.72253206924836,65.44506413849672
21.681033922546423,43.362067845092845
9.942956192171792,19.885912384343584
6.892787985323279,13.785575970646558
3.5881111418534672,7.1762222837069345
93.32798224402914,186.6559644880583
89.68197555748006,179.36395111496012
57.81166638184635,115.6233327636927
40.16944924586197,80.33889849172394
83.20827038128044,166.41654076256089
23.440649864271368,46.881299728542736
96.75730249817533,193.51460499635067
12.670497459157348,25.340994918314696
95.206564387712,190.413128775424
70.08619533103602,140.17239066207205
93.00733441145579,186.01466882291157
44.40426713715722,88.80853427431444
73.70043703832859,147.40087407665717
15.222808890498396,30.44561778099679
83.5624492587005,167.124898517401
74.55645812635451,149.11291625270903
43.55193577274695,87.1038715454939
26.58708063344869,53.17416126689738
64.15525452057807,128.31050904115614
55.54899921936906,111.09799843873812
87.06891744116518,174.13783488233037
77.29374670261421,154.58749340522843
64.13874447728911,128.27748895457822
32.2216684003268,64.4433368006536
67.13889962797896,134.27779925595792
45.82112209048754,91.64224418097508
2.5033766799014034,5.006753359802807
76.08055828758086,152.1611165751617
41.321782274932495,82.64356454986499
24.615341430088232,49.230682860176465
34.3006960138475,68.601392027695
11.991668548062117,23.983337096124234
62.551591326592096,125.10318265318419
15.947578887326896,31.895157774653793
29.144393296452076,58.28878659290415
8.03809328096503,16.07618656193006
89.01449532416518,178.02899064833036
51.38356162931996,102.76712325863993
75.22630839790703,150.45261679581407
9.778670106981469,19.557340213962938
7.838406084403216,15.676812168806432
10.438002239480692,20.876004478961384
67.34924065994964,134.6984813198993
85.02070075165474,170.0414015033095
47.05419716636261,94.10839433272523
81.72431166163219,163.44862332326437
64.06149854878488,128.12299709756977
52.04172534928397,104.08345069856794
66.69394033410097,133.38788066820194
40.38990077158546,80.77980154317092
31.24340374243204,62.48680748486408
72.89572769137814,145.79145538275628
4.690995381988183,9.381990763976367
95.79131385071001,191.58262770142002
73.10032884320349,146.20065768640697
95.38778059080767,190.77556118161533
83.75173208546998,167.50346417093996
4.319441355443465,8.63888271088693
21.384156713812352,42.768313427624705
57.71731722060004,115.43463444120007
20.221950462394133,40.44390092478827
64.28467091450823,128.56934182901645
37.636731540084746,75.27346308016949
49.56044394227786,99.12088788455571
23.640980522194745,47.28196104438949
5.886690423275908,11.773380846551817
83.54873820248729,167.09747640497457
20.0502446066118,40.1004892132236
97.00016528444782,194.00033056889563
31.900804874036336,63.80160974807267
15.707508661227621,31.415017322455242
36.163004471602115,72.32600894320423
97.31747183741751,194.63494367483503
61.50331939479429,123.00663878958858
65.41790841965039,130.83581683930078
26.213162773511,52.426325547022
72.61817233079813,145.23634466159626
50.283097012194474,100.56619402438895
6.968047735800875,13.93609547160175
90.0149558498206,180.0299116996412
3.099821769443478,6.199643538886956
54.028038764346796,108.05607752869359
14.431367496610381,28.862734993220762
7.856892026340089,15.713784052680179
56.1239411925304,112.2478823850608
66.83123824374309,133.66247648748617
15.613385616598851,31.226771233197702
47.80909951584198,95.61819903168396
93.5303327593963,187.0606655187926
34.15225738305539,68.30451476611078
6.366877922310998,12.733755844621996
21.61574114954421,43.23148229908842
37.49422280800444,74.98844561600887
22.030242464072625,44.06048492814525
31.71009422415961,63.42018844831922
83.05512077084178,166.11024154168356
23.892468877430606,47.78493775486121
29.555666585458475,59.11133317091695
54.21706574171693,108.43413148343386
6.726427305107974,13.452854610215947
54.389320757834845,108.77864151566969
10.580358092817665,21.16071618563533
12.98722499987367,25.97444999974734
0.9088372094521513,1.8176744189043026
85.46031893350946,170.9206378670189
8.197963830136057,16.395927660272115
16.14285822632876,32.28571645265752
14.514019829964852,29.028039659929703
58.86825921084113,117.73651842168226
29.51308252216669,59.02616504433338
6.039857903123124,12.079715806246249
84.06860356828565,168.1372071365713
3.6341314505809352,7.2682629011618705
40.983707231761635,81.96741446352327
73.21254876869979,146.42509753739958
24.863641390615154,49.72728278123031
74.46289185387649,148.92578370775297
48.440877849457195,96.88175569891439
35.93426273296446,71.86852546592893
27.097263670307715,54.19452734061543
44.50678239950776,89.01356479901553
1.2230069820567735,2.446013964113547
45.21776047489063,90.43552094978126
76.13541254873685,152.2708250974737
46.41342880709198,92.82685761418396
74.3668138051768,148.7336276103536
3.4042387051068546,6.808477410213709
68.55879754702906,137.11759509405812
12.64589427510705,25.2917885502141
10.915862407784605,21.83172481556921
71.3488588978665,142.697717795733
72.09169264182468,144.18338528364936
85.48622957676804,170.97245915353608
94.4458485238331,188.8916970476662
8.666588069927183,17.333176139854366
1.514184954039044,3.028369908078088
50.163267643472174,100.32653528694435
45.696768609485424,91.39353721897085
13.698112156829644,27.39622431365929
2.0628184102955527,4.125636820591105
16.347739105205306,32.69547821041061
67.10679652706979,134.21359305413958
54.05424840024769,108.10849680049537
4.696542765748923,9.393085531497846
80.02352481168211,160.04704962336422
8.31013413816899,16.62026827633798
42.016067019336944,84.03213403867389
25.72217405694549,51.44434811389098
94.37843687388235,188.7568737477647
67.77748728091227,135.55497456182454
18.11988949490332,36.23977898980664
95.01793165952142,190.03586331904285
62.252393407778136,124.50478681555627
33.652609104637655,67.30521820927531
71.91654837895634,143.83309675791267
91.92710837162684,183.8542167432537
45.81795186007779,91.63590372015558
1.8345810452785272,3.6691620905570543
13.342297521837542,26.684595043675085
15.62533960965573,31.25067921931146
64.98573539180711,129.97147078361422
59.31174352648715,118.6234870529743
0.1539455431941228,0.3078910863882456
18.038952422239475,36.07790484447895
81.13483498234793,162.26966996469585
70.6820100358068,141.3640200716136
87.35109939190664,174.7021987838133
0.657618391756476,1.315236783512952
29.075872078694243,58.151744157388485
44.60136390685059,89.20272781370117
77.54037253650314,155.08074507300628
28.57797546523233,57.15595093046466
21.17695143589269,42.35390287178538
85.78577097388408,171.57154194776817
73.38107120062318,146.76214240124636
14.44841205154268,28.89682410308536
10.91316163885747,21.82632327771494
12.597364028370627,25.194728056741255
20.309463169571764,40.61892633914353
28.662508343817862,57.325016687635724
6.263186273561172,12.526372547122344
43.16907644738204,86.33815289476408
95.93194221080151,191.86388442160302
62.8234965322826,125.6469930645652
72.29823641958477,144.59647283916954
22.383744890973233,44.767489781946466
1.1020552460892286,2.204110492178457
81.1341397054305,162.268279410861
93.8784285071414,187.7568570142828
18.676730230336823,37.353460460673645
87.12779255099352,174.25558510198704
55.99896179014054,111.99792358028108
39.38799240443508,78.77598480887016
1.3085875789265455,2.617175157853091
67.25352203847831,134.50704407695662
93.96912663648838,187.93825327297677
22.27823665120393,44.55647330240786
15.653081610052466,31.30616322010493
35.4409747574069,70.8819495148138
89.24545048855411,178.49090097710823
45.123105264574335,90.24621052914867
73.98547667945485,147.9709533589097
51.13426991212204,102.26853982424409
31.355804111723362,62.711608223446724
34.357880970356355,68.71576194071271
15.086458320027607,30.172916640055213
25.822555902316424,51.64511180463285
49.530942256487286,99.06188451297457
6.410243330563292,12.820486661126584
22.182123674630084,44.36424734926017
17.162511758633404,34.32502351726681
88.73743589208125,177.4748717841625
40.03618452713834,80.07236905427668
0.42436593533341505,0.8487318706668301
61.061904817585834,122.12380963517167
63.02061370283513,126.04122740567026
73.85969230332388,147.71938460664776
47.370703909813905,94.74140781962781
78.81565997912985,157.6313199582597
34.44935253619785,68.8987050723957
47.414822612155305,94.82964522431061
38.00787333625768,76.01574667251536
87.04480768413994,174.08961536827988
66.49706382407041,132.99412764814082
76.58308441240511,153.16616882481023
64.57758294157404,129.15516588314807
42.5570397217912,85.1140794435824
91.7056582221551,183.4113164443102
34.41001870575392,68.82003741150784
43.629645984907796,87.25929196981559
45.29047206119243,90.58094412238486
55.84679804211257,111.69359608422513
72.62382610406068,145.24765220812137
23.0085642291895,46.017128458379
74.48370182657649,148.96740365315299
25.876084031538802,51.752168063077605
86.18851669071113,172.37703338142225
28.43065782872747,56.86131565745494
70.77261651465989,141.54523302931977
72.7617027869002,145.5234055738004
6.903124514965109,13.806249029930218
28.591410832185836,57.18282166437167
41.53862375034816,83.07724750069632
1.8605230887725033,3.7210461775450066
28.752220503000036,57.50444100600007
77.74376507615808,155.48753015231617
49.17291623285076,98.34583246570152
4.013948408335699,8.027896816671397
15.051830479412963,30.103660958825927
60.68508235360438,121.37016470720876
23.826497348203933,47.652994696407866
86.3033482750585,172.606696550117
1.127257976359064,2.254515952718128
25.117236229343078,50.234472458686156
42.40794022432808,84.81588044865616
71.23844067989161,142.47688135978322
43.16452553940633,86.32905107881265
39.04101086773121,78.08202173546242
38.000856327071006,76.00171265414201
42.580386936982784,85.16077387396557
62.00493545095539,124.00987090191077
74.13197557165871,148.26395114331743
75.14822566015317,150.29645132030635
39.303685214277436,78.60737042855487
29.991345935079217,59.98269187015843
88.54947245394807,177.09894490789614
83.28551766208115,166.5710353241623
73.74464747189454,147.48929494378908
19.79353890962008,39.58707781924016
61.67992389244916,123.35984778489832
2.0091993773425187,4.0183987546850375
84.67188493364354,169.34376986728708
7.176494903679076,14.352989807358153
14.743441898004662,29.486883796009323
8.409959136208222,16.819918272416444
72.92478400732737,145.84956801465475
59.366283726535784,118.73256745307157
15.723642860325837,31.447285720651674
77.35126160848228,154.70252321696455
40.496737388900264,80.99347477780053
75.96817837793068,151.93635675586137
33.90527584538887,67.81055169077774
53.305038524371405,106.61007704874281
4.7686940929084205,9.537388185816841
9.440684097717057,18.881368195434113
33.11395097677878,66.22790195355756
24.328875567730723,48.657751135461446
51.121776815705836,102.24355363141167
1.888354866993014,3.776709733986028
99.60825244929572,199.21650489859144
97.87873418683249,195.75746837366498
35.19066591964003,70.38133183928007
50.60332023288042,101.20664046576084
21.456830966356712,42.913661932713424
96.42160398913201,192.84320797826402
38.908237552904744,77.81647510580949
50.71614037085366,101.43228074170732
14.120977687704684,28.24195537540937
80.34782381418071,160.69564762836143
27.022753993318737,54.045507986637475
89.65499243969548,179.30998487939095
52.997416738873746,105.99483347774749
97.05895583290295,194.1179116658059
55.131016307093994,110.26203261418799
39.92290797628758,79.84581595257517
0.6502719506050747,1.3005439012101494
23.72344705575594,47.44689411151188
29.601324482112148,59.202648964224295
33.36162254024606,66.72324508049212
2.4548710714194955,4.909742142838991
96.46963700255637,192.93927400511274
33.80051012335531,67.60102024671062
7.7221447365501295,15.444289473100259
90.24236193173861,180.48472386347723
59.58784695675996,119.17569391351992
21.982456784941107,43.96491356988221
41.22185401973925,82.4437080394785
94.9041170878513,189.8082341757026
61.52816286178317,123.05632572356635
7.136339553775228,14.272679107550456
72.20649748049213,144.41299496098426
4.307329768388124,8.614659536776248
28.911131729105964,57.82226345821193
4.313939058553451,8.627878117106903
34.120078593152826,68.24015718630565
92.10324885991716,184.20649771983432
69.12406934357065,138.2481386871413
95.06526553087514,190.13053106175028
58.83838244606224,117.67676489212448
71.26845652628522,142.53691305257044
84.6980156812662,169.3960313625324
2.47802352179588,4.95604704359176
7.939609588962416,15.879219177924831
87.83854662021677,175.67709324043355
38.86562175337447,77.73124350674894
6.154562145233989,12.309124290467977
35.95830096498421,71.91660192996842
38.65341151853795,77.3068230370759
73.45563568124156,146.91127136248312
82.10567432564233,164.21134865128465
60.68205699736976,121.36411399473953
9.239824643400752,18.479649286801504
65.61989412991863,131.23978825983727
30.45382558408435,60.9076511681687
55.69330205157881,111.38660410315762
12.5662963477303,25.1325926954606
76.08647379547125,152.1729475909425
74.42329671701101,148.84659343402203
61.965812545260825,123.93162509052165
65.08510420680479,130.17020841360957
60.95855451951574,121.91710903903147
0.7222478817362044,1.4444957634724087
62.20128969456089,124.40257938912178
20.009630408706492,40.019260817412984
68.90463529367943,137.80927058735887
13.808218883612422,27.616437767224845
23.294345694623775,46.58869138924755
79.29057885403378,158.58115770806756
57.05448857908895,114.1089771581779
93.99017895256668,187.98035790513336
58.96593512182922,117.93187024365844
97.67056426993112,195.34112853986224
96.98262378073765,193.9652475614753
43.838979478394734,87.67795895678947
80.75606569437639,161.51213138875278
33.79336945465201,67.58673890930402
73.06603977328446,146.13207954656892
1.9734594629533975,3.946918925906795
6.834008940103287,13.668017880206573
34.90875822534329,69.81751645068658
6.240963218998097,12.481926437996194
7.1540743358657455,14.308148671731491
36.17837480235458,72.35674960470917
68.27456835027212,136.54913670054424
31.684451045424012,63.368902090848024
60.58240000484294,121.16480000968588
90.68288124664679,181.36576249329357
68.25410060935187,136.50820121870373
61.97392595508974,123.94785191017948
71.96397140892753,143.92794281785507
96.19755427146337,192.39510854292675
23.383922092795483,46.76784418559097
5.314296907587057,10.628593815174114
42.617213108466935,85.23442621693387
28.820227191166346,57.64045438233269
73.87639113943435,147.7527822788687
96.19649687931312,192.39299375862623
7.332748975779879,14.665497951559757
38.70980345655561,77.41960691311122
26.598422636517828,53.196845273035656
89.26108241274297,178.52216482548593
10.9909557044082,21.9819114088164
88.30203646178713,176.60407292357425
20.13677665693533,40.27355331387066
75.87412842452387,151.74825684904775
35.999603556979665,71.99920711395933
24.015540756011756,48.03108151202351
0.47889265298451944,0.9577853059690389
92.4668285134553,184.9336570269106
92.4117819112449,184.8235638224898
56.425252187898366,112.85050437579673
36.89997196698671,73.79994393397342
62.83145157827478,125.66290315654956
93.67818263628406,187.35636527256813
10.769730387484932,21.539460774969864
98.44457415299442,196.88914830598884
42.06191239914657,84.12382479829314
47.318218890723365,94.63643778144673
94.34927711068917,188.69855422137834
26.96022650824792,53.92045301649584
90.31590331987708,180.63180663975416
83.90601716544872,167.81203433089743
45.401738574061355,90.80347714812271
74.76254407993265,149.5250881598653
42.88547899304951,85.77095798609902
51.87638828494903,103.75277656989806
85.42718995731292,170.85437991462584
72.17703569050721,144.35407138101442
75.58640358114727,151.17280716229453
49.476759471765554,98.95351894353111
34.75560355190003,69.51120710380006
50.655907822936285,101.31181564587257
60.51107883756974,121.02215767513948
11.901087206074667,23.802174412149334
84.29375763353517,168.58751526707033
12.865497078736265,25.73099415747253
54.03765435012203,108.07530870024407
5.384664609666723,10.769329219333446
89.90553822060528,179.81107644121056
33.342154300387186,66.68430860077437
59.923434428835535,119.84686885767107
7.470351284514831,14.940702569029662
33.27882021903731,66.55764043807461
60.7664404210689,121.5328808421378
95.98919634947663,191.97839269895326
21.135175382800064,42.27035076560013
60.212123844122104,120.42424768824421
16.233117599923787,32.466235199847574
43.738161728785215,87.47632345757043
89.27755052298812,178.55510104597624
42.23816794852061,84.47633589704122
14.294408264043213,28.588816528086426
46.5554978481852,93.1109956963704
21.702687614199647,43.40537522839929
43.715567091293074,87.43113418258615
23.325476865511963,46.650953731023925
71.17253968974492,142.34507937948985
24.752540966731484,49.50508193346297
96.17249790793166,192.3449958158633
96.2284854630009,192.4569709260018
12.065043892186777,24.130087784373554
94.662792571531,189.325585143062
52.30921825692897,104.61843651385794
0.22764016668136433,0.45528033336272866
90.44612866434207,180.89225732868414
22.199315972551403,44.39863194510281
23.24531816419484,46.49063632838968
83.67503461490864,167.35006922981728
7.3538788688350625,14.707757737670125
59.991171894147264,119.98234378829453
67.3598223116949,134.7196446233898
83.64703175188758,167.29406350377516
34.22619410673532,68.45238821347064
98.56408132554454,197.12816265108907
33.150590960250504,66.30118192050101
28.32357238099278,56.64714476198556
52.57162537775773,105.14325075551545
21.371169597676463,42.742339195352926
68.21657500737142,136.43315001474284
45.64644040802997,91.29288081605993
30.337799120266105,60.67559824053221
33.30806229662677,66.61612459325355
53.228889745470276,106.45777949094055
27.66779615341011,55.33559230682022
83.20906392947587,166.41812785895175
38.27642089738311,76.55284179476622
48.616945220664974,97.23389044132995
86.89431522355973,173.78863044711946
14.75263125390056,29.50526250780112
37.81106652737034,75.62213305474069
43.52734559308657,87.05469118617314
54.88482892781019,109.76965785562038
21.1959082364798,42.3918164729596
31.789443258085292,63.578886516170584
36.28118992812617,72.56237985625233
2.641340264217651,5.282680528435302
48.37868138445419,96.75736276890838
25.527209030047405,51.05441806009481
83.49998707008926,166.99997414017852
7.3028891794587825,14.605778358917565
28.854969231658444,57.70993846331689
75.89563534430359,151.79127068860717
43.498914362316214,86.99782872463243
79.30718610189157,158.61437220378315
98.03832973442907,196.07665946885814
21.902136822656495,43.80427364531299
17.467407262855627,34.93481452571125
17.06816369856711,34.13632739713422
50.657300341989654,101.31460068397931
67.18896500271232,134.37793000542464
59.057163722563125,118.11432744512625
59.213661797138975,118.42732359427795
5.7230631693820255,11.446126338764051
63.25821644748887,126.51643289497774
87.66520748657794,175.33041497315588
36.75737578729065,73.5147515745813
20.532269710184114,41.06453942036823
13.73379545292056,27.46759090584112
85.70762278446968,171.41524556893935
75.33596018216348,150.67192036432695
43.76737729935716,87.53475459871431
61.677685519931835,123.35537103986367
84.84989377521181,169.69978755042362
10.468426215395576,20.936852430791152
63.60922685333602,127.21845370667204
30.109995570826232,60.219991141652464
44.646942629533825,89.29388525906765
8.378279069653317,16.756558139306634
43.3849373656927,86.7698747313854
26.859037184579194,53.71807436915839
83.19193720301354,166.38387440602708
48.9905814626942,97.9811629253884
15.670490385904333,31.340980771808667
23.28482686338419,46.56965372676838
86.13511213035969,172.27022426071937
43.42312939488371,86.84625878976742
72.491723858571,144.983447717142
74.70608790896992,149.41217581793984
46.04872137151348,92.09744274302696
29.703307210167996,59.40661442033599
78.50916173817114,157.0183234763423
36.27773398265911,72.55546796531821
9.510602721968874,19.02120544393775
62.13735471484987,124.27470942969974
64.0159275737365,128.031855147473
46.48491508234041,92.96983016468081
15.090257535691842,30.180515071383685
85.70396030020838,171.40792060041676
76.97199219894931,153.94398439789862
98.54199317246724,197.0839863449345
62.1863271839686,124.3726543679372
32.46928185205201,64.93856370410403
44.86508096384622,89.73016192769244
14.159476011660477,28.318952023320954
31.557262867366475,63.11452573473295
12.820043455819686,25.640086911639372
81.97268970932264,163.94537941864527
9.311424942792002,18.622849885584003
95.43107352466133,190.86214704932266
67.0431729704193,134.0863459408386
3.0811838656065405,6.162367731213081
41.08874152880144,82.17748305760288
96.51100814091677,193.02201628183354
15.34905798679942,30.69811597359884
59.72236597528345,119.4447319505669
35.06406590513617,70.12813181027234
59.8307367441093,119.6614734882186
17.325343929120972,34.650687858241945
47.34111308467812,94.68222616935624
36.28410863602865,72.5682172720573
6.296403435069864,12.592806870139729
99.73457149466657,199.46914298933314
66.99398098935868,133.98796197871735
11.892959750544897,23.785919501089793
39.694075618066705,79.38815123613341
60.06452794470377,120.12905588940754
13.48004231450025,26.9600846290005
24.179819994103912,48.359639988207825
7.523495174307005,15.04699034861401
20.199421105981063,40.398842211962126
66.75384042503025,133.5076808500605
75.57870494769415,151.1574098953883
77.76920574432779,155.53841148865558
17.398453421261216,34.79690684252243
0.863278491289543,1.726556982579086
82.83003760745547,165.66007521491093
19.29843348661846,38.59686697323692
45.112694697020416,90.22538939404083
55.364162394866746,110.72832478973349
64.41977840709627,128.83955681419255
98.8256025780076,197.6512051560152
62.46251891465173,124.92503782930346
11.769160702590986,23.53832140518197
6.531152351051128,13.062304702102256
97.53276995492138,195.06553990984276
86.32549107479677,172.65098214959355
32.42817425630684,64.85634851261368
51.2946593805521,102.5893187611042
81.8046807103988,163.6093614207976
14.92247973800861,29.84495947601722
34.874875413947116,69.74975082789423
29.025511182866104,58.05102236573221
37.14431025877995,74.2886205175599
72.23498617367638,144.46997234735275
96.03412777323358,192.06825554646716
52.15997677487631,104.31995354975263
58.92291231254316,117.84582462508632
29.663411472454026,59.32682294490805
87.50965453335291,175.01930906670583
51.81598187299843,103.63196374599686
77.24933099443756,154.4986619888751
62.14484532750208,124.28969065500416
57.05363942521146,114.10727885042292
16.193837967162004,32.38767593432401
64.42498564513612,128.84997129027224
44.091439584286604,88.18287916857321
88.65226200071267,177.30452400142534
50.70886933206279,101.41773866412558
81.21265602213312,162.42531204426624
41.847475706755475,83.69495141351095
9.701946694053165,19.40389338810633
95.7578550765201,191.5157101530402
72.40982753978642,144.81965507957284
13.281211721973785,26.56242344394757
80.63565755901703,161.27131511803407
36.530448503222146,73.06089700644429
85.24449628636545,170.4889925727309
11.700213128914893,23.400426257829785
64.1494391883554,128.2988783767108
80.52280105640507,161.04560211281014
56.99943382222901,113.99886764445802
81.52279328174332,163.04558656348664
14.68583962836798,29.37167925673596
96.36605028670134,192.73210057340268
88.69029606759511,177.38059213519023
85.92694682905747,171.85389365811494
11.33126596657018,22.66253193314036
14.253556902283126,28.507113804566252
52.0995451338438,104.1990902676876
72.9343757222095,145.868751444419
7.46215476115355,14.9243095223071
11.932996124022743,23.865992248045487
2.2975545653734386,4.595109130746877
75.69971472147144,151.39942944294287
39.99147802665931,79.98295605331862
15.52251700606454,31.04503401212908
71.71416691634109,143.42833383268217
21.270858754544452,42.541717509088905
76.89123686989095,153.7824737397819
27.35163099526583,54.70326199053166
10.400575432903391,20.801150865806783
60.582994366087874,121.16598873217575
6.3978572556776525,12.795714511355305
28.24919412752743,56.49838825505486
92.14081314198687,184.28162628397374
17.78839273723529,35.57678547447058
8.247569072597038,16.495138145194076
36.087233284874266,72.17446656974853
44.668920029465696,89.33784005893139
3.8274568285394106,7.654913657078821
35.982364388241706,71.96472877648341
94.76189927614047,189.52379855228094
78.62224335104818,157.24448670209637
26.379737595583475,52.75947519116695
41.82108509018823,83.64217018037645
52.82953889039508,105.65907778079016
86.40272876297149,172.80545752594298
96.27056328256013,192.54112656512027
86.81724865231854,173.63449730463708
34.05262903839742,68.10525807679484
86.64402283999556,173.28804567999111
53.61543146036374,107.23086292072747
82.49541800838219,164.99083601676438
88.46998483825172,176.93996967650344
88.01886311271109,176.03772622542218
44.18876378978916,88.37752757957831
44.45206710485512,88.90413420971024
72.34383654343546,144.68767308687092
76.54706823304909,153.09413646609818
71.03721509108472,142.07443018216944
82.0467679428621,164.0935358857242
71.00470572357762,142.00941144715523
20.83037453525166,41.66074907050332
27.520669269324205,55.04133853864841
14.877902821250066,29.755805642500132
72.70558632113867,145.41117264227734
91.92540420060372,183.85080840120744
51.13802254146754,102.27604508293508
13.10541132466383,26.21082264932766
24.204044386238223,48.40808877247645
37.980713992405555,75.96142798481111
74.2680208856158,148.5360417712316
68.1423995347221,136.2847990694442
33.70879138982803,67.41758277965606
7.591374509019156,15.182749018038312
59.03663166045293,118.07326332090587
85.95984366155281,171.91968732310562
47.532286294825454,95.06457258965091
79.72389702279085,159.4477940455817
1.6007796884856984,3.201559376971397
87.67960271379785,175.3592054275957
58.02987705238253,116.05975410476506
5.664607282572787,11.329214565145573
9.709375241821572,19.418750483643144
52.68258565520599,105.36517131041198
1.759252995707672,3.518505991415344
67.0410605748847,134.0821211497694
3.933701846083726,7.867403692167452
85.14054625428692,170.28109250857383
74.15828258850824,148.31656517701649
59.3961437225607,118.7922874451214
75.16529175296543,150.33058350593086
45.27369029304401,90.54738058608802
39.21510867515732,78.43021735031463
49.88111074751811,99.76222149503621
54.020780894751255,108.04156178950251
19.304048934467644,38.60809786893529
8.93143795351894,17.86287590703788
46.44252287139806,92.88504574279612
42.4434510885945,84.886902177189
8.77038240299517,17.54076480599034
80.2575425551369,160.5150851102738
61.90032090849089,123.80064181698178
5.902916147719428,11.805832295438856
84.76247510548839,169.52495021097678
3.600941109752309,7.201882219504618
95.36143088813294,190.7228617762659
40.253631195095174,80.50726239019035
99.50062099422087,199.00124198844173
99.48513055821378,198.97026111642757
83.43413104808035,166.8682620961607
26.476875926304356,52.95375185260871
70.71979039462313,141.43958078924626
53.26264122402653,106.52528244805306
91.68245929846636,183.3649185969327
9.927747020911482,19.855494041822965
52.81449880284267,105.62899760568534
80.99053724215236,161.9810744843047
67.28808164072274,134.57616328144547
6.363501083936162,12.727002167872325
92.32533224258323,184.65066448516646
68.24476761824255,136.4895352364851
86.55817285494062,173.11634570988124
25.51318025898067,51.02636051796134
97.60418927315135,195.2083785463027
99.27934260286823,198.55868520573645
3.220036396629855,6.44007279325971
23.24793939744071,46.49587879488142
65.05458346905473,130.10916693810947
99.3709255109408,198.7418510218816
84.46073340188948,168.92146680377897
2.147928632557494,4.295857265114988
89.02408861329653,178.04817722659305
8.884721884150293,17.769443768300587
63.06665390216342,126.13330780432683
63.86346734738735,127.7269346947747
83.8564750620609,167.7129501241218
81.4073235047917,162.8146470095834
8.023319666459017,16.046639332918033
76.33193628342583,152.66387256685167
8.091913829510789,16.183827659021578
34.94807968659885,69.8961593731977
20.14948682437089,40.29897364874178
48.94485803736182,97.88971607472364
9.214531717004771,18.429063434009542
51.76013760421129,103.52027520842258
7.778272391991948,15.556544783983895
73.28299054508106,146.56598109016213
3.608292814033176,7.216585628066352
38.35432108143208,76.70864216286417
52.27757414767701,104.55514829535402
46.94214421730039,93.88428843460078
22.310627671051886,44.62125534210377
60.704922368555344,121.40984473711069
88.24835740579078,176.49671481158157
17.96434999423654,35.92869998847308
81.78524052084562,163.57048104169124
49.92764290561079,99.85528581122158
75.18149607956201,150.36299215912402
24.393785211547925,48.78757042309585
65.57255953827,131.14511907654
6.7720450155047125,13.544090031009425
3.9360830464705066,7.872166092941013
47.260236744642455,94.52047348928491
90.76653816730895,181.5330763346179
73.71156158597249,147.42312317194498
47.66004266303321,95.32008532606642
27.481643351091023,54.963286702182046
9.036211762899903,18.072423525799806
1.7193930410651648,3.4387860821303295
13.678680252201714,27.357360504403427
85.05129647304007,170.10259294608014
39.42772336294439,78.85544672588878
7.181315164354263,14.362630328708526
69.49815126567259,138.99630253134518
11.66052885936284,23.32105771872568
68.86220185142504,137.72440370285008
53.91000348095816,107.82000696191632
66.23193167505985,132.4638633501197
1.7484540493043266,3.496908098608653
89.33052456237884,178.66104912475768
20.5389321614177,41.0778643228354
70.2209929372957,140.4419858745914
92.57217446010613,185.14434892021225
53.287060387198316,106.57412077439663
40.31020239394005,80.6204047878801
93.83689415653687,187.67378831307374
22.88206593609534,45.76413187219068
63.3947518082568,126.7895036165136
24.317870403340535,48.63574080668107
12.652825723687977,25.305651447375954
81.94574938933236,163.89149877866473
64.85552146502033,129.71104293004066
35.78809498870075,71.5761899774015
6.905365701819333,13.810731403638666
55.345257984398344,110.69051596879669
44.37001854685011,88.74003709370022
99.86239729601266,199.72479459202532
83.7084452109262,167.4168904218524
78.42857626940545,156.8571525388109
83.23970089357647,166.47940178715294
98.90367214467922,197.80734428935844
53.86730556354477,107.73461112708954
87.14044731875791,174.28089463751581
87.69258161645968,175.38516323291935
79.6063665774475,159.212733154895
97.03913917867129,194.07827835734258
29.573611624482222,59.147223248964444
61.52288287382204,123.04576574764408
40.774497712549326,81.54899542509865
77.20978446922729,154.41956893845457
62.45728376419811,124.91456752839622
43.130892698260624,86.26178539652125
82.97859600663998,165.95719201327995
78.14347367320893,156.28694734641786
52.64587796782519,105.29175593565039
16.501859969999057,33.00371993999811
72.99335427609407,145.98670855218813
73.19522449416334,146.39044898832668
83.3995811787281,166.7991623574562
83.86695792298572,167.73391584597144
7.338279680703785,14.67655936140757
94.15837009921141,188.31674019842282
45.80216365353008,91.60432730706016
95.50917732534255,191.0183546506851
16.792556989195262,33.585113978390524
72.92221461631777,145.84442923263555
78.21023196439167,156.42046392878333
65.96985915237639,131.93971830475277
81.92138648960984,163.8427729792197
59.20203301093747,118.40406602187494
32.605311809964434,65.21062361992887
10.01889488027211,20.03778976054422
91.08646970713717,182.17293941427434
41.22574778667364,82.45149557334727
17.041637106791796,34.08327421358359
85.5880836134035,171.176167226807
24.655591898123895,49.31118379624779
37.50731898249809,75.01463796499618
16.644441552326917,33.288883104653834
76.32669323263515,152.6533864652703
55.166077834205275,110.33215566841055
5.129573471338144,10.259146942676288
61.225903588432274,122.45180717686455
28.373096106721583,56.746192213443166
99.16322301758699,198.32644603517397
38.652073471649075,77.30414694329815
52.35895512948686,104.71791025897372
80.09541029494564,160.19082058989127
35.87456752336298,71.74913504672595
98.67325347630583,197.34650695261166
61.23739068468521,122.47478136937042
67.82069822554341,135.64139645108682
76.21325549724894,152.42651099449787
35.90849917820431,71.81699835640862
99.9981294388565,199.996258877713
65.6564021093641,131.3128042187282
62.687515148197356,125.37503029639471
84.61405597472299,169.22811194944597
71.41183997228138,142.82367994456277
94.634141791894,189.268283583788
66.8300218762495,133.660043752499
34.01481699831219,68.02963399662438
91.10754014000018,182.21508028000036
27.48604691477268,54.97209382954536
77.228082066765,154.45616413353
3.287072054936202,6.574144109872404
22.234582483906618,44.469164967813235
46.78365661935191,93.56731323870382
39.90841375041191,79.81682750082382
44.37833256125055,88.7566651225011
76.37695239002696,152.75390478005392
40.54857936841915,81.0971587368383
40.2438090507201,80.4876181014402
17.475261761394002,34.950523522788004
52.77446467537757,105.54892935075515
65.67806316951125,131.3561263390225
4.563508398885407,9.127016797770814
86.61322764948034,173.22645529896067
41.47397886854204,82.94795773708408
40.76810798989388,81.53621597978776
46.15533136523826,92.31066273047652
18.323762522058363,36.647525044116726
67.31187445335604,134.62374890671208
21.209432581471443,42.418865162942886
12.210158478141498,24.420316956282996
95.61879926218081,191.23759852436163
7.138414816694305,14.27682963338861
39.446130970444685,78.89226194088937
66.90599151516203,133.81198303032406
82.34468420910387,164.68936841820775
74.62029473619492,149.24058947238984
70.85376904094828,141.70753808189656
90.3831583927303,180.7663167854606
98.77638639132765,197.5527727826553
32.543927971148946,65.08785594229789
70.27266197672152,140.54532395344305
0.08358364072411639,0.16716728144823279
89.9390744528499,179.8781489056998
68.67266454523231,137.34532909046462
90.6506104738703,181.3012209477406
72.40452231828205,144.8090446365641
84.36423589476783,168.72847178953566
50.00275816619706,100.00551633239412
42.9751281891408,85.9502563782816
34.66562381621428,69.33124763242856
20.5614545412906,41.1229090825812
13.919430187486215,27.83886037497243
92.55195106549786,185.10390213099572
83.38686516969867,166.77373033939733
28.765680855165687,57.531361710331375
27.333120224782892,54.666240449565784
66.15742480545927,132.31484961091854
19.347260902818743,38.694521805637486
66.1423292709869,132.2846585419738
57.941918700791106,115.88383740158221
11.374679514513774,22.74935902902755
22.396613532207798,44.793227064415596
54.818081529941956,109.63616305988391
86.39673337426117,172.79346674852235
44.84821706878811,89.69643413757622
78.4463807521887,156.8927615043774
62.162627263898095,124.32525452779619
88.13038495167595,176.2607699033519
17.249220937408406,34.49844187481681
2.2052003855868585,4.410400771173717
4.28034649427429,8.56069298854858
36.30045312892604,72.60090625785207
8.250370497185344,16.500740994370688
13.122350633015012,26.244701266030024
78.33859311078581,156.67718622157162
15.949310023100349,31.898620046200698
90.71501467197969,181.43002934395938
87.63669957989961,175.27339915979923
22.19999715878842,44.39999431757684
79.32768270272473,158.65536540544946
23.537687734269852,47.075375468539704
53.46909243639645,106.9381848727929
59.1304727394318,118.2609454788636
38.7971694789676,77.5943389579352
58.23181053869023,116.46362107738047
93.94656375601069,187.89312751202138
94.4439353386133,188.8878706772266
67.0466459365349,134.0932918730698
9.987096339528057,19.974192679056113
36.671554424242146,73.34310884848429
58.527647633531835,117.05529526706367
41.07796012839658,82.15592025679317
34.32814601263229,68.65629202526458
17.377895162079604,34.75579032415921
64.06860809806223,128.13721619612446
39.38313578465543,78.76627156931086
79.46292937504602,158.92585875009203
10.874501925343816,21.749003850687632
86.4459144261217,172.8918288522434
19.561975034889567,39.123950069779134
47.27647473605637,94.55294947211274
55.30263011680172,110.60526023360345
37.03797886975283,74.07595773950565
59.74777922053139,119.49555844106278
48.09183645639558,96.18367291279117
27.225264687505156,54.45052937501031
55.34977465726598,110.69954931453196
30.69876747514734,61.39753495029468
10.280975590895746,20.561951181791493
86.84207431303929,173.68414862607858
99.07465054486535,198.1493010897307
61.99029597658765,123.9805919531753
52.22661978631148,104.45323957262296
95.16949444078546,190.3389888815709
30.521585453646072,61.043170907292144
95.0472994167156,190.0945988334312
75.73212464114741,151.46424928229482
12.909203462385666,25.81840692477133
18.222056187173486,36.44411237434697
18.467754067627805,36.93550813525561
22.091663324038493,44.183326648076985
99.57497246630268,199.14994493260537
73.55591648168912,147.11183296337825
0.7153860404184753,1.4307720808369506
21.434670824818014,42.86934164963603
48.12808130696643,96.25616261393286
51.02819512977573,102.05639025955146
7.804326588720622,15.608653177441244
81.66371136947546,163.32742273895093
49.91642054750653,99.83284109501307
91.37388490389502,182.74776980779004
7.1757370299856404,14.351474059971281
59.61968463423276,119.23936926846552
96.7667583282889,193.5335166565778
37.27101732127137,74.54203464254275
92.7201333977126,185.4402667954252
36.099593471206816,72.19918694241363
90.40458975999651,180.80917951999302
51.90444478414771,103.80888956829541
33.83789909901594,67.67579819803188
49.97197175332689,99.94394350665378
24.24639593607948,48.49279187215896
44.96217921587825,89.9243584317565
30.442880154599194,60.88576030919839
77.3938290880572,154.7876581761144
46.9728114856813,93.9456229713626
76.07961414827554,152.15922829655108
11.732404875089808,23.464809750179615
14.059929053451281,28.119858106902562
72.6340725950583,145.2681451901166
30.300492937073752,60.600985874147504
83.10639953291289,166.21279906582578
19.7141133277566,39.4282266555132
10.98761436035417,21.97522872070834
17.71893925838597,35.43787851677194
30.357029187511543,60.714058375023086
93.19302341546451,186.38604683092902
29.545402693044366,59.09080538608873
6.148940603987684,12.297881207975369
54.64116730096797,109.28233460193594
13.783830674475473,27.567661348950946
8.409370399803763,16.818740799607525
86.09927967505084,172.19855935010168
96.48340008788234,192.9668001757647
63.71496430052365,127.4299286010473
91.16901454094905,182.3380290818981
92.8775736661306,185.7551473322612
29.726190252317807,59.45238050463561
84.44587149133585,168.8917429826717
60.45374441295629,120.90748882591258
16.677489598384355,33.35497919676871
91.00402689552088,182.00805379104176
3.0419806722628895,6.083961344525779
31.21599801521553,62.43199603043106
3.4692533706917605,6.938506741383521
24.75749337722676,49.51498675445352
31.709973563456863,63.419947126913726
97.41333525690685,194.8266705138137
48.32148268748239,96.64296537496477
75.54790015370287,151.09580030740574
4.786667472876438,9.573334945752876
77.84213755717785,155.6842751143557
85.91795120274067,171.83590240548133
96.71121028871725,193.4224205774345
78.07830784636629,156.15661569273257
29.873136022643855,59.74627204528771
63.297301550884946,126.59460310176989
0.6060828441923682,1.2121656883847365
78.7393249582983,157.4786499165966
29.365019566156512,58.730039132313024
78.31921349299856,156.6384269859971
35.534584066353425,71.06916813270685
51.83984483162115,103.6796896632423
33.360162702530886,66.72032540506177
54.51503764488048,109.03007528976096
68.32492687307264,136.64985374614528
20.3003026252893,40.6006052505786
9.949776144180378,19.899552288360756
4.122623314857099,8.245246629714199
90.00128326069078,180.00256652138157
52.99207641302024,105.98415282604049
26.406643117906516,52.81328623581303
18.729867546167313,37.459735092334626
82.23868761255446,164.47737522510891
58.02424942439386,116.04849884878772
46.919755554892326,93.83951110978465
5.0197418533922455,10.039483706784491
59.231379190527925,118.46275838105585
66.4641956466837,132.9283912933674
60.48948766310326,120.97897532620652
47.75364061238177,95.50728122476355
61.24279293078828,122.48558586157657
51.45160921590636,102.90321843181272
31.192006061597365,62.38401212319473
22.394390029296773,44.788780058593545
39.821760091072434,79.64352018214487
26.137553780921152,52.275107561842304
53.94714844083006,107.89429688166013
66.82402544684552,133.64805089369105
88.12764526195845,176.2552905239169
97.12800907163228,194.25601814326455
71.29197391011209,142.58394782022418
67.18982413128045,134.3796482625609
78.8890068997479,157.7780137994958
35.47685616258782,70.95371232517564
13.543160160698008,27.086320321396016
99.8239596325274,199.6479192650548
99.65676565875248,199.31353131750495
12.633396336546976,25.266792673093953
3.940650439517601,7.881300879035202
26.101434998049523,52.20286999609905
47.00230910375419,94.00461820750839
87.42410048172937,174.84820096345874
64.13303858039208,128.26607716078416
23.426916905014373,46.853833810028746
91.52941745674593,183.05883491349186
16.87611304980604,33.75222609961208
3.984729860416425,7.96945972083285
35.25524139839805,70.5104827967961
16.963675400765155,33.92735080153031
28.46033041090029,56.92066082180058
71.13334408699822,142.26668817399644
91.05374226549435,182.1074845309887
96.38609095851317,192.77218191702633
50.507224351233084,101.01444870246617
33.02176234124358,66.04352468248716
82.4132880166361,164.8265760332722
5.423978599930446,10.847957199860891
36.38962478676966,72.77924957353932
36.18185082398166,72.36370164796332
76.07302939055681,152.14605878111362
60.84316326964214,121.68632653928428
61.53797838990683,123.07595677981367
96.0514814746541,192.1029629493082
60.86107020006749,121.72214040013498
12.95239193486799,25.90478386973598
42.60810388859042,85.21620777718084
48.085734582300645,96.17146916460129
99.3023787920135,198.604757584027
3.5359741387887444,7.071948277577489
92.12639363650653,184.25278727301307
96.42204085760144,192.8440817152029
78.4411458368365,156.882291673673
43.84388671444201,87.68777342888401
77.22546130453472,154.45092260906944
26.58685467727606,53.17370935455212
58.10938616604994,116.21877233209987
48.29450644278368,96.58901288556736
86.68852151890843,173.37704303781686
43.22791104502034,86.45582209004068
55.27632929915165,110.5526585983033
78.77536439994567,157.55072879989135
99.78368648780881,199.56737297561762
74.93073071649482,149.86146143298964
3.3623267506143417,6.724653501228683
96.3915175748979,192.7830351497958
33.75770752867972,67.51541505735943
65.84916638940189,131.69833277880377
14.929884070002009,29.859768140004018
44.38525737875702,88.77051475751404
9.134540428108206,18.269080856216412
58.83734217724298,117.67468435448596
9.084625417272719,18.169250834545437
39.44706590085198,78.89413180170396
76.16702250792497,152.33404501584994
69.80668895962094,139.61337791924188
42.79280784396824,85.58561568793648
98.72058395699058,197.44116791398116
21.49305170254757,42.98610340509514
8.021943848750201,16.043887697500402
39.78657119080194,79.57314238160389
68.03856172766717,136.07712345533434
37.17688810271721,74.35377620543441
99.54837900609068,199.09675801218137
92.00680051151355,184.0136010230271
74.02623007192894,148.05246014385787
84.07453122458575,168.1490624491715
82.62224053393781,165.24448106787563
24.277905054369675,48.55581010873935
91.39357839470374,182.78715678940748
96.29602453962362,192.59204907924723
62.975554717225215,125.95110943445043
31.767932929731092,63.535865859462184
38.39410346636406,76.78820693272812
85.69801793488358,171.39603586976716
9.444167314029162,18.888334628058324
50.67893766936792,101.35787533873584
33.19150711025098,66.38301422050196
80.85053811613432,161.70107623226863
68.82283874538602,137.64567749077204
92.2847498793163,184.5694997586326
12.91822093912125,25.8364418782425
56.39861509126845,112.7972301825369
37.15032950850298,74.30065901700596
76.57037619915472,153.14075239830944
78.5839559095356,157.1679118190712
91.27372840164934,182.54745680329867
73.5979767752492,147.1959535504984
48.21985356513212,96.43970713026424
41.13443360436278,82.26886720872557
27.00857717924562,54.01715435849124
13.854010532069838,27.708021064139675
55.32987500311934,110.65975000623868
40.04125649353304,80.08251298706608
41.56338357445837,83.12676714891674
49.17410987079044,98.34821974158088
9.708132526963487,19.416265053926974
66.47961126382287,132.95922252764575
12.144097106509621,24.288194213019242
88.74006142521364,177.48012285042728
3.439262639644558,6.878525279289116
49.73608444934595,99.4721688986919
87.97322325626041,175.94644651252082
41.76588871585879,83.53177743171759
68.71999022608044,137.43998045216088
29.442195356785206,58.88439071357041
20.38839880247596,40.77679760495192
98.43233899072719,196.86467798145438
86.86137469861566,173.72274939723133
25.968308844970178,51.936617689940356
74.16208165874916,148.32416331749832
31.29914693434338,62.59829386868676
45.79620855474709,91.59241710949418
4.650480705597682,9.300961411195363
85.39559952067353,170.79119904134706
37.18215921762192,74.36431843524385
88.23439350532927,176.46878701065853
35.08198161031617,70.16396322063234
22.857708896610728,45.715417793221455
18.92566504084452,37.85133008168904
47.83016039950676,95.66032079901352
62.521590793525725,125.04318158705145
80.02158952820574,160.04317905641147
82.96432290900051,165.92864581800103
14.696438784601384,29.392877569202767
81.96203286426729,163.92406572853457
20.44167789085477,40.88335578170954
64.39983131781139,128.79966263562278
11.572605095138854,23.14521019027771
97.71264522605482,195.42529045210964
65.9528846613563,131.9057693227126
22.16427037422943,44.32854074845886
98.16152212075703,196.32304424151405
34.45806563323879,68.91613126647758
24.890302619129567,49.780605238259135
5.9873065770673195,11.974613154134639
44.27852333157409,88.55704666314818
8.587872996618106,17.175745993236212
77.63024599645847,155.26049199291694
90.75152558842144,181.5030511768429
90.67045207190993,181.34090414381987
24.59667868739597,49.19335737479194
10.42058235413278,20.84116470826556
10.643174194819915,21.28634838963983
61.33370925257222,122.66741850514444
93.09670478899086,186.19340957798173
67.22474184080272,134.44948368160544
43.90972991306745,87.8194598261349
71.6956742948135,143.391348589627
26.09824380290764,52.19648760581528
45.71850001286607,91.43700002573215
82.84492067137496,165.68984134274993
11.180257278842099,22.360514557684198
30.936465027331515,61.87293005466303
23.776887469520148,47.553774939040295
81.93477211158266,163.86954422316532
73.52850382466376,147.05700764932752
79.28340113377811,158.56680226755623
41.04571776925814,82.09143553851628
63.866255933320105,127.73251186664021
98.60607666871512,197.21215333743024
19.970944395810687,39.94188879162137
39.18398783832829,78.36797567665658
90.94280271386424,181.88560542772848
79.34592494252134,158.69184988504267
6.570859634034787,13.141719268069574
90.73211737614653,181.46423475229307
51.77263794073298,103.54527588146595
28.696722592902468,57.393445185804936
12.096706061570906,24.19341212314181
71.86248910647808,143.72497821295616
65.70500599607246,131.41001199214492
95.46175858173639,190.92351716347278
52.693267959149814,105.38653591829963
65.35728184360647,130.71456368721294
56.96757679578097,113.93515359156194
16.15817338999651,32.31634677999302
64.62985486351154,129.25970972702308
54.85354966983067,109.70709933966134
30.30886260505986,60.61772521011972
2.683434039052268,5.366868078104536
22.090831784333155,44.18166356866631
93.15507556842849,186.31015113685697
42.615601620446476,85.23120324089295
61.91884495198307,123.83768990396614
8.398558950223888,16.797117900447777
77.82461340125509,155.64922680251019
62.37949642957189,124.75899285914377
40.38945803798286,80.77891607596572
24.223639504970297,48.447279009940594
25.29222056574906,50.58444113149812
6.647220674102905,13.29444134820581
73.07984036030493,146.15968072060986
97.55195761935764,195.10391523871527
53.52102113759568,107.04204227519136
96.09010705235518,192.18021410471036
0.3779010627205648,0.7558021254411296
80.69604439763147,161.39208879526294
51.815201920633505,103.63040384126701
78.95846461947087,157.91692923894175
24.9801485873721,49.9602971747442
72.92451133991268,145.84902267982537
18.940812618538637,37.88162523707727
67.20093152944168,134.40186305888335
5.41223460332132,10.82446920664264
90.7128304516647,181.4256609033294
9.06073651549657,18.12147303099314
85.65889575196745,171.3177915039349
18.488310543456866,36.97662108691373
7.5711595407203625,15.142319081440725
72.59831780991438,145.19663561982875
41.04682417397812,82.09364834795625
69.6577573136435,139.315514627287
86.66764958933003,173.33529917866005
44.130736743658915,88.26147348731783
62.800447906384846,125.60089581276969
59.0092543833413,118.0185087666826
75.00376451206515,150.0075290241303
66.48822039130748,132.97644078261496
83.96653788200985,167.9330757640197
61.27770342211161,122.55540684422321
42.903532484471285,85.80706496894257
30.851900449670378,61.703800899340756
93.24780051617132,186.49560103234265
98.28214659706485,196.5642931941297
96.80971912410548,193.61943824821097
13.08332581129099,26.16665162258198
37.110480169194325,74.22096033838865
43.09500465205406,86.19000930410812
30.8038689314315,61.607737862863
17.14064100065693,34.28128200131386
46.862191246919124,93.72438249383825
84.46373372054407,168.92746744108814
59.17019573348914,118.34039146697828
39.21354532877377,78.42709065754754
78.21336846483949,156.42673692967898
29.081665916810085,58.16333183362017
69.8403745348457,139.6807490696914
51.59392632153702,103.18785264307404
36.9509525665385,73.901905133077
20.243478188988483,40.486956377976966
37.392035648847475,74.78407129769495
86.42104988903118,172.84209977806236
71.00181655834251,142.00363311668502
81.84965423389197,163.69930846778394
46.950369563778146,93.90073912755629
4.57614348098293,9.15228696196586
69.26451814958938,138.52903629917876
38.90447223189389,77.80894446378778
45.17480170797652,90.34960341595304
73.71002074243327,147.42004148486654
86.79416263821457,173.58832527642915
71.74764845102749,143.49529690205497
42.17652608434692,84.35305216869384
87.13983265363889,174.27966530727778
93.56874287763925,187.1374857552785
85.31373118358816,170.62746236717632
93.12124047334237,186.24248094668474
76.42326588364679,152.84653176729358
66.56076080221243,133.12152160442486
99.86294994977443,199.72589989954886
91.19128207595475,182.3825641519095
29.15890872900697,58.31781745801394
55.598929267688234,111.19785853537647
78.21586428178612,156.43172856357225
14.324322487677465,28.64864497535493
22.632108271650033,45.264216543300066
13.126477912768742,26.252955825537484
69.1171279749698,138.2342559499396
76.75647626285576,153.5129525257115
55.21541506128321,110.43083012256642
24.14412030413261,48.28824060826522
91.84649015703799,183.69298031407598
84.0557883126835,168.111576625367
61.11363930400575,122.2272786080115
89.38311439758884,178.76622879517768
45.07281082458616,90.14562164917233
57.38160380226947,114.76320760453893
53.630135313282345,107.26027062656469
42.33893585418039,84.67787170836078
85.25251048889774,170.50502097779548
85.90230458856786,171.80460917713572
1.3658495411485227,2.7316990822970455
68.51225054646103,137.02450109292207
52.320457091747485,104.64091418349497
41.239708127233065,82.47941625446613
61.87030708752825,123.7406141750565
23.539710955047077,47.079421910094155
61.08256894912988,122.16513789825976
32.03985453424101,64.07970906848202
6.26382996912378,12.52765993824756
92.40850497144883,184.81700994289767
26.82260651711331,53.64521303422662
61.003075880050694,122.00615176010139
89.40118265004244,178.8023653000849
65.97295733300409,131.94591466600818
64.57947142241548,129.15894284483096
66.75326526610331,133.50653053220663
52.62629432156516,105.25258864313032
22.316834919552562,44.633669839105124
11.672047949819264,23.34409589963853
25.24415366829953,50.48830733659906
2.8891256409991017,5.7782512819982035
33.84988679653925,67.6997735930785
25.68088040585024,51.36176081170048
16.647588114557788,33.295176229115576
76.53785223438089,153.07570446876178
91.55298313589759,183.10596627179518
26.11925555610688,52.23851111221376
51.63981474570609,103.27962949141218
41.104131982161185,82.20826396432237
74.03672619275012,148.07345238550025
68.37148676754063,136.74297353508126
50.88845517082486,101.77691034164972
94.52764204173006,189.05528408346012
66.99923513701287,133.99847027402575
50.62846832433131,101.25693664866262
47.616558414955925,95.23311682991185
34.9954294342841,69.9908588685682
95.22574795006122,190.45149590012244
81.52277106718215,163.0455421343643
6.489759245788895,12.97951849157779
82.29469995568024,164.5893999113605
94.71780995555437,189.43561991110874
71.28897272189135,142.5779454437827
41.21872242576773,82.43744485153546
54.0571110871884,108.1142221743768
79.47745875124986,158.9549175024997
59.04884730116267,118.09769460232533
96.38680331446186,192.77360662892372
98.35061474761424,196.7012294952285
57.98366995986477,115.96733991972954
72.49955904355501,144.99911808711002
46.914203471113765,93.82840694222753
2.417514544526067,4.835029089052134
4.827668711383792,9.655337422767584
99.68241550328705,199.3648310065741
29.62961357263906,59.25922714527812
24.918826686385376,49.83765337277075
31.33401898107424,62.66803796214848
33.64206088842987,67.28412177685973
8.242739911436637,16.485479822873273
40.938600590373106,81.87720118074621
25.524173357857983,51.048346715715965
60.95802208348901,121.91604416697803
24.578074217929302,49.156148435858604
68.35633513415601,136.71267026831202
6.543995097994026,13.087990195988052
90.91098051123383,181.82196102246766
55.29271330143193,110.58542660286386
91.24265972138609,182.48531944277218
15.56076083333634,31.12152166667268
84.83497363664281,169.66994727328563
40.66824294557778,81.33648589115556
2.1512084062575543,4.3024168125151085
89.81256356022685,179.6251271204537
34.82047563890652,69.64095127781304
75.05171295629681,150.10342591259362
0.9769716195022649,1.9539432390045297
48.905431976634276,97.81086395326855
68.78308805138447,137.56617610276894
51.69725293086105,103.3945058617221
93.70521954927119,187.41043909854238
34.19427217162764,68.38854434325528
3.2823086034080795,6.564617206816159
57.19571508084593,114.39143016169186
65.15361625239015,130.3072325047803
77.45278536542031,154.90557073084062
4.682390792048274,9.364781584096548
10.519083797565276,21.038167595130552
59.47291419676982,118.94582839353964
82.968321677014,165.936643354028
50.95604423910161,101.91208847820322
42.811343624354215,85.62268724870843
63.367250324067406,126.73450064813481
63.853137637704805,127.70627527540961
91.96250322446437,183.92500644892874
48.326237241214166,96.65247448242833
6.104117227100014,12.208234454200028
40.2029419879136,80.4058839758272
6.706743526677339,13.413487053354679
21.199090189947224,42.39818037989445
93.83184985532506,187.66369971065012
68.22353504630131,136.44707009260262
80.90442429408616,161.8088485881723
94.55432701604894,189.1086540320979
67.13955663558858,134.27911327117715
52.79445060291641,105.58890120583283
72.34532086735466,144.69064173470932
92.59157992602279,185.18315985204558
55.268877558675314,110.53775511735063
84.68032954072102,169.36065908144204
77.56326082633949,155.12652165267897
83.54650326597458,167.09300653194916
55.52905872885232,111.05811745770464
56.367089481869,112.734178963738
84.58146460358572,169.16292920717143
78.98729456667458,157.97458913334916
44.56815779586402,89.13631559172804
75.15399150318865,150.3079830063773
71.33500063914427,142.67000127828854
43.228139414927405,86.45627882985481
90.5109640489705,181.021928097941
91.14014709140459,182.28029418280917
26.569879773058314,53.13975954611663
89.42583168021582,178.85166336043164
62.18039914820325,124.3607982964065
80.94952338359661,161.89904676719323
68.42701852410045,136.8540370482009
31.720754572682985,63.44150914536597
25.186968574615076,50.37393714923015
9.955455832323445,19.91091166464689
40.916626053361526,81.83325210672305
56.74870044463189,113.49740088926379
16.200283492360512,32.400566984721024
24.202874325843084,48.40574865168617
38.7793776768653,77.5587553537306
52.99425721717609,105.98851443435218
95.16133056441124,190.3226611288225
66.76312790729038,133.52625581458076
41.71851712752531,83.43703425505062
37.10445458705915,74.2089091741183
5.67570836031952,11.35141672063904
0.2613735467874134,0.5227470935748268
25.35064638268748,50.70129276537496
64.78555626463647,129.57111252927294
61.55818553483358,123.11637106966715
25.79111653508136,51.58223307016272
84.04007035433723,168.08014070867446
44.78254200557241,89.56508401114482
91.0895537545447,182.1791075090894
77.18823918082498,154.37647836164996
34.94965185038858,69.89930370077715
50.500204384527144,101.00040876905429
13.767161907511516,27.534323815023033
10.617386071317814,21.234772142635627
32.104577614330154,64.20915522866031
27.766984585932363,55.533969171864726
52.914130795525516,105.82826159105103
83.39705801264033,166.79411602528066
51.66467317616586,103.32934635233173
32.27707201393154,64.55414402786307
42.907466072217524,85.81493214443505
34.41755259744155,68.8351051948831
34.81731293200993,69.63462586401987
88.16463544662506,176.3292708932501
36.484733358400035,72.96946671680007
93.06304661505688,186.12609323011375
47.977590777638056,95.95518155527611
39.33557305330512,78.67114610661024
18.02378774406167,36.04757548812334
29.11161586398977,58.22323172797954
83.33335341874049,166.66670683748097
94.96122752204586,189.92245504409172
56.00262354636896,112.00524709273792
87.80898458160448,175.61796916320895
16.943324253152127,33.886648506304255
95.12260667202274,190.24521334404548
22.141530278631894,44.28306055726379
67.8680877405638,135.7361754811276
67.23259209406571,134.46518418813142
29.212489030413714,58.42497806082743
65.49975803750132,130.99951607500265
33.75812694645916,67.51625389291831
44.82461658020033,89.64923316040066
21.935450406154967,43.870900812309934
49.76315092412248,99.52630184824496
16.114721083511707,32.229442167023414
11.889005208630232,23.778010417260464
29.94333112480977,59.88666224961954
54.94224819500604,109.88449639001207
60.842176961867,121.684353923734
29.978807441632792,59.957614883265585
27.244932021232447,54.489864042464895
81.39275867263635,162.7855173452727
54.45998724262739,108.91997448525478
75.17345999266587,150.34691998533174
80.37063383968146,160.74126767936292
27.188105585151945,54.37621117030389
34.27171245876928,68.54342491753856
85.76360267113378,171.52720534226756
28.086111130751025,56.17222226150205
82.60606563790238,165.21213127580475
86.52967262691837,173.05934525383674
26.626522721182944,53.25304544236589
98.61610139058382,197.23220278116764
47.69572209547446,95.39144419094892
41.490704171716764,82.98140834343353
23.49877700972329,46.99755401944658
23.89552159835763,47.79104319671526
88.88013927414369,177.76027854828737
11.807462679767756,23.614925359535512
45.630679506667306,91.26135901333461
72.17003810548883,144.34007621097766
99.12245301896652,198.24490603793305
86.69058792462904,173.38117584925809
22.763008050667345,45.52601610133469
69.86653021719098,139.73306043438197
73.3535726135739,146.7071452271478
97.85924223751734,195.71848447503467
53.64684672115714,107.29369344231428
35.97398580538012,71.94797161076023
58.28396795396903,116.56793590793806
86.63049699848474,173.2609939969695
17.710956574001248,35.421913148002496
72.08488106034046,144.16976212068093
95.52059023627987,191.04118047255974
62.45000455521831,124.90000911043661
92.8632744689815,185.726548937963
61.39416452615597,122.78832905231194
29.088986664580997,58.17797332916199
87.66199502546816,175.32399005093632
98.20350896774315,196.4070179354863
31.950797059768345,63.90159411953669
61.368621578314716,122.73724315662943
46.14033379906126,92.28066759812252
0.5909032028622585,1.181806405724517
16.622953404067154,33.24590680813431
88.32026639157641,176.64053278315282
13.037969372108316,26.075938744216632
65.68575135944853,131.37150271889706
72.75992746580765,145.5198549316153
69.15976872112859,138.31953744225717
90.95142297919551,181.90284595839103
41.66738938451191,83.33477876902381
12.685947376751127,25.371894753502254
30.593634488360877,61.187268976721754
87.54721636161757,175.09443272323514
79.49255796062262,158.98511592124524
99.833732152493,199.667464304986
86.9709577539372,173.9419155078744
10.550967817787193,21.101935635574385
22.05237297258774,44.10474594517548
81.28611116324055,162.5722223264811
89.6238487796941,179.2476975593882
65.77070834097769,131.54141668195538
53.12145157966779,106.24290315933558
71.21468980243102,142.42937960486205
56.8457306815214,113.6914613630428
80.92922718546825,161.8584543709365
10.347831391171203,20.695662782342406
11.412442054220529,22.824884108441058
4.5763025228820915,9.152605045764183
70.5015235635646,141.0030471271292
31.42374693648091,62.84749387296182
4.986465434672038,9.972930869344076
7.581566865216671,15.163133730433342
65.84672693317887,131.69345386635774
20.937915160328437,41.875830320656874
64.53875598164144,129.0775119632829
40.74035021806635,81.4807004361327
35.57073435746917,71.14146871493834
52.664583630222516,105.32916726044503
67.94865161990697,135.89730323981394
30.852763236150704,61.70552647230141
86.10920809211287,172.21841618422573
71.70454588167071,143.40909176334142
96.64018893115785,193.2803778623157
7.437852508141118,14.875705016282236
73.40438457640882,146.80876915281763
20.26961325139841,40.53922650279682
31.38968320172473,62.77936640344946
12.33739252138626,24.67478504277252
12.504704864403893,25.009409728807785
31.07242340433779,62.14484680867558
65.7905620824825,131.581124164965
11.583698370461493,23.167396740922985
9.984769311866604,19.969538623733207
58.39924445708126,116.79848891416252
57.90349711842981,115.80699423685962
0.15868763414628173,0.31737526829256346
4.175523386927638,8.351046773855275
84.8771728556282,169.7543457112564
88.92131691246487,177.84263382492975
51.12598983849188,102.25197967698377
82.23023527323225,164.4604705464645
0.9460365643894519,1.8920731287789039
15.34483306750385,30.6896661350077
67.40568993914763,134.81137987829527
36.61251870813425,73.2250374162685
99.53758191071196,199.07516382142393
1.5356958996510905,3.071391799302181
77.6557177021564,155.3114354043128
63.37589943622507,126.75179887245014
69.68351643907015,139.3670328781403
63.834007670282865,127.66801534056573
5.315071686353711,10.630143372707423
2.771708071068091,5.543416142136182
97.39960359867868,194.79920719735736
32.278992716504426,64.55798543300885
39.817025946722055,79.63405189344411
53.24534573381057,106.49069146762113
59.886348784729506,119.77269756945901
41.49982527078704,82.99965054157408
74.9482516656377,149.8965033312754
82.79592195217965,165.5918439043593
11.47832437365317,22.95664874730634
8.447127841480807,16.894255682961614
60.37146333399966,120.74292666799931
95.31082499460184,190.6216499892037
66.495534347152,132.991068694304
57.49008469554639,114.98016939109279
17.745145790888117,35.49029158177623
49.97652533243083,99.95305066486166
42.33224957911671,84.66449915823343
44.75736704520771,89.51473409041542
38.690354504879274,77.38070900975855
99.97401638762098,199.94803277524196
48.75432575885929,97.50865151771858
75.81191999390174,151.62383998780348
56.21691173512162,112.43382347024324
83.49564968915357,166.99129937830713
32.12619190918586,64.25238381837173
67.85192757509984,135.70385515019967
32.74208008485559,65.48416016971117
29.17245173035625,58.3449034607125
87.27636460764064,174.5527292152813
12.34159804912287,24.68319609824574
44.98146791123801,89.96293582247603
82.0201438542092,164.0402877084184
51.25240613847855,102.5048122769571
71.58283625896897,143.16567251793794
63.974554844344866,127.94910968868973
20.588357403012214,41.17671480602443
46.424764572021225,92.84952914404245
38.27085695254047,76.54171390508094
90.52225861246633,181.04451722493266
4.226986766296836,8.453973532593672
53.049078150464524,106.09815630092905
16.838936675391636,33.67787335078327
32.63685314454966,65.27370628909932
1.2357749087124281,2.4715498174248562
93.02416464713562,186.04832929427124
9.021935722761876,18.043871445523752
77.07784088396922,154.15568176793843
78.51555106899616,157.03110213799232
75.25062882653371,150.50125765306743
71.52467241334894,143.04934482669788
17.41624161179347,34.83248322358694
36.912213600882296,73.82442720176459
77.46149939049928,154.92299878099857
17.619112999319388,35.238225998638775
50.26239936060149,100.52479872120298
17.557107770887992,35.114215541775984
26.0348100287066,52.0696200574132
9.583277570982851,19.166555141965702
65.8576089794362,131.7152179588724
63.91474419472887,127.82948838945774
89.57821451567052,179.15642903134105
43.68982281836134,87.37964563672269
42.48248662800043,84.96497325600086
71.93616081229476,143.87232162458952
15.522248865813005,31.04449773162601
14.440553008886425,28.88110601777285
1.0604378483758614,2.120875696751723
73.61006953987358,147.22013907974716
76.80204788053696,153.60409576107392
75.73965018976959,151.47930037953918
43.33350107340952,86.66700214681904
58.55349470444163,117.10698940888327
75.4364058428659,150.8728116857318
94.51906779767835,189.0381355953567
2.4922298669206255,4.984459733841251
6.862973978877529,13.725947957755057
54.66291746089866,109.32583492179732
72.29017101564338,144.58034203128676
76.58410954053606,153.16821908107212
65.66674988597937,131.33349977195874
62.5747139819841,125.1494279639682
54.28831213516446,108.57662427032892
97.08654482880843,194.17308965761686
63.28696542375519,126.57393084751038
49.93011436157195,99.8602287231439
69.36889585652409,138.73779171304818
34.345387772677995,68.69077554535599
93.55211738919742,187.10423477839484
90.30729338639955,180.6145867727991
49.82253505999742,99.64507011999484
85.62325920845318,171.24651841690635
11.548702412014833,23.097404824029667
15.444676645368583,30.889353290737166
94.61645998435168,189.23291996870336
57.53478214651563,115.06956429303126
89.09138441735095,178.1827688347019
18.662402735914107,37.32480547182821
51.58786397919107,103.17572795838214
77.90682928449662,155.81365856899325
98.59794448907702,197.19588897815404
49.005511150397375,98.01102230079475
66.63659792430165,133.2731958486033
2.658386043235439,5.316772086470878
2.8113926808532086,5.622785361706417
55.356320755900754,110.71264151180151
14.126489481575854,28.25297896315171
88.0431641221574,176.0863282443148
55.28858588380656,110.57717176761312
88.93307817040534,177.86615634081068
47.426356806902525,94.85271361380505
84.52682560408515,169.0536512081703
25.996961216555015,51.99392243311003
59.15922696422919,118.31845392845838
30.473174845517015,60.94634969103403
58.88789771824955,117.7757954364991
87.01136665123678,174.02273330247357
85.21029073440782,170.42058146881564
97.5217436668749,195.0434873337498
64.79423754488778,129.58847508977556
4.415702957611522,8.831405915223044
76.90448726895922,153.80897453791843
18.046714012229536,36.09342802445907
41.05217781861723,82.10435563723446
68.97445163601765,137.9489032720353
28.868663576549526,57.73732715309905
83.05956683881114,166.11913367762227
92.98573685950701,185.97147371901403
24.184479022559636,48.36895804511927
28.847777913200446,57.69555582640089
39.73158305152843,79.46316610305686
81.78425994750724,163.56851989501448
17.696548603619966,35.39309720723993
99.29552482845753,198.59104965691506
49.76154971103721,99.52309942207442
49.25546834334942,98.51093668669884
72.14271327932089,144.28542655864177
37.48796145435096,74.97592290870192
51.189014530719525,102.37802906143905
8.520148598755316,17.040297197510633
78.77411026466577,157.54822052933153
72.94549473168243,145.89098946336486
84.99958099002382,169.99916198004763
60.64417521844426,121.28835043688852
17.861207182148654,35.72241436429731
56.488295104719796,112.97659020943959
28.324212322629894,56.64842464525979
74.7806388931884,149.5612777863768
70.67931487667617,141.35862975335235
4.40071089141939,8.80142178283878
57.08021190154523,114.16042380309047
67.16847669387874,134.3369533877575
19.735448619516426,39.47089723903285
60.00504983135294,120.01009966270588
0.22350248726246136,0.4470049745249227
82.68950236736728,165.37900473473456
89.04426634325839,178.08853268651677
64.95040267007033,129.90080534014066
24.09111711493247,48.18223422986494
3.9457101004684914,7.891420200936983
82.78322595862471,165.56645191724942
4.5943076532932725,9.188615306586545
95.30096666219215,190.6019333243843
90.36670476426094,180.7334095285219
14.832304647943229,29.664609295886457
87.33417884163411,174.66835768326823
34.31234129696438,68.62468259392875
17.073746047089777,34.147492094179555
75.78957598597762,151.57915197195524
4.175519717883147,8.351039435766294
97.44534495554353,194.89068991108707
19.51946892369326,39.03893784738652
3.8195962709906994,7.639192541981399
38.258757762890006,76.51751552578001
7.920023242640117,15.840046485280235
86.42777914792464,172.85555829584928
15.997970060761968,31.995940121523937
67.88478117739545,135.7695623547909
19.743862725116458,39.487725450232915
39.04716375650948,78.09432751301895
33.37134214043286,66.74268428086572
45.788925726065756,91.57785145213151
55.376095404603,110.752190809206
16.824174322454855,33.64834864490971
31.369513041885313,62.739026083770625
70.99333427126139,141.98666854252278
8.478465681319191,16.956931362638382
22.795029383755928,45.590058767511856
78.68575302521064,157.3715060504213
89.68000435131408,179.36000870262816
55.80972776093037,111.61945552186074
39.35070009804571,78.70140019609141
30.45887523447064,60.91775046894128
40.04816901792415,80.0963380358483
45.83871114298979,91.67742228597957
82.89643700059133,165.79287400118267
16.490040861266863,32.980081722533725
7.696801630699756,15.393603261399512
26.166664189714673,52.33332837942935
14.757734267362267,29.515468534724533
22.363248197697782,44.726496395395564
50.58156120396602,101.16312240793204
90.56910977901526,181.13821955803053
37.99114535413882,75.98229070827765
3.5349721254298694,7.069944250859739
16.91641968168304,33.83283936336608
57.03885591918001,114.07771183836002
88.6398199885744,177.2796399771488
4.072277687134152,8.144555374268304
89.74564808512466,179.4912961702493
28.925750507432536,57.85150101486507
11.801436867934779,23.602873735869558
1.7256642561676916,3.451328512335383
37.25891014908177,74.51782029816354
72.94397549305083,145.88795098610166
16.338417744659882,32.676835489319764
83.95559305553981,167.91118611107962
56.52701739768127,113.05403479536254
72.89350545509643,145.78701091019286
61.14948904065754,122.29897808131508
44.49434652579771,88.98869305159542
63.38784620561619,126.77569241123238
89.91533223892326,179.8306644778465
88.50496938480067,177.00993876960135
40.17835967962111,80.35671935924222
29.30371277592859,58.60742555185718
12.657788030807671,25.315576061615342
58.490436289216596,116.98087257843319
97.72257494836927,195.44514989673854
50.906506404432875,101.81301280886575
76.18775299811884,152.37550599623768
71.92262008873165,143.8452401774633
71.92560633608981,143.85121267217963
99.74025822575253,199.48051645150505
94.35141929016046,188.70283858032093
65.8904900689884,131.7809801379768
93.15054230333206,186.30108460666412
23.381199925537686,46.76239985107537
67.4653946468126,134.9307892936252
7.736449728683359,15.472899457366719
92.61266174612561,185.22532349225122
63.425120228195794,126.85024045639159
86.14315474376461,172.28630948752922
58.269792684267465,116.53958536853493
42.2882245304796,84.5764490609592
62.68461618454175,125.3692323690835
39.105771395357934,78.21154279071587
15.433581289273334,30.86716257854667
51.18893565845596,102.37787131691192
9.785976787255368,19.571953574510736
30.071055656350087,60.14211131270017
27.74385853134882,55.48771706269764
91.37433352068366,182.74866704136733
23.169430065691788,46.338860131383576
59.600077322920164,119.20015464584033
96.2711991164493,192.5423982328986
56.32669527148032,112.65339054296064
8.188917346129854,16.377834692259707
38.14181358234916,76.28362716469832
2.8906686982566154,5.781337396513231
34.49728992969431,68.99457985938862
31.76803040526517,63.53606081053034
61.67871153024526,123.35742306049052
26.611239481658654,53.22247896331731
6.496480965272644,12.992961930545288
53.12498564896882,106.24997129793763
48.56648366669023,97.13296733338046
31.47319900586959,62.94639801173918
11.403332838528835,22.80666567705767
95.42355234990802,190.84710469981604
15.875298655908122,31.750597311816243
12.567191376938968,25.134382753877937
3.860655615166808,7.721311230333616
99.40535066849317,198.81070133698634
40.131355844562,80.262711689124
99.8438219927886,199.6876439855772
30.626350078003174,61.25270015600635
13.567780385192862,27.135560770385723
76.36820374116512,152.73640748233024
43.22607760109858,86.45215520219716
98.96851777719873,197.93703555439745
34.38952269140838,68.77904538281676
59.19134628548495,118.3826925709699
71.82581204664321,143.65162409328642
43.27997033088239,86.55994066176478
3.8022402066528627,7.604480413305725
99.80585886799481,199.61171773598963
79.12468375900855,158.2493675180171
58.693717462989056,117.38743492597811
98.40296987822687,196.80593975645374
57.41278412201593,114.82556824403186
93.53654012435652,187.07308024871304
89.05117576321669,178.10235152643338
27.557637652213216,55.11527530442643
63.130118755288436,126.26023751057687
14.299679678828625,28.59935935765725
74.79552069739044,149.5910413947809
20.506394658692106,41.01278931738421
48.09627669670316,96.19255339340631
63.041004916359256,126.08200983271851
11.879437440381457,23.758874880762914
64.8089236306565,129.617847261313
68.22536642040963,136.45073284081926
73.66779183748224,147.33558367496448
33.37245251399917,66.74490502799834
94.3538727448313,188.7077454896626
22.196162011220032,44.392324022440064
50.48388052489783,100.96776104979566
50.7843554618248,101.5687109236496
53.04798354479219,106.09596708958438
55.63161182931666,111.26322365863332
83.18510281393048,166.37020562786097
89.14284641411079,178.28569282822158
17.677356772164863,35.35471354432973
74.70466409661633,149.40932819323265
50.08012280998053,100.16024561996106
53.07670401854805,106.1534080370961
88.66451899151218,177.32903798302436
35.87172844205326,71.74345688410652
75.90736344396542,151.81472688793085
53.09497147320508,106.18994294641016
49.051781987188214,98.10356397437643
56.603833714029264,113.20766742805853
76.48203239384308,152.96406478768617
61.82055211312467,123.64110422624934
93.987558492099,187.975116984198
73.9865483737991,147.9730967475982
29.4231246174242,58.8462492348484
77.1513779835652,154.3027559671304
29.53061047760729,59.06122095521458
63.37761584677942,126.75523169355884
69.77660463162889,139.55320926325777
77.3268518639896,154.6537037279792
23.899025461281866,47.79805092256373
87.60601098034185,175.2120219606837
31.04995063364443,62.09990126728886
64.22500164212116,128.4500032842423
88.42145407413983,176.84290814827966
25.122296868344108,50.244593736688216
13.882712398493535,27.76542479698707
13.308944740579499,26.617889481158997
0.8823186644127179,1.7646373288254358
42.99431994491783,85.98863988983565
13.550111920527552,27.100223841055104
45.69547205088015,91.3909441017603
4.2694565790110435,8.538913158022087
46.25802306786162,92.51604613572324
49.5903883286665,99.180776657333
9.385404964422928,18.770809928845857
54.178104910606976,108.35620982121395
17.435532750473204,34.87106550094641
7.684125965271448,15.368251930542897
52.138318537773834,104.27663707554767
16.89715048537931,33.79430097075862
3.7665153716226474,7.533030743245295
87.39047108732811,174.78094217465622
68.74992599512873,137.49985199025747
75.51623131130692,151.03246262261385
4.4046815262616,8.8093630525232
70.82391656858688,141.64783313717376
3.0251374211207938,6.0502748422415875
7.968344591343024,15.936689182686049
44.59972847463498,89.19945694926996
48.00804561438957,96.01609122877915
33.419137164451854,66.83827432890371
2.1363763771451105,4.272752754290221
93.7964986790463,187.5929973580926
8.194397047551105,16.38879409510221
24.21907988205453,48.43815976410906
37.7385436555752,75.4770873111504
59.84584242176061,119.69168484352122
87.5606596466487,175.1213192932974
84.85611040096143,169.71222080192285
32.60859400118843,65.21718800237686
31.771787376913952,63.543574753827905
86.44510159620592,172.89020319241183
13.063302282688705,26.12660456537741
4.047412441329435,8.09482488265887
90.67405216430721,181.34810432861443
77.26254711230244,154.52509422460489
52.150281471247496,104.30056294249499
11.472221502605374,22.944443005210747
13.761955677962801,27.523911355925602
95.53407125630848,191.06814251261696
55.02957690126983,110.05915380253965
19.614609589541054,39.22921917908211
45.294172453117056,90.58834490623411
41.31931648723578,82.63863297447156
29.509165816179472,59.018331632358944
35.09333809117263,70.18667618234527
87.62589279482525,175.2517855896505
52.49204541569155,104.9840908313831
59.54966679041929,119.09933358083858
44.422336656221496,88.84467331244299
38.06036398663748,76.12072797327497
78.00407945956842,156.00815891913683
14.486730611943244,28.97346122388649
13.188428694825127,26.376857389650255
5.854365006162132,11.708730012324263
42.879586006557545,85.75917201311509
6.20617078645771,12.41234157291542
5.464601752715337,10.929203505430674
47.586745656062426,95.17349131212485
74.11614255596288,148.23228511192576
64.78316613740245,129.5663322748049
25.020031877088368,50.040063754176735
2.5833087103804275,5.166617420760855
81.89935117385328,163.79870234770655
14.33378657272899,28.66757314545798
52.41339003988939,104.82678007977879
82.323127868523,164.646255737046
59.96636434235193,119.93272868470386
88.9199271646702,177.8398543293404
25.26206949201536,50.52413898403072
40.39603036502737,80.79206073005474
30.8541125474882,61.7082250949764
70.20057291728192,140.40114583456383
13.861255695905783,27.722511391811565
56.614358765178565,113.22871753035713
27.86667035168723,55.73334070337446
25.503964160914517,51.007928321829034
75.99740570416785,151.9948114083357
97.84735792573495,195.6947158514699
23.567800127202087,47.135600254404174
41.154063917535325,82.30812783507065
3.3472432643798844,6.694486528759769
80.95605775893479,161.91211551786958
18.484771169071156,36.96954233814231
68.97248496581807,137.94496993163614
92.97344264899462,185.94688529798924
81.19640619895708,162.39281239791416
16.769108773519335,33.53821754703867
26.442392442668993,52.884784885337986
64.07346269074246,128.14692538148492
6.294729045104763,12.589458090209526
33.93200722213844,67.86401444427688
66.11044431162068,132.22088862324136
67.50810474003268,135.01620948006536
67.09374651113504,134.18749302227008
92.1019761442311,184.2039522884622
18.417416522011187,36.834833044022375
1.512805976064946,3.025611952129892
50.05993487794331,100.11986975588663
89.7493997244882,179.4987994489764
7.9703961970900465,15.940792394180093
24.79543167198084,49.59086334396168
4.748746216033794,9.497492432067588
9.764596033220819,19.529192066441638
65.26504548425297,130.53009096850593
85.18221046685464,170.36442093370928
82.88349243949895,165.7669848789979
39.8017606332621,79.6035212665242
94.19151676948451,188.38303353896902
26.04620081123048,52.09240162246096
37.233101746860655,74.46620349372131
33.11876673245989,66.23753346491978
64.5529957652947,129.1059915305894
72.09716543956661,144.19433087913322
85.19176425663501,170.38352851327002
72.09392535820194,144.1878507164039
20.517851108346107,41.035702216692215
44.375941726171796,88.75188345234359
64.14392416792367,128.28784833584734
88.43899802606737,176.87799605213473
27.80176464629721,55.60352929259442
75.65981413419964,151.31962826839927
26.987669791343716,53.97533958268743
99.10883987254964,198.21767974509928
64.0116277472667,128.0232554945334
89.73879381032084,179.47758762064169
29.79139428458226,59.58278856916452
25.18320298583897,50.36640597167794
74.32692422623064,148.6538484524613
65.47046136463199,130.94092272926397
25.022026442745226,50.04405288549045
87.48281395295476,174.9656279059095
32.60420744028075,65.2084148805615
62.8951965114439,125.7903930228878
52.768990604171904,105.53798120834381
27.97745470600085,55.9549094120017
97.94405559366785,195.8881111873357
3.385704766241837,6.771409532483674
75.71856146454503,151.43712292909007
49.343940644493166,98.68788128898633
55.11849869876124,110.23699739752249
4.156108810608328,8.312217621216655
17.299610583791537,34.599221167583075
16.874087259946624,33.74817451989325
90.643109440173,181.286218880346
85.64104647104472,171.28209294208943
33.001366593041126,66.00273318608225
35.860848844714646,71.72169768942929
87.84727437732239,175.69454875464479
38.80597834985896,77.61195669971792
60.933868612081355,121.86773722416271
91.0308711833762,182.0617423667524
17.92121835191893,35.84243670383786
87.57418811307774,175.14837622615548
92.94287646774228,185.88575293548456
77.0828528670725,154.165705734145
89.10225774586837,178.20451549173674
75.59115035671928,151.18230071343856
43.02669920533986,86.05339841067972
37.69719967419367,75.39439934838734
64.29114612990273,128.58229225980546
6.259066974849603,12.518133949699205
50.240957014258804,100.48191402851761
30.51624054582899,61.03248109165798
95.0528945820599,190.1057891641198
67.12564490540196,134.2512898108039
43.88202458264183,87.76404916528367
39.480011202559496,78.96002240511899
0.014100808838990453,0.028201617677980906
40.696456969987885,81.39291393997577
48.99507494414731,97.99014988829462
47.01912497411351,94.03824994822702
40.61924742850436,81.23849485700872
8.526771748788686,17.053543497577373
30.40587127687403,60.81174255374806
93.52193025223701,187.04386050447403
90.15335267031773,180.30670534063546
73.13604799208936,146.27209598417872
48.37089413554373,96.74178827108746
64.19853311670657,128.39706623341314
24.017072657622073,48.034145315244146
95.36673394950553,190.73346789901106
59.11791512658952,118.23583025317905
62.91563924585692,125.83127849171385
64.34978746965606,128.69957493931213
15.946304583929628,31.892609167859256
49.575716352345026,99.15143270469005
6.299319517822499,12.598639035644998
63.07358092403509,126.14716184807018
86.9200178644543,173.8400357289086
51.71356084445554,103.42712168891109
49.229328505927704,98.45865701185541
96.05350831247898,192.10701662495796
58.18679465205504,116.37358930411008
98.7920497847633,197.5840995695266
73.54183281508189,147.08366563016378
42.55919806581926,85.11839613163852
81.20624560764622,162.41249121529245
85.73685671463132,171.47371342926263
97.40613989210435,194.8122797842087
81.32286533128062,162.64573066256125
42.02040906715355,84.0408181343071
84.67269737605453,169.34539475210906
96.31777495347774,192.63554990695548
77.23937011704476,154.4787402340895
63.625616057974376,127.25123211594875
35.03852188585056,70.07704377170111
28.085582332236825,56.17116466447365
80.87309967238852,161.74619934477704
26.53154647659559,53.06309295319118
41.8011311428353,83.6022622856706
55.52916012798321,111.05832025596642
31.7761334628918,63.5522669257836
98.77132875730801,197.54265751461602
95.19830868725143,190.39661737450285
73.65930591285738,147.31861182571475
64.96065055009575,129.9213011001915
86.77637047168571,173.55274094337142
37.447407214429354,74.89481442885871
90.74522544707814,181.49045089415628
21.180732206257513,42.361464412515026
26.047880936428413,52.095761872856826
69.59626015072499,139.19252030144997
69.51171987260058,139.02343974520116
98.59849637149048,197.19699274298097
21.730658351462306,43.46131670292461
50.35207008750751,100.70414017501501
15.757597022496128,31.515194044992256
54.31299530676296,108.62599061352591
43.08881390662821,86.17762781325642
23.368977985737203,46.737955971474406
3.3384742382332355,6.676948476466471
62.15560908208665,124.3112181641733
59.87992338270152,119.75984676540304
80.49351194136156,160.98702388272312
32.96287707092833,65.92575414185666
86.34982482154372,172.69964964308744
16.368202438061207,32.736404876122414
69.89298735499221,139.78597470998443
93.12572777154001,186.25145554308003
80.89354164589626,161.78708329179253
92.0852921391613,184.1705842783226
97.95227640406272,195.90455280812543
49.66423143532137,99.32846287064274
22.780488663670074,45.56097732734015
63.86401235322528,127.72802470645055
21.7684288466237,43.5368576932474
6.512382479165502,13.024764958331003
93.10896174894656,186.2179234978931
32.78744477498593,65.57488954997186
70.93569083293822,141.87138166587644
47.79311674910275,95.5862334982055
14.425892485313819,28.851784970627637
39.57194426899907,79.14388853799814
39.517421192552995,79.03484238510599
25.046098258001205,50.09219651600241
36.83501863787405,73.6700372757481
80.99627759501371,161.99255519002742
1.9039985613792498,3.8079971227584997
74.04274894085485,148.0854978817097
94.24834833112688,188.49669666225375
88.85273102719286,177.70546205438572
53.73595154834685,107.4719030966937
19.34985053015773,38.69970106031546
55.55879305246517,111.11758610493034
67.60892612537594,135.2178522507519
46.37405866114127,92.74811732228254
48.11866118330935,96.2373223666187
8.476784862404351,16.953569724808702
28.693767360915277,57.387534721830555
42.46253632176872,84.92507264353743
42.14358324281755,84.2871664856351
25.480949929355123,50.96189985871025
13.160617239850325,26.32123447970065
98.86696904549984,197.7339380909997
25.953850539058553,51.90770107811711
66.34074378893351,132.68148757786702
34.49045708556011,68.98091417112022
3.8103958598064147,7.620791719612829
33.521377780064135,67.04275556012827
22.270684861491596,44.54136972298319
59.959883741570906,119.91976748314181
39.956462807041774,79.91292561408355
40.16979008858428,80.33958017716856
75.98795801006138,151.97591602012275
85.12164163425008,170.24328326850016
71.04163039235137,142.08326078470273
45.97925263589774,91.95850527179547
4.519135753352598,9.038271506705197
27.767329119118877,55.53465823823775
34.407673916194966,68.81534783238993
28.7428901568221,57.4857803136442
14.985852180216009,29.971704360432017
32.70811877586143,65.41623755172286
87.20438049423032,174.40876098846064
79.78848899280632,159.57697798561264
34.98311202384941,69.96622404769882
98.26017046641024,196.5203409328205
74.9209076420205,149.841815284041
30.941374653800825,61.88274930760165
40.91144603508248,81.82289207016495
67.51266412453843,135.02532824907686
66.32131477730674,132.64262955461348
59.08747136595483,118.17494273190967
69.24627509506475,138.4925501901295
46.48104648177317,92.96209296354634
36.999602986753835,73.99920597350767
20.22965753597411,40.45931507194822
32.819692344302,65.639384688604
81.9046057711955,163.809211542391
10.423887378815866,20.847774757631733
88.41496516655819,176.82993033311638
13.316801565707658,26.633603131415317
58.97219457853632,117.94438915707264
61.40811061372944,122.81622122745888
5.467129278533001,10.934258557066002
24.27133328547544,48.54266657095088
80.36711024874064,160.7342204974813
36.16606858696062,72.33213717392124
70.37843264865663,140.75686529731325
53.30892633805213,106.61785267610426
46.357513649331835,92.71502729866367
50.961393726230696,101.92278745246139
14.685673672704148,29.371347345408296
33.212111547662246,66.42422309532449
8.745240386695174,17.49048077339035
97.39724133301375,194.7944826660275
80.89357908048983,161.78715816097966
17.85847599959175,35.7169519991835
90.70895758552766,181.4179151710553
75.17857211475129,150.35714422950258
19.222290620675608,38.444581241351216
28.940553487901,57.881106975802
94.16576661289697,188.33153322579395
94.38888011057688,188.77776022115376
66.02365112149204,132.04730224298407
82.82946091738005,165.6589218347601
72.25861940191756,144.5172388038351
27.915069479623554,55.83013895924711
25.423999212489313,50.84799842497863
9.730615224885808,19.461230449771616
41.70086702944473,83.40173405888946
51.38624222171032,102.77248444342064
19.088115022091902,38.176230044183804
57.58536576021349,115.17073152042698
75.65419423321885,151.3083884664377
96.06072616837818,192.12145233675636
67.54918307007897,135.09836614015794
82.44838086060912,164.89676172121824
44.365055884420116,88.73011176884023
53.337751816416855,106.67550363283371
14.19359885095054,28.38719770190108
60.613477051478526,121.22695410295705
66.62670318085884,133.25340636171768
21.884961717925577,43.769923435851155
60.50999312466755,121.0199862493351
49.02977066851671,98.05954133703342
9.124200046353447,18.248400092706895
80.596388672842,161.192777345684
85.63475681903854,171.2695136380771
15.878520374461914,31.757040748923828
22.236058377845392,44.472116755690784
9.002543213289972,18.005086426579943
72.02552206226913,144.05104412453827
10.913230930969108,21.826461861938217
22.830928208107927,45.661856416215855
52.592987522489985,105.18597504497997
16.311822313798285,32.62364462759657
11.262998115840105,22.52599623168021
96.04864323333206,192.09728646666412
64.89323337777067,129.78646675554134
54.27156687464716,108.54313374929431
39.92189276143478,79.84378552286957
96.01914599570496,192.03829199140992
52.52690282971811,105.05380565943622
64.7817983436741,129.5635966873482
89.61243204098787,179.22486408197574
44.64916887859959,89.29833775719918
2.048662356230768,4.097324712461536
5.4932589255812125,10.986517851162425
98.09396216990469,196.18792433980937
81.31095021482876,162.62190042965753
68.70234557939122,137.40469115878244
68.84467334116266,137.68934668232532
75.98912275516282,151.97824551032565
77.11737496485814,154.2347499297163
39.04533419414984,78.09066838829968
89.06042449521003,178.12084899042006
23.44130663929014,46.88261327858028
34.179818061117864,68.35963612223573
35.91365887367006,71.82731774734012
24.965883735745788,49.931767471491575
2.6586818508493315,5.317363701698663
69.27380307115814,138.54760614231628
91.18084304652257,182.36168609304514
1.9203327481598587,3.8406654963197173
12.25931812202823,24.51863624405646
60.78973380831981,121.57946761663962
62.27720449592001,124.55440899184002
68.57436314875487,137.14872629750974
18.88428247028,37.76856494056
61.38936048375702,122.77872096751403
45.426577898582835,90.85315579716567
43.70159152843732,87.40318305687464
6.547662756220218,13.095325512440436
3.8574072853555186,7.714814570711037
64.36605223077446,128.73210446154891
41.702852743521966,83.40570548704393
16.043528565871945,32.08705713174389
68.69753574515437,137.39507149030874
48.65470054750921,97.30940109501842
26.075753539171266,52.15150707834253
12.6946106525756,25.3892213051512
21.64591704906066,43.29183409812132
57.89247960322912,115.78495920645824
53.21949625580745,106.4389925116149
16.467303632535423,32.934607265070845
95.65947719042002,191.31895438084004
24.533917348904144,49.06783469780829
99.46239325274385,198.9247865054877
38.19137932986296,76.38275865972592
3.520564682505567,7.041129365011134
27.094627826561958,54.189255653123915
51.94131868612347,103.88263737224695
65.6750331376665,131.350066275333
96.1572781667305,192.314556333461
92.14187811521847,184.28375623043695
73.55479960113655,147.1095992022731
27.215087977784613,54.430175955569226
18.668742682503094,37.33748536500619
89.13107354410982,178.26214708821965
7.528450488397298,15.056900976794596
31.45630640489262,62.91261280978524
23.084678524004477,46.169357048008955
4.630595469797072,9.261190939594144
95.23535424383725,190.4707084876745
50.66945408711665,101.3389081742333
92.37312828798359,184.74625657596718
67.40186499528932,134.80372999057863
19.91573050124299,39.83146100248598
40.899735542751735,81.79947108550347
67.28353090060075,134.5670618012015
42.39673411763983,84.79346823527966
3.0542729676909963,6.108545935381993
49.317412538030524,98.63482507606105
0.003009087615357675,0.00601817523071535
59.0999919694418,118.1999839388836
13.805523209377302,27.611046418754604
27.990163763745024,55.98032752749005
28.730100089769095,57.46020017953819
53.7101437643935,107.420287528787
98.11490331566432,196.22980663132864
55.772115260587384,111.54423052117477
3.296697342028876,6.593394684057752
3.3603587102633337,6.720717420526667
23.534269186946332,47.068538373892665
11.517897566295886,23.035795132591772
20.50598341323342,41.01196682646684
90.43958693366221,180.87917386732443
28.451534929235823,56.903069858471646
11.905288814104209,23.810577628208417
91.7932799035315,183.586559807063
11.922361431101713,23.844722862203426
57.358060225602216,114.71612045120443
55.35574614779715,110.7114922955943
52.636803308271155,105.27360661654231
72.24277878567966,144.48555757135932
22.44002025769557,44.88004051539114
0.2866560943687424,0.5733121887374848
42.583453412256766,85.16690682451353
45.28474381059898,90.56948762119796
76.52993419156945,153.0598683831389
85.71900061085587,171.43800122171174
48.80415890855472,97.60831781710944
40.768295611453496,81.53659122290699
52.87110754480153,105.74221508960306
63.98152412645928,127.96304825291855
87.72054597129208,175.44109194258417
35.93920563718132,71.87841127436263
98.53656943256148,197.07313886512296
82.34472310284276,164.68944620568553
66.47572782395693,132.95145564791386
92.76638776749968,185.53277553499936
93.13717534404441,186.27435068808882
22.918881178075356,45.83776235615071
27.919606844240697,55.839213688481394
12.810014643500978,25.620029287001955
16.502427565627563,33.00485513125513
9.952313526612954,19.90462705322591
62.304045946508936,124.60809189301787
47.99393266004388,95.98786532008776
25.93470647029692,51.86941294059384
26.469743088145293,52.939486176290586
80.34741944470169,160.69483888940337
77.59493854183562,155.18987708367123
79.25643705403482,158.51287410806964
8.698281608200952,17.396563216401905
17.16221209480848,34.32442418961696
62.839076055858676,125.67815211171735
10.97343927490394,21.94687854980788
89.17145377820806,178.34290755641612
81.586906766175,163.17381353235
71.11514423516067,142.23028847032134
57.791570047424635,115.58314009484927
42.77526673112828,85.55053346225657
69.93611036117954,139.8722207223591
76.59794834872626,153.19589669745253
24.89945292119199,49.79890584238398
53.21703909572497,106.43407819144994
99.05301759249294,198.10603518498587
77.20574012120036,154.41148024240073
59.30697939227048,118.61395878454096
84.34178380514649,168.68356761029298
79.91722752773514,159.83445505547027
65.40288465158235,130.8057693031647
87.8761332834777,175.7522665669554
99.31360175189357,198.62720350378714
86.34952190255159,172.69904380510317
31.791293131104204,63.58258626220841
37.71797121716129,75.43594243432258
5.073945722840012,10.147891445680024
32.19500487984111,64.39000975968221
63.03225257298109,126.06450514596219
92.38122847668777,184.76245695337553
73.48436865019742,146.96873730039485
58.94163753815066,117.88327507630132
56.42151251044888,112.84302502089776
86.75959108052508,173.51918216105017
18.819803692747882,37.639607385495765
90.87455393468336,181.74910786936672
43.86247193151633,87.72494386303266
51.349987873651,102.699975747302
30.79114768353729,61.58229536707458
15.205200394104669,30.410400788209337
57.55933850729118,115.11867701458236
52.65657336756057,105.31314673512114
29.381229047464196,58.76245809492839
65.49789342706222,130.99578685412445
79.39482866479341,158.78965732958682
3.7244649103556293,7.448929820711259
36.4425094462767,72.8850188925534
56.65440192472633,113.30880384945266
6.550759517155791,13.101519034311583
15.627463022720544,31.25492604544109
76.38062195865419,152.76124391730838
83.14369602796188,166.28739205592376
76.97131130635717,153.94262261271433
47.73736643005656,95.47473286011312
17.922402306031216,35.84480461206243
41.05519575799028,82.11039151598057
74.25932055069133,148.51864110138266
63.58606528359769,127.17213056719538
50.092230652268896,100.18446130453779
54.59789278848902,109.19578557697804
29.93336722406599,59.86673444813198
86.30488434398598,172.60976868797195
92.54185546790158,185.08371093580317
63.811387582175094,127.62277516435019
17.217070537058877,34.434141074117754
46.38615429158898,92.77230858317796
73.05921170178034,146.11842340356068
46.25739130278694,92.51478260557388
29.525397131946598,59.050794263893195
62.62734700507472,125.25469401014944
15.578342646152965,31.15668529230593
55.453334941003384,110.90666988200677
49.53049540777388,99.06099081554775
37.07385631987133,74.14771263974266
53.461773133504984,106.92354626700997
1.3837568434427627,2.7675136868855255
92.35869945669417,184.71739891338834
55.282649464609754,110.56529892921951
26.528186592796345,53.05637318559269
35.89305232107326,71.78610464214653
49.16223419713515,98.3244683942703
14.311760632171788,28.623521264343577
15.009878088176842,30.019756176353685
87.90625497950073,175.81250995900146
91.35462311349833,182.70924622699667
89.62580647568107,179.25161295136215
60.27102443311486,120.54204886622972
6.303570203248965,12.60714040649793
8.51790094747299,17.03580189494598
50.173018746686495,100.34603749337299
76.66763616754851,153.33527233509702
10.902103410968344,21.80420682193669
99.3580921837254,198.7161843674508
45.48931842822343,90.97863685644685
37.97298555909252,75.94597111818504
46.79031630549019,93.58063261098037
59.78680723165727,119.57361446331454
86.04292126004292,172.08584252008583
42.79665878608775,85.5933175721755
38.11672262346251,76.23344524692502
60.21539642851184,120.43079285702368
57.03871030471349,114.07742060942698
65.5181493318482,131.0362986636964
90.28741328460393,180.57482656920786
80.0298641280441,160.0597282560882
48.89446111071394,97.78892222142788
54.74762829550656,109.49525659101312
10.649605521242655,21.29921104248531
51.46316323858671,102.92632647717342
63.13784150832452,126.27568301664904
55.67370002773947,111.34740005547894
67.32538689357396,134.65077378714793
87.75794377607625,175.5158875521525
7.930394143830155,15.86078828766031
47.50070057258352,95.00140114516704
80.54586186027838,161.09172372055676
3.203376139984926,6.406752279969852
77.02573084987634,154.05146169975268
19.412331759428913,38.824663518857825
29.668584129042685,59.33716825808537
51.21706431095478,102.43412862190957
36.27576945578978,72.55153891157956
84.69063291333201,169.38126582666402
35.23441898985048,70.46883797970096
97.44501764180559,194.89003528361118
89.18661934898094,178.37323869796188
9.974495486806134,19.94899097361227
24.55983238927253,49.11966477854506
20.33928073387602,40.67856146775204
89.85032962298332,179.70065924596665
93.00023745697705,186.0004749139541
26.282869137494856,52.56573827498971
30.906120196770758,61.812240393541515
50.096209963762504,100.19241992752501
47.32682366693447,94.65364733386895
63.816589513088886,127.63317902617777
77.67105275976888,155.34210551953777
18.919819590809716,37.83963918161943
59.73505974992654,119.47011949985308
90.80459092122997,181.60918184245995
5.3774763506384,10.7549527012768
33.7828405601853,67.5656811203706
99.31339423424926,198.62678846849852
86.58499640668869,173.16999281337738
40.50908717114733,81.01817434229466
98.8342946461068,197.6685892922136
30.742365250500715,61.48473050100143
52.34964757925723,104.69929515851446
93.77953845622892,187.55907691245784
2.9254011633134347,5.850802326626869
5.99611205523507,11.99222411047014
56.948358344256036,113.89671668851207
9.036750203173138,18.073500406346277
2.4872657709956836,4.974531541991367
68.73897987045022,137.47795974090045
30.879639897654265,61.75927979530853
10.489742976792371,20.979485953584742
31.73399595033899,63.46799190067798
35.87963704757725,71.7592740951545
69.50945262659492,139.01890525318984
65.825524307798,131.651048615596
53.11555841042049,106.23111682084098
68.4751918241605,136.950383648321
65.60095237531654,131.20190475063308
39.810115622822096,79.62023124564419
89.67225696770215,179.3445139354043
67.81872855463045,135.6374571092609
36.206020808496255,72.41204161699251
64.92831016931521,129.85662033863042
73.94862876950423,147.89725753900845
69.46266327601619,138.92532655203237
24.215263341642746,48.43052668328549
36.16597866853749,72.33195733707498
74.06194044479433,148.12388088958866
76.71776810947956,153.43553621895913
61.94775500579524,123.89551001159047
58.38063127406969,116.76126254813938
82.36783409069223,164.73566818138445
43.88933334218569,87.77866668437137
29.740079542577156,59.48015908515431
64.15531126899359,128.31062253798717
98.54515901980949,197.09031803961898
21.73889734054615,43.4777946810923
78.51275397631554,157.02550795263107
30.50622086573678,61.01244173147356
85.8108596048154,171.6217192096308
99.45296143568875,198.9059228713775
40.031354298427416,80.06270859685483
41.558138030093886,83.11627606018777
13.70856565282642,27.41713130565284
82.11358304869619,164.22716609739237
80.46843348714992,160.93686697429985
21.107880483315434,42.21576096663087
48.15481804178151,96.30963608356302
39.709347685452144,79.41869537090429
86.10500107723826,172.2100021544765
18.115831793954552,36.231663587909104
84.78440108423152,169.56880216846304
8.021621728353646,16.04324345670729
91.42265252379295,182.8453050475859
19.68328596445027,39.36657192890054
10.594390112179708,21.188780224359416
81.24700619756378,162.49401239512756
31.360164048618955,62.72032809723791
2.0739232313427003,4.147846462685401
17.264427648288173,34.528855296576346
8.854882688944254,17.70976537788851
77.87330382759473,155.74660765518945
87.34791301388961,174.69582602777922
72.5777892363526,145.1555784727052
52.28001553585063,104.56003107170126
71.94656135473114,143.8931227094623
88.9349865948463,177.8699731896926
6.493711546367242,12.987423092734485
22.583619807387013,45.167239614774026
28.689573115356392,57.379146230712784
90.34808836481426,180.69617672962852
60.47166016917811,120.94332033835622
30.809249417843898,61.618498835687795
2.8460381288826553,5.692076257765311
19.738729931987496,39.47745986397499
8.338548744848584,16.677097489697168
82.70307549993579,165.40615099987158
72.31611252248914,144.63222504497827
59.253079027667724,118.50615805533545
71.7766223249726,143.5532446499452
54.862795286677354,109.72559057335471
78.40128202889694,156.8025640577939
5.152320299165735,10.30464059833147
27.608205409907114,55.21641081981423
69.97895663914747,139.95791327829494
97.03316183701747,194.06632367403495
5.655719266123171,11.311438532246342
30.98068673271107,61.96137346542214
26.497586727717238,52.995173455434475
55.943535509711516,111.88707101942303
55.15838266179205,110.3167653235841
29.38875914777743,58.77751829555486
64.71048273500506,129.42096547001012
97.61536664743716,195.2307332948743
2.7488674529144608,5.4977349058289215
64.08928704973688,128.17857409947376
49.48383506570929,98.96767013141859
11.263111687631433,22.526223375262866
45.427488918128525,90.85497783625705
70.45255380927617,140.90510761855234
35.17210267898877,70.34420535797754
20.991264897018002,41.982529794036004
39.50265404542789,79.00530809085578
84.24522956078995,168.4904591215799
87.06407851540207,174.12815703080415
1.6811950134208664,3.362390026841733
59.02229031533497,118.04458063066994
42.927823419574054,85.85564683914811
98.59769175055875,197.1953835011175
34.62369101155971,69.24738202311941
44.93757541955414,89.87515083910829
35.661533881763894,71.32306776352779
96.82129178082398,193.64258356164797
66.4068353758459,132.8136707516918
55.45077503007728,110.90155006015456
76.02730335791284,152.05460671582568
23.576094231838972,47.152188463677945
59.55335245291084,119.10670490582169
75.92454309096391,151.84908618192782
61.3805471059201,122.7610942118402
20.856575709439795,41.71315141887959
60.363274461889915,120.72654892377983
3.477353813655648,6.954707627311296
49.10015586993636,98.20031173987272
73.96446971162558,147.92893942325117
53.905099071939254,107.81019814387851
52.79059256847742,105.58118513695484
40.992865796695725,81.98573159339145
69.73033911755715,139.4606782351143
59.6151094188454,119.2302188376908
26.85088599360761,53.70177198721522
24.31999452948813,48.63998905897626
58.98623983691469,117.97247967382938
28.21996601233665,56.4399320246733
17.741484104949024,35.48296820989805
22.013501263708356,44.02700252741671
92.97125707251199,185.94251414502398
15.067552721020494,30.135105442040988
75.65736714646705,151.3147342929341
68.9182276459905,137.836455291981
52.73213593137163,105.46427186274326
1.630577484678053,3.261154969356106
85.95441077830596,171.9088215566119
21.39502907081755,42.7900581416351
0.9710344941218918,1.9420689882437836
41.09165923239054,82.18331846478108
49.033295784881744,98.06659156976349
14.463109885238545,28.92621977047709
31.97850627075709,63.95701254151418
71.28079385209799,142.56158770419597
59.34868886680123,118.69737773360247
62.400516079960425,124.80103215992085
77.77764807170824,155.55529614341648
73.08186550562846,146.1637310112569
94.40402983887033,188.80805967774066
13.021492482522223,26.042984965044447
77.21284785405031,154.42569570810062
91.01185137592601,182.02370275185203
8.791514901506813,17.583029803013627
1.4578336381507628,2.9156672763015257
54.818267838393474,109.63653567678695
24.429895163487004,48.85979032697401
87.92098019371073,175.84196038742147
15.379625212145765,30.75925042429153
58.44315105604243,116.88630211208486
93.53270827344751,187.06541654689502
38.44125145889764,76.88250291779528
2.6529103235692464,5.305820647138493
57.07178306636401,114.14356613272803
43.16815679395195,86.3363135879039
25.324051612859865,50.64810322571973
89.14228195277815,178.2845639055563
88.26563899785579,176.53127799571158
82.97864933650992,165.95729867301984
54.63353709418372,109.26707418836745
28.551236220331646,57.10247244066329
28.040085113459057,56.08017022691811
91.01401446477762,182.02802892955523
6.273231100176268,12.546462200352536
62.95532663001697,125.91065326003394
10.122134535000171,20.244269070000342
53.007807036528206,106.01561407305641
2.429708479414272,4.859416958828544
57.899892690685085,115.79978538137017
31.628758901446872,63.257517802893744
28.76507157566315,57.5301431513263
43.05934010685964,86.11868021371929
30.436584039725634,60.87316807945127
26.23389782806883,52.46779565613766
42.21034676890621,84.42069353781243
48.72434444033481,97.44868888066962
71.89325061968009,143.78650123936018
20.47659717225594,40.95319434451188
13.759691278177034,27.519382556354067
91.43645234501912,182.87290469003824
98.12432426273564,196.24864852547128
12.97188644287679,25.94377288575358
96.13327116129456,192.26654232258912
89.34760876754657,178.69521753509315
57.81414993548174,115.62829987096347
35.86609472111303,71.73218944222606
72.47616933226236,144.95233866452472
37.310879153111784,74.62175830622357
37.24347001453804,74.48694002907608
19.734299885959917,39.468599771919834
12.739665226634445,25.47933045326889
9.946019060412725,19.89203812082545
11.706181894874867,23.412363789749733
44.368482251162234,88.73696450232447
39.84092163976876,79.68184327953752
54.894990330214085,109.78998066042817
38.40251216222031,76.80502432444062
71.3647867883176,142.7295735766352
16.815406381416164,33.63081276283233
4.883971637496121,9.767943274992241
69.75731383585462,139.51462767170923
1.366431023193393,2.732862046386786
95.69450549987856,191.38901099975712
65.5449243269121,131.0898486538242
9.07364409879695,18.1472881975939
69.72524089212811,139.45048178425623
35.93693575841289,71.87387151682579
9.249156789128786,18.498313578257573
8.613457853548978,17.226915707097955
27.550030858439023,55.100061716878045
0.2628657680306734,0.5257315360613468
88.10954433195779,176.21908866391558
2.0924869262160195,4.184973852432039
95.3010523805563,190.6021047611126
42.43032706091812,84.86065412183623
39.87359588124072,79.74719176248144
70.88520177359527,141.77040354719054
26.857730196008113,53.715460392016226
40.61246948868861,81.22493897737722
32.00019214117101,64.00038428234203
10.45972078497921,20.91944156995842
28.407642181317392,56.815284362634785
22.025718141493677,44.05143628298735
72.48162168222238,144.96324336444476
95.51800690887782,191.03601381775565
64.44293011261175,128.8858602252235
93.03294448933511,186.06588897867022
99.31106086784719,198.62212173569438
64.86596897989756,129.73193795979512
87.1467667880992,174.2935335761984
61.075365315922205,122.15073063184441
84.7378503766438,169.4757007532876
21.901725024467922,43.803450048935844
99.02316429461112,198.04632858922224
59.75006106801144,119.50012213602288
42.60576476732444,85.21152953464888
61.742075321161934,123.48415064232387
60.39640769020029,120.79281538040058
31.540991957184715,63.08198391436943
82.9355540008089,165.8711080016178
29.830547440737863,59.66109488147573
61.734388171824286,123.46877634364857
93.24120155143004,186.48240310286008
77.3739296142234,154.7478592284468
88.97736622976453,177.95473245952905
22.074235038299438,44.148470076598876
36.87690888050654,73.75381776101308
8.27675499215883,16.55350998431766
20.94017824440815,41.8803564888163
4.2909673883264166,8.581934776652833
55.17823036897581,110.35646073795162
18.753569221380616,37.50713844276123
18.69736565968565,37.3947313193713
66.41547975977926,132.83095951955852
50.48994484536659,100.97988969073317
72.79131017411193,145.58262034822386
54.6063165287336,109.2126330574672
22.880253386316518,45.760506772633036
61.96054444334249,123.92108888668498
2.9069563848056257,5.813912769611251
34.31734455884122,68.63468911768244
76.68565238446693,153.37130476893387
65.78988978186227,131.57977956372454
34.42938818658256,68.85877637316511
38.881954031722785,77.76390806344557
16.305833121586588,32.611666243173175
80.97201504798839,161.94403009597679
57.047573058566456,114.09514611713291
41.708816255394275,83.41763251078855
1.85042118540224,3.70084237080448
67.89142617648793,135.78285235297585
72.88540025822903,145.77080051645805
77.71960878324172,155.43921756648345
43.44193903764489,86.88387807528979
71.1106395017633,142.2212790035266
74.55247302839898,149.10494605679796
1.399600244912147,2.799200489824294
8.044582151694835,16.08916430338967
88.93224969218264,177.86449938436527
36.56975207025924,73.13950414051848
82.50358732415866,165.00717464831732
33.0778419868424,66.1556839736848
22.606981597563703,45.213963195127405
36.29450767445353,72.58901534890705
23.877935514404548,47.755871028809096
67.18106319772204,134.36212639544408
9.50405300708973,19.00810601417946
18.43852202104712,36.87704404209424
67.50056039586323,135.00112079172646
72.00278448541304,144.0055689708261
74.58089638508928,149.16179277017855
16.155969757140642,32.311939514281285
37.70887888640125,75.4177577728025
23.14444603712359,46.28889207424718
23.047792693267898,46.095585386535795
54.276179668808886,108.55235933761777
48.00028653428725,96.0005730685745
60.09012709117657,120.18025418235314
10.4859138211033,20.9718276422066
97.89443593086787,195.78887186173574
16.566797248393428,33.133594496786856
43.65960906456577,87.31921812913154
54.20901778966054,108.41803557932109
95.01656389324926,190.0331277864985
14.898771882375883,29.797543764751765
39.81210166429632,79.62420332859264
15.292593545266065,30.58518709053213
69.76390636886029,139.52781273772058
26.9473398666497,53.8946797332994
10.75690852620762,21.51381705241524
22.948522504656488,45.897045009312976
54.784656428123746,109.56931285624749
33.53685383077079,67.07370766154158
51.4504371992064,102.9008743984128
5.3404621545875886,10.680924309175177
81.48191581018334,162.96383162036668
54.987523851784836,109.97504770356967
48.354047207273844,96.70809441454769
34.629405572912766,69.25881114582553
27.367445425557413,54.73489085111483
11.740083625986042,23.480167251972084
31.448301394629695,62.89660278925939
15.560065353764152,31.120130707528304
63.762155920424576,127.52431184084915
97.99015642772379,195.98031285544758
48.11012212330531,96.22024424661062
9.8123779160328,19.6247558320656
20.872266138531113,41.74453227706223
72.75847321261583,145.51694642523165
65.42632093548639,130.85264187097277
80.76183072322668,161.52366144645336
73.32788322144268,146.65576644288535
49.50147968639618,99.00295937279236
41.385671918353886,82.77134383670777
4.125932930786957,8.251865861573915
91.21424133808198,182.42848267616395
21.694150658728397,43.38830131745679
64.03876198108186,128.07752396216372
6.786618925824605,13.57323785164921
38.190528507057955,76.38105701411591
93.51106022435197,187.02212044870393
43.84719728298183,87.69439456596366
20.533967246883822,41.067934493767645
38.67275126104101,77.34550252208201
23.59433248210674,47.18866496421348
67.49655323004757,134.99310646009513
60.11054436379896,120.22108872759792
98.61247733641906,197.22495467283812
15.946018601036915,31.89203720207383
62.53422741904606,125.06845483809212
58.81686927360869,117.63373854721738
47.09177799872724,94.18355599745448
74.33412868756143,148.66825737512286
19.01773694299441,38.03547388598882
76.24039648234069,152.48079296468137
28.976096623898172,57.952193247796345
82.91327567210338,165.82655134420676
71.70098790823988,143.40197581647976
99.19286534266087,198.38573068532173
50.47702593119537,100.95405186239074
27.47025381933641,54.94050763867282
92.52815524285141,185.05631048570282
71.85479948453668,143.70959896907337
23.66986799667412,47.33973599334824
81.37980626887092,162.75961253774184
43.05268695953545,86.1053739190709
1.0888377161286322,2.1776754322572645
84.95574599712542,169.91149199425084
78.97676025833864,157.9535205166773
59.98739427789879,119.97478855579757
45.04616578124613,90.09233156249226
34.849000019592346,69.69800003918469
41.287307360159765,82.57461472031953
42.01441481090299,84.02882962180598
17.625031890926135,35.25006378185227
83.10862098880595,166.2172419776119
8.898843421333035,17.79768684266607
58.47852973989794,116.95705947979587
61.000392030061036,122.00078406012207
5.397536050248187,10.795072100496373
77.2169475197649,154.4338950395298
71.90967753739184,143.8193550747837
17.383346976718794,34.76669395343759
30.33649701207245,60.6729940241449
3.5899235651200345,7.179847130240069
6.327856681753707,12.655713363507415
91.56965923855755,183.1393184771151
47.80757348304698,95.61514696609396
90.46850806518214,180.93701613036427
14.963226390746687,29.926452781493374
4.382062593364511,8.764125186729022
98.09290775963342,196.18581551926684
21.952077655097547,43.904155310195094
71.82900133620119,143.65800267240238
18.19778806581398,36.39557613162796
68.91539985189593,137.83079970379185
31.975690047537352,63.951380095074704
26.189944963585944,52.37988992717189
88.25685615241937,176.51371230483875
76.24541696079294,152.49083392158587
63.40187893228594,126.80375786457188
59.85782575575259,119.71565151150519
45.22149671921404,90.44299343842808
89.47169262218966,178.94338524437933
44.345402519381906,88.69080503876381
98.85261020244656,197.7052204048931
52.04294216313091,104.08588432626182
35.75134763737105,71.5026952747421
62.70928098260911,125.41856196521822
93.63980969079168,187.27961938158336
0.8417302143898353,1.6834604287796706
85.24010621932344,170.48021243864687
92.83556513622706,185.67113027245412
35.41629188071739,70.83258376143478
83.59338774339466,167.18677548678932
76.791356923693,153.582713847386
64.60046398435937,129.20092796871873
11.725815849310317,23.451631698620634
22.551726591875788,45.103453183751576
96.0304664294063,192.0609328588126
59.38190736814325,118.7638147362865
98.58570843687605,197.1714168737521
82.00741649976891,164.01483299953782
18.84519844211675,37.6903968842335
97.07291060813213,194.14582121626427
23.906012654169217,47.812025308338434
80.51103222186323,161.02206444372646
2.2348874239167094,4.469774847833419
5.391342025585388,10.782684051170776
23.37305077350794,46.74610154701588
57.444542601682066,114.88908520336413
1.2528586479921278,2.5057172959842555
28.48395811374571,56.96791622749142
89.16059133534276,178.32118267068552
28.185011352090893,56.370022704181785
61.740644707176365,123.48128941435273
95.03668043546386,190.07336087092773
7.6520488191869855,15.304097638373971
15.990431517800907,31.980863035601814
17.989679415215853,35.97935883043171
81.02049396936546,162.04098793873092
67.63920645820347,135.27841291640695
59.003531254995345,118.00706250999069
6.298076499314376,12.596152998628751
51.92983071325295,103.8596614265059
28.25730344022218,56.51460688044436
15.958338343999024,31.91667668799805
47.26384901103632,94.52769802207264
41.39347696884348,82.78695393768696
91.78392725400339,183.56785450800677
5.313768340184566,10.627536680369133
17.052983262444478,34.105966524888956
17.65170386239443,35.30340772478886
64.39517763901154,128.79035527802307
96.6109725462015,193.221945092403
98.11058810912301,196.22117621824603
9.41758637225627,18.83517274451254
25.791679330001628,51.583358660003256
82.24458106783946,164.48916213567892
49.89989061872255,99.7997812374451
89.40624561033437,178.81249122066873
32.57708869638475,65.1541773927695
23.02273919638428,46.04547839276856
39.39169274453834,78.78338548907668
69.45398700123233,138.90797400246467
98.33735009715721,196.67470019431443
39.42414799091232,78.84829598182463
43.401483205329875,86.80296641065975
79.33066273340205,158.6613254668041
28.660971877463858,57.321943754927716
98.47462555500589,196.94925111001177
90.13996268061297,180.27992536122593
43.89970959242996,87.79941918485991
10.780214848547676,21.56042969709535
98.5537392062571,197.1074784125142
84.98825848407238,169.97651696814475
3.1530973206760904,6.306194641352181
9.988322217144585,19.97664443428917
65.84756867624709,131.69513735249419
42.21626572980656,84.43253145961312
95.9279395189377,191.8558790378754
77.55187656208223,155.10375312416446
28.242070606912318,56.484141213824635
69.01613109838615,138.0322621967723
54.014814728165014,108.02962945633003
60.39951835701282,120.79903671402565
92.3431709569827,184.6863419139654
17.27003577498174,34.54007154996348
49.91192529308338,99.82385058616676
23.29433057188207,46.58866114376414
47.74329534667419,95.48659069334838
29.992058201219727,59.984116402439454
46.03401566060536,92.06803132121073
51.20730302593886,102.41460605187773
42.51597568794347,85.03195137588693
7.942192393675185,15.88438478735037
3.652979920182131,7.305959840364262
41.24925070227544,82.49850140455088
74.13225648031649,148.26451296063297
16.46859225585232,32.93718451170464
45.71956075700142,91.43912151400284
73.24743973820554,146.49487947641109
70.33497980361018,140.66995960722036
42.35593752937423,84.71187505874846
96.72122048528215,193.4424409705643
78.02023260458897,156.04046520917794
96.2134095899749,192.4268191799498
95.25374327296964,190.5074865459393
59.94894200958001,119.89788401916002
94.68804956391244,189.3760991278249
42.98540241506913,85.97080483013826
5.167158551983064,10.334317103966129
43.354828154591864,86.70965630918373
30.39873667690913,60.79747335381826
56.50603444217553,113.01206888435107
32.72065829508767,65.44131659017533
41.84971261090159,83.69942522180318
74.98121618458946,149.9624323691789
25.435014502741517,50.87002900548303
94.4597261571868,188.9194523143736
10.248387614885345,20.49677522977069
59.36798153321282,118.73596306642564
23.08809484107264,46.17618968214528
85.86041159507997,171.72082319015993
97.12676897151637,194.25353794303274
6.218432268543827,12.436864537087654
95.09354322911655,190.1870864582331
65.09273702491355,130.1854740498271
6.661667762507484,13.323335525014969
60.0859965153907,120.1719930307814
8.767854954383104,17.535709908766208
82.94637886787693,165.89275773575386
69.71647332569039,139.43294665138077
24.201626657363928,48.403253314727856
21.683652610362103,43.367305220724205
45.507078430371195,91.01415686074239
76.11420379746693,152.22840759493386
54.04782411533441,108.09564823066881
22.757850009962123,45.515700019924246
20.40320621656434,40.80641243312868
36.24769749787953,72.49539499575906
71.38239635782236,142.76479271564472
5.647650277694249,11.295300555388499
96.68669794803807,193.37339589607615
43.212884766379055,86.42576953275811
0.05100114443502557,0.10200228887005114
2.974378387448573,5.948756774897146
44.82485151329265,89.6497030265853
41.73926426757993,83.47852853515985
99.95475959058646,199.90951918117293
59.59240837925536,119.18481675851072
32.776457174262,65.552914348524
68.16588966347032,136.33177932694065
30.545604973643393,61.091209947286785
1.7560371814764664,3.5120743629529327
73.65776484347991,147.31552968695982
95.5744060037994,191.1488120075988
59.71102329853149,119.42204659706297
3.952756263200874,7.905512526401748
51.195822586764194,102.39164517352839
83.09700270205074,166.1940054041015
69.6041990001932,139.2083980003864
78.10455336400084,156.20910672800167
33.64878416308035,67.2975683261607
39.11774479937775,78.2354895987555
14.30758361022988,28.61516722045976
20.322856596519056,40.64571319303811
79.48221930859205,158.9644386171841
39.24394498055517,78.48788996111034
90.03198203617262,180.06396407234524
79.96108223554522,159.92216447109044
37.008804812863985,74.01760962572797
54.65206715978393,109.30413431956786
43.20739650694184,86.41479301388368
96.72501771125819,193.45003542251638
0.41028798865133664,0.8205759773026733
84.95549964054089,169.91099928108179
86.92020503228491,173.84041006456982
7.169015750990382,14.338031501980764
74.72866659701336,149.45733319402672
61.05012640380265,122.1002528076053
71.45973768392265,142.9194753678453
42.29884435835471,84.59768871670941
49.00670626642627,98.01341253285254
54.928371932659594,109.85674386531919
4.9402531999409245,9.880506399881849
93.29395931693611,186.58791863387222
76.28984755017328,152.57969510034656
63.28765215117092,126.57530430234183
41.48109990479062,82.96219980958124
15.36516399315504,30.73032798631008
82.6690738732448,165.3381477464896
78.66860300964326,157.33720601928653
74.4534026957519,148.9068053915038
17.715521734389018,35.431043468778036
13.506367293308497,27.012734586616993
21.62497344270945,43.2499468854189
76.12524898130424,152.25049796260848
52.11625233484064,104.23250466968128
74.95291833908797,149.90583667817594
76.84263359269323,153.68526718538646
15.938210775599027,31.876421551198053
17.457068657011764,34.91413731402353
35.73962754260581,71.47925508521162
97.10565235638933,194.21130471277866
71.85743826981658,143.71487653963317
44.17839596411002,88.35679192822003
50.13498611645364,100.26997223290728
16.826015561907248,33.652031123814496
31.62647837196809,63.25295674393618
18.15310449853663,36.30620899707326
79.72183539552928,159.44367079105857
34.96805617021616,69.93611234043232
69.61399327141173,139.22798654282346
53.144146941309586,106.28829388261917
57.12224788716726,114.24449577433452
93.0393628688948,186.0787257377896
99.21097420149349,198.42194840298697
53.36891708078806,106.73783416157612
75.19946452636368,150.39892905272737
84.24469711302669,168.48939422605338
50.90424620396657,101.80849240793314
54.016317366831814,108.03263473366363
99.42250175031376,198.8450035006275
1.9358443252058155,3.871688650411631
37.752786295124,75.505572590248
3.7073946106795264,7.414789221359053
18.426538364352407,36.85307672870481
30.429661777855987,60.859323555711974
18.738782622720773,37.477565245441546
12.57747560070499,25.15495120140998
25.86757204720973,51.73514409441946
51.805612205152926,103.61122441030585
63.109023287861255,126.21804657572251
85.74572796978907,171.49145593957815
66.42527274425095,132.8505454885019
20.326749593236613,40.653499186473226
63.48093659221238,126.96187318442476
17.751388366729138,35.502776733458276
20.688999630852933,41.37799926170587
79.96981469790603,159.93962939581206
61.23546044031498,122.47092088062996
25.594236842659733,51.188473685319465
3.3790883115649706,6.758176623129941
32.48598069738341,64.97196139476682
7.861931860946525,15.72386372189305
89.7720305626306,179.5440611252612
72.1695820912444,144.3391641824888
32.200362777767566,64.40072555553513
99.00493088121377,198.00986176242753
71.44927938653802,142.89855877307605
51.17715664439946,102.35431328879892
40.09771244222624,80.19542488445248
79.47928209569616,158.95856419139233
38.96619712508207,77.93239425016414
12.392284937696395,24.78456987539279
34.58625752015912,69.17251504031825
20.132982200592064,40.26596440118413
52.79525818088282,105.59051636176564
35.56594355703968,71.13188711407936
46.54423037009807,93.08846074019614
19.836305225590124,39.67261045118025
41.29257793091637,82.58515586183275
99.01959541003058,198.03919082006115
10.208249981474793,20.416499962949587
70.39615360889705,140.7923072177941
39.783061565530375,79.56612313106075
17.314359719896665,34.62871943979333
90.69370962969785,181.3874192593957
19.251490506619973,38.502981013239946
21.723583762262756,43.44716752452551
11.566384387297601,23.132768774595203
70.0688156029904,140.1376312059808
69.57074040387313,139.14148080774626
20.794362584587887,41.588725169175774
94.30921894717747,188.61843789435494
95.1915989696211,190.3831979392422
84.6492511808028,169.2985023616056
6.260655266617732,12.521310533235464
0.21300591135559044,0.4260118227111809
58.042321737659506,116.08464347531901
2.177522800849907,4.355045601699814
68.3928019994241,136.7856039988482
82.71591376259761,165.43182752519522
43.06419634423221,86.12839268846442
1.2145746095972632,2.4291492191945263
75.41126597951477,150.82253195902953
48.15642779342427,96.31285558684854
97.19265861806441,194.38531723612883
50.60009604000892,101.20019208001784
47.02305608347107,94.04611216694214
7.3973699945180655,14.794739989036131
53.23146626407381,106.46293252814762
32.20849375995709,64.41698751991419
41.93898208843115,83.8779641768623
81.79032843902124,163.58065687804248
0.6081102179985032,1.2162204359970064
23.854047982295402,47.708095964590804
94.93605440735978,189.87210881471955
33.0217211847899,66.0434423695798
71.5293532453182,143.0587064906364
78.36298507254375,156.7259701450875
94.20194732482902,188.40389464965804
75.82464603897823,151.64929207795646
26.121593513350593,52.243187026701186
7.678595992238224,15.357191984476447
18.21792333132266,36.43584666264532
10.039531767461984,20.079063534923968
35.69078689153995,71.3815737830799
45.918351216634534,91.83670243326907
85.64589101842691,171.29178203685382
36.42954166056774,72.85908332113549
12.69889994684007,25.39779989368014
10.130422640796388,20.260845281592776
46.343974514553764,92.68794902910753
91.63777368742186,183.2755473748437
20.329703019030198,40.659406038060396
22.440543091318567,44.881086182637134
22.002129927530024,44.00425985506005
6.729673916218692,13.459347832437384
63.4519035246781,126.9038070493562
58.288805494893914,116.57761098978783
64.0068094692408,128.0136189384816
67.90228716735896,135.80457433471793
44.71930594962831,89.43861189925661
8.87759119759145,17.7551823951829
12.932852188531152,25.865704377062304
8.021252780760813,16.042505561521626
9.343716091031274,18.687432182062548
96.15412660941188,192.30825321882375
55.22913590720948,110.45827181441896
35.28002270058376,70.56004540116751
87.51878080870486,175.03756161740972
99.12090886609619,198.24181773219237
98.89001811501652,197.78003623003303
24.80790835854213,49.61581671708426
24.611272553362983,49.22254510672597
65.3749418003334,130.7498836006668
76.95430944506603,153.90861889013206
68.32722874699134,136.65445749398268
38.7418682041321,77.4837364082642
84.1411976952607,168.2823953905214
6.117343218395666,12.234686436791332
70.14005632668075,140.2801126533615
98.15069304588901,196.30138609177803
43.20591628518093,86.41183257036187
98.4529484577006,196.9058969154012
13.427214358291728,26.854428716583456
63.01475953858684,126.02951907717367
48.90705778948037,97.81411557896074
33.836918964753515,67.67383792950703
93.6797177523687,187.3594355047374
64.35507646053361,128.71015292106722
14.521852177282247,29.043704354564493
49.24024852460026,98.48049704920052
28.386522861446984,56.77304572289397
99.10454092412158,198.20908184824316
81.59350038181218,163.18700076362435
59.43577333064067,118.87154666128134
24.332773395264915,48.66554679052983
41.40553360068257,82.81106720136513
60.1231468300821,120.2462936601642
94.49929250120542,188.99858500241083
30.21224901808064,60.42449803616128
39.06271581845605,78.1254316369121
61.05961488701948,122.11922977403896
9.979277741161551,19.958555482323103
2.2229329982473622,4.4458659964947245
68.17976794415831,136.35953588831663
21.679679046953403,43.359358093906806
43.334001400842226,86.66800280168445
73.54092596191195,147.0818519238239
50.50294035852796,101.00588071705592
2.006806028771957,4.013612057543914
35.119290968838534,70.23858193767707
27.209654746112278,54.419309492224556
72.75797188841464,145.5159437768293
92.75249683374814,185.50499366749628
79.47020611491783,158.94041222983566
33.210858301354676,66.42171660270935
6.336918553996096,12.673837107992192
33.91758053052592,67.83516106105183
70.60566386003491,141.21132772006982
91.09673630732034,182.19347261464068
58.30650304918803,116.61300609837606
49.078153283918915,98.15630656783783
25.109245284780148,50.218490569560295
32.03175501426737,64.06351002853474
2.5459752559380933,5.0919505118761865
42.59179767295874,85.18359534591748
35.093105321782836,70.18621064356567
94.87578267404938,189.75156534809875
63.20187876952465,126.4037575390493
69.84092646476356,139.6818529295271
41.75004185194303,83.50008370388606
24.80850531358556,49.61701062717112
67.58530618981649,135.17061237963298
75.85975699711913,151.71951399423827
50.66655607752425,101.3331121550485
7.250741081869927,14.501482163739855
97.09007742922195,194.1801548584439
31.198401434882296,62.39680286976459
68.16732353053393,136.33464706106787
62.62901475971751,125.25802951943503
75.58680310443121,151.17360620886242
57.29227122854484,114.58454245708968
0.15636694152045827,0.31273388304091654
24.56992864068903,49.13985728137806
45.16735325319099,90.33470650638198
92.52301165276467,185.04602330552933
66.97840708033247,133.95681416066495
7.683686805546808,15.367373611093615
26.139292567359263,52.278585134718526
51.59438262848028,103.18876525696056
74.6507264214392,149.3014528428784
33.01416538025701,66.02833076051402
50.33301089381915,100.6660217876383
49.70279673505911,99.40559347011822
81.23497029639178,162.46994059278356
31.85081170894476,63.70162341788952
79.90711343445544,159.81422686891088
24.903665670374387,49.807331340748775
80.67525298125487,161.35050596250974
43.7739654112033,87.5479308224066
85.58173760992179,171.16347521984358
45.99268238666525,91.9853647733305
87.39484019305806,174.78968038611612
26.551144555688722,53.102289111377445
72.53754497361486,145.0750899472297
29.777944791677424,59.55588958335485
95.0328996916155,190.065799383231
93.48923267597891,186.97846535195782
55.87726694761347,111.75453389522694
51.36051562939159,102.72103125878319
48.17704237585322,96.35408475170644
22.992737381238438,45.985474762476876
91.97696806568494,183.9539361313699
43.31329217106985,86.6265843421397
43.41094964850776,86.82189929701552
89.08017986243235,178.1603597248647
63.208633454694485,126.41726690938897
39.36665654202245,78.7333130840449
14.535408429647745,29.07081685929549
18.98051120915756,37.96102241831512
45.28047477169351,90.56094954338703
99.56996578483678,199.13993156967356
20.8255451770762,41.6510903541524
1.605262859693457,3.210525719386914
65.38887927812755,130.7777585562551
92.41014817901176,184.8202963580235
4.295635410793852,8.591270821587704
90.18618177029693,180.37236354059385
5.020945432566137,10.041890865132274
80.05906603861965,160.1181320772393
33.52315938730317,67.04631877460633
32.148027646202095,64.29605529240419
49.90550615252203,99.81101230504406
47.807303009284766,95.61460601856953
24.790267431270728,49.580534862541455
94.03802504590146,188.07605009180293
77.31881426419149,154.63762852838298
53.285110254559584,106.57022050911917
23.408864172629308,46.817728345258615
34.90256807564911,69.80513615129821
50.11492527242449,100.22985054484899
19.285043310564486,38.57008662112897
35.59609357685517,71.19218715371034
71.71486637096551,143.42973274193102
94.78603509799949,189.57207019599898
22.797411665944047,45.594823331888094
58.52698795788942,117.05397591577884
46.083102227658756,92.16620445531751
82.3842154434871,164.7684308869742
84.83286210299454,169.66572420598908
52.45630119420992,104.91260238841984
25.08109306224503,50.16218612449006
85.84675120050697,171.69350240101394
53.948437605360056,107.89687521072011
6.1720355141549055,12.344071028309811
51.186200480340574,102.37240096068115
34.35304887720858,68.70609775441716
56.59489046337356,113.18978092674712
67.90328588910897,135.80657177821794
49.46547176026903,98.93094352053807
80.70766783976376,161.41533567952752
25.95606565335622,51.91213130671244
6.112407737877923,12.224815475755847
21.825071827089726,43.65014365417945
35.02985200431896,70.05970400863792
86.66726420658787,173.33452841317575
66.25643977534628,132.51287955069256
42.17693794129701,84.35387588259402
95.11636896308525,190.2327379261705
42.91448853966663,85.82897707933326
15.967534340904521,31.935068681809042
45.1140921382577,90.2281842765154
82.76333108995814,165.5266621799163
89.16579978620342,178.33159957240684
6.92446112373839,13.84892224747678
4.42080905404858,8.84161810809716
86.68425809698546,173.36851619397092
11.50802864153534,23.01605728307068
12.086489824950764,24.172979649901528
30.333356867483896,60.66671373496779
6.810649471203134,13.621298942406268
43.31249363808423,86.62498727616845
84.05235688277507,168.10471376555014
5.016129091395705,10.03225818279141
53.89717119572273,107.79434239144545
94.25139092566619,188.50278185133237
37.58263408573133,75.16526817146266
87.82375985286336,175.64751970572672
73.42253198933565,146.8450639786713
56.385043252499976,112.77008650499995
55.273098264808674,110.54619652961735
61.78606491820472,123.57212983640945
46.85140571423712,93.70281142847423
3.7439845387309933,7.487969077461987
75.60401945490703,151.20803890981406
2.171234719255466,4.342469438510932
72.67485622817587,145.34971245635174
10.679863881281737,21.359727762563473
47.412344024928586,94.82468804985717
49.76701044449181,99.53402088898362
74.9583248997881,149.9166497995762
74.89870823152654,149.79741646305308
11.343513623217461,22.687027246434923
66.1917835655976,132.3835671311952
99.08512116756235,198.1702423351247
57.897781513703436,115.79556302740687
27.161062480178224,54.32212496035645
90.88581555218937,181.77163110437874
36.90878454704393,73.81756909408786
63.08837852507045,126.1767570501409
76.27350204843503,152.54700409687007
45.804888146806086,91.60977629361217
67.75477633013426,135.50955266026853
74.57058392145026,149.14116784290053
60.406055756499356,120.81211151299871
61.570477944784066,123.14095588956813
74.5062593116306,149.0125186232612
14.175809187948186,28.351618375896372
52.55679734874453,105.11359469748906
8.213411370154223,16.426822740308445
9.892000017988057,19.784000035976113
4.6624896068784505,9.324979213756901
14.310226419514615,28.62045283902923
39.450552125257396,78.90110425051479
19.747635801248663,39.495271602497326
82.0173335264971,164.0346670529942
52.53335371715877,105.06670743431754
53.63797381168952,107.27594762337904
3.3041026921409533,6.608205384281907
75.47618441690521,150.95236883381043
31.274974545783518,62.549949091567036
34.98257942205024,69.96515884410049
35.35654642712264,70.71309285424528
56.776442182689536,113.55288436537907
95.69808928558447,191.39617857116895
9.12763161953033,18.25526323906066
82.71062449942063,165.42124899884126
87.41754147622234,174.83508295244468
60.245961439446305,120.49192287889261
64.9484256805403,129.8968513610806
62.099728823483844,124.19945764696769
5.8204605787797075,11.640921157559415
25.60177233904627,51.20354467809254
14.627679428066,29.255358856132
16.064950995780414,32.12990199156083
19.99720854259338,39.99441708518676
14.920022110283282,29.840044220566565
84.08980385079643,168.17960770159286
99.27342418802255,198.5468483760451
61.19627087658054,122.39254175316108
9.598377387973278,19.196754775946555
0.3106302512146941,0.6212605024293882
53.711712111562335,107.42342422312467
48.606823398473175,97.21364679694635
62.798765908109864,125.59753181621973
40.017070129553524,80.03414025910705
54.894727472921446,109.78945494584289
13.62420779928646,27.24841559857292
76.46285722971395,152.9257144594279
58.617165643043364,117.23433128608673
25.040651676576065,50.08130335315213
94.14935769317118,188.29871538634237
87.42953112040883,174.85906224081765
4.141698592416465,8.28339718483293
34.400760855275,68.80152171055
77.80372297500297,155.60744595000594
20.4269887709247,40.8539775418494
97.26423369969856,194.52846739939713
62.34672563003687,124.69345126007374
83.51269637695498,167.02539275390995
48.36032895025457,96.72065790050914
21.064376788964857,42.128753577929714
29.340075873242345,58.68015174648469
12.141741775386539,24.283483550773077
95.09745102249094,190.1949020449819
20.953426575114065,41.90685315022813
84.14206117526581,168.28412235053162
5.081946953534333,10.163893907068665
82.68490701530634,165.36981403061267
50.26912659906172,100.53825319812344
46.12324189671448,92.24648379342896
73.5592929351547,147.1185858703094
76.90568913282856,153.8113782656571
3.910116023106769,7.820232046213538
43.03800073469406,86.07600146938812
5.1441793978416195,10.288358795683239
58.28999931945731,116.57999863891462
80.24247449153515,160.4849489830703
29.958904669711995,59.91780933942399
48.810022630453474,97.62004526090695
29.85040652100497,59.70081304200994
20.453862095709074,40.90772419141815
26.37107463941112,52.74214927882224
88.46965520574045,176.9393104114809
28.076123750249593,56.152247500499186
41.10129879022294,82.20259758044588
1.4312047698775587,2.8624095397551175
73.82043564459404,147.64087128918808
85.51554594758034,171.03109189516067
24.544656559062915,49.08931311812583
96.07998883098283,192.15997766196566
67.56374912466019,135.12749824932038
79.55352948296267,159.10705896592535
71.25759637775747,142.51519275551493
26.638294869742296,53.27658973948459
63.0834493384009,126.1668986768018
73.45277731693805,146.9055546338761
72.97022107240112,145.94044214480223
34.87369996939195,69.7473999387839
33.022735281067185,66.04547056213437
37.584057602748075,75.16811520549615
29.68758130822895,59.3751626164579
25.44075318867105,50.8815063773421
94.30132640536152,188.60265281072304
17.359024197473982,34.718048394947964
80.09550127405505,160.1910025481101
99.75897400673006,199.5179480134601
10.420129635883246,20.84025927176649
97.67446309510865,195.3489261902173
76.7464176270269,153.4928352540538
17.79657381249177,35.59314762498354
4.272580522673442,8.545161045346884
86.23318880164287,172.46637760328574
18.85679821915004,37.71359643830008
28.449324416843503,56.898648833687005
31.961629850182394,63.92325970036479
23.23274557274655,46.4654911454931
26.779458840752046,53.55891768150409
5.0089696761113185,10.017939352222637
18.64142211702431,37.28284423404862
27.140916267502924,54.28183253500585
90.00655951952277,180.01311903904553
62.17939404263212,124.35878808526424
35.93204110137379,71.86408220274758
89.80004971306883,179.60009942613766
27.835909468605855,55.67181893721171
62.15875191601381,124.31750383202763
13.668553248177828,27.337106496355656
5.195225745952037,10.390451491904074
59.2840598627717,118.5681197255434
92.36624269583162,184.73248539166323
86.87255226377434,173.74510452754868
95.67565809483455,191.3513161896691
59.52580783616177,119.05161567232354
72.88875258344868,145.77750516689736
14.991354966715065,29.98270993343013
36.847236468854625,73.69447293770925
57.7072859567465,115.414571913493
25.299028417626136,50.59805683525227
81.0646546613681,162.1293093227362
37.188558338077236,74.37711667615447
75.36978797985078,150.73957595970157
4.202428254856105,8.40485650971221
28.37687171373088,56.75374342746176
33.093982920529484,66.18796584105897
56.895591225029676,113.79118245005935
86.70300050843083,173.40600101686167
98.93599658889663,197.87199317779326
90.37090930441657,180.74181860883314
1.3908959028942736,2.781791805788547
58.87293539864393,117.74587079728786
53.908412204266334,107.81682440853267
2.850809900790785,5.70161980158157
99.66653680132893,199.33307360265786
29.0474584551904,58.0949169103808
29.17743275671184,58.35486551342368
75.09556647973568,150.19113295947136
6.903335356780282,13.806670713560564
1.2503663757062577,2.5007327514125155
74.26320459208654,148.52640918417308
58.265396650670844,116.53079330134169
17.730336403822122,35.460672807644244
43.84879034773341,87.69758069546683
58.212929756283586,116.42585951256717
76.05564311847192,152.11128623694384
55.89541954532565,111.7908390906513
25.956136406088937,51.912272812177875
27.66236222121683,55.32472444243366
38.53885701385508,77.07771402771016
72.19736603851238,144.39473207702477
58.56268027432371,117.12536054864742
30.586358951777935,61.17271790355587
81.32730360659802,162.65460721319604
81.49031910672234,162.98063821344468
58.31045226965789,116.62090453931577
35.37584959727459,70.75169919454918
9.291778017700203,18.583556035400406
96.18662379310065,192.3732475862013
93.54856269609277,187.09712539218555
40.24327652986862,80.48655305973725
61.44460357409726,122.88920714819452
12.856400060278794,25.71280012055759
20.6549829455169,41.3099658910338
90.98060150919963,181.96120301839926
9.104379104886007,18.208758209772014
25.081715034155593,50.163430068311186
84.71812871930217,169.43625743860434
3.0894660212292924,6.178932042458585
6.499193956738836,12.998387913477671
50.211241502857526,100.42248300571505
40.57368069947018,81.14736139894036
28.204638947413574,56.40927789482715
96.97777276966286,193.95554553932573
56.088948162286165,112.17789632457233
33.07056981726373,66.14113963452746
70.54053097457682,141.08106194915365
36.02184271152529,72.04368542305058
9.005319488576013,18.010638977152027
93.74443456755955,187.4888691351191
98.5368964221893,197.0737928443786
29.87329075674404,59.74658151348808
86.82338739316862,173.64677478633723
44.164938895998816,88.32987779199763
68.88833209523793,137.77666419047586
29.889160309200967,59.778320618401935
6.055831871446737,12.111663742893475
47.926397726083266,95.85279545216653
78.98991707308144,157.9798341461629
50.93923666079693,101.87847332159386
27.273657928778782,54.547315857557564
16.87194119955504,33.74388239911008
38.367829989288246,76.73565997857649
45.42299235802395,90.8459847160479
47.50396143729407,95.00792287458815
49.31278888859295,98.6255777771859
13.598423842691664,27.19684768538333
66.57788462286078,133.15576924572156
68.8431665839582,137.6863331679164
64.84441477136829,129.68882954273658
79.89150843762228,159.78301687524456
2.4980696470263575,4.996139294052715
11.022288401351798,22.044576802703595
16.776185582286594,33.55237116457319
85.45155736014112,170.90311472028225
29.73544848921036,59.47089697842072
84.59802869294151,169.19605738588302
4.037282833402845,8.07456566680569
75.67670531227296,151.35341062454592
30.18369470568254,60.36738941136508
76.71855532693375,153.4371106538675
19.105406986732408,38.210813973464816
5.683177307797383,11.366354615594766
39.059902750484234,78.11980550096847
43.56113392879365,87.1222678575873
95.13913675800674,190.27827351601348
45.72325794764281,91.44651589528561
72.18981267621074,144.37962535242147
35.07511003537252,70.15022007074504
5.414204680719736,10.828409361439473
63.731647141097746,127.46329428219549
29.646788353290667,59.293576706581334
27.62644073935143,55.25288147870286
48.87849536535692,97.75699073071384
80.32683132829965,160.6536626565993
11.721816134523111,23.443632269046223
40.777622498159104,81.55524499631821
40.91896240034245,81.8379248006849
61.041177187705706,122.08235437541141
51.056593233042705,102.11318646608541
31.966869476095038,63.933738952190076
90.8945482741614,181.7890965483228
4.593133639010549,9.186267278021099
19.285951366597544,38.57190273319509
42.670574272442906,85.34114854488581
84.64639342161064,169.29278684322128
83.38278274761122,166.76556549522243
55.51721932516715,111.0344386503343
13.423825393779588,26.847650787559175
25.02278211772375,50.0455642354475
74.79867719785675,149.5973543957135
20.251409434589075,40.50281886917815
48.38942455528402,96.77884911056805
1.4890091650919257,2.9780183301838514
81.84086233700553,163.68172467401106
83.10770487685193,166.21540975370385
76.61109181622696,153.22218363245392
56.78532250538106,113.57064501076212
93.76144673366848,187.52289346733696
11.189425958019516,22.378851916039032
60.79405206285392,121.58810412570784
16.156950548197415,32.31390109639483
46.364235622263685,92.72847124452737
94.0023502109979,188.0047004219958
75.51939112353266,151.0387822470653
13.891596184187115,27.78319236837423
54.48057655951209,108.96115311902417
58.41111617593001,116.82223235186002
73.22017445846626,146.44034891693252
48.54486306188377,97.08972612376753
90.60477076229347,181.20954152458694
33.762062327025056,67.52412465405011
96.21247815965437,192.42495631930873
19.61392755322,39.22785510644
5.471139667964309,10.942279335928617
27.237025231771828,54.474050463543655
67.93599753848906,135.87199507697812
49.98978867178564,99.97957734357128
40.6979515157127,81.3959030314254
43.93573011715676,87.87146023431352
23.325999351679883,46.651998703359766
34.31722396820115,68.6344479364023
82.91585917445327,165.83171834890655
71.35381147239916,142.70762294479832
32.895647712578345,65.79129542515669
26.68158926931421,53.36317853862842
44.027307859915865,88.05461571983173
63.310779284657,126.621558569314
62.59869603255882,125.19739206511764
94.31953425827615,188.6390685165523
66.76075317395427,133.52150634790854
41.26955263014565,82.5391052602913
15.115474436853994,30.230948873707987
18.690293901080157,37.38058780216031
47.56767207576761,95.13534415153522
89.29410576148858,178.58821152297716
77.71945624520067,155.43891249040135
28.528359928412826,57.05671985682565
28.43573673305234,56.87147346610468
16.211480367504205,32.42296073500841
84.55360346172817,169.10720692345635
24.860280896259656,49.72056179251931
0.5247497678377511,1.0494995356755021
71.56905538371767,143.13811076743534
5.560357239900926,11.120714479801851
3.8172716765299874,7.634543353059975
49.66196111589707,99.32392223179414
96.46749892092086,192.93499784184172
18.027596338417528,36.055192676835055
45.39420158462395,90.7884031692479
57.83127515365077,115.66255030730154
48.853542005615566,97.70708401123113
16.184996444404465,32.36999288880893
84.05578699026104,168.11157398052208
91.70236250457752,183.40472500915504
19.83105205675941,39.66210411351882
67.46273439348207,134.92546878696413
40.645920320150275,81.29184064030055
20.123953167435758,40.247906334871516
25.314647761959264,50.62929552391853
98.7298994056357,197.4597988112714
79.63007679187551,159.26015358375102
46.68069249469862,93.36138498939724
15.360841162217698,30.721682324435395
91.07593514952092,182.15187029904183
49.24271315834504,98.48542631669008
17.71231961939709,35.42463923879418
64.50928742241466,129.01857484482932
65.63183645407543,131.26367290815085
56.52545229410282,113.05090458820564
97.20906752058957,194.41813504117914
59.65501297870613,119.31002595741226
87.40573128403814,174.81146256807628
13.367814498366492,26.735628996732984
4.883118655868712,9.766237311737424
32.4755070247241,64.9510140494482
98.43532394520614,196.87064789041227
60.118831056905854,120.23766211381171
85.26158744578916,170.52317489157832
96.4957926386655,192.991585277331
37.657549748039706,75.31509949607941
16.869450481571768,33.738900963143536
20.499501350147,40.999002700294
67.40177858072892,134.80355716145783
95.54153499164502,191.08306998329005
50.495557432714556,100.99111486542911
11.84417081387873,23.68834162775746
25.624220515152107,51.248441030304214
3.969687060213334,7.939374120426668
31.08461017510199,62.16922035020398
20.54512051745577,41.09024103491154
95.06465994822103,190.12931989644207
97.71241352818956,195.42482705637912
97.72785400416916,195.45570800833832
62.68725685038752,125.37451370077504
33.605468653828595,67.21093730765719
7.362811287122229,14.725622574244458
23.4590126469436,46.9180252938872
84.04484388675193,168.08968777350387
76.80649076405443,153.61298152810886
51.798701911759615,103.59740382351923
53.38204481995392,106.76408963990784
32.98231397904433,65.96462795808866
88.63021346142672,177.26042692285344
98.75464878298902,197.50929756597804
0.5748551237196198,1.1497102474392396
33.202246130410295,66.40449226082059
57.99676687588744,115.99353375177488
83.85426075637973,167.70852151275946
94.11731292342114,188.23462584684228
5.141565290087002,10.283130580174005
3.775995287218714,7.551990574437428
70.72043364438953,141.44086728877906
31.70425296772509,63.40850593545018
64.52249221755393,129.04498443510786
67.61602484549309,135.23204969098617
99.92250567104682,199.84501134209364
35.98810228012954,71.97620456025908
28.41934862371236,56.83869724742472
69.86566521005368,139.73133042010735
98.8500450031529,197.7000900063058
43.69077448393691,87.38154896787383
10.339209515564118,20.678419031128236
40.15905547374417,80.31811094748834
12.584326367426701,25.168652734853403
78.82221784548193,157.64443569096386
87.72221274834034,175.44442549668068
0.48914846894647646,0.9782969378929529
35.71866170077648,71.43732340155296
73.43394545689324,146.86789091378648
58.82314292836909,117.64628585673817
21.216236749814943,42.432473499629886
94.32717594572766,188.65435189145532
53.87649883232528,107.75299766465056
24.911673168033722,49.823346336067445
90.76375488331595,181.5275097666319
67.54366870817682,135.08733741635365
42.53417278566127,85.06834557132254
20.364249434702366,40.72849886940473
11.803928554249454,23.60785710849891
89.38480335484044,178.7696067096809
59.35637264943085,118.7127452988617
54.545819261212394,109.09163852242479
70.47995206628798,140.95990413257596
95.96530267694916,191.93060535389833
89.37925175072229,178.75850350144458
36.389513155946474,72.77902631189295
14.89966955376244,29.79933910752488
8.921610322337227,17.843220644674453
87.2733310127038,174.5466620254076
2.425068814022535,4.85013762804507
36.21031894098591,72.42063788197181
12.834129976999709,25.668259953999417
32.91380509616535,65.8276101923307
11.74297998940098,23.48595997880196
17.99110260755443,35.98220521510886
40.51496579302457,81.02993158604914
96.65520406531093,193.31040813062185
8.39943995038357,16.79887990076714
90.66036250977054,181.32072501954107
27.810325854367246,55.62065170873449
49.664987510402746,99.32997502080549
25.42951658939998,50.85903317879996
73.71664278287497,147.43328556574994
98.70605412889586,197.41210825779172
52.91039223643336,105.82078447286672
54.460285946161015,108.92057189232203
96.30517144122265,192.6103428824453
32.40775044599966,64.81550089199932
44.636221034960876,89.27244206992175
23.965294007329174,47.93058801465835
27.382294006803086,54.76458801360617
89.28814812082774,178.57629624165548
82.35799175730544,164.71598351461088
87.69141261551125,175.3828252310225
3.2305766998819707,6.461153399763941
17.645450754611304,35.29090150922261
11.246237019255412,22.492474038510824
70.62904645091355,141.2580929018271
93.82982772214532,187.65965544429065
9.62957543632702,19.25915087265404
85.15834154987331,170.31668309974663
33.73709989923353,67.47419979846705
50.50048879345731,101.00097758691462
2.721887708918902,5.443775417837804
71.7739089176682,143.5478178353364
3.6257964254234887,7.251592850846977
71.45680675108369,142.91361350216738
64.39071097212333,128.78142194424666
19.97638342542296,39.95276685084592
69.79444251414316,139.5888850282863
83.25222828129174,166.50445656258347
85.62144195716243,171.24288391432486
88.24008537247953,176.48017074495905
83.72635709926145,167.4527141985229
47.67501735847966,95.35003471695931
66.31449262358797,132.62898524717593
81.5822298936176,163.1644597872352
4.152212999818206,8.304425999636411
57.706726913835546,115.41345382767109
39.88515822004916,79.77031644009833
77.76025710724524,155.52051421449048
17.508094648393136,35.01618929678627
80.99555273498731,161.99110546997463
63.89693850083841,127.79387700167682
56.25776299873061,112.51552599746122
41.70634124183453,83.41268248366906
62.69183771332081,125.38367542664162
53.88531486016377,107.77062972032753
41.10125410772505,82.2025082154501
40.635789285772994,81.27157857154599
25.909319533322584,51.81863906664517
14.591340798815855,29.18268159763171
71.58984129455722,143.17968258911444
92.33411938412941,184.66823876825882
72.39334624537224,144.78669249074449
38.66502295909206,77.33004591818413
33.26056547937449,66.52113095874898
78.76995054347134,157.53990108694268
30.04391190430876,60.08782380861752
77.62377229892424,155.24754459784847
17.124588865064094,34.24917773012819
63.809878646833084,127.61975729366617
88.54976664570827,177.09953329141655
33.14369965531009,66.28739931062017
67.61260713580207,135.22521427160413
82.84672698015416,165.69345396030832
45.270558782589546,90.54111756517909
74.14415861448819,148.28831722897638
70.81494978246981,141.62989956493962
7.252704904735552,14.505409809471104
87.87053166472786,175.74106332945573
70.72050330497882,141.44100660995764
36.25521787430542,72.51043574861085
36.39976089540076,72.79952179080152
58.614103465913615,117.22820693182723
36.827202345711854,73.65440469142371
73.32607718705052,146.65215437410103
76.48577605143679,152.97155210287357
16.061961164615855,32.12392232923171
64.63735454326599,129.27470908653197
82.68398909623045,165.3679781924609
83.54223700444085,167.0844740088817
42.868107335063435,85.73621467012687
99.50002542581123,199.00005085162246
60.535854891043016,121.07170978208603
88.90892109218417,177.81784218436835
39.79609958838927,79.59219917677854
73.85341102469626,147.7068220493925
69.05014319323259,138.10028638646517
28.824816925683415,57.64963385136683
81.74789026583575,163.4957805316715
57.621772870681575,115.24354574136315
94.45864968704207,188.91729937408414
35.538006905607176,71.07601381121435
48.88516147322933,97.77032294645866
37.64738838108863,75.29477676217726
8.594318043107796,17.188636086215592
34.04322589849412,68.08645179698824
12.904294523666382,25.808589047332763
29.114294126958086,58.22858825391617
25.891468717149014,51.78293743429803
65.58070563050113,131.16141126100226
7.288020315247734,14.576040630495468
92.01885700343895,184.0377140068779
46.447689866047206,92.89537973209441
20.073051752293757,40.146103504587515
82.86744304457599,165.73488608915198
36.84719463232001,73.69438926464002
92.91222015580989,185.82444031161978
74.14319837384222,148.28639674768445
87.45828694102993,174.91657388205985
86.68766231869682,173.37532463739365
95.20742849367544,190.41485698735087
67.04864603364598,134.09729206729196
43.04146081946821,86.08292163893643
24.19442070116562,48.38884140233124
10.853315579496503,21.706631158993005
48.877404286469016,97.75480857293803
47.690335700525786,95.38067140105157
0.7374860128743888,1.4749720257487775
42.098679489694966,84.19735897938993
33.032932122867344,66.06586424573469
95.90992569522687,191.81985139045375
67.05336495198725,134.1067299039745
54.4586071913448,108.9172143826896
9.649108256286809,19.298216512573617
77.32454817936316,154.64909635872633
73.84513209665018,147.69026419330035
84.4424243969965,168.884848793993
97.02806955396586,194.05613910793173
22.2098871977483,44.4197743954966
34.6724096218726,69.3448192437452
46.64338092137182,93.28676184274364
7.636002540226405,15.27200508045281
56.63827116212674,113.27654232425348
68.04084479070796,136.08168958141593
48.71096117351386,97.42192234702772
79.92816594934972,159.85633189869944
47.56024051120541,95.12048102241081
16.456295759434504,32.91259151886901
1.99162259226342,3.98324518452684
25.661296452706917,51.322592905413835
58.72068187887071,117.44136375774141
67.72463789111254,135.44927578222507
33.876608284202725,67.75321656840545
18.858714633969186,37.71742926793837
12.968205869984539,25.936411739969078
19.074405204593848,38.148810409187696
53.28253438186813,106.56506876373626
85.7759019507583,171.5518039015166
74.4970091799439,148.9940183598878
17.832048914523725,35.66409782904745
68.51938517363152,137.03877034726304
41.935354824988536,83.87070964997707
70.28242430449907,140.56484860899815
8.203448163243543,16.406896326487086
83.94378962709985,167.8875792541997
52.48046856580778,104.96093713161557
42.69439397268967,85.38878794537933
69.4819670758193,138.9639341516386
64.20494788857573,128.40989577715146
89.56727780823189,179.13455561646379
19.764092741914208,39.528185483828416
37.68356860602826,75.36713721205652
86.72047087148734,173.44094174297467
15.789270821967182,31.578541643934365
23.2084392305126,46.4168784610252
65.62191929737469,131.24383859474938
49.61393037191111,99.22786074382222
61.724423055788556,123.44884611157711
51.517640600349466,103.03528120069893
70.51174818879085,141.0234963775817
54.013316690757165,108.02663338151433
57.32186328300705,114.6437265660141
83.20721366154096,166.41442732308192
72.115091195577,144.230182391154
32.11017085709518,64.22034171419035
98.41180794664047,196.82361589328093
16.352936881619318,32.705873763238635
6.024907087412712,12.049814174825425
39.03594299600167,78.07188599200335
56.91644351137452,113.83288702274903
2.7871332621755673,5.574266524351135
75.90057341937053,151.80114683874106
36.65479594584461,73.30959189168922
28.05941119295857,56.11882238591714
70.51813119674333,141.03626239348665
77.85991505189249,155.71983010378497
39.47492688953511,78.94985377907022
34.193390114338506,68.38678022867701
47.1957025258376,94.3914050516752
8.089045780723204,16.178091561446408
4.474073333967709,8.948146667935418
14.112713577338065,28.22542715467613
35.408016662322424,70.81603332464485
43.51425076843434,87.02850153686867
43.145863962954735,86.29172792590947
9.496184254214368,18.992368508428736
60.895461851615586,121.79092370323117
83.66062635342129,167.32125270684259
58.51389762024783,117.02779524049566
38.1457992986333,76.2915985972666
82.94755210079569,165.89510420159138
31.2123877940776,62.4247755881552
68.34976207416712,136.69952414833423
20.923382789870402,41.846765579740804
32.08139383290638,64.16278766581276
79.52754551440594,159.0550910288119
88.21422913710961,176.42845827421922
9.953707127647892,19.907414255295784
81.26107847059717,162.52215694119434
91.33733573459392,182.67467146918784
55.83384192473528,111.66768384947056
30.892007678886525,61.78401535777305
51.49379513543293,102.98759027086587
44.52064326526587,89.04128653053174
78.24621917760844,156.49243835521688
5.523529752169498,11.047059504338996
51.41435569052937,102.82871138105874
47.88845567999446,95.77691135998892
25.479690185103987,50.959380370207974
72.56731474679975,145.1346294935995
40.71059696225346,81.42119392450692
52.24651082884597,104.49302165769194
59.79363629635843,119.58727259271686
2.155789325250035,4.31157865050007
38.207710016109054,76.41542003221811
16.33673267790653,32.67346535581306
58.46143399638206,116.92286799276413
13.170618767941534,26.341237535883067
72.41767515521312,144.83535031042624
72.34180416879232,144.68360833758464
68.87429573044966,137.74859146089932
57.92199445045148,115.84398890090296
31.78260962868803,63.56521925737606
78.51117558569753,157.02235117139506
80.10209429250233,160.20418858500466
31.446333794230974,62.89266758846195
23.08190646004529,46.16381292009058
83.33297940379443,166.66595880758885
64.61377536124881,129.22755072249763
37.31135424170884,74.62270848341768
8.290177698755642,16.580355397511283
89.40249819670004,178.80499639340007
71.23569858240944,142.47139716481888
97.96583831759507,195.93167663519014
73.94328092470012,147.88656184940024
77.88047581255664,155.76095162511328
3.3698732924046904,6.739746584809381
6.869353755329078,13.738707510658156
7.910650074294667,15.821300148589334
90.52636358801642,181.05272717603285
6.063519116457828,12.127038232915655
4.26907614426656,8.53815228853312
41.05090929474306,82.10181858948611
21.700183422032225,43.40036684406445
20.9203570984402,41.8407141968804
72.5767749609115,145.153549921823
31.880061246240775,63.76012249248155
80.65507088777468,161.31014177554937
25.334369901263397,50.668739802526794
46.88460925665774,93.76921851331548
61.03720930105511,122.07441860211021
56.75728726276843,113.51457452553686
59.99056639880013,119.98113279760025
1.0066771127642427,2.0133542255284853
31.620156439621784,63.24031287924357
12.660271840424963,25.320543680849926
86.86365517982946,173.72731035965893
47.53605743929192,95.07211487858385
46.287530112527676,92.57506022505535
29.471251893702856,58.94250378740571
46.54423010306292,93.08846020612584
93.13638651655017,186.27277303310035
98.54682565548785,197.0936513109757
45.31362871474089,90.62725742948177
86.07212337750444,172.14424675500888
34.925896985261886,69.85179397052377
62.505541117691266,125.01108223538253
60.24810588319929,120.49621176639857
99.45709609654361,198.91419219308722
24.005604971739658,48.011209943479315
50.75121198065731,101.50242396131462
63.3761485908287,126.7522971816574
90.23593861963577,180.47187723927155
3.7140634691144925,7.428126938228985
17.470535444591185,34.94107088918237
36.61372930424026,73.22745860848052
19.64015095785676,39.28030191571352
21.131950678227028,42.263901356454056
52.36487504798352,104.72975009596703
13.247860454744952,26.495720909489904
78.722171434373,157.444342868746
38.033708401128685,76.06741680225737
15.564718953835023,31.129437907670045
68.91880738960397,137.83761477920794
21.739054710074058,43.478109420148115
61.1729685325753,122.3459370651506
40.25550389423805,80.5110077884761
12.983312494491594,25.966624988983188
6.863917575993228,13.727835151986456
21.431533109583047,42.86306621916609
48.34857563302945,96.6971512660589
19.80517359607543,39.61034719215086
66.05780882424833,132.11561764849665
63.347249737523505,126.69449947504701
40.99874803352124,81.99749606704248
49.16629282897358,98.33258565794716
99.1903833960072,198.3807667920144
92.44629013443759,184.89258026887518
95.12993553727482,190.25987107454964
89.11245801810131,178.22491603620261
43.009687407989006,86.01937481597801
33.26014284891017,66.52028569782034
32.70471928016347,65.40943856032693
91.43609887458206,182.87219774916412
57.61240513170076,115.22481026340152
87.11067008941383,174.22134017882766
6.760458532928226,13.520917065856452
19.51609915923894,39.03219831847788
36.20570985879152,72.41141971758304
46.378828629647096,92.75765725929419
42.61262935352359,85.22525870704717
44.75900380527247,89.51800761054494
3.0802541720170384,6.160508344034077
2.391197951441326,4.782395902882652
26.70898186990677,53.41796373981354
36.542071591973304,73.08414318394661
93.0737003514594,186.1474007029188
17.520277736030355,35.04055547206071
79.42912706687737,158.85825413375474
48.71345517198623,97.42691034397247
97.55104246207085,195.1020849241417
75.20277393272532,150.40554786545064
41.92193584269936,83.84387168539872
85.81615278676556,171.6323055735311
20.89011214366363,41.78022428732726
27.09473774899598,54.18947549799196
15.696055428578237,31.392110857156474
22.179760009637704,44.35952001927541
22.68416451030706,45.36832902061412
3.690617845506361,7.381235691012722
45.17776539255694,90.35553078511388
74.13113085045303,148.26226170090607
49.86153199121717,99.72306398243434
73.7559989976887,147.5119979953774
86.4341458622753,172.8682917245506
24.12441171463997,48.24882342927994
35.5984724320112,71.1969448640224
36.35753104980557,72.71506209961115
16.899328106171684,33.79865621234337
57.79977794742419,115.59955589484838
32.50297580599922,65.00595161199844
32.00831297948235,64.0166259589647
16.09228283838007,32.18456567676014
77.50599690252267,155.01199380504534
38.03542201281488,76.07084402562975
99.30106295027657,198.60212590055315
98.19790474463447,196.39580948926894
99.35399612753989,198.70799225507977
82.86940638065775,165.7388127613155
42.08706848722205,84.1741369744441
50.36541828080912,100.73083656161825
82.00606004998563,164.01212009997127
53.4168207948962,106.8336415897924
95.83108783051719,191.66217566103438
50.134931103389576,100.26986220677915
54.361080940842776,108.72216188168555
65.79198970731758,131.58397941463517
18.614221826732212,37.228443653464424
85.15314839379515,170.3062967875903
54.10020037428571,108.20040074857143
71.04180334540922,142.08360669081844
65.08513967268365,130.1702793453673
31.708133493184942,63.416266986369884
78.09751651414186,156.19503302828372
1.4567283805129616,2.913456761025923
41.93320683521803,83.86641367043606
67.63302896724957,135.26605793449914
72.70805894907207,145.41611789814414
49.685592618026185,99.37118523605237
50.003072414819485,100.00614482963897
47.688236138086225,95.37647227617245
42.774969978409686,85.54993995681937
48.78117257094715,97.5623451418943
12.002494570946853,24.004989141893706
60.74430742212664,121.48861484425328
86.142846870027,172.285693740054
14.248879913284473,28.497759826568945
41.01609823463146,82.03219646926291
83.57328261122544,167.14656522245087
2.5014163199015838,5.0028326398031675
59.15313380315874,118.30626760631748
8.08493587809732,16.16987175619464
35.32138553645174,70.64277107290349
22.392686108284078,44.785372216568156
19.597532703289232,39.195065406578465
61.06801104947984,122.13602209895969
59.05372870975108,118.10745741950215
49.64871468202205,99.2974293640441
31.014833854068446,62.02966770813689
90.39578259242165,180.7915651848433
96.0655579335155,192.131115867031
17.266306850894942,34.532613701789884
23.02664536001511,46.05329072003022
43.08294104733669,86.16588209467338
2.4050299396208175,4.810059879241635
51.00602276791422,102.01204553582843
41.5983152883884,83.1966305767768
67.78331910114484,135.56663820228968
99.61774049717465,199.2354809943493
80.62886411391106,161.25772822782213
20.29523279681754,40.59046559363508
33.86000302732924,67.72000605465848
7.322453344816326,14.644906689632652
96.03563943569917,192.07127887139833
62.69976901944193,125.39953803888386
74.04862804596003,148.09725609192006
44.11770890122065,88.2354178024413
13.771089761663614,27.542179523327228
97.60171576728251,195.20343153456503
53.24025009522365,106.4805001904473
11.865607876505946,23.73121575301189
25.289093655177354,50.57818731035471
54.22122860554922,108.44245721109844
80.9050049457084,161.8100098914168
26.153861695775326,52.30772339155065
4.353801176604066,8.707602353208133
69.16584475103987,138.33168950207974
91.48913604866725,182.9782720973345
47.31520387013109,94.63040774026219
44.16404159252675,88.3280831850535
70.43325615498446,140.86651230996893
91.35113139734413,182.70226279468827
3.7011383370275985,7.402276674055197
59.46468317107889,118.92936634215778
49.05356855818142,98.10713711636284
16.834103701846704,33.66820740369341
39.87298581212577,79.74597162425154
83.35442213341078,166.70884426682156
37.08819910176595,74.1763982035319
44.37872129429352,88.75744258858704
63.30616982162307,126.61233964324614
38.395602228172564,76.79120445634513
37.462507615102616,74.92501523020523
73.71741501848787,147.43483003697574
96.9934517160905,193.986903432181
91.47582399623991,182.95164799247982
14.478281512148428,28.956563024296855
27.790305664134674,55.58061132826935
81.68375056296007,163.36750112592014
26.378678227243423,52.757356454486846
39.15610877020923,78.31221754041846
48.6053015330278,97.2106030660556
63.76387120665149,127.52774241330297
45.9652287543571,91.9304575087142
76.83529711354498,153.67059422708996
18.846650088965976,37.69330017793195
6.405501473013519,12.811002946027038
69.22992893615509,138.45985787231018
47.039546044764144,94.07909208952829
94.57394748252929,189.14789496505858
9.089413974500394,18.178827949000787
88.74334275241637,177.48668550483274
39.09210924917389,78.18421849834778
38.51002763965196,77.02005527930392
22.87166250379642,45.74332500759284
6.294412223532186,12.588824447064372
62.12615957683101,124.25231915366201
37.62556895982749,75.25113791965498
94.45516303631375,188.9103260726275
27.657540414442206,55.31508082888441
19.441547354496546,38.88309470899309
88.5211663677656,177.0423327355312
81.85849884877796,163.7169976975559
86.21913273789917,172.43826547579835
46.38139948992378,92.76279897984756
6.413434090648584,12.826868181297169
64.22459500874082,128.44919001748164
10.732429986224535,21.46485997244907
93.75512019328275,187.5102403865655
93.51438912555781,187.02877825111563
40.26261779672612,80.52523559345224
41.57733099520803,83.15466199041606
57.51884087066961,115.03768174133921
49.84969624580775,99.6993924916155
81.00097536570769,162.00195073141538
81.43974297799983,162.87948595599966
96.05756922758182,192.11513845516365
47.7309964798183,95.4619929596366
60.461048533639975,120.92209706727995
5.181279112158732,10.362558224317464
99.34469086195487,198.68938172390975
23.76079379950444,47.52158759900888
10.695419288339059,21.390838576678117
6.223200748077728,12.446401496155456
12.467956634931443,24.935913269862887
44.501659455369136,89.00331891073827
78.50416083808469,157.00832167616937
41.25056180402768,82.50112360805537
51.19918505855021,102.39837011710043
44.846077176428054,89.69215435285611
39.71512716126138,79.43025432252276
44.12097574270777,88.24195148541554
15.422003621787683,30.844007243575366
13.552996803586147,27.105993607172294
46.49822706998237,92.99645413996474
71.21547602754042,142.43095205508084
85.20876958481877,170.41753916963754
15.211939231037874,30.42387846207575
16.23566923147606,32.47133846295212
21.13739288488197,42.27478576976394
60.17746901491409,120.35493802982818
81.76602580309014,163.5320516061803
78.87721970773438,157.75443941546877
11.520758189207125,23.04151637841425
80.34840380837971,160.69680761675943
99.92065561178585,199.8413112235717
35.419120578281884,70.83824115656377
12.507024315388371,25.014048630776742
27.255753160809782,54.511506321619564
86.82257249093432,173.64514498186864
86.33745655416895,172.6749131083379
91.82336930492224,183.64673860984448
5.576412328013425,11.15282465602685
68.67107565861625,137.3421513172325
4.3853880816051465,8.770776163210293
40.502142408741314,81.00428481748263
69.79538205251178,139.59076410502357
32.133981682774774,64.26796336554955
80.69478452913394,161.38956905826788
2.051843964090161,4.103687928180322
24.082590061191656,48.16518012238331
91.35686220443347,182.71372440886694
83.1695209018521,166.3390418037042
99.70339205393255,199.4067841078651
49.56537833059909,99.13075666119818
32.72323313301987,65.44646626603974
91.6210261944934,183.2420523889868
81.08212974375121,162.16425948750242
18.80611391367648,37.61222782735296
16.9712608357366,33.9425216714732
35.616633503303355,71.23326700660671
50.196444573753816,100.39288914750763
60.7222074060946,121.4444148121892
36.294740707401196,72.58948141480239
19.883740577903385,39.76748115580677
9.320654657123884,18.641309314247767
15.375216917322643,30.750433834645285
97.5371658542081,195.0743317084162
37.03060843865716,74.06121687731432
42.07848758896908,84.15697517793816
15.432376876679433,30.864753753358865
72.73055959362156,145.46111918724313
69.60360040983252,139.20720081966505
34.51923259155767,69.03846518311533
74.95430707129258,149.90861414258515
69.53295232375389,139.06590464750778
86.25897505834979,172.51795011669958
79.69900036329433,159.39800072658866
20.57247907028641,41.14495814057282
74.34115824903593,148.68231649807186
95.0199517513171,190.0399035026342
32.853416765937226,65.70683353187445
78.46967489944377,156.93934979888755
79.482303874312,158.964607748624
46.25827905898602,92.51655811797204
40.991450785605366,81.98290157121073
37.03863830721551,74.07727661443101
54.42640644972377,108.85281289944754
79.29952119420174,158.5990423884035
35.821373815145094,71.64274763029019
22.654594753494294,45.30918950698859
70.31065194779605,140.6213038955921
64.91471332940601,129.82942665881203
79.46146309456863,158.92292618913726
23.69506270182199,47.39012540364398
42.030818845361416,84.06163769072283
14.316742856304144,28.633485712608287
67.23680366752029,134.47360733504058
32.654308854423974,65.30861770884795
43.705296530479444,87.41059306095889
81.95925454966667,163.91850909933333
12.089512665100322,24.179025330200645
7.233687031359337,14.467374062718674
88.92866371864078,177.85732743728155
21.183108610287814,42.36621722057563
42.571686996652005,85.14337399330401
12.325294342763915,24.65058868552783
90.95996276561036,181.9199255312207
75.51246290164504,151.02492580329007
89.93840342656027,179.87680685312054
15.112998833021397,30.225997666042794
88.81873916167609,177.63747832335218
2.984965209261947,5.969930418523894
94.03001205987074,188.06002411974148
91.83983772501239,183.67967545002477
96.13436689677441,192.26873379354882
10.058923814556497,20.117847629112994
40.395791203588416,80.79158240717683
68.04401494980691,136.08802989961382
16.825266291267525,33.65053258253505
53.47890243158556,106.95780486317112
51.50167344220742,103.00334688441484
84.13412077371527,168.26824154743053
19.40595261544513,38.81190523089026
70.28477950807576,140.56955901615152
50.57969642782181,101.15939285564362
65.99510283625108,131.99020567250216
38.4110948895975,76.822189779195
34.393262559206114,68.78652511841223
67.11253704683618,134.22507409367236
41.8753993426782,83.7507986853564
31.338424320765235,62.67684864153047
13.777279186288693,27.554558372577386
41.3684043519297,82.7368087038594
28.538039111772974,57.07607822354595
82.18787607276347,164.37575214552695
29.64046951785635,59.2809390357127
31.971486844397045,63.94297368879409
48.150963827560744,96.30192765512149
18.806717923834114,37.61343584766823
77.98016594570072,155.96033189140144
95.65329960130595,191.3065992026119
48.662421180946524,97.32484236189305
54.492339809643575,108.98467961928715
82.51703139611261,165.03406279222523
18.625551943634512,37.251103887269025
97.53692989891695,195.0738597978339
22.023925219597164,44.04785043919433
12.352764407717398,24.705528815434796
59.42639615682064,118.85279231364127
38.19677759117298,76.39355518234596
48.089111415270615,96.17822283054123
47.39002794597648,94.78005589195295
7.3426301471028355,14.685260294205671
36.26404763968656,72.52809527937312
15.11778232800538,30.23556465601076
39.4647159228699,78.9294318457398
65.83307667435415,131.6661533487083
55.91905797958589,111.83811595917177
25.538796458664002,51.077592917328005
73.25146744495667,146.50293488991335
95.22437782151478,190.44875564302956
16.98154064745837,33.96308129491674
76.54234110219062,153.08468220438124
11.41050763228737,22.82101526457474
69.61849344133168,139.23698688266336
75.67795841752687,151.35591683505373
80.98179700395035,161.9635940079007
58.115166307420964,116.23033261484193
8.959434664510969,17.918869329021938
99.77606760703091,199.55213521406182
34.92773339722236,69.85546679444472
73.8941928591983,147.7883857183966
96.10380052759284,192.20760105518568
72.68218899952454,145.36437799904908
1.4331331709586559,2.8662663419173118
81.68221013458769,163.36442026917538
84.64865499134774,169.29730998269548
31.695306835694648,63.390613671389296
14.901544276549949,29.803088553099897
30.582418639491195,61.16483727898239
2.5425487496241184,5.085097499248237
86.34153754904318,172.68307509808636
57.851030914941724,115.70206182988345
34.206116417853735,68.41223283570747
49.731592159733005,99.46318431946601
86.6040915415476,173.2081830830952
89.2580039427314,178.5160078854628
97.6436620594313,195.2873241188626
13.533696792102766,27.067393584205533
64.01323108057933,128.02646216115866
3.436939912368664,6.873879824737328
87.00826458549228,174.01652917098457
85.14569133411013,170.29138266822025
91.23003753408736,182.46007506817472
75.64526125931145,151.2905225186229
36.4351683119715,72.870336623943
88.50304830428128,177.00609660856256
48.84496796396699,97.68993592793397
91.96499607186517,183.92999214373035
15.102750006295107,30.205500012590214
26.36963941255408,52.73927882510816
95.62208723304725,191.2441744660945
13.850944054776948,27.701888109553895
5.7326753139731785,11.465350627946357
12.287849946405716,24.575699892811432
81.0583975574064,162.1167951148128
48.01665507116253,96.03331014232506
1.444563428396528,2.889126856793056
89.41362844618065,178.8272568923613
77.33505389675463,154.67010779350926
73.2259753591857,146.4519507183714
33.21952869214052,66.43905738428104
11.381692444639102,22.763384889278203
97.72810454952051,195.45620909904102
35.67773468700347,71.35546937400694
43.06140006309555,86.1228001261911
31.529761505343302,63.059523010686604
16.862361250636106,33.72472250127221
14.62536362160536,29.25072724321072
59.01701870543158,118.03403741086316
49.71770751576866,99.43541503153732
15.76424776449523,31.52849552899046
66.56405041176392,133.12810082352783
31.931331457085122,63.862662914170244
50.553738788853686,101.10747757770737
8.02871957997896,16.05743915995792
14.652892943816065,29.30578588763213
76.4009156206375,152.801831241275
94.21257489843975,188.4251497968795
26.270352249059357,52.540704498118714
32.520231872764235,65.04046374552847
3.019587062833795,6.03917412566759
45.7003246033728,91.4006492067456
24.691381302237847,49.382762604475694
64.41203687516925,128.8240737503385
91.93466692067297,183.86933384134593
78.85593376658284,157.71186753316567
60.058302479739154,120.11660495947831
78.34704691491783,156.69409382983565
39.108118861951866,78.21623772390373
66.3664569259922,132.7329138519844
0.5679237222798728,1.1358474445597455
59.709508608846505,119.41901721769301
17.68450098778189,35.36900197556378
35.49676922870921,70.99353845741842
30.713290992162012,61.426581984324024
77.75134786023213,155.50269572046426
10.610003870275719,21.220007740551438
23.370748649811535,46.74149729962307
41.15033954343114,82.30067908686227
30.17078586116706,60.34157172233412
48.67980270949776,97.35960541899551
76.87250992266958,153.74501984533916
53.98520312160746,107.97040624321492
67.38880998374532,134.77761996749064
82.42246608167203,164.84493216334405
48.89894438530621,97.79788877061242
51.03068309034794,102.06136618069588
70.72475769702677,141.44951539405355
38.67932468809981,77.35864937619962
5.342770753113046,10.685541506226093
30.196328974390628,60.392657948781256
85.08990833924791,170.17981667849583
95.5409317451871,191.0818634903742
91.20958409330002,182.41916818660005
61.32886727210312,122.65773454420624
35.028822563150406,70.05764512630081
48.25356610994298,96.50713221988596
75.28912072248812,150.57824144497624
17.025998153792678,34.051996307585355
42.64003314510691,85.28006629021382
20.13070996857892,40.26141993715784
59.07364420689342,118.14728841378684
40.235996889366255,80.47199377873251
48.075175773135705,96.15035154627141
9.788505747642951,19.577011495285902
56.941979123959385,113.88395824791877
99.04980497830687,198.09960995661373
30.43637718053325,60.8727543610665
15.647148863994719,31.294297727989438
10.707332592353735,21.41466518470747
1.6737727142294156,3.3475454284588313
62.2582129087843,124.5164258175686
43.228982819609165,86.45796563921833
54.721769020932385,109.44353804186477
35.604631420204505,71.20926284040901
25.89769616156635,51.7953923231327
27.47565027576102,54.95130055152204
44.583965154361394,89.16793030872279
81.61878235226592,163.23756470453185
34.30385202340284,68.60770404680568
58.89448571177108,117.78897142354216
72.09486400145052,144.18972800290103
60.1696764437471,120.3393528874942
1.1863005403221494,2.3726010806442988
27.01649217934484,54.03298435868968
48.38463127947771,96.76926255895542
23.42482195778245,46.8496439155649
86.4011894263161,172.8023788526322
34.73809102928121,69.47618205856242
14.134162650945692,28.268325301891384
85.31705116856256,170.6341023371251
3.577665798306351,7.155331596612702
61.26521059548684,122.53042119097368
5.464932594146122,10.929865188292244
20.09680908486411,40.19361816972822
81.92317602486442,163.84635204972884
12.797828868360018,25.595657736720035
73.4136464819111,146.8272929638222
99.21564864533019,198.43129729066038
18.598846167424142,37.197692334848284
93.21509353118114,186.43018706236228
83.30654332800647,166.61308665601294
14.944565460542968,29.889130921085936
59.7217895427664,119.4435790855328
6.580576347082811,13.161152694165622
12.341367889055343,24.682735778110686
14.704807379115225,29.40961475823045
80.73464722414715,161.4692944482943
60.21424704198055,120.4284940839611
1.6718253602469368,3.3436507204938737
27.023139470249557,54.046278940499114
34.889203043220306,69.77840608644061
57.15688426662866,114.31376853325732
68.18836252499622,136.37672504999244
59.635284499562644,119.27056899912529
86.22461479656931,172.44922959313863
59.40059365344372,118.80118730688744
1.159099013603626,2.318198027207252
2.6463717925157226,5.292743585031445
50.16309800318328,100.32619600636656
90.52989080991883,181.05978161983765
66.37178030961958,132.74356061923916
64.67470902658211,129.34941805316421
8.546994695073884,17.09398939014777
19.15076892505805,38.3015378501161
61.602523798614996,123.20504759722999
15.57884523092895,31.1576904618579
77.25567302500403,154.51134605000806
81.21448087773521,162.42896175547043
63.05466279563152,126.10932559126304
56.50764918809582,113.01529837619164
14.337685778817221,28.675371557634442
3.7595498251769444,7.519099650353889
98.97950172642669,197.95900345285338
93.56986241903529,187.13972483807058
32.605340622335724,65.21068124467145
58.59248845083228,117.18497690166456
42.88615953515862,85.77231907031724
30.752014477872912,61.504028955745824
57.87629885103534,115.75259770207067
43.098059008860346,86.19611801772069
6.855666766466961,13.711333532933923
26.36692829056104,52.73385658112208
41.91826835671898,83.83653671343797
5.108188137311853,10.216376274623705
75.04891207847794,150.09782415695588
71.85852260137241,143.71704520274483
6.695877505363246,13.391755010726492
56.22645971036309,112.45291942072618
80.28044551061232,160.56089102122465
99.28325215751732,198.56650431503465
52.3155857600174,104.6311715200348
39.150620937678994,78.30124187535799
73.83091617649328,147.66183235298655
20.571162403925392,41.142324807850784
83.91761079900233,167.83522159800467
55.107131872531845,110.21426374506369
78.35209158579315,156.7041831715863
88.19431712537347,176.38863425074695
63.77820891741661,127.55641783483323
74.510181662708,149.020363325416
82.85998555691039,165.71997111382078
70.5556485425789,141.1112970851578
92.06804738008734,184.13609476017467
19.724656028391806,39.44931205678361
73.52619360787419,147.05238721574838
60.49381798339806,120.98763596679612
76.21476489235329,152.42952978470657
24.80052622513439,49.60105245026878
12.130143400344462,24.260286800688924
53.00403567587742,106.00807135175484
36.365670352089396,72.73134070417879
55.56214346420101,111.12428692840201
27.25204884307175,54.5040976861435
60.910433428872814,121.82086685774563
19.212170445531896,38.42434089106379
47.5364540912513,95.0729081825026
18.746318051478696,37.49263610295739
10.660623749402143,21.321247498804286
66.23615211762791,132.47230423525582
39.906834243277444,79.81366848655489
40.51450932149222,81.02901864298444
16.14866906359461,32.29733812718922
6.785165051189268,13.570330102378536
76.74067222485222,153.48134444970444
61.36572763679372,122.73145527358744
0.4037377055684632,0.8074754111369264
34.49075750784677,68.98151501569355
96.95177787217327,193.90355574434653
21.74839744924316,43.49679489848632
36.49286015272215,72.9857203054443
79.12498045509302,158.24996091018605
74.05205420568713,148.10410841137426
91.25893040043721,182.51786080087442
19.939069128908258,39.878138257816516
28.274955458132865,56.54991091626573
3.879194644555295,7.75838928911059
98.53889431759683,197.07778863519366
53.748444418106814,107.49688883621363
49.30222497567556,98.60444995135111
7.426536547808782,14.853073095617564
61.39412197440939,122.78824394881877
67.25695344626133,134.51390689252267
71.56705834312135,143.1341166862427
92.14122194906037,184.28244389812073
79.64275663425455,159.2855132685091
52.96216517512852,105.92433035025704
99.2428716021332,198.4857432042664
36.4993139084447,72.9986278168894
60.58972136597195,121.1794427319439
45.8459438445178,91.6918876890356
35.79243517621931,71.58487035243861
18.404585230655222,36.809170461310444
27.60356257117533,55.20712514235066
88.75371318872483,177.50742637744966
86.98671734452704,173.97343468905407
71.39387871537288,142.78775743074576
91.51493625661058,183.02987251322116
12.499400398758631,24.998800797517262
90.26934244192118,180.53868488384236
28.965354230948147,57.930708461896295
50.02730601969208,100.05461203938415
57.53051221577753,115.06102443155505
1.661207422961497,3.322414845922994
13.172651980732741,26.345303961465483
33.40498509335329,66.80997018670658
56.3684647411569,112.7369294823138
57.759616760348045,115.51923352069609
1.2819822437345252,2.5639644874690504
44.81876543480073,89.63753086960146
90.61612510302028,181.23225020604056
23.849676084177407,47.699352168354814
52.050786813143986,104.10157362628797
97.29604848290677,194.59209696581354
42.51085841253362,85.02171682506724
68.49294896278363,136.98589792556726
33.49687429338829,66.99374858677658
46.42310974759235,92.8462194951847
85.09219995040907,170.18439990081814
34.95868506068804,69.91737012137608
87.77330817248007,175.54661634496014
12.358616476002226,24.71723295200445
99.4098897978705,198.819779595741
48.939887753486936,97.87977550697387
96.17441236479571,192.34882472959143
46.45183536694485,92.9036707338897
88.93078287673812,177.86156575347624
57.416814077907,114.833628155814
9.511016480884493,19.022032961768986
23.560016268507024,47.12003253701405
38.322130426254496,76.64426085250899
52.044115570536405,104.08823114107281
63.463311251282974,126.92662250256595
22.68791812536478,45.37583625072956
66.3460620319784,132.6921240639568
52.81929238985467,105.63858477970933
88.22134792598924,176.44269585197847
77.34627602470717,154.69255204941433
94.42290004323117,188.84580008646233
92.48563674391073,184.97127348782146
55.67468958867765,111.3493791773553
44.979252173034055,89.95850434606811
6.653658297879472,13.307316595758945
8.352197742320355,16.70439548464071
48.813321382025535,97.62664276405107
62.57757620625004,125.15515241250009
76.6604910903086,153.3209821806172
57.71000755484215,115.4200151096843
60.071988030723325,120.14397606144665
64.74520626821904,129.49041253643807
1.4899770515472532,2.9799541030945065
58.96012577068398,117.92025154136796
53.31224399511224,106.62448799022448
51.41366169486662,102.82732338973324
81.97867629866363,163.95735259732726
46.91799754409512,93.83599508819024
77.55405760215749,155.10811520431497
95.8839274843963,191.7678549687926
64.41353816967859,128.82707633935718
54.867872944357785,109.73574588871557
28.696222593399057,57.39244518679811
86.38070399780084,172.76140799560167
62.424359381399064,124.84871876279813
88.92459196730059,177.84918393460117
17.92984352762025,35.8596870552405
74.72481198101828,149.44962396203655
87.94531835978219,175.89063671956438
20.881592754180723,41.763185508361445
36.21993540134353,72.43987080268705
83.61736677648598,167.23473355297196
25.483481955242016,50.96696391048403
55.76440949086909,111.52881898173818
98.13634996568322,196.27269993136645
36.5618771964361,73.1237543928722
71.79006079660167,143.58012159320333
89.29471378437175,178.5894275687435
55.33309213718985,110.6661842743797
36.000017128009866,72.00003425601973
73.72679757857644,147.45359515715288
31.584360984529603,63.168721969059206
73.76207743748799,147.52415487497598
99.35504615826397,198.71009231652795
24.530982871115913,49.06196574223183
7.111306567566189,14.222613135132377
11.319272655101232,22.638545310202463
1.7349028871840977,3.4698057743681954
34.89838737558713,69.79677475117425
71.37449576255699,142.74899152511398
19.33454030563867,38.66908061127734
24.310861202806187,48.621722405612374
7.37416464480638,14.74832928961276
37.868442651013154,75.73688530202631
83.1801334235148,166.3602668470296
23.147862707629585,46.29572541525917
62.976999025503844,125.95399805100769
14.19018926165555,28.3803785233111
3.270737125223222,6.541474250446444
22.206548146664172,44.413096293328344
74.07153574685353,148.14307149370705
33.899097669231224,67.79819533846245
38.977050538715034,77.95410107743007
65.35867355892088,130.71734711784177
20.163280003710327,40.32656000742065
1.5326469252615382,3.0652938505230765
79.55484907093685,159.1096981418737
23.437660546533312,46.875321093066624
88.67785561485715,177.3557112297143
29.22257259095249,58.44514518190498
60.709658115631846,121.41931623126369
69.54119901570753,139.08239803141507
36.3217468567126,72.6434937134252
29.63686057921262,59.27372115842524
92.1441874669379,184.2883749338758
82.2654244030093,164.5308488060186
56.691738200620215,113.38347640124043
91.23473781183594,182.46947562367188
57.32552913751508,114.65105827503017
86.19188954923442,172.38377909846884
43.52898591139463,87.05797182278926
76.71939364099283,153.43878728198567
4.2018659154991695,8.403731830998339
72.06898318551758,144.13796637103516
9.999487764749482,19.998975529498964
29.328578050109734,58.65715610021947
20.07573613923289,40.15147227846578
67.74258158226537,135.48516316453075
76.35467434454957,152.70934868909913
10.853921814488753,21.707843628977507
79.28335800067177,158.56671600134354
59.10439846959338,118.20879693918675
29.820122416624095,59.64024483324819
43.90362807542555,87.8072561508511
15.530989552950592,31.061979105901184
90.05577597850854,180.11155195701707
71.83872423005286,143.67744846010572
21.085447079610653,42.170894159221305
34.516875628889444,69.03375125777889
74.61009245074396,149.22018490148793
90.96021925990522,181.92043851981043
16.95028947444339,33.90057894888678
59.182609531835325,118.36521906367065
35.04529984187169,70.09059968374338
79.57829128760893,159.15658257521787
6.973177149158783,13.946354298317566
26.203498221593936,52.40699644318787
29.785191254176414,59.57038250835283
96.48133189188414,192.96266378376828
25.51532373026567,51.03064746053134
78.51045672992957,157.02091345985914
2.9575689352136725,5.915137870427345
24.1689657134586,48.3379314269172
51.447811865508676,102.89562373101735
13.903206168386806,27.80641233677361
75.87225529640443,151.74451059280887
63.02007263483371,126.04014526966742
12.679697259659006,25.359394519318013
2.9401149257409553,5.880229851481911
41.35358389343108,82.70716778686216
73.33259320969148,146.66518641938296
65.32320355427262,130.64640710854525
38.99848251509865,77.9969650301973
94.62265184518876,189.2453036903775
60.936891792915105,121.87378358583021
70.4026866897831,140.8053733795662
47.511768385243656,95.02353677048731
77.11012946899889,154.22025893799778
59.38295051490427,118.76590102980855
70.720390299736,141.440780599472
61.374189821976145,122.74837964395229
82.32867637149972,164.65735274299945
15.223520957478542,30.447041914957083
12.177892684049652,24.355785368099305
88.90421127486535,177.8084225497307
92.8447305205756,185.6894610411512
88.79124755423068,177.58249510846136
79.70873915246209,159.41747830492417
8.7395645798804,17.4791291597608
31.204479610386414,62.40895922077283
14.981576183813628,29.963152367627256
98.75332551333769,197.50665102667537
44.445063165519436,88.89012633103887
6.701252500407917,13.402505000815834
21.8783773314945,43.756754662989
72.53715380812892,145.07430761625784
58.32232918123431,116.64465836246862
26.958281744788913,53.916563489577825
22.243488028669756,44.48697605733951
48.64632679807218,97.29265359614436
23.305502103995103,46.611004207990206
2.001403708085292,4.002807416170584
77.06857528844655,154.1371505768931
15.707917067286893,31.415834134573785
67.63907237970326,135.27814475940653
23.226465317871103,46.452930635742206
63.57524454217081,127.15048908434161
25.46324980708884,50.92649961417768
56.41584370279755,112.8316874055951
93.6466867628321,187.2933735256642
67.17321261201862,134.34642522403723
80.45792673261776,160.91585346523553
73.96788545451986,147.93577090903972
76.6583935759813,153.3167871519626
89.7537339216885,179.507467843377
8.865880216043875,17.73176043208775
72.60769063073023,145.21538126146046
93.63260202309863,187.26520404619725
28.41847013224732,56.83694026449464
82.53319472533647,165.06638945067294
88.33987321813314,176.67974643626627
82.02703107729586,164.05406215459172
95.55813397243202,191.11626794486403
94.06215061000734,188.12430122001467
76.04160537117137,152.08321074234274
72.97966957985726,145.95933915971452
43.007232444109874,86.01446488821975
37.53088328466242,75.06176656932485
82.81082720285534,165.62165440571067
0.09119737634845082,0.18239475269690164
32.28631922810467,64.57263845620933
11.393260928399673,22.786521856799347
64.6760541253506,129.3521082507012
75.13923904878227,150.27847809756454
21.42665666507343,42.85331333014686
79.34119606209616,158.68239212419232
41.02149946485446,82.04299892970892
62.38669116514238,124.77338233028476
9.520886058571742,19.041772117143484
75.56467098724256,151.12934197448513
60.04617884655904,120.09235769311807
2.8480777931101264,5.696155586220253
45.72439108733782,91.44878217467564
24.41444937680839,48.82889875361678
92.1076389954548,184.2152779909096
37.43845495585276,74.87690991170552
80.7866033545655,161.573206709131
8.35744085874679,16.71488171749358
0.30312287879904476,0.6062457575980895
78.59381135442011,157.18762270884022
45.581102278350386,91.16220455670077
52.709256527123685,105.41851305424737
43.30171129486801,86.60342258973601
3.4299326424862,6.8598652849724
52.001102081683605,104.00220416336721
84.51964031746348,169.03928063492697
92.84821984270857,185.69643968541715
81.96339518951719,163.92679037903437
99.36162385611605,198.7232477122321
14.995687438273775,29.99137487654755
53.37379852036993,106.74759704073986
98.6427155299684,197.2854310599368
26.76312914718707,53.52625829437414
12.113574093636782,24.227148187273563
18.40519343054996,36.81038686109992
79.5319967095051,159.0639934190102
38.99386512185682,77.98773024371364
75.57380663520019,151.14761327040037
10.497811730858796,20.995623461717592
21.2528236922499,42.5056473844998
43.9963191292772,87.9926382585544
37.26462528600823,74.52925057201647
26.216701030490462,52.433402060980924
79.88379522531731,159.76759045063463
15.527972873328288,31.055945746656576
25.017334208822252,50.034668417644504
83.31118516140405,166.6223703228081
53.10012149826291,106.20024299652582
70.55760387097817,141.11520774195634
91.50435084871137,183.00870169742274
6.04498634217353,12.08997268434706
28.81830519623677,57.63661039247354
50.71993186259156,101.43986372518312
80.08941052956385,160.1788210591277
89.45308811184664,178.90617622369328
82.4750067868398,164.9500135736796
4.124867668225751,8.249735336451502
20.418966464473154,40.83793292894631
49.44729319969119,98.89458639938238
24.074247875721777,48.148495751443555
50.7635150398414,101.5270300796828
37.847866391113826,75.69573278222765
43.33067898705859,86.66135797411718
20.91762093155153,41.83524186310306
66.79784888772619,133.59569777545238
11.930161581680965,23.86032316336193
36.63846201680197,73.27692403360393
84.43516947841162,168.87033895682325
13.45863638804693,26.91727277609386
59.98048798446709,119.96097596893418
75.5918858157071,151.1837716314142
80.330563142537,160.661126285074
4.9489009558097425,9.897801911619485
1.5540266749105025,3.108053349821005
28.663938348507266,57.32787669701453
40.3847169018356,80.7694338036712
29.917407639658244,59.83481527931649
51.302471552511534,102.60494310502307
43.36301980515479,86.72603961030958
31.8812423699786,63.7624847399572
6.413831332600384,12.827662665200767
36.31195757539001,72.62391515078002
12.88065469672286,25.76130939344572
56.81929913842602,113.63859827685204
87.76807165356524,175.5361433071305
89.24453852833622,178.48907705667244
84.69540291002103,169.39080582004206
8.582973099484548,17.165946198969095
74.0141362001437,148.0282724002874
16.39224122533144,32.78448245066288
71.85662359147481,143.71324718294963
35.5823605396216,71.1647210792432
82.61853150547105,165.2370630109421
51.86869061285498,103.73738122570995
98.25516489951599,196.51032979903198
53.40486619255535,106.8097323851107
92.60653606742069,185.21307213484138
7.290534225369205,14.58106845073841
8.764506814222784,17.52901362844557
61.83118859111706,123.66237718223412
12.767665109526938,25.535330219053876
41.469146749051134,82.93829349810227
12.816759587253335,25.63351917450667
42.12250049938137,84.24500099876273
66.23327308582301,132.46654617164603
47.37603171292149,94.75206342584298
42.49460617836267,84.98921235672535
62.6573856476389,125.3147712952778
47.20916583404324,94.41833166808648
27.78957662925373,55.57915325850746
94.91290058428099,189.82580116856198
85.05518888431493,170.11037776862986
34.374163899320806,68.74832779864161
88.15935597621952,176.31871195243903
15.481593634217027,30.963187268434055
48.93000449737319,97.86000899474638
3.571008629720085,7.14201725944017
79.95435970219631,159.90871940439263
27.234497490555466,54.46899498111093
68.99083930831752,137.98167861663504
10.261862200853223,20.523724401706446
5.960644741608856,11.921289483217713
83.835752795805,167.67150559161
47.62751254902009,95.25502509804018
5.0545648805001,10.1091297610002
75.87118976628831,151.74237953257662
26.756368555010248,53.512737110020495
66.66800908152484,133.3360181630497
89.4305357641905,178.861071528381
62.75974130559497,125.51948261118994
67.73632878478304,135.47265756956608
4.882604896631371,9.765209793262741
59.64468867471574,119.28937734943148
96.56585849891368,193.13171699782737
23.952454563488367,47.90490912697673
53.25557720655768,106.51115441311536
66.94358604734562,133.88717209469124
96.25024491224154,192.50048982448308
51.997645601423294,103.99529120284659
64.03701958294839,128.07403916589678
52.169466920840534,104.33893384168107
76.52911326027393,153.05822652054786
83.46880048023819,166.93760096047637
73.60493804753929,147.20987609507858
62.82610191408972,125.65220382817944
27.926993821292857,55.853987642585714
30.84515850420687,61.69031700841374
98.30412706137714,196.6082541227543
58.084720940546106,116.16944188109221
94.8749076083926,189.7498152167852
37.108037882510494,74.21607576502099
5.547660199779935,11.09532039955987
20.85547692883557,41.71095385767114
35.64554880363345,71.2910976072669
71.72163173652697,143.44326347305395
64.24665729841279,128.49331459682557
28.4335529771915,56.867105954383
33.853056932836,67.706113865672
11.020034125686495,22.04006825137299
10.724606212633747,21.449212425267493
22.878500251091516,45.75700050218303
66.00232207275101,132.00464414550203
44.10035304213725,88.2007060842745
79.62403638646508,159.24807277293016
53.13092105688535,106.2618421137707
8.129500250992594,16.259000501985188
20.232334439061106,40.46466887812221
25.761744171186297,51.523488342372595
10.367862045357512,20.735724090715024
75.41535877691425,150.8307175538285
91.14110318218891,182.28220636437783
82.51686596533531,165.03373193067063
94.29870843481625,188.5974168696325
74.35164976337808,148.70329952675615
21.844048197284316,43.68809639456863
64.91510695477119,129.83021390954238
45.057948234592914,90.11589646918583
53.60850801309881,107.21701602619763
72.39662000882244,144.79324001764488
27.90790642051594,55.81581284103188
4.957070351330595,9.91414070266119
20.544195600560766,41.08839120112153
38.097863326492664,76.19572665298533
96.1180487293495,192.236097458699
89.5236110402053,179.0472220804106
72.31601136535978,144.63202273071957
84.32482237199756,168.6496447439951
99.89338481421964,199.7867696284393
19.479596698865276,38.95919339773055
11.968817783511787,23.937635567023573
78.6091506090422,157.2183012180844
26.274605551194085,52.54921110238817
7.694208049270268,15.388416098540535
35.09126942709505,70.1825388541901
41.869403448889244,83.73880689777849
12.353821626354177,24.707643252708355
99.29492355363809,198.58984710727617
34.07486600031891,68.14973200063783
85.89506372182912,171.79012744365824
17.812334889499237,35.624669778998474
25.337925832430606,50.67585166486121
44.42368357208893,88.84736714417787
55.32233934400418,110.64467868800836
60.18961501834208,120.37923003668416
78.66002981900009,157.32005963800017
65.48400506986066,130.96801013972131
38.84346124562532,77.68692249125064
45.741978474272706,91.48395694854541
24.321075069271735,48.64215013854347
84.88166222014839,169.76332444029677
5.381380363128773,10.762760726257547
18.53044237453023,37.06088474906046
3.3827788228941946,6.765557645788389
75.73969201565023,151.47938403130047
66.71862917342764,133.4372583468553
35.84866207085835,71.6973241417167
24.890576015994103,49.781152031988206
80.23385901339482,160.46771802678964
70.15150921798092,140.30301843596183
51.670676432041354,103.34135286408271
12.427799458291943,24.855598916583887
26.426321542571284,52.85264308514257
31.282141205612724,62.56428241122545
8.284593788640226,16.569187577280452
32.0683312917894,64.1366625835788
1.3259690278276337,2.6519380556552674
46.52415920412744,93.04831840825489
45.81614186257676,91.63228372515351
13.585378624127886,27.17075724825577
78.51990745069683,157.03981490139367
7.77579468002072,15.55158936004144
28.81761143781044,57.63522287562088
34.781605399943174,69.56321079988635
46.047787758294014,92.09557551658803
36.46174988602483,72.92349977204967
90.00587015923571,180.01174031847142
76.7027283751083,153.4054567502166
96.41631083250692,192.83262166501385
38.27629939304291,76.55259878608582
7.922630959069032,15.845261918138064
92.25420038205398,184.50840076410796
1.0811308233280137,2.1622616466560274
96.95136474171973,193.90272948343946
49.33769429811649,98.67538859623298
18.22713455788334,36.45426911576668
32.10498965660846,64.20997931321692
4.580684169586712,9.161368339173425
95.80876947117574,191.61753894235147
90.07099579211688,180.14199158423375
43.85917888866372,87.71835777732744
84.63695293035215,169.2739058607043
99.68336836684345,199.3667367336869
62.809688913500004,125.61937782700001
43.16903803832689,86.33807607665378
42.30487769839062,84.60975539678124
9.131832497101477,18.263664994202955
17.232714662092775,34.46542932418555
46.7347051826202,93.4694103652404
0.8094788101194461,1.6189576202388922
82.73076304276104,165.46152608552208
55.721568665473086,111.44313733094617
48.910626217490204,97.82125243498041
68.51645779451069,137.03291558902137
69.86175706905289,139.72351413810577
2.8758349325112564,5.751669865022513
17.999428859690724,35.99885771938145
99.47622651398265,198.9524530279653
52.41419311061244,104.82838622122487
83.97423076556395,167.9484615311279
72.52567341511086,145.05134683022172
23.086347092107662,46.172694184215324
72.23424469313076,144.46848938626152
96.20098459584247,192.40196919168494
86.65198508045563,173.30397016091126
9.733818337497159,19.467636674994317
1.7281296011033453,3.4562592022066907
16.67268643440559,33.34537286881118
99.85233781021903,199.70467562043805
90.50392128367723,181.00784256735446
56.30860895089699,112.61721790179398
29.262306992467824,58.52461398493565
49.65592365313339,99.31184730626678
71.03273730487192,142.06547460974383
32.58128978143311,65.16257956286621
30.143728130960568,60.287456261921136
54.16778360111558,108.33556720223116
95.24772414924918,190.49544829849836
10.083409129936049,20.166818259872098
88.40104994099211,176.80209988198422
40.603339056949906,81.20667811389981
64.26761931639285,128.5352386327857
23.815047001144883,47.630094002289766
0.4270032360588538,0.8540064721177076
30.39241815950504,60.78483631901008
46.380441371399804,92.76088274279961
67.62930836564063,135.25861673128125
59.54122666383685,119.0824533276737
87.9537938265259,175.9075876530518
17.577296496809723,35.154592993619445
69.2662919382402,138.5325838764804
29.466993715649224,58.93398743129845
98.16543380498402,196.33086760996804
90.76360469004524,181.52720938009048
31.367709234456598,62.735418468913196
57.01365164217302,114.02730328434605
20.08825572314924,40.17651144629848
79.625742166656,159.251484333312
47.02199524053281,94.04399048106562
78.36617680931614,156.7323536186323
75.30806780196176,150.6161356039235
74.38527348225128,148.77054696450256
32.00936417599546,64.01872835199092
29.801519770514318,59.603039541028636
66.14465890483652,132.28931780967304
83.64941838404046,167.29883676808092
2.8934188448003773,5.7868376896007545
69.32099175473894,138.64198350947788
18.87352564453074,37.74705128906148
18.565427019458703,37.130854038917406
9.354283440396083,18.708566880792166
3.833891997766925,7.66778399553385
6.78083357191448,13.56166714382896
94.95028764275453,189.90057528550906
88.72604128518459,177.45208257036919
67.01808177956077,134.03616355912155
95.69772723552589,191.39545447105178
13.076706051746745,26.15341210349349
68.59700183619105,137.1940036723821
48.3746488551253,96.7492977102506
38.89030297654558,77.78060595309115
27.053783130904996,54.10756626180999
60.58413062767944,121.16826125535889
75.22604347938005,150.4520869587601
45.701524022964726,91.40304804592945
13.234526383650246,26.469052767300493
59.98351596440046,119.96703192880092
55.41669417875538,110.83338835751076
46.09379503845372,92.18759007690744
90.92481080113772,181.84962160227545
45.320203804127765,90.64040760825553
0.02581317626928481,0.05162635253856962
73.37103429238445,146.7420685847689
83.24445938655144,166.48891877310288
23.765626033987097,47.531252067974194
3.2587689291404764,6.517537858280953
43.29273992322643,86.58547984645286
39.30587536062989,78.61175072125978
65.75320565734876,131.50641131469752
16.775453988371748,33.550907976743495
66.00254229272095,132.0050845854419
87.51801337374228,175.03602674748456
54.29265802448264,108.58531604896528
60.32276802687292,120.64553605374584
61.947630643996746,123.89526128799349
62.97521564490922,125.95043128981844
73.78127942096204,147.56255884192407
12.553366043786497,25.106732087572993
22.32254703163705,44.6450940632741
32.00449274987738,64.00898549975476
24.07051007959693,48.14102015919386
64.5035050486833,129.0070100973666
28.769683137823133,57.539366275646266
19.03968040272619,38.07936080545238
85.16625385399918,170.33250770799836
50.72736122798725,101.4547224559745
59.71470049768291,119.42940099536582
17.496944595838126,34.99388919167625
6.3913378175689095,12.782675635137819
89.61162889525994,179.22325779051988
95.41967349465865,190.8393469893173
31.43841921863828,62.87683843727656
34.25784417937175,68.5156883587435
35.314597673536205,70.62919534707241
36.42639267736995,72.8527853547399
76.19324324265246,152.3864864853049
67.34561339092186,134.6912267818437
56.41399765410493,112.82799530820986
20.19104066894043,40.38208133788086
61.8278535370862,123.6557070741724
1.453080255741368,2.906160511482736
23.293561599332236,46.58712319866447
48.395609721421174,96.79121944284235
17.866255830137888,35.732511660275776
10.180301249428336,20.36060249885667
31.823104362984623,63.646208725969245
8.080766992531707,16.161533985063414
32.377842911629614,64.75568582325923
31.01328299780055,62.0265659956011
25.864315637810286,51.72863127562057
44.57092074816813,89.14184149633626
32.62441172804723,65.24882345609446
5.822138395457421,11.644276790914843
6.2223292173814055,12.444658434762811
41.3959465797642,82.7918931595284
15.727200136487006,31.454400272974013
13.74333228749135,27.4866645749827
85.70868994210905,171.4173798842181
97.38702628492305,194.7740525698461
60.45651222383166,120.91302444766332
78.56482141633762,157.12964283267524
22.89012201346544,45.78024402693088
99.71866636991516,199.4373327398303
79.36147669026981,158.72295338053962
53.177977235789854,106.35595447157971
28.722843730763703,57.445687461527406
57.03465468848358,114.06930937696715
85.2172487320305,170.434497464061
8.651190780663187,17.302381561326374
90.31079932790692,180.62159865581384
18.12128492324905,36.2425698464981
41.79195590790171,83.58391181580342
16.00780507309555,32.0156101461911
80.18771274842096,160.37542549684193
1.800466057237038,3.600932114474076
9.365963366039942,18.731926732079884
25.50725965308127,51.01451930616254
85.04080606109432,170.08161212218863
2.5943631521501254,5.188726304300251
42.10463822964091,84.20927645928182
62.8481194761054,125.6962389522108
28.441799439456695,56.88359887891339
41.408468641996286,82.81693728399257
11.845872081320973,23.691744162641946
40.90241701369165,81.8048340273833
50.4338383027882,100.8676766055764
70.04083623740188,140.08167247480375
97.738300945397,195.476601890794
83.27606304113488,166.55212608226975
87.80422779290664,175.6084555858133
80.05433592317846,160.1086718463569
64.79136015041107,129.58272030082213
87.53599434334575,175.0719886866915
57.039078265883404,114.07815653176681
41.3725732347215,82.745146469443
7.376738330226651,14.753476660453302
6.200992447758724,12.401984895517447
84.58809380725066,169.17618761450132
31.257600872135505,62.51520174427101
20.393609609324436,40.78721921864887
41.195079951397084,82.39015990279417
64.89522190168125,129.7904438033625
24.01008470651007,48.02016941302014
12.938999309106746,25.877998618213493
59.7172865684514,119.4345731369028
58.02042029185167,116.04084058370334
76.7945750673711,153.5891501347422
64.58182330947682,129.16364661895363
63.528024605257315,127.05604921051463
95.37937837132694,190.75875674265387
10.636304915537199,21.272609831074398
64.42447403495373,128.84894806990746
11.72032196242261,23.44064392484522
10.429819503021198,20.859639006042396
17.40722165184775,34.8144433036955
56.202542244321904,112.40508448864381
90.00613189482334,180.01226378964668
90.82491434755126,181.6498286951025
45.67772980373458,91.35545960746916
60.07326205207677,120.14652410415354
85.47237479893533,170.94474959787067
43.474578609610994,86.94915721922199
19.993585959369973,39.987171918739946
1.1201424277385352,2.2402848554770705
26.77772466432402,53.55544932864804
78.18775285698224,156.3755057139645
69.6772611178007,139.3545222356014
74.00262147360486,148.00524294720972
17.736960918917998,35.473921837835995
47.71104972139699,95.42209944279398
60.01455789042467,120.02911578084934
60.67755403825458,121.35510807650915
77.90229990201823,155.80459980403646
84.19647540911942,168.39295081823883
55.35937968641856,110.71875937283713
52.64839817337595,105.2967963467519
32.11974275048581,64.23948550097163
55.31290893100772,110.62581786201544
34.10071563488387,68.20143126976774
85.39718464597233,170.79436929194466
70.87582541847057,141.75165083694114
14.41626441065692,28.83252882131384
8.037108175581198,16.074216351162395
21.395906821285614,42.79181364257123
44.384406494135696,88.76881298827139
48.660816830102284,97.32163366020457
64.0309296580212,128.0618593160424
5.1938323797925845,10.387664759585169
7.247135295106821,14.494270590213642
76.31985500658354,152.63971001316708
31.971825741211568,63.943651482423135
52.47824845831236,104.95649691662472
51.45650560482022,102.91301120964044
16.280312713299427,32.560625426598854
60.24736982779615,120.4947396555923
44.13045069911534,88.26090139823069
91.86854771712667,183.73709543425335
0.1069521998828038,0.2139043997656076
74.09946905556573,148.19893811113147
60.788663520107264,121.57732704021453
40.36904544484648,80.73809088969296
7.454919360048329,14.909838720096658
83.93078030429612,167.86156060859224
76.01299632534663,152.02599265069327
42.038724870814306,84.07744974162861
36.127264872093356,72.25452974418671
77.94203008510496,155.88406017020992
53.826796075101115,107.65359215020223
67.79854935429255,135.5970987085851
86.76024086436584,173.52048172873168
28.487363791430553,56.97472758286111
87.96813066726266,175.9362613345253
72.39980350792162,144.79960701584324
46.33599841475557,92.67199682951114
52.13686259113355,104.2737251822671
36.047956761173694,72.09591352234739
28.34748836522093,56.69497673044186
79.7551645332732,159.5103290665464
57.01579264580552,114.03158529161104
69.30819671668003,138.61639343336006
56.671366995550585,113.34273399110117
22.005859639896297,44.011719279792594
16.465057005852714,32.93011401170543
26.805138870684942,53.610277741369885
54.44218456269289,108.88436912538577
86.60436198349647,173.20872396699295
5.497431601823899,10.994863203647798
77.98624084736451,155.97248169472903
77.82797007808846,155.6559401561769
22.965179325777495,45.93035865155499
21.239634575040135,42.47926915008027
85.95077897564406,171.9015579512881
87.08458831246746,174.16917662493492
47.215015763892254,94.43003152778451
21.0192307298844,42.0384614597688
4.299923155502761,8.599846311005521
83.21713942042653,166.43427884085307
78.42795594972793,156.85591189945586
80.89164370984604,161.78328741969207
93.43396821113701,186.86793642227403
98.8225119461692,197.6450238923384
32.93877965552954,65.87755931105907
96.09690511168859,192.19381022337717
95.34809127742822,190.69618255485645
12.602481978171664,25.204963956343327
2.6966118457161126,5.393223691432225
78.53133721944884,157.0626744388977
70.8420177046037,141.6840354092074
22.16275456207932,44.32550912415864
44.71605518310887,89.43211036621774
70.29181033448772,140.58362066897544
81.70044832960964,163.40089665921928
0.6344263153693186,1.2688526307386372
78.17478078259794,156.34956156519587
29.444979068931776,58.88995813786355
99.06676062136988,198.13352124273976
52.71223738974615,105.4244747794923
25.216351349220478,50.432702698440956
41.760272530141386,83.52054506028277
29.626791719419998,59.253583438839996
69.29602435163757,138.59204870327514
86.12541431412902,172.25082862825803
95.03511736916158,190.07023473832317
23.770135489381328,47.540270978762656
63.169743073250885,126.33948614650177
17.40348960014164,34.80697920028328
25.608074914820232,51.216149829640464
77.3349815408839,154.6699630817678
65.46766178062026,130.93532356124052
7.352847845629595,14.70569569125919
85.91517283423691,171.83034566847383
20.282605584708957,40.565211169417914
46.34271326264627,92.68542652529254
86.77405110950114,173.5481022190023
41.50690694992471,83.01381389984942
14.55394486170174,29.10788972340348
13.322074724060828,26.644149448121656
21.638029610514977,43.27605922102995
87.54809828962335,175.0961965792467
7.267319191126232,14.534638382252464
57.44495833488037,114.88991666976074
15.255994318443356,30.511988636886713
99.51759900787903,199.03519801575806
13.963532565217228,27.927065130434457
6.215120832145693,12.430241664291387
94.60152537111992,189.20305074223984
48.35524537283974,96.71049074567948
95.31750624922294,190.6350124984459
46.8794979808623,93.7589959617246
91.24408427189907,182.48816854379814
61.534716221136144,123.06943244227229
91.66468041221229,183.32936082442458
70.9661845934613,141.9323691869226
11.621460691928275,23.24292138385655
47.69671861402247,95.39343722804495
46.02144936469151,92.04289872938303
3.6081687088413195,7.216337417682639
42.68812150617916,85.37624301235832
66.92192028756904,133.84384057513807
43.812667980160334,87.62533596032067
19.92529735839671,39.85059471679342
86.39586372907702,172.79172745815404
0.799617962035748,1.599235924071496
83.0089964847004,166.0179929694008
80.51836010906152,161.03672021812304
0.5627374754491377,1.1254749508982753
15.044942240261216,30.089884480522432
66.70540623969714,133.41081247939428
67.32528377652824,134.65056755305648
82.46557173865504,164.9311434773101
81.22356019998335,162.4471203999667
34.18138806031564,68.36277612063128
51.73567276090834,103.47134552181669
16.72742735267252,33.45485470534504
54.99850889100494,109.99701778200988
75.62849547077347,151.25699094154695
15.3450091134264,30.6900182268528
76.43544262788052,152.87088525576104
6.403915286289596,12.807830572579192
44.20609192245249,88.41218384490497
69.4857452209389,138.9714904418778
46.88895461466706,93.77790922933411
33.571805525706644,67.14361105141329
58.12537330560586,116.25074661121172
30.683732640915352,61.367465281830704
39.98719580594853,79.97439161189706
64.06840591957844,128.13681183915688
9.116879100855824,18.233758201711648
43.428931899230605,86.85786379846121
1.8361990274861517,3.6723980549723034
51.220898404141,102.441796808282
45.254789549532916,90.50957909906583
46.18289255658296,92.36578511316593
57.49242770053288,114.98485540106576
95.54535147607702,191.09070295215403
94.89693296969318,189.79386593938636
76.24165718460112,152.48331436920225
11.755218650665755,23.51043730133151
79.83714440698006,159.67428881396012
46.3028879707271,92.6057759414542
83.09374585744634,166.18749171489267
38.076241584510264,76.15248316902053
11.59542095090944,23.19084190181888
64.47607856378414,128.95215712756828
23.102494875411807,46.204989750823614
68.9479167584926,137.8958335169852
67.1715413860056,134.3430827720112
0.559564440143967,1.119128880287934
31.718975798893577,63.437951597787155
68.03190677770664,136.06381355541328
48.85037357308646,97.70074714617292
18.356195018180223,36.712390036360446
22.441878456352214,44.88375691270443
96.81474928091255,193.6294985618251
61.52045856212962,123.04091712425924
12.868771271976186,25.737542543952372
46.45776953968229,92.91553907936458
1.1321085887094129,2.2642171774188258
39.22615574799762,78.45231149599525
14.678129436356047,29.356258872712093
29.507484851536326,59.01496970307265
36.92429622103348,73.84859244206696
48.184760753861624,96.36952150772325
8.830905778508768,17.661811557017536
14.272485137667134,28.54497027533427
43.907308269935996,87.81461653987199
86.67725344863166,173.35450689726332
2.650054678654312,5.300109357308624
17.58511166691936,35.17022333383872
8.756504930665255,17.51300986133051
5.333489335677655,10.66697867135531
45.1007946564265,90.201589312853
56.86526600494659,113.73053200989318
70.28434647095963,140.56869294191927
74.72753440702982,149.45506881405964
61.61103214434719,123.22206428869438
91.33816698740026,182.6763339748005
55.34735430961353,110.69470861922706
37.1612006028327,74.3224012056654
7.647700814253966,15.295401628507932
60.04544816341715,120.0908963268343
33.85522924878009,67.71045849756018
73.02798953384404,146.05597906768807
37.462002348006806,74.92400469601361
52.33894065122211,104.67788130244422
98.40368204938397,196.80736409876795
36.939088289783804,73.87817657956761
63.533108582508,127.066217165016
57.24018489018562,114.48036978037123
89.5667236765128,179.1334473530256
85.50145941622925,171.0029188324585
85.23900610570487,170.47801221140975
52.944147777507624,105.88829555501525
43.575221196955425,87.15044239391085
69.4544600546943,138.9089201093886
87.9271369932375,175.854273986475
60.26390452278929,120.52780904557858
66.41534716825262,132.83069433650525
54.78503517297639,109.57007034595279
70.89558396371989,141.79116792743977
55.31606458513679,110.63212917027359
97.89219983127305,195.7843996625461
8.395793969363307,16.791587938726614
40.73906417126159,81.47812834252318
22.7439050690207,45.4878101380414
53.44619881158913,106.89239762317825
51.2500334975052,102.5000669950104
17.386724846212644,34.77344969242529
31.426515513243647,62.853031026487294
12.04366132164102,24.08732264328204
15.499740983180764,30.99948196636153
53.1491030020836,106.2982060041672
73.05653781673075,146.1130756334615
85.89119717692834,171.7823943538567
27.149198063882963,54.298396127765926
26.768771189100203,53.537542378200406
6.8366441010600525,13.673288202120105
21.62724991680751,43.25449983361502
49.78062038225676,99.56124076451351
93.2351793838588,186.4703587677176
23.571932822969732,47.143865645939464
12.103535516342923,24.207071032685846
29.0675564795125,58.135112959025
92.59265722758802,185.18531445517604
79.06789803570541,158.13579607141082
30.913913423158846,61.82782684631769
33.48534961030798,66.97069922061596
36.70710237314771,73.41420474629543
55.171941431588664,110.34388286317733
41.48413715898561,82.96827431797122
46.24913479282775,92.4982695856555
38.891836294189496,77.78367258837899
93.83362625930177,187.66725251860353
98.3720160702244,196.7440321404488
38.476976235602756,76.95395247120551
69.39673020812799,138.79346041625598
54.03086522491609,108.06173044983218
89.67260790726483,179.34521581452967
14.748971284821133,29.497942569642266
47.51776951119729,95.03553902239457
16.12795514755949,32.25591029511898
10.365253280632503,20.730506561265006
83.38366475053476,166.76732950106953
98.78474167401093,197.56948334802186
90.52317886816084,181.04635773632168
38.80381156719803,77.60762313439606
20.37786964988708,40.75573929977416
60.54411325479235,121.0882265095847
83.15712007172482,166.31424014344964
31.58286071267846,63.16572142535692
9.107298471636637,18.214596943273275
29.20177778080747,58.40355556161494
4.157102966483128,8.314205932966257
10.128431041719644,20.256862083439287
37.72354998126121,75.44709996252242
60.36715123503896,120.73430247007792
74.3750788586783,148.7501577173566
39.0347795619334,78.0695591238668
2.9382026022453434,5.876405204490687
46.704271553059684,93.40854310611937
32.109864101542016,64.21972820308403
63.90261574738773,127.80523149477546
44.81310541245731,89.62621082491462
3.111020887499927,6.222041774999854
9.635591473635818,19.271182947271637
36.227589809337765,72.45517961867553
69.8301760051529,139.6603520103058
70.88113798435033,141.76227596870066
49.9296921172345,99.859384234469
5.854335034018199,11.708670068036398
65.13619014383535,130.2723802876707
79.60659923205593,159.21319846411185
91.87340168933885,183.7468033786777
22.735211036434556,45.47042207286911
1.123034743437179,2.246069486874358
88.68104827469834,177.36209654939668
82.53418130201241,165.06836260402483
47.22393813079431,94.44787626158862
84.62404327422081,169.24808654844162
38.62949382747396,77.25898765494792
68.50941717765329,137.01883435530658
34.67658957616959,69.35317915233918
52.22051264382136,104.44102528764272
84.4446244910533,168.8892489821066
41.458876233772415,82.91775246754483
12.601885603244789,25.203771206489577
55.71883002807533,111.43766005615066
22.149232744963566,44.29846548992713
64.64847871267446,129.29695742534892
59.33091363615336,118.66182727230672
60.46693726001007,120.93387452002014
52.27122626970287,104.54245253940574
5.881810292213919,11.763620584427837
29.100815679187686,58.20163135837537
42.422728713445515,84.84545742689103
16.80837565138591,33.61675130277182
66.49263304196194,132.98526608392388
93.37542666654741,186.75085333309482
47.99931823558302,95.99863647116604
81.52912506868999,163.05825013737999
56.6045893207111,113.2091786414222
95.53892097298696,191.07784194597392
1.647166821502788,3.294333643005576
55.231485279057914,110.46297055811583
90.39258083539772,180.78516167079545
0.6057985377447506,1.2115970754895011
61.422601933466616,122.84520386693323
31.2175274787476,62.4350549574952
28.86655351482753,57.73310702965506
74.39506515241366,148.79013030482733
69.85553970584587,139.71107941169174
42.468156100334085,84.93631220066817
39.47889257710004,78.95778515420008
25.764674768161633,51.52934953632327
32.76505102149358,65.53010204298717
88.41753911882348,176.83507823764697
43.85694417913923,87.71388835827845
45.583503495300484,91.16700699060097
71.39279674865749,142.78559349731498
66.640745252425,133.28149050485
56.1454492909087,112.2908985818174
17.660948378740805,35.32189675748161
96.46644299497017,192.93288598994033
73.9483661029752,147.8967322059504
68.12651716440779,136.25303432881557
35.221090419885336,70.44218083977067
17.6147511844455,35.229502368891
82.72548287899176,165.4509657579835
39.20162051028386,78.40324102056772
76.99790426094387,153.99580852188774
39.50195045457552,79.00390090915104
96.5959192779851,193.1918385559702
70.67019578496809,141.34039156993617
98.4240781509841,196.8481563019682
32.50090286584282,65.00180573168564
43.79179728071239,87.58359456142477
16.84602369613969,33.69204739227938
31.287346152537133,62.574692305074265
31.827881079076715,63.65576215815343
51.01018156996409,102.02036313992818
91.22858841517554,182.45717683035107
99.62845062695558,199.25690125391117
28.753078258049904,57.50615651609981
24.203692717423287,48.407385434846574
37.842444148735176,75.68488829747035
13.727482534663672,27.454965069327343
86.16387066753775,172.3277413350755
27.54679806634841,55.09359613269682
57.69660287047876,115.39320574095753
69.6561289356755,139.312257871351
14.245909025906888,28.491818051813777
64.17586133286977,128.35172266573954
10.719786444404678,21.439572888809355
97.31236045103773,194.62472090207547
70.92484348048295,141.8496869609659
34.487898216724965,68.97579643344993
0.8262889611321156,1.6525779222642312
93.26213584488714,186.52427168977428
15.185319984429002,30.370639968858004
91.7432241586873,183.4864483173746
69.53552345945744,139.07104691891487
77.49214771555215,154.9842954311043
70.40787667475215,140.8157533495043
42.37494214881843,84.74988429763685
12.355482113485472,24.710964226970944
79.30028787106292,158.60057574212584
90.78130801623911,181.56261603247822
29.72237063286186,59.44474126572372
25.170039686207247,50.34007937241449
42.383898001448316,84.76779600289663
40.58619372692581,81.17238745385163
87.59999454897729,175.19998909795459
91.9007228311891,183.8014456623782
37.30474858054591,74.60949716109182
46.5378550359821,93.0757100719642
45.8133898553899,91.6267797107798
37.4507076436978,74.9014152873956
97.26214350317389,194.52428700634778
58.03296026610254,116.06592053220508
70.17077910506416,140.3415582101283
36.17676754460524,72.35353508921048
33.819529426754926,67.63905885350985
1.6476683931469949,3.2953367862939897
87.28518186123692,174.57036372247384
10.329074167519503,20.658148335039005
59.533300181016514,119.06660036203303
43.601295325631696,87.20259065126339
38.334172607792695,76.66834521558539
95.25818747966791,190.51637495933582
12.259070299692333,24.518140599384665
36.8008187652379,73.6016375304758
90.55005973097715,181.1001194619543
88.59278271715034,177.18556543430068
30.78646847611928,61.57293695223856
71.81320145737055,143.6264029147411
8.371913899143646,16.743827798287292
66.08555414447291,132.17110828894582
34.6245533817194,69.2491067634388
70.83659385659169,141.67318771318338
49.03485235384265,98.0697047076853
60.950284564946166,121.90056912989233
81.79227272359236,163.58454544718472
89.35400899218875,178.7080179843775
37.94636931740063,75.89273863480126
6.752068031656854,13.504136063313709
91.1989898841441,182.3979797682882
5.122624121018582,10.245248242037164
26.229875997327255,52.45975199465451
50.63864947341039,101.27729894682078
87.91048376085378,175.82096752170756
0.0217026642476581,0.0434053284953162
8.976714835454281,17.953429670908562
85.05056270694695,170.1011254138939
7.557419715145053,15.114839430290106
73.05198104524419,146.10396209048838
6.686785424633557,13.373570849267114
2.701791153398281,5.403582306796562
8.972378559667138,17.944757119334277
69.08509423258295,138.1701884651659
40.36658245347907,80.73316490695814
68.92955536866661,137.85911073733322
32.01653007961216,64.03306015922432
81.5437275887675,163.087455177535
92.22844141071576,184.45688282143152
67.3044985467655,134.608997093531
18.411604774715407,36.823209549430814
20.712110585109333,41.424221170218665
95.81778870283075,191.6355774056615
45.85959970243641,91.71919940487282
77.3447409756569,154.6894819513138
81.62742885737747,163.25485771475493
83.37479101624386,166.74958203248772
49.64864532393409,99.29729064786818
81.83148347578827,163.66296695157655
65.65573398361084,131.3114679672217
66.95898584706794,133.91797169413587
93.48171135439243,186.96342270878486
34.35609108851363,68.71218217702726
9.485623128451614,18.97124625690323
12.976764076975433,25.953528153950867
79.24143356537431,158.48286713074862
67.69170118283047,135.38340236566094
23.360352608508705,46.72070521701741
7.201325153753579,14.402650307507159
62.324078016704966,124.64815603340993
95.75558517721238,191.51117035442476
72.7907852685759,145.5815705371518
57.88760847164729,115.77521694329458
99.5264158730852,199.0528317461704
73.46993831089867,146.93987662179734
67.07030361609189,134.14060723218378
54.04414393112135,108.0882878622427
0.8317601205541036,1.6635202411082073
80.51273645741549,161.02547291483097
2.952031666544841,5.904063333089682
25.024040957666926,50.04808191533385
20.918290127587934,41.83658025517587
62.62489062475518,125.24978124951036
84.61168101894764,169.22336203789527
33.639699561221505,67.27939912244301
22.64749484778146,45.29498969556292
85.51744850233231,171.03489700466463
30.732697126658326,61.46539425331665
26.17114956280009,52.34229912560018
22.98941869234796,45.97883738469592
93.56085854524522,187.12171709049045
3.3403864202123823,6.680772840424765
28.254492111302675,56.50898422260535
81.68248257491335,163.3649651498267
53.89418251528908,107.78836503057816
60.38252499059702,120.76504998119404
69.69376379561038,139.38752759122076
4.080634108628822,8.161268217257645
69.12879441370364,138.2575888274073
42.43505736317715,84.8701147263543
54.73528984355759,109.47057968711518
46.92899304111641,93.85798608223281
42.87139145713233,85.74278291426467
15.494396316018943,30.988792632037885
23.273699111047442,46.547398222094884
93.20613807944224,186.41227615888448
69.6298840541773,139.2597681083546
73.393474155177,146.786948310354
3.754798284671945,7.50959656934389
25.13405245780772,50.26810491561544
74.05568010617954,148.11136021235907
90.34476807611026,180.6895361522205
49.18691218480339,98.37382436960678
73.35796257404242,146.71592514808484
87.32871744051586,174.65743488103172
18.96431027919271,37.92862055838542
57.99994904077516,115.99989808155031
1.6418429847705807,3.2836859695411613
35.4656623453298,70.9313246906596
27.22603823870322,54.45207647740644
17.331565005435458,34.663130010870915
44.551927975023496,89.10385595004699
85.51204003492977,171.02408006985954
86.79185898134774,173.5837179626955
63.57205384371778,127.14410768743556
78.55226030717661,157.10452061435322
48.67229514326874,97.34459028653748
32.09959368698308,64.19918737396615
17.42658170438731,34.85316340877462
79.58327153176262,159.16654306352524
49.59904848509219,99.19809697018438
39.638297394519505,79.27659478903901
89.24629938032125,178.4925987606425
0.23859426259433825,0.4771885251886765
96.15253931762136,192.30507863524272
79.31847224488749,158.63694448977498
32.2110647171659,64.4221294343318
2.0542360186076247,4.1084720372152495
18.201400293608128,36.402800587216255
74.88554658730358,149.77109317460716
62.343147361543494,124.68629472308699
15.292110675945958,30.584221351891916
6.791498638726312,13.582997277452623
67.6103339079777,135.2206678159554
67.95715134371946,135.91430268743892
86.13191048606812,172.26382097213624
94.75690857618075,189.5138171523615
79.6520514275855,159.304102855171
38.138529486295006,76.27705897259001
54.43128438693886,108.86256877387773
27.202965338420192,54.405930676840384
43.07976995823771,86.15953991647542
64.91475250426696,129.8295050085339
27.289909194907548,54.579818389815095
26.111594868918186,52.22318973783637
1.604644255412313,3.209288510824626
84.41699510411716,168.83399020823433
75.56295808175068,151.12591616350136
65.1765549860605,130.353109972121
86.84793375728947,173.69586751457894
46.780569940147984,93.56113988029597
50.85213759544314,101.70427519088628
25.1854193553548,50.3708387107096
59.093982215972964,118.18796443194593
15.019824704194173,30.039649408388346
99.17118790544679,198.34237581089357
90.34542711245159,180.69085422490318
11.468167941268547,22.936335882537094
53.77793419497737,107.55586838995474
57.99649143246479,115.99298286492959
10.66325297493047,21.32650594986094
63.966591701435625,127.93318340287125
51.604474857958806,103.20894971591761
46.20866760101231,92.41733520202462
44.00885123010667,88.01770246021334
77.15481430003383,154.30962860006767
32.11579075428944,64.23158150857888
29.874382190163907,59.74876438032781
84.4137867521192,168.8275735042384
24.425404342965706,48.85080868593141
40.091744588314235,80.18348917662847
72.04530510340268,144.09061020680537
43.40720916511712,86.81441833023425
96.5927171972158,193.1854343944316
59.665082998251016,119.33016599650203
65.4496383108372,130.8992766216744
52.57954096779409,105.15908193558818
67.66289341752412,135.32578683504823
57.53957301239987,115.07914602479974
92.76687750218166,185.53375500436331
77.83436562487928,155.66873124975857
26.81702933028497,53.63405866056994
40.88360322105665,81.7672064421133
80.87242899908111,161.74485799816222
65.00271230518985,130.0054246103797
82.16532117616332,164.33064235232663
52.52798195447757,105.05596390895514
87.36032984242958,174.72065968485916
86.0137819806404,172.0275639612808
69.56698798965945,139.1339759793189
70.39506198679078,140.79012397358156
99.24172827322948,198.48345654645897
67.17556144701511,134.35112289403023
68.43753216277845,136.8750643255569
24.08959216678175,48.1791843335635
94.66123351656786,189.32246703313572
68.55368400888854,137.10736801777708
39.588610133956195,79.17722026791239
44.95855482512228,89.91710965024456
97.4868879442304,194.9737758884608
52.79054218090119,105.58108436180238
94.06403727699991,188.12807455399982
8.55364315044297,17.10728630088594
94.34287207063899,188.68574414127798
97.048909211483,194.097818422966
1.936838116462547,3.873676232925094
67.33112884030564,134.66225768061128
57.865979318803404,115.73195863760681
35.69773713562139,71.39547427124278
97.25317841655527,194.50635683311054
6.514303835929692,13.028607671859383
34.43672905174818,68.87345810349636
31.251599520655127,62.50319904131025
64.3722222893964,128.7444445787928
53.53195745540328,107.06391491080656
81.97303611555743,163.94607223111487
87.28059784345078,174.56119568690156
21.598735904571885,43.19747180914377
67.45581610161105,134.9116322032221
66.6223253072415,133.244650614483
50.375589738856974,100.75117947771395
14.918718110917084,29.837436221834167
89.74076239756481,179.48152479512962
95.80475951157902,191.60951902315804
67.40934378812543,134.81868757625085
17.018038921685154,34.03607784337031
27.300671352201178,54.601342704402356
42.09708946785565,84.1941789357113
12.951698986967852,25.903397973935704
37.74822615592135,75.4964523118427
21.82337017192436,43.64674034384872
17.074229682057673,34.14845936411535
5.312299301693213,10.624598603386426
43.36681327197539,86.73362654395078
91.22025836473682,182.44051672947364
60.34856796816113,120.69713593632225
55.347453642208954,110.69490728441791
27.80196140680735,55.6039228136147
50.34806770898454,100.69613541796907
37.12500857249306,74.25001714498612
67.19263916084522,134.38527832169044
17.015621652311353,34.031243304622706
37.29634255320067,74.59268510640133
69.88981616379556,139.77963232759112
95.77869605385348,191.55739210770696
53.80027988217768,107.60055976435537
34.218987871750606,68.43797574350121
6.401136937752083,12.802273875504167
56.002158998551465,112.00431799710293
36.63516404948669,73.27032809897338
39.47769418310851,78.95538836621702
66.4095375325308,132.8190750650616
52.20088934550509,104.40177869101018
60.761315694842544,121.52263138968509
97.5094076634257,195.0188153268514
43.88551276578458,87.77102553156917
26.056044214790177,52.11208842958035
15.486896145039742,30.973792290079484
98.91167406509955,197.8233481301991
83.12790761199378,166.25581522398755
73.46637251769033,146.93274503538066
8.038555299181594,16.077110598363188
46.97624102577708,93.95248205155416
17.631628400382137,35.263256800764275
1.9231956080614898,3.8463912161229796
29.686553168747444,59.37310633749489
58.13854127985329,116.27708255970659
78.61040223256833,157.22080446513667
68.84681072948446,137.69362145896892
86.74592205236192,173.49184410472384
86.0661951425752,172.1323902851504
40.233066271542974,80.46613254308595
94.60075398928012,189.20150797856024
74.4810539888449,148.9621079776898
19.199746876261237,38.399493752522474
70.23960714189815,140.4792142837963
59.94594395189182,119.89188790378364
46.69379548839861,93.38759097679721
87.97681320209036,175.9536264041807
71.4616520385088,142.9233040770176
70.22063090015071,140.44126180030142
0.6403845924210061,1.2807691848420122
41.037926935834356,82.07585387166871
28.674725201920324,57.34945040384065
69.67369515018935,139.3473903003787
76.7872831982107,153.5745663964214
9.607150040216151,19.214300080432302
62.82117263223712,125.64234526447424
80.4254752396289,160.8509504792578
33.92618253557044,67.85236507114088
83.62936187372995,167.2587237474599
52.83658673816751,105.67317347633502
75.0197877381821,150.0395754763642
94.55578412283054,189.1115682456611
61.062529361312265,122.12505872262453
2.459800952322,4.919601904644
89.9864962433553,179.9729924867106
42.5716605008236,85.1433210016472
97.1909357334322,194.3818714668644
37.63417781448233,75.26835562896466
96.22307433258463,192.44614866516926
80.90533605953694,161.81067211907387
42.57956908660263,85.15913817320526
81.56099234998214,163.1219846999643
12.837324571651,25.674649143302
82.02399573936125,164.0479914787225
50.866428966002516,101.73285793200503
48.80297559755794,97.60595119511588
94.57449436185375,189.1489887237075
11.381258244968773,22.762516489937546
41.68968787575802,83.37937575151604
26.624220138980583,53.248440277961166
51.79171199594699,103.58342399189398
68.5075348661307,137.0150697322614
7.218457263655454,14.436914527310908
6.886484776168622,13.772969552337244
89.749905732558,179.499811465116
48.27119377456013,96.54238754912026
63.993091609920135,127.98618321984027
33.886927239922315,67.77385447984463
2.047743062659557,4.095486125319114
78.28184857190783,156.56369714381566
45.2795564983952,90.5591129967904
40.6124487432738,81.2248974865476
44.97452741130037,89.94905482260074
85.13044250382184,170.26088500764368
59.46480595366138,118.92961190732277
58.5724576506337,117.1449153012674
99.54873831536275,199.0974766307255
20.65529531184598,41.31059062369196
94.79946325417318,189.59892650834635
58.66998549865164,117.33997099730328
29.8001487004488,59.6002974008976
44.24565779605899,88.49131559211799
45.4354483131956,90.8708966263912
73.4659607616921,146.9319215233842
4.916607687768549,9.833215375537097
21.16910462535193,42.33820925070386
90.73249389352563,181.46498778705126
45.581145029184015,91.16229005836803
19.03895113961407,38.07790227922814
94.12371421128734,188.24742842257467
3.037833124938649,6.075666249877298
62.848577293673976,125.69715458734795
22.614917351534793,45.229834703069585
78.86739053677371,157.73478107354742
12.271161878096414,24.54232375619283
35.43068899274658,70.86137798549316
90.31733580415356,180.63467160830712
21.52184295043171,43.04368590086342
15.224849640653282,30.449699281306565
48.98676199360642,97.97352398721284
76.55495645891601,153.10991291783202
10.511622209444516,21.023244418889032
86.43582208913739,172.87164417827478
9.648679735224896,19.29735947044979
66.8363011189214,133.6726022378428
43.923796677298945,87.84759335459789
41.62006206668046,83.24012413336092
77.12869516069092,154.25739032138185
13.97896088817452,27.95792177634904
16.687536702273388,33.375073404546775
92.66822623745182,185.33645247490364
23.485646154688634,46.97129230937727
20.31523008837991,40.63046017675982
39.99497700448445,79.9899540089689
35.658735633270524,71.31747126654105
28.317247812406276,56.63449562481255
21.082469748004772,42.164939496009545
93.0233181804829,186.0466363609658
26.679221681503574,53.35844336300715
38.662197190287394,77.32439438057479
42.361044776319055,84.72208955263811
19.04273905708206,38.08547811416412
55.67978728098431,111.35957456196861
95.9754674609335,191.950934921867
80.95236426207617,161.90472852415235
24.33478646375339,48.66957292750678
98.23950649254083,196.47901298508165
78.89079046476724,157.78158092953447
96.95360804721615,193.9072160944323
96.7515577985269,193.5031155970538
68.96523870424367,137.93047740848735
99.04281319998219,198.08562639996438
24.18250197058861,48.36500394117722
64.62949648517495,129.2589929703499
19.75244659931531,39.50489319863062
41.4949408020035,82.989881604007
95.63834489717652,191.27668979435305
11.70671119864698,23.41342239729396
98.92579127710093,197.85158255420185
0.8671579572085863,1.7343159144171727
26.240646645057375,52.48129329011475
82.14604050908466,164.2920810181693
37.305185472494216,74.61037094498843
26.07749470676253,52.15498941352506
21.69873013737518,43.39746027475036
3.1117778735203716,6.223555747040743
79.89664093106123,159.79328186212246
34.18374989628701,68.36749979257402
64.29373799702105,128.5874759940421
32.77690245614684,65.55380491229369
47.48167946943671,94.96335893887343
56.46069192113483,112.92138384226966
77.79757400471988,155.59514800943975
28.846289834445493,57.692579668890986
9.638055702910409,19.276111405820817
35.43139750236488,70.86279500472976
30.39602646672206,60.79205293344412
8.411389366722,16.822778733444
70.82762514236514,141.65525028473027
23.699520062262415,47.39904012452483
83.21201986312519,166.42403972625038
49.477873799433056,98.95574759886611
9.546843722132191,19.093687444264383
17.813611630710437,35.62722326142087
25.09568781025887,50.19137562051774
8.396552080247943,16.793104160495886
77.38771467310495,154.7754293462099
75.54270188256494,151.08540376512988
37.223684220534835,74.44736844106967
35.4015451214549,70.8030902429098
73.99560404706385,147.9912080941277
30.971295794015063,61.942591588030126
79.32115940154291,158.64231880308583
31.98436169621247,63.96872339242494
25.111197285591558,50.222394571183116
31.81977005396881,63.63954010793762
47.69663401078462,95.39326802156924
21.499542185244792,42.999084370489584
36.56642630027428,73.13285260054856
77.76935202003992,155.53870404007984
96.73591335909973,193.47182671819945
10.314380661652256,20.628761323304513
5.116030732172971,10.232061464345943
96.09616609561965,192.1923321912393
48.175145830027354,96.35029166005471
16.06511433339045,32.1302286667809
20.491589806285226,40.98317961257045
97.57807114952408,195.15614229904816
22.730338836440012,45.460677672880024
47.19644505515033,94.39289011030066
8.172155351244758,16.344310702489516
92.26740303044295,184.5348060608859
54.62583329597629,109.25166659195258
30.261017151265023,60.522034302530045
74.52200321503139,149.04400643006278
37.92252508967334,75.84505017934669
64.90437118415196,129.8087423683039
58.44141468557431,116.88282937114862
98.84802732750964,197.69605465501928
52.54910595447206,105.09821190894412
65.33939525839956,130.67879051679913
13.934120440939024,27.868240881878048
71.57262002843186,143.1452400568637
19.459002590120946,38.91800518024189
4.8445045415202115,9.689009083040423
35.3974707937885,70.794941587577
49.31653367995165,98.6330673599033
71.30550541618555,142.6110108323711
10.499179164966044,20.99835832993209
42.91307858987125,85.8261571797425
63.45174102414979,126.90348204829958
7.592100145668956,15.184200291337913
66.78126443452909,133.56252886905818
74.64382786128083,149.28765572256165
80.05004770860491,160.10009541720981
82.44106150806341,164.88212301612683
97.34160558502305,194.6832111700461
70.24497182039937,140.48994364079874
88.37395036059512,176.74790072119023
63.207395632775096,126.41479126555019
2.4810208457347493,4.962041691469499
93.94813325100242,187.89626650200483
40.65199858630466,81.30399717260931
82.56109700994209,165.12219401988418
60.680373901781934,121.36074780356387
25.83274848371726,51.66549696743452
26.872592326696655,53.74518465339331
15.088381204264245,30.17676240852849
82.65660006126366,165.31320012252732
6.586494769312601,13.172989538625202
67.37352581226101,134.74705162452202
17.458428837472027,34.916857674944055
10.75456394343577,21.50912788687154
72.78252853464255,145.5650570692851
97.6849764149762,195.3699528299524
85.39715627781507,170.79431255563014
60.12101490753654,120.24202981507308
24.856026489981218,49.712052979962436
79.94803552596748,159.89607105193497
11.505527467338295,23.01105493467659
62.42484898286831,124.84969796573662
23.153311118186227,46.306622236372455
54.55375473015951,109.10750946031902
65.24364879018009,130.48729758036018
81.49527377169193,162.99054754338385
61.5734741258865,123.146948251773
77.76093372845784,155.5218674569157
36.14063630027331,72.28127260054661
2.8022146250550106,5.604429250110021
95.67174802833145,191.3434960566629
65.68273844413345,131.3654768882669
10.202427032350492,20.404854064700984
56.62442874930013,113.24885749860026
64.08542431614637,128.17084863229275
60.88398163625283,121.76796327250565
35.10596328093173,70.21192656186346
25.920511551271254,51.84102310254251
94.26896950988973,188.53793901977946
94.75094841548461,189.50189683096923
7.52313883086182,15.04627766172364
64.67739234335221,129.35478468670442
98.70578459336153,197.41156918672306
72.07655627944057,144.15311255888113
14.655505402653002,29.311010805306005
36.00811100440474,72.01622200880948
99.2067081727461,198.4134163454922
19.036569710722752,38.073139421445504
0.15853933234906137,0.31707866469812274
15.82858259161114,31.65716518322228
80.79490710916961,161.58981421833923
27.0894872556106,54.1789745112212
29.134061882471094,58.26812376494219
67.66633589509695,135.3326717901939
52.63926619120076,105.27853238240152
37.34968938208162,74.69937876416324
57.94144471940593,115.88288943881186
62.70357139951265,125.4071427990253
54.467048438307806,108.93409687661561
85.72712469817515,171.4542493963503
65.92301905505553,131.84603811011107
99.98464558055898,199.96929116111795
64.71935212685403,129.43870425370807
52.068403735685244,104.13680747137049
67.99998767217478,135.99997534434956
7.489979438267902,14.979958876535804
44.83335664759317,89.66671329518634
63.391199833103585,126.78239966620717
33.06352239345497,66.12704478690993
68.88633033748408,137.77266067496817
36.84008179315701,73.68016358631402
75.09566519179417,150.19133038358834
58.498969911097035,116.99793982219407
96.80070925647465,193.6014185129493
0.5207255520565113,1.0414511041130226
53.658947398264665,107.31789479652933
12.66423998829903,25.32847997659806
6.005206818318609,12.010413636637217
1.8026123934419047,3.6052247868838094
67.22690307722291,134.45380615444583
7.143040832768666,14.286081665537331
74.03590127018056,148.07180254036112
75.04593262772514,150.09186525545027
77.12266453726964,154.24532907453928
26.36352264709191,52.72704529418382
5.478781872436689,10.957563744873378
57.9062657573176,115.8125315146352
68.66869723782396,137.33739447564793
52.104449072719085,104.20889814543817
42.334408824014034,84.66881764802807
10.040641380873305,20.08128276174661
6.974471267475513,13.948942534951026
57.76483300791364,115.52966601582727
97.198131129215,194.39626225843
82.89651551250797,165.79303102501595
25.40819444444862,50.81638888889724
39.332609349835735,78.66521869967147
92.66982509138272,185.33965018276544
5.912112339369779,11.824224678739558
56.20254543647491,112.40509087294981
66.59637528338314,133.19275056676628
29.6482537594126,59.2965075188252
89.47434409347835,178.9486881869567
98.06620431151526,196.13240862303053
82.21287251937949,164.42574503875898
96.98765764034513,193.97531528069027
61.18505934593155,122.3701186918631
57.774730207125835,115.54946041425167
19.108233430553067,38.216466861106134
30.66641355220654,61.33282710441308
51.918461235925115,103.83692247185023
81.66575144294183,163.33150288588365
35.903864244062646,71.80772848812529
79.89850487815976,159.7970097563195
82.95806813152853,165.91613626305707
3.1184468163337975,6.236893632667595
55.331122571151745,110.66224514230349
70.3433184116298,140.6866368232596
43.84065900363625,87.6813180072725
50.15706809585462,100.31413619170924
18.9326611763607,37.8653223527214
3.3387890438970835,6.677578087794167
74.58154082595303,149.16308165190605
91.14897170298552,182.29794340597104
32.49096002178567,64.98192004357134
32.18965197127909,64.37930394255818
95.7366178381111,191.4732356762222
10.785417955235799,21.570835910471597
36.60804325391916,73.21608650783833
61.25768879807789,122.51537759615579
46.90680388867868,93.81360777735736
51.06613657153019,102.13227314306037
88.49748578124425,176.9949715624885
21.25333956882287,42.50667913764574
53.99595370482678,107.99190740965356
15.803116077604729,31.606232155209458
96.17108586668606,192.3421717333721
8.487021075426782,16.974042150853563
95.84489198629846,191.68978397259693
91.59222676297887,183.18445352595774
65.17109840833628,130.34219681667255
37.34609694975565,74.6921938995113
90.4378199485633,180.8756398971266
56.64079921720276,113.28159843440552
15.353891552318377,30.707783104636754
83.12939159520634,166.2587831904127
9.601114840385295,19.20222968077059
51.498045012654224,102.99609002530845
4.674416992799024,9.348833985598048
61.47173187336031,122.94346374672062
41.51920699699087,83.03841399398173
28.216909474423822,56.433818948847644
69.55558788847736,139.11117577695472
8.646273629164547,17.292547258329094
37.74460732083445,75.4892146416689
87.87770438129245,175.7554087625849
77.33917901368739,154.67835802737477
24.065836180661137,48.13167236132227
86.80665946889854,173.6133189377971
68.84360694106957,137.68721388213913
19.64647944234431,39.29295888468862
62.98726402904593,125.97452805809186
93.03160041303698,186.06320082607397
47.86444864133335,95.7288972826667
10.781694327960578,21.563388655921155
64.05811165301466,128.11622330602933
14.517433492935016,29.034866985870032
11.445590083488554,22.891180166977108
53.40627170341907,106.81254340683815
29.335193134831318,58.670386269662636
58.139046461239815,116.27809292247963
19.305853272568996,38.61170654513799
28.30034733765151,56.60069467530302
72.52460090382448,145.04920180764896
71.12432428693296,142.24864857386592
50.99658223099838,101.99316446199676
10.681474715721128,21.362949431442257
92.16036950937905,184.3207390187581
36.00130383954859,72.00260767909718
65.98103758170518,131.96207516341036
5.667073903702202,11.334147807404404
13.029578363389327,26.059156726778653
85.96724026444042,171.93448052888084
56.10574798793066,112.21149597586133
83.89030887637281,167.78061775274563
63.257562986465864,126.51512597293173
80.66710867356733,161.33421734713465
43.74801743778992,87.49603487557984
63.28397128914107,126.56794257828214
77.81681103132931,155.63362206265862
23.546563884478843,47.093127768957686
35.645746801162815,71.29149360232563
24.376440605575876,48.75288121115175
15.283354231628598,30.566708463257196
73.2874803694567,146.5749607389134
8.901703245456115,17.80340649091223
23.81385547211995,47.6277109442399
30.311447536899514,60.62289507379903
13.597624082522241,27.195248165044482
2.9693735746477934,5.938747149295587
90.25465013937705,180.5093002787541
62.637323830141376,125.27464766028275
67.8221139720969,135.6442279441938
60.828464915537715,121.65692983107543
26.177482864685086,52.35496572937017
95.48680239314974,190.9736047862995
19.208447577014287,38.41689515402857
30.46083003600415,60.9216600720083
60.07551815359731,120.15103630719462
94.42782074161073,188.85564148322146
45.89527029500765,91.7905405900153
99.56083670710558,199.12167341421116
79.61854133836577,159.23708267673155
71.8912269494112,143.7824538988224
39.93417088581478,79.86834177162956
13.12373842607567,26.24747685215134
72.65030177959554,145.30060355919107
75.58010957586491,151.16021915172982
83.05805545396771,166.11611090793542
86.85566171663089,173.71132343326178
68.75718746026878,137.51437492053756
31.20080994106793,62.40161988213586
77.71680300440545,155.4336060088109
3.2843803803928373,6.568760760785675
60.18059303342,120.36118606684
4.938628152668834,9.877256305337667
26.163845472682603,52.327690945365205
75.43613391978884,150.8722678395777
60.90163424677867,121.80326849355734
41.2071745642454,82.4143491284908
37.750789858147925,75.50157971629585
4.07732421127025,8.1546484225405
9.884328965531475,19.76865793106295
82.56971012550588,165.13942025101176
1.5282427662560605,3.056485532512121
86.52096287941374,173.0419257588275
12.677641737581858,25.355283475163716
75.08607776652453,150.17215553304905
48.349577445095285,96.69915489019057
24.246346502062245,48.49269300412449
11.548382389315348,23.096764778630696
41.90741983298235,83.8148396659647
19.788735114156697,39.577470228313395
46.8548029474952,93.7096058949904
4.912298975284268,9.824597950568537
22.98682100029321,45.97364200058642
64.08127866201224,128.16255732402448
34.10790569863834,68.21581139727668
35.03551950149959,70.07103900299919
9.75080211889907,19.50160423779814
98.64271864955751,197.28543729911502
8.658763370058365,17.31752674011673
7.554637448029878,15.109274896059755
75.99458841767424,151.98917683534847
89.94892456811063,179.89784913622125
18.247612898379007,36.495225796758014
80.66359012761897,161.32718025523795
99.13850841102024,198.27701682204048
20.696640279012723,41.393280558025445
47.689313130117725,95.37862626023545
31.774811338997576,63.54962267799515
82.34474559740883,164.68949119481766
6.215777927942723,12.431555855885446
80.38527394189379,160.77054788378757
38.895061696519576,77.79012339303915
40.881879258697374,81.76375851739475
13.941141921788736,27.882283843577472
49.2111591737895,98.422318347579
29.810170069967988,59.620340139935976
46.03594273888436,92.07188547776872
18.006263494413176,36.01252698882635
28.644585000327627,57.289170000655254
91.57899298354334,183.1579859670867
69.81521021533489,139.63042043066977
28.31352657283289,56.62705314566578
63.827299306105125,127.65459861221025
84.19599104248155,168.3919820849631
50.07109027776444,100.14218055552888
62.93526529048086,125.87053058096171
43.00932239368621,86.01864478737242
19.755899480052662,39.511798960105324
45.401316976526,90.802633953052
91.14661811796094,182.29323623592188
55.74378701194329,111.48757402388658
72.0677277534535,144.135455506907
31.003148863229214,62.00629772645843
2.050509793693578,4.101019587387156
54.85579601762283,109.71159203524566
78.01186185011369,156.02372370022738
38.14922388208425,76.2984477641685
76.31313006682602,152.62626013365204
4.6209245939230925,9.241849187846185
8.75216677978955,17.5043335595791
59.110258326114526,118.22051665222905
61.69393900128023,123.38787800256046
41.778179960099635,83.55635992019927
85.7011450428495,171.402290085699
18.418420547592884,36.83684109518577
34.59417733537844,69.18835467075688
65.81813904013069,131.63627808026138
84.2685931032705,168.537186206541
87.12160593475076,174.24321186950152
74.86490227381263,149.72980454762526
72.85006147711714,145.70012295423427
49.50101706716422,99.00203413432844
5.773806894929024,11.547613789858048
15.691223611041504,31.38244722208301
6.868316324685841,13.736632649371682
95.41515702703308,190.83031405406615
63.422757741173974,126.84551548234795
15.000274512346557,30.000549024693115
47.7683024053826,95.5366048107652
25.470416049935775,50.94083209987155
38.642121379179216,77.28424275835843
41.27877442309009,82.55754884618018
54.26626949834068,108.53253899668135
43.33646882204841,86.67293764409682
20.96965303505377,41.93930607010754
71.37778919128512,142.75557838257023
59.415568008464156,118.83113601692831
38.7267796924434,77.4535593848868
37.329422346663286,74.65884469332657
83.91202632427868,167.82405264855737
7.672395775540353,15.344791551080705
13.474985845390153,26.949971690780306
31.789018625257448,63.578037250514896
59.98058963669639,119.96117927339279
25.093810903287928,50.187621806575855
39.23375741497307,78.46751482994614
20.644967430993834,41.28993486198767
38.17688016925774,76.35376033851549
46.59240501591939,93.18481003183878
30.72053546745881,61.44107093491762
55.52650461680606,111.05300923361212
90.26827151074656,180.53654302149312
93.11084327892362,186.22168655784725
88.82633401956372,177.65266803912743
57.09185321501506,114.18370643003011
85.42376850017331,170.84753700034662
79.59265461639265,159.1853092327853
87.01964071175425,174.0392814235085
6.839088898333179,13.678177796666358
23.080401114355244,46.16080222871049
89.18275754133327,178.36551508266655
88.98420420488708,177.96840840977416
95.0355681702166,190.0711363404332
27.4841872184172,54.9683744368344
80.16601569624422,160.33203139248843
9.347285449528709,18.694570899057418
99.59092951436914,199.18185902873827
90.07147955454744,180.14295910909487
77.61835323867572,155.23670647735145
81.80008685895423,163.60017371790846
44.68480222642338,89.36960445284676
44.53527383370507,89.07054766741014
31.53514229910711,63.07028459821422
4.6875124880380925,9.375024976076185
4.094339497742339,8.188678995484677
99.44560396898304,198.89120793796607
59.05452731560027,118.10905463120054
45.38415181539332,90.76830363078663
75.95896890447268,151.91793780894537
92.02694904645207,184.05389809290415
10.765478885572877,21.530957771145754
12.982356808919327,25.964713617838655
71.14334842698435,142.2866968539687
84.66611825682813,169.33223651365626
78.73189857740127,157.46379715480253
35.28058260638785,70.5611652127757
15.26298746348096,30.52597492696192
21.770200122906914,43.54040024581383
58.428256021191636,116.85651204238327
70.2315757131876,140.4631514263752
33.93390553676273,67.86781107352546
79.33721937048578,158.67443874097157
68.134575047466,136.269150094932
0.03609857119358795,0.0721971423871759
12.247703698686863,24.495407397373725
16.29265554764201,32.58531109528402
32.007941056981636,64.01588211396327
17.921388787605853,35.842777575211706
58.91773141380773,117.83546282761546
30.253073635764437,60.506147271528874
75.36459498725219,150.72918997450438
52.15068086622168,104.30136173244335
69.32329568972065,138.6465913794413
77.36599876461342,154.73199752922685
33.11631504414616,66.23263008829232
21.86369232789842,43.72738465579684
46.225136068895864,92.45027213779173
73.80120290011847,147.60240580023694
9.755990592014829,19.511981184029658
72.34920934526356,144.69841869052712
19.383431140212814,38.76686228042563
80.52544079406626,161.0508815881325
95.49102065033819,190.98204130067637
47.169874145683075,94.33974829136615
74.72567069117702,149.45134138235403
10.10508592184658,20.21017184369316
7.5426636232182265,15.085327246436453
79.89964783713192,159.79929567426385
64.81938178251208,129.63876356502416
16.371851307324793,32.743702614649585
49.9751573473621,99.9503146947242
3.5168173250933688,7.0336346501867375
38.89340908905871,77.78681817811741
67.31668974701874,134.63337949403748
40.04379673578558,80.08759347157115
22.575156273548757,45.15031254709751
27.827952875103367,55.655905750206735
34.51376138212549,69.02752276425097
19.92608497393258,39.85216994786516
19.736443356830225,39.47288671366045
93.3737986713399,186.7475973426798
71.82350672572151,143.64701345144303
51.10064203955189,102.20128407910379
34.42943741837403,68.85887483674806
15.69691345390628,31.39382690781256
80.42535215679665,160.8507043135933
59.771668532672116,119.54333706534423
54.989093765545626,109.97818753109125
41.94053853179103,83.88107706358205
30.900756751825476,61.80151350365095
84.96936970912405,169.9387394182481
64.6324107042704,129.2648214085408
26.790991405383537,53.58198281076707
94.29134142536408,188.58268285072816
95.5929449794953,191.1858899589906
87.47051303936666,174.94102607873333
19.418396082543875,38.83679216508775
2.419590008597927,4.839180017195854
91.45817542198009,182.91635084396017
6.0046373710521355,12.009274742104271
65.14998899746536,130.2999779949307
62.4253875664068,124.8507751328136
18.79081660182369,37.58163320364738
39.61678985589907,79.23357971179814
63.95318247193479,127.90636494386958
32.952164346243116,65.90432869248623
88.26680794883033,176.53361589766067
81.01922441732151,162.03844883464302
94.61305033687366,189.2261006737473
48.69999282323738,97.39998564647476
49.04841952356297,98.09683904712594
63.316830735334996,126.63366147066999
23.605018870340434,47.21003774068087
32.20208165883547,64.40416331767094
87.18448018169104,174.3689603633821
86.18632652420426,172.37265304840852
7.772020882849362,15.544041765698724
75.05989635651615,150.1197927130323
30.41304952983119,60.82609905966238
15.048188176008203,30.096376352016406
76.49397195980538,152.98794391961076
60.48226018920593,120.96452037841186
62.68081728170557,125.36163456341114
86.00719110006611,172.01438220013222
76.41899500155004,152.8379900031001
61.71741362312122,123.43482724624243
55.069529050818666,110.13905810163733
8.145973697737851,16.291947395475702
14.269924704834446,28.539849409668893
97.86233925292824,195.72467850585647
45.31199884687103,90.62399769374206
80.43844112770991,160.87688225541982
94.48783490275392,188.97566980550783
69.83995276577171,139.67990553154343
91.14558792102862,182.29117584205724
39.94594506512983,79.89189013025965
29.932709026348125,59.86541805269625
42.330101433823266,84.66020286764653
69.49563858359295,138.9912771671859
3.199266992181715,6.39853398436343
38.96752884591941,77.93505769183882
42.80115978024202,85.60231956048403
30.34646874670177,60.69293749340354
75.08126314112793,150.16252628225587
20.102101237636326,40.20420247527265
94.19104920217318,188.38209840434635
74.7290538976406,149.4581077952812
67.25518285923228,134.51036571846456
80.58141525659246,161.16283051318493
44.75698496693429,89.51396993386858
26.8209747300598,53.6419494601196
44.60599059763821,89.21198119527642
42.65860866293202,85.31721732586404
98.82951595729519,197.65903191459037
58.458524394592104,116.91704878918421
41.83013988489074,83.66027976978148
63.52801029086156,127.05602058172312
27.106808045123053,54.213616090246106
78.6924938568148,157.3849877136296
30.493198562068503,60.98639712413701
13.840189029797578,27.680378059595157
81.08335870740882,162.16671741481764
89.20341009194078,178.40682018388156
94.29632341475906,188.59264682951812
93.68136979465336,187.36273958930673
81.81101832032918,163.62203664065837
98.75922181519802,197.51844363039604
49.10685031409707,98.21370062819415
54.29818928443989,108.59637856887979
52.228369957628516,104.45673991525703
30.23362993257308,60.46725986514616
76.47944904323829,152.95889808647658
50.67708594893031,101.35417189786062
65.43083772512779,130.86167545025558
26.880637232050653,53.761274464101305
41.34721381506418,82.69442763012836
81.42737402374178,162.85474804748355
91.8517226204439,183.7034452408878
54.05244437217889,108.10488874435778
41.183747462613205,82.36749492522641
54.281488400780965,108.56297680156193
12.486595585123483,24.973191170246967
46.790051654029064,93.58010330805813
53.377450942949686,106.75490188589937
3.219542521275942,6.439085042551884
84.29285640988321,168.58571281976643
49.01298667509221,98.02597335018442
56.898645875624574,113.79729175124915
37.05092970906934,74.10185941813867
56.40614345832079,112.81228691664158
85.58384533473206,171.16769066946412
38.83411148043795,77.6682229608759
99.06339838910793,198.12679677821586
13.672555690691613,27.345111381383227
63.30162509540791,126.60325019081581
30.050456153352513,60.10091230670503
77.35121609173554,154.70243218347107
86.44878446042537,172.89756892085074
13.485773416183179,26.971546832366357
88.77851436373217,177.55702872746434
76.67397680307445,153.3479536061489
98.6790660150354,197.3581320300708
66.37305318521591,132.74610637043182
96.09748220965764,192.19496441931528
73.05498984827908,146.10997969655816
3.9386836220370203,7.8773672440740405
33.71444582240647,67.42889164481294
25.91273266693861,51.82546533387722
25.480620779989003,50.961241559978006
43.59747439718219,87.19494879436438
55.3681616749275,110.736323349855
19.012701170029832,38.025402340059664
42.1581969320177,84.3163938640354
50.65091291058942,101.30182582117884
10.784827973822486,21.56965594764497
57.225052894672665,114.45010578934533
17.693318002319902,35.386636004639804
35.186586110311914,70.37317222062383
44.720593474922275,89.44118694984455
49.51703488744074,99.03406977488147
18.165137562294586,36.33027512458917
98.81092969185354,197.6218593837071
28.90996920463603,57.81993840927206
44.753143000914534,89.50628600182907
26.46134563159148,52.92269126318296
45.4278375844572,90.8556751689144
9.52803925371557,19.05607850743114
77.76352741589399,155.52705483178798
31.27604169671663,62.55208339343326
58.59059187839585,117.1811837567917
10.20849811998933,20.41699623997866
36.69610891160675,73.3922178232135
49.26571366275469,98.53142732550938
25.290851376615343,50.58170275323069
66.28526844459932,132.57053688919865
93.4949788991258,186.9899577982516
41.19647901947291,82.39295803894582
51.727633558578965,103.45526711715793
80.60955468706887,161.21910937413773
34.4677867618624,68.9355735237248
50.66656225083148,101.33312450166297
5.528367290327996,11.056734580655991
22.991721942537847,45.983443885075694
58.36085246410077,116.72170492820155
51.70440054592294,103.40880109184587
15.878600072330684,31.75720014466137
34.298925219698184,68.59785043939637
19.558970339278936,39.11794067855787
39.68475960197869,79.36951920395738
62.74142186695486,125.48284373390972
46.31795923856304,92.63591847712608
89.14151332929428,178.28302665858857
94.28917191043189,188.57834382086378
79.62418451453082,159.24836902906165
8.389470049693603,16.778940099387206
62.50562582410718,125.01125164821435
3.8160891729221325,7.632178345844265
80.05520882361685,160.1104176472337
81.45038916524969,162.90077833049938
65.16759845405262,130.33519690810525
68.17696336806574,136.35392673613148
56.427429101368396,112.85485820273679
69.08235519561275,138.1647103912255
97.13681346741588,194.27362693483175
56.916984906474156,113.83396981294831
74.60540397979133,149.21080795958267
74.61094534293626,149.22189068587252
2.2198690065292626,4.439738013058525
65.99342514395559,131.98685028791118
78.9507777193008,157.9015554386016
4.938915184057679,9.877830368115358
71.88285405651168,143.76570811302335
23.44892104812123,46.89784209624246
10.084164552986286,20.16832910597257
24.119693310803626,48.23938662160725
94.23629101256213,188.47258202512427
39.33023294487451,78.66046588974902
51.63834761713129,103.27669523426258
51.35200385090462,102.70400770180925
20.988349132497476,41.97669826499495
64.68009425226147,129.36018850452294
29.30974337250214,58.61948674500428
28.294358391936946,56.58871678387389
41.192103762643114,82.38420752528623
98.62822385577876,197.2564477115575
9.839726801534521,19.679453603069042
24.1200418592033,48.2400837184066
30.0737012567605,60.147402513521
3.7928607966978056,7.585721593395611
35.54217379335377,71.08434758670754
53.16690879075018,106.33381758150036
46.89327516212476,93.78655032424952
82.94282506532899,165.88565013065798
99.02523124995429,198.05046249990858
86.53732403811085,173.0746480762217
20.457356192062004,40.91471238412401
62.67314823831713,125.34629647663427
29.027927810504572,58.055855621009144
17.752153951022176,35.50430790204435
26.3608153158975,52.721630631795
49.19763734346425,98.3952746869285
1.6883657836662236,3.376731567332447
74.68498382240013,149.36996764480025
89.93751831842094,179.87503663684188
25.722594243738207,51.445188487476415
48.88687070385286,97.77374140770571
0.10841662265074214,0.2168332453014843
67.3069682423259,134.6139364846518
42.017425015997645,84.03485003199529
3.8761703621717825,7.752340724343565
43.26362080926369,86.52724161852738
72.53293375828169,145.06586751656337
75.98403583578377,151.96807167156754
3.7271228083830543,7.454245616766109
26.773981013576165,53.54796202715233
73.23827817125832,146.47655634251663
80.852563168968,161.705126337936
79.00971191853596,158.0194238370719
74.76529916020996,149.53059832041993
11.883892125866547,23.767784251733094
77.90571119373887,155.81142238747773
60.980955217729175,121.96191043545835
22.32595426376497,44.65190852752994
39.98501794192937,79.97003588385874
37.8585270785946,75.7170541571892
12.360442332044508,24.720884664089017
57.6359408196688,115.2718816393376
6.689886173707993,13.379772347415987
27.114464514239888,54.228929028479776
43.49150289314391,86.98300578628782
43.15390851647764,86.30781703295528
72.83881530728372,145.67763061456745
71.14757412585438,142.29514825170875
59.81114975910451,119.62229951820902
83.17509917539861,166.35019835079723
52.52168822068123,105.04337644136245
29.12914792457293,58.25829584914586
28.137147186619494,56.27429437323899
73.14866402735011,146.29732805470022
30.415883209632057,60.83176641926411
17.799017348583966,35.59803469716793
40.868422113395106,81.73684422679021
44.08067654420582,88.16135308841164
80.97680575928662,161.95361151857324
51.97017128124155,103.9403425624831
67.08800642014575,134.1760128402915
47.11117556160591,94.22235112321182
65.1581057316732,130.3162114633464
91.04123956537406,182.0824791307481
52.37427198056771,104.74854396113543
75.64428250944687,151.28856501889373
21.182981161840598,42.365962323681195
28.33937750149529,56.67875500299058
33.607189298333914,67.21437859666783
8.88720307725579,17.77440615451158
23.627891494955843,47.25578298991169
67.65849444734201,135.31698889468402
20.221963831274238,40.443927662548475
39.10668146601268,78.21336293202536
5.431196109613401,10.862392219226802
27.21337296739549,54.42674593479098
21.588338429610022,43.176676859220045
70.27166460350169,140.54332920700338
18.449384033857008,36.898768067714016
54.861557172571715,109.72311434514343
8.354869957591104,16.709739915182208
33.397376248597176,66.79475249719435
28.932073393721723,57.864146787443445
16.69682062196761,33.39364124393522
58.61678445504129,117.23356891008258
67.0009921197465,134.001984239493
84.1528622829057,168.3057245658114
65.53428235896092,131.06856471792184
82.40035859634253,164.80071719268506
1.9021911362676835,3.804382272535367
16.763333889239128,33.526667778478256
19.41369340297019,38.82738680594038
35.03308369289954,70.06616738579908
15.679746204981448,31.359492409962897
50.435050695832004,100.87010139166401
65.97243282203137,131.94486564406273
87.10342902521609,174.20685805043217
26.334752460941836,52.66950492188367
34.2234583725715,68.446916745143
66.01456956073942,132.02913912147883
31.310517684127237,62.621035368254475
40.464426670853285,80.92885334170657
36.49801410848181,72.99602821696362
75.98990864127043,151.97981728254086
57.07315934167708,114.14631868335417
18.930147497756323,37.860294995512646
30.934077600075593,61.868155200151186
18.040744753685335,36.08148950737067
71.13933722169723,142.27867444339446
14.408729566368695,28.81745913273739
39.08313571125587,78.16627142251174
64.6425391660456,129.2850783320912
30.182544840166436,60.36508968033287
12.679042995768741,25.358085991537482
70.45709761542435,140.9141952308487
83.02772028731363,166.05544057462726
68.42512884092683,136.85025768185366
40.67021479431211,81.34042958862422
93.31996568626188,186.63993137252376
24.926559447348183,49.853118894696365
31.266107550175416,62.53221510035083
1.2635079055915543,2.5270158111831087
82.02191831689849,164.04383663379699
76.60007136918485,153.2001427383697
53.252927938536864,106.50585587707373
20.67169624486569,41.34339248973138
90.04907930813084,180.09815861626168
42.34084630218413,84.68169260436827
5.577681647936162,11.155363295872323
74.59951298072231,149.19902596144462
54.32617152102639,108.65234304205278
49.75703489778341,99.51406979556683
56.15193357545326,112.30386715090653
32.47850120191488,64.95700240382976
42.81036808383058,85.62073616766116
3.8132098260665104,7.626419652133021
28.496968007774736,56.99393601554947
48.817368060592955,97.63473612118591
74.04337602593006,148.08675205186012
9.967811535798832,19.935623071597664
72.9549614720562,145.9099229441124
51.16736836020377,102.33473672040753
89.36315883671348,178.72631767342696
48.84038910054035,97.6807782010807
73.72865037615433,147.45730075230867
45.89190757713851,91.78381515427702
78.3890549001779,156.7781098003558
89.49955327578552,178.99910655157103
86.21502459986705,172.4300491997341
35.05357994723509,70.10715989447019
80.91455127083455,161.8291025416691
13.870352992776013,27.740705985552026
56.55311033672273,113.10622067344546
69.35053752475767,138.70107504951534
38.766124263724514,77.53224852744903
93.9262492336851,187.8524984673702
30.413267373410115,60.82653474682023
3.213921880517834,6.427843761035668
79.59987166977179,159.19974333954357
41.06969011004451,82.13938022008902
85.24020247516398,170.48040495032797
94.37878171004778,188.75756342009555
90.20183159029772,180.40366318059543
7.345801376227145,14.69160275245429
80.39938072419275,160.7987614483855
6.890147186814288,13.780294373628577
36.11249058593108,72.22498117186215
89.25360495800766,178.5072099160153
15.253479882237253,30.506959764474505
20.93969945411438,41.87939890822876
9.19889660869443,18.39779321738886
48.67061715332541,97.34123430665082
76.94276831863718,153.88553663727436
43.86618739071331,87.73237478142661
41.679392474106834,83.35878494821367
14.348241361004044,28.69648272200809
62.52784269372378,125.05568538744755
27.609349151588823,55.218698303177646
45.7338886749313,91.4677773498626
54.494737941580254,108.98947588316051
89.32504385856636,178.65008771713272
84.56097968363636,169.12195936727272
6.749190833728869,13.498381667457737
31.445255027558506,62.89051005511701
76.35371800812328,152.70743601624656
1.5671263413954306,3.134252682790861
57.866147985670125,115.73229597134025
58.04031338315831,116.08062676631663
45.906280004156244,91.81256000831249
89.88346707639853,179.76693415279706
6.808901105416265,13.61780221083253
12.452625712167043,24.905251424334086
70.47193636902381,140.94387273804762
22.436700183864346,44.87340036772869
62.44896894160104,124.89793788320208
39.10894338719667,78.21788677439334
29.65645009676008,59.31290019352016
62.69181203529119,125.38362407058239
57.27734426599355,114.5546885319871
38.16024734052738,76.32049468105475
38.826417376006326,77.65283475201265
56.24406376541844,112.48812753083688
63.21032405582233,126.42064811164467
0.15748259923311636,0.3149651984662327
23.31345769499247,46.62691538998494
27.312842536790427,54.625685073580854
32.57575756328127,65.15151512656254
43.78768424958632,87.57536849917264
38.27028083458101,76.54056166916202
0.6973209171925565,1.394641834385113
97.76342293739498,195.52684587478996
93.89293136914708,187.78586273829416
8.199970378082211,16.399940756164423
5.273879353036115,10.54775870607223
61.22795620039266,122.45591240078532
27.80906572356373,55.61813144712746
83.2380500625569,166.4761001251138
71.51304343637453,143.02608687274906
72.77180248466198,145.54360496932395
52.74922818815357,105.49845637630715
41.59100000058984,83.18200000117967
89.45935160067819,178.91870320135638
23.10681328925751,46.21362657851502
52.08914796519238,104.17829593038476
73.40917273794936,146.81834547589872
46.62989098141276,93.25978196282551
44.89746082096282,89.79492164192564
9.280413613536698,18.560827227073396
83.25942319393032,166.51884638786063
67.76253409563388,135.52506819126776
50.3928723737033,100.7857447474066
62.80631886727478,125.61263773454957
27.011413587097454,54.02282717419491
22.21703763940691,44.43407527881382
76.33418950333179,152.66837900666357
32.14607579683085,64.2921515936617
55.225432933412364,110.45086586682473
72.67874524375632,145.35749048751265
9.265085980556787,18.530171961113574
75.817860085048,151.635720170096
78.51367825165727,157.02735650331454
42.07427902491887,84.14855804983775
48.127216066799015,96.25443213359803
85.77932666788385,171.5586533357677
83.68158866967237,167.36317733934473
28.623745561653035,57.24749112330607
0.648556613237905,1.29711322647581
20.870362043552447,41.740724087104894
37.78832377361573,75.57664754723146
98.69662230707058,197.39324461414117
31.33730919915353,62.67461839830706
21.952081282547063,43.904162565094126
8.972690330291666,17.945380660583332
50.7614413540974,101.5228827081948
6.198163557496561,12.396327114993122
41.63786694408065,83.2757338881613
61.22257622353451,122.44515244706902
77.12049468333706,154.2409893666741
59.336307040076875,118.67261408015375
10.008022891002955,20.01604578200591
37.6190158816849,75.2380317633698
84.52871085599072,169.05742171198145
91.24039224664054,182.48078449328108
69.43144788304498,138.86289576608996
79.77882967321821,159.55765934643642
47.76901885037147,95.53803770074293
15.040421146978089,30.080842293956177
55.1922372296659,110.3844744593318
86.22988677229068,172.45977354458137
26.882723969875734,53.76544793975147
39.45038147801788,78.90076295603576
17.191858928024473,34.383717856048946
26.930391951691956,53.86078390338391
37.799223673855664,75.59844734771133
72.16800825707185,144.3360165141437
85.45641213458813,170.91282426917627
12.089499257294346,24.17899851458869
82.81368519152255,165.6273703830451
68.42149620955713,136.84299241911427
90.1758957116662,180.3517914233324
0.5537728689543275,1.107545737908655
33.3568154208953,66.7136308417906
80.90212271826188,161.80424543652376
21.521055126673673,43.042110253347346
67.75800174561014,135.5160034912203
60.34428378265345,120.6885675653069
63.013449899555475,126.02689979911095
72.08538978420258,144.17077956840515
96.4476840827486,192.8953681654972
72.51751612710075,145.0350322542015
24.097330026066256,48.19466005213251
60.42212126398492,120.84424252796984
54.18465363763063,108.36930727526126
31.667475119435927,63.334950238871855
13.381487038339856,26.76297407667971
2.4633840179999478,4.9267680359998955
16.73861511828745,33.4772302365749
24.88974475713587,49.77948951427174
15.495859932911383,30.991719865822766
34.9957736897893,69.9915473795786
57.54040646154564,115.08081292309129
27.135415172729026,54.27083034545805
9.437148878364066,18.874297756728133
23.955274813063767,47.91054962612753
91.18466715619675,182.3693343123935
67.9513686858576,135.9027373717152
88.34398083448006,176.68796166896013
80.14352592395625,160.2870518479125
97.55814969609796,195.1162993921959
13.469054864018604,26.938109728037208
86.51839679858492,173.03679359716983
86.34077744022768,172.68155488045537
47.46932124205683,94.93864248411366
25.09310336244236,50.18620672488472
84.22085045458712,168.44170090917424
27.164756898029697,54.329513796059395
91.78410492150087,183.56820984300174
68.31726627158807,136.63453254317614
5.061762459712016,10.123524919424032
76.19121977918455,152.3824395583691
37.86895109126526,75.73790218253052
12.398985799868967,24.797971599737934
96.11411671486401,192.22823342972802
0.08537848679976978,0.17075697359953956
71.1955359256356,142.3910718512712
98.90241862131217,197.80483724262433
58.75438601378305,117.5087720275661
29.374498565173024,58.74899713034605
87.54711509000191,175.09423018000382
7.238343518865076,14.476687037730152
61.80303140526671,123.60606281053342
47.76750042621667,95.53500085243334
69.0421682001056,138.0843364002112
53.49019375886146,106.98038751772292
4.246587274380298,8.493174548760596
94.44663032861347,188.89326065722693
25.9210357247035,51.842071449407
91.143307305494,182.286614610988
7.739564154843171,15.479128309686342
39.85480846703386,79.70961693406772
85.15391927176084,170.30783854352168
7.868884573388579,15.737769146777158
17.180052220818542,34.360104441637084
89.82675149090498,179.65350298180996
76.03026655092773,152.06053310185547
3.130435250075281,6.260870500150562
23.603130131696904,47.20626026339381
42.246234279513075,84.49246855902615
41.438980729672856,82.87796145934571
17.808523764397687,35.617047528795375
27.116075052365296,54.23215010473059
50.15924080930536,100.31848161861072
47.58395404772742,95.16790809545483
94.84708138851701,189.69416277703402
29.07993945305767,58.15987890611534
56.271166383850854,112.54233276770171
75.93903555319088,151.87807110638175
53.30777681315361,106.61555362630722
46.05162924837097,92.10325849674194
13.078230175547967,26.156460351095934
42.814828758607426,85.62965751721485
87.85708335213623,175.71416670427246
55.28401159391437,110.56802318782874
58.039980705148345,116.07996141029669
42.76138450616542,85.52276901233084
69.10696956190763,138.21393912381527
21.038133364179114,42.07626672835823
43.530324781527916,87.06064956305583
39.785578115943224,79.57115623188645
8.521113587577434,17.042227175154867
41.40279484667061,82.80558969334122
54.62142978511045,109.2428595702209
54.112237142871535,108.22447428574307
75.04280645080743,150.08561290161487
77.51173325984475,155.0234665196895
45.749760799981686,91.49952159996337
74.21481408481011,148.42962816962023
21.60106313443305,43.2021262688661
15.659235278529216,31.318470557058433
89.13412726519661,178.26825453039322
53.776799240643136,107.55359848128627
6.480322527928939,12.960645055857878
42.549208930843996,85.09841786168799
49.82010288854654,99.64020577709309
63.57745905671872,127.15491811343745
38.988599064563175,77.97719812912635
51.59586213087684,103.19172426175368
37.05760354437485,74.1152070887497
24.665086290460327,49.33017258092065
40.10850000914258,80.21700001828516
20.532677997904504,41.06535599580901
15.537002925614873,31.074005851229746
66.52931618759713,133.05863237519426
33.33820429882387,66.67640859764774
22.097960846848284,44.19592169369657
29.304963228219727,58.60992645643945
24.436840789231262,48.873681578462524
39.298629072310774,78.59725814462155
61.13721069864625,122.2744213972925
49.522965862362575,99.04593172472515
18.02902509563128,36.05805019126256
78.96870073557176,157.93740147114352
81.30100974909554,162.60201949819108
14.059204379397816,28.11840875879563
81.04917168148951,162.09834336297902
4.397416039587498,8.794832079174997
55.64453779560471,111.28907559120942
39.678191152970754,79.35638230594151
16.1371401095034,32.2742802190068
76.12606808442528,152.25213616885057
0.9886695243489174,1.9773390486978348
51.027709173784544,102.05541834756909
66.95322081391113,133.90644162782226
37.78712880847939,75.57425761695877
40.32383418354241,80.64766836708482
89.0158796976692,178.0317593953384
65.89571816894038,131.79143633788075
63.45357209477983,126.90714418955966
47.87968279244412,95.75936558488824
3.2429110735571642,6.4858221471143285
97.84419404248169,195.68838808496338
95.07212140967759,190.14424281935518
87.49323636012156,174.9864727202431
41.5066556609204,83.0133113218408
91.80837553396918,183.61675106793837
15.533865318400197,31.067730636800395
94.35921199782838,188.71842399565676
59.7571266796729,119.5142533593458
94.34694220715426,188.6938844143085
34.5576887753152,69.1153775506304
48.91555375121579,97.83110750243158
12.195226988852648,24.390453977705295
86.49814075369113,172.99628150738226
2.647251490647984,5.294502981295968
54.246269156324225,108.49253831264845
82.27395372129735,164.5479074425947
71.09112882197404,142.18225764394808
2.7215256725822146,5.443051345164429
69.5339853090731,139.0679706181462
57.15485986597655,114.3097197319531
80.83584388766855,161.6716877753371
23.545064673808703,47.090129347617406
17.361009639374526,34.72201927874905
67.82731228871371,135.65462457742743
93.73816920022587,187.47633840045174
70.09974186745832,140.19948373491664
34.642017518750535,69.28403503750107
48.92774546004291,97.85549092008581
28.47775708232779,56.95551416465558
53.46364201258231,106.92728402516462
28.555929646908297,57.11185929381659
15.991193079030152,31.982386158060304
82.26084174880087,164.52168349760174
0.4000383728833268,0.8000767457666536
55.754283783026374,111.50856756605275
40.667462596970175,81.33492519394035
27.00801929008314,54.01603858016628
89.82968010364131,179.65936020728262
83.35059012713668,166.70118025427337
94.34126859962205,188.6825371992441
45.317255612338236,90.63451122467647
19.30889890485027,38.61779780970054
19.630339905228233,39.260679810456466
0.9654262706238259,1.9308525412476518
67.97484926382981,135.94969852765962
95.94258353255827,191.88516706511655
12.478960414504925,24.95792082900985
82.9084497433878,165.8168994867756
67.34435248619005,134.6887049723801
43.6445795627588,87.2891591255176
79.0544774277277,158.1089548554554
32.72277498896305,65.4455499779261
52.79117792642799,105.58235585285598
46.611235847219604,93.22247169443921
86.4583846038387,172.9167692076774
90.94900312166723,181.89800624333446
42.86054804262881,85.72109608525761
27.633067087366147,55.266134174732294
39.598078138089576,79.19615627617915
2.073729740446384,4.147459480892768
91.71703807539966,183.4340761507993
85.44789407018241,170.89578814036483
45.21449845000532,90.42899690001065
49.07553415638891,98.15106831277782
9.205300699967944,18.41060139993589
26.20661157284222,52.41322314568444
45.85107774344828,91.70215548689656
82.36527476299756,164.73054952599512
64.54224410305048,129.08448820610096
0.5176770012813803,1.0353540025627606
14.75769108942636,29.51538217885272
77.37306525865944,154.74613051731887
95.30804906232848,190.61609812465696
54.36286378853082,108.72572757706163
6.26269971697655,12.5253994339531
84.93952489288215,169.8790497857643
93.02222907024338,186.04445814048677
81.21267345170658,162.42534690341316
52.309771449408885,104.61954289881777
71.31933262763214,142.63866525526427
30.621395997571877,61.242791995143754
58.50502998372702,117.01005996745404
64.76280584750006,129.52561169500012
46.99980946323863,93.99961892647725
46.53182955372315,93.0636591074463
36.561067443706264,73.12213488741253
92.00291287976759,184.00582575953518
60.0068323054211,120.0136646108422
89.76705716188177,179.53411432376353
76.82556005108786,153.65112010217572
58.1390688573995,116.278137714799
42.15240389287456,84.30480778574912
28.453156092574204,56.90631218514841
6.030393779742327,12.060787559484654
48.60362227193489,97.20724454386978
15.632491539557659,31.264983079115318
11.13336413912165,22.2667282782433
33.390708910387126,66.78141782077425
65.69609134520017,131.39218269040035
51.579597403233755,103.15919480646751
15.767799310692022,31.535598621384043
58.40002335169664,116.80004670339328
58.2629309394805,116.525861878961
90.91096076637834,181.82192153275668
58.77968707619778,117.55937415239556
50.053670506736395,100.10734101347279
83.3623697863748,166.7247395727496
16.01458797028782,32.02917594057564
70.99042058143732,141.98084116287464
46.591550131486926,93.18310026297385
76.60280212883154,153.20560425766308
42.274024487933644,84.54804897586729
44.62584924908569,89.25169849817138
92.02976835923822,184.05953671847644
65.40640133598134,130.8128026719627
26.530134454245758,53.060268908491516
75.8509465599303,151.7018931198606
85.8593501510285,171.718700302057
35.02844896095883,70.05689792191767
2.2203549478475137,4.4407098956950275
82.37341270944101,164.74682541888203
90.70311602347307,181.40623204694614
3.435385685739889,6.870771371479778
5.009486223963055,10.01897244792611
97.66647448433767,195.33294896867534
55.95695464161089,111.91390928322178
44.58611564307904,89.17223128615808
19.287273487169855,38.57454697433971
87.05850235085936,174.1170047017187
58.77504594525925,117.5500918905185
59.55688366659224,119.11376733318448
59.64869639453836,119.29739278907672
29.821604478546583,59.643208957093165
52.90149002419082,105.80298004838164
74.03472099783428,148.06944199566857
54.01546089271015,108.0309217854203
10.272100416677576,20.544200833355152
34.63911146933592,69.27822293867185
67.42468428365852,134.84936856731704
85.18918406104336,170.37836812208673
69.18650880357353,138.37301760714706
36.28541412445614,72.57082824891228
23.13509496297702,46.27018992595404
7.720825647746555,15.44165129549311
38.10854207086667,76.21708414173334
44.234055156998274,88.46811031399655
24.63949930663447,49.27899861326894
15.14390689033367,30.28781378066734
26.179384474040233,52.35876894808047
26.124261069456757,52.248522138913515
50.20625440371455,100.4125088074291
40.151097882358755,80.30219576471751
96.64345589284477,193.28691178568954
32.37744186186724,64.75488372373448
41.09321640763266,82.18643281526532
25.402750457098122,50.805500914196244
61.27632877331752,122.55265754663505
21.01422058819431,42.02844117638862
69.4830137919899,138.9660275839798
75.8967667261156,151.7935334522312
34.129178169011084,68.25835633802217
58.59664839869135,117.1932967973827
30.165552620887947,60.331105241775894
21.56837817042461,43.13675634084922
6.235796313531883,12.471592627063766
75.0275500676939,150.0551001353878
19.59802621865252,39.19605243730504
6.173701011641663,12.347402023283326
97.36931424130984,194.73862848261967
92.67466608345958,185.34933216691917
87.84952371174835,175.6990474234967
3.4572098970547582,6.9144197941095165
33.89027903316659,67.78055806633319
42.12827105377047,84.25654210754094
61.22025082283674,122.44050164567348
27.722257176908972,55.444514353817944
33.88096647705348,67.76193295410695
43.92458806650173,87.84917613300345
94.77376771563512,189.54753543127023
22.282124721124575,44.56424944224915
35.63242853887719,71.26485707775439
46.47348306450101,92.94696612900202
17.206618652811322,34.413237305622644
40.82157996064829,81.64315992129659
20.991811756701374,41.98362351340275
1.2722339210988531,2.5444678421977063
37.12367909007778,74.24735818015556
63.56035869863579,127.12071739727158
40.065955402380304,80.13191080476061
88.04775762234101,176.09551524468202
62.50982513659211,125.01965027318423
44.00452558129134,88.00905116258268
87.87800433310927,175.75600866621855
66.59496347029685,133.1899269405937
39.88626718412257,79.77253436824515
41.023160698243935,82.04632139648787
7.297914955262518,14.595829910525037
13.920115815215695,27.84023163043139
58.680392064521016,117.36078412904203
73.85978088792916,147.71956177585832
51.0026121636396,102.0052243272792
47.226537371213,94.453074742426
38.055994205378184,76.11198841075637
44.37645388654261,88.75290777308523
81.74822092321769,163.49644184643537
65.12204665629335,130.2440933125867
52.04736008727542,104.09472017455084
91.40753110693088,182.81506221386175
99.52305433332906,199.0461086666581
48.05526633243373,96.11053266486746
74.75652815861754,149.51305631723508
15.0780284117358,30.1560568234716
10.756273163128927,21.512546326257855
64.77207735734548,129.54415471469096
67.70637523489987,135.41275046979973
30.53638392484722,61.07276784969444
9.864050364144806,19.72810072828961
58.85724921363435,117.7144984272687
68.2206726123374,136.4413452246748
48.682427488345425,97.36485497669085
8.509975181474449,17.019950362948897
71.92309291152057,143.84618582304114
16.189574278669884,32.37914855733977
77.14536691484678,154.29073382969355
74.82824421253416,149.65648842506832
76.34939576664952,152.69879153329904
97.59791799736222,195.19583599472443
29.530119728842884,59.06023945768577
88.5531316608371,177.1062633216742
15.72755639857798,31.45511279715596
70.6331009216866,141.2662018433732
38.6707543451416,77.3415086902832
16.69272702242226,33.38545404484452
84.63839346125577,169.27678692251155
80.35100065502337,160.70200131004674
3.205689209322815,6.41137841864563
86.93618957482416,173.8723791496483
95.77169329873652,191.54338659747305
7.151522111483899,14.303044222967799
10.406505595265026,20.81301119053005
64.77267790720524,129.54535581441047
27.872133544080047,55.74426708816009
20.47897305488754,40.95794610977508
45.7833119720185,91.566623944037
99.32128004428002,198.64256008856003
22.733128108459578,45.466256216919156
54.05419391182761,108.10838782365522
99.09238018158177,198.18476036316355
70.67274628317048,141.34549256634097
48.29687762298951,96.59375524597903
59.946986418862544,119.89397283772509
36.21516976352681,72.43033952705362
36.73600953481302,73.47201906962604
33.488506412513594,66.97701282502719
41.85233630564515,83.7046726112903
28.323522809487113,56.647045618974225
52.58113817074829,105.16227634149658
5.803911864803646,11.607823729607292
34.20107794031089,68.40215588062178
62.15377963317439,124.30755926634878
57.30041395583599,114.60082791167198
49.24947353373588,98.49894706747176
24.989831714095878,49.979663428191756
26.10482897851242,52.20965795702484
85.53986867262766,171.07973734525532
59.434875931104614,118.86975186220923
67.83422062608297,135.66844125216593
86.31006474002353,172.62012948004707
1.3883439453162172,2.7766878906324344
67.4408494340194,134.8816988680388
55.19185816578624,110.38371633157249
85.50161494936701,171.00322989873402
99.9171695812098,199.8343391624196
27.286938949327364,54.57387789865473
2.200632093972388,4.401264187944776
17.212699612807135,34.42539922561427
56.825968550671405,113.65193710134281
65.22092943010585,130.4418588602117
40.85206907269119,81.70413814538237
48.360151471010894,96.72030294202179
84.8506960979198,169.7013921958396
41.27668449283556,82.55336898567111
33.94314056497516,67.88628112995032
63.434874323890924,126.86974864778185
8.002872350827971,16.005744701655942
91.17886674410242,182.35773348820484
41.218238586880496,82.43647717376099
87.68186447053957,175.36372894107913
71.71338915644084,143.42677831288168
26.455870705518336,52.91174141103667
73.13410537495363,146.26821074990727
24.923531979066947,49.847063958133894
56.96575471399564,113.93150942799129
40.379239898658966,80.75847979731793
69.88794794851569,139.77589589703138
13.609762410475367,27.219524820950735
5.062754641554212,10.125509283108425
78.26687666813662,156.53375333627324
40.4841404494128,80.9682808988256
72.52518999998073,145.05037999996145
4.51153204759337,9.02306409518674
27.837283019745573,55.67456603949115
77.09150584521647,154.18301169043295
49.29050906506956,98.58101813013911
21.84271530267313,43.68543060534626
27.807000447020403,55.61400089404081
97.67250209542746,195.34500419085492
56.48033080779786,112.96066161559573
20.797579316748006,41.59515863349601
30.115809759996402,60.231619519992805
73.88877339481115,147.7775467896223
31.656458919529197,63.31291783905839
94.37238016927523,188.74476033855046
9.045824104385025,18.09164820877005
68.56808286906781,137.13616573813562
52.54804709819412,105.09609419638824
96.97787678670905,193.9557535734181
98.72805615780067,197.45611231560133
88.81154420626751,177.62308841253503
77.96856926993601,155.93713853987202
49.97124624951738,99.94249249903476
72.25225104136179,144.50450208272358
86.7469543032412,173.4939086064824
2.5149350954865146,5.029870190973029
58.20095464435885,116.4019092887177
82.61221829460771,165.22443658921543
99.06857570107852,198.13715140215703
61.322812053212836,122.64562410642567
49.766758893521434,99.53351778704287
3.1088431743193756,6.217686348638751
0.6692855501128414,1.3385711002256828
10.081296139891972,20.162592279783944
70.19632719470738,140.39265438941476
28.69528884143252,57.39057768286504
52.41707094456351,104.83414188912703
22.139813054602786,44.27962610920557
91.63820463155375,183.2764092631075
85.33584162209068,170.67168324418137
32.08691355018918,64.17382710037836
46.432940744233306,92.86588148846661
49.58114184461419,99.16228368922837
47.164180755709296,94.32836151141859
31.93543782359337,63.87087564718674
46.94500101595172,93.89000203190344
54.44337144487948,108.88674288975896
71.83116957943749,143.66233915887497
84.35260450579062,168.70520901158125
75.96474955394208,151.92949910788417
77.18562562067103,154.37125124134207
0.23066058239904486,0.4613211647980897
3.857597986568362,7.715195973136724
17.294291747093148,34.588583494186295
46.09398543799752,92.18797087599503
57.23537191595353,114.47074383190706
31.960466713207435,63.92093342641487
26.098534518531793,52.197069037063585
18.63524690861923,37.27049381723846
48.16703734911238,96.33407469822475
48.89469029794662,97.78938059589323
27.492545831608627,54.985091663217254
33.273249481675414,66.54649896335083
43.08530158639601,86.17060317279201
65.48511815877156,130.9702363175431
20.339822291115397,40.67964458223079
53.34966745377579,106.69933490755157
99.33638243910754,198.67276487821508
84.66192295575446,169.32384591150893
85.90536966384727,171.81073932769453
44.42507962826488,88.85015925652976
8.354154450570295,16.70830890114059
79.54189754953359,159.08379509906717
18.983686220947614,37.96737244189523
33.948004717299106,67.89600943459821
20.705884807564512,41.411769615129025
47.09397746366444,94.18795492732887
26.230217685940936,52.46043537188187
48.87926945353895,97.7585389070779
53.071797302178325,106.14359460435665
22.18043385606031,44.36086771212062
92.68838218664297,185.37676437328594
70.47318802649559,140.94637605299118
9.367037478533879,18.734074957067758
82.53162164851247,165.06324329702494
96.93389970524613,193.86779941049227
90.19388325251194,180.38776650502388
77.39367823076545,154.7873564615309
82.53826541298822,165.07653082597645
89.68291058437435,179.3658211687487
61.02662767748072,122.05325535496144
70.52487265065456,141.04974530130912
40.37373837047118,80.74747674094236
17.15768397449393,34.31536794898786
21.19597864836574,42.39195729673148
50.59348560693431,101.18697121386862
73.3438584103467,146.6877168206934
76.68108202393064,153.36216404786128
5.820789397272252,11.641578794544504
58.469238024611684,116.93847604922337
50.67256565753837,101.34513131507674
66.39688853282725,132.7937770656545
91.96279891461498,183.92559782922996
86.31418783305435,172.6283756661087
91.24310062960829,182.48620125921659
57.19621188858558,114.39242377717116
58.53350454638435,117.0670090927687
27.69644360785346,55.39288721570692
50.578943298198254,101.15788659639651
34.06854357759058,68.13708715518116
46.61935585999988,93.23871171999976
22.22701252063436,44.45402504126872
9.51646797874346,19.03293595748692
23.28776239750212,46.57552479500424
74.29322122318345,148.5864424463669
3.9044561446552772,7.8089122893105545
73.659617027622,147.319234055244
83.44698059363033,166.89396118726066
84.61367484603221,169.22734969206442
10.769395071619236,21.538790143238472
49.94495971197741,99.88991942395482
61.301460056065416,122.60292011213083
68.79354466375217,137.58708932750434
72.21273468706872,144.42546937413744
71.87878162725016,143.75756325450033
82.4072937870965,164.814587574193
97.60759797233435,195.2151959446687
19.643400922253885,39.28680184450777
68.75138592633417,137.50277185266833
53.58964745541569,107.17929491083137
79.48879724451112,158.97759448902224
74.76293853374716,149.52587706749432
27.09175827846816,54.18351655693632
43.434283581953146,86.86856716390629
55.74769841241901,111.49539682483802
29.074776127148837,58.149552254297674
78.8073861782901,157.6147723565802
56.767916206483704,113.53583241296741
92.94559251642231,185.89118503284462
28.477630402808984,56.95526080561797
76.84699006047173,153.69398012094345
33.423764883121265,66.84752976624253
5.160551965678284,10.321103931356568
2.6046956010390754,5.209391202078151
77.04673222834936,154.0934644566987
20.77971114439262,41.55942228878524
94.3166135887142,188.6332271774284
99.10309423788071,198.20618847576142
26.452429904529083,52.904859809058166
11.6586978584584,23.3173957169168
43.10242328021965,86.2048465604393
75.55254945541441,151.10509891082881
76.04534960689628,152.09069921379256
44.64754422069358,89.29508844138716
95.51540362572311,191.03080725144622
54.381293089242774,108.76258617848555
96.5161765602164,193.0323531204328
35.95022693446748,71.90045386893496
63.27869787805028,126.55739575610056
74.67277339071165,149.3455467814233
99.88949109877265,199.7789821975453
3.041127362910856,6.082254725821712
71.88321724891435,143.7664344978287
65.00469579089305,130.0093915817861
56.856028198898734,113.71205639779747
11.365306884989012,22.730613769978024
64.50851593897266,129.01703187794533
52.77548499945198,105.55096999890397
65.96123172341495,131.9224634468299
46.94210208023064,93.88420416046128
84.98812849678507,169.97625699357013
72.18362142985417,144.36724285970834
7.109403375051215,14.21880675010243
38.12933348859636,76.25866697719272
52.83380962852243,105.66761925704486
62.746323058939005,125.49264611787801
99.05370016272416,198.1074003254483
30.543052867981057,61.086105735962114
5.907553331188864,11.815106662377728
38.89493256432773,77.78986512865546
88.87017785808769,177.74035571617537
37.81766935549159,75.63533871098318
78.2726553976521,156.5453107953042
55.25529937963347,110.51059875926694
66.77782778740124,133.55565557480247
2.8217947311926728,5.6435894623853455
85.44880495917505,170.8976099183501
97.39678674844446,194.7935734968889
54.444237113619046,108.88847422723809
8.605477561739983,17.210955123479966
41.28717270897978,82.57434541795956
30.5699427126614,61.1398854253228
4.622851296114927,9.245702592229854
7.6129041657908125,15.225808331581625
61.61826323470054,123.23652646940108
81.13075573560249,162.26151147120498
37.801436243861566,75.60287248772313
60.427747219837244,120.85549443967449
97.32694723506083,194.65389447012166
64.02163944699201,128.04327889398402
89.84159081593535,179.6831816318707
56.1020216495125,112.204043299025
43.59806137221124,87.19612274442248
75.91646730423322,151.83293460846645
79.5391333548157,159.0782667096314
48.115372598095064,96.23074519619013
24.121948222901946,48.24389644580389
54.78261316404493,109.56522632808986
6.704032361093626,13.408064722187252
4.697459866710895,9.39491973342179
85.38514451050078,170.77028902100156
65.21887691414365,130.4377538282873
45.81510926473591,91.63021852947182
56.693812404769616,113.38762480953923
22.115887789025358,44.231775578050716
18.925469872265143,37.85093974453029
30.779791531542934,61.55958306308587
66.62806952133394,133.25613904266788
42.01587312889538,84.03174625779076
78.83953608613827,157.67907217227653
1.4610759122236305,2.922151824447261
29.3813200277536,58.7626400555072
39.96495909419517,79.92991818839035
79.8207905655002,159.6415811310004
78.23655235153652,156.47310470307303
99.03557106925133,198.07114213850267
59.86307427949986,119.72614855899972
29.019762764466016,58.03952552893203
93.4615281042867,186.9230562085734
4.475456813263423,8.950913626526846
1.6030291676946695,3.206058335389339
91.99937225867208,183.99874451734416
14.002044482870524,28.004088965741047
16.818106789481245,33.63621357896249
0.7827530643419678,1.5655061286839356
9.619661880164077,19.239323760328155
40.76331151002302,81.52662302004605
67.31073618105644,134.62147236211288
90.20389579136359,180.40779158272719
28.072498154137303,56.14499630827461
91.75366135070409,183.50732270140819
45.196345569174746,90.39269113834949
82.84053672275797,165.68107344551595
94.92046528432711,189.84093056865422
55.186305855037155,110.37261171007431
1.459609852155963,2.919219704311926
86.76233642493865,173.5246728498773
25.064348809837423,50.128697619674845
22.937303058401405,45.87460611680281
82.12517549031726,164.25035098063452
91.10887342122959,182.21774684245918
25.857414675779864,51.71482935155973
95.85431391751331,191.70862783502662
5.512443388039179,11.024886776078358
6.664252868390319,13.328505736780638
1.5732081140793275,3.146416228158655
31.230885692973022,62.461771385946044
98.5613945255292,197.1227890510584
47.30230893559113,94.60461787118226
73.29872157686127,146.59744315372254
10.072124763305002,20.144249526610004
59.382771367551534,118.76554273510307
64.8951548857643,129.7903097715286
50.84005541610449,101.68011083220898
74.16093422325335,148.3218684465067
41.03413263774702,82.06826527549404
19.906041279508436,39.81208255901687
24.541640908271745,49.08328181654349
38.366823844338974,76.73364768867795
73.62990391148081,147.25980782296162
2.126256139646976,4.252512279293952
94.86998088165271,189.73996176330542
34.74420981218511,69.48841962437022
20.02146265105488,40.04292530210976
23.37557698648862,46.75115397297724
77.49593529452315,154.9918705890463
53.22604424017015,106.4520884803403
39.04991487108277,78.09982974216554
6.578710761076245,13.15742152215249
22.72847297415801,45.45694594831602
19.543096723041774,39.08619344608355
58.33985093580708,116.67970187161416
64.53032912341435,129.0606582468287
38.107777027830394,76.21555405566079
58.138265551615945,116.27653110323189
2.3099544176389375,4.619908835277875
63.12287523465194,126.24575046930389
15.38099905734791,30.76199811469582
19.263121613610366,38.52624322722073
41.416122527675014,82.83224505535003
36.60065494530876,73.20130989061752
80.74147278676604,161.48294557353208
49.2725049075283,98.5450098150566
89.93190622581105,179.8638124516221
88.50052640116974,177.00105280233947
4.541332380940666,9.082664761881333
27.318709985965782,54.637419971931564
27.46479168902137,54.92958337804274
51.222039436474795,102.44407887294959
0.007928965829717693,0.015857931659435387
50.97215818707479,101.94431637414958
21.977300659125877,43.954601318251754
48.83953930924915,97.6790786184983
92.83029321861098,185.66058643722195
6.874433519475365,13.74886703895073
49.69619502305203,99.39239004610405
90.5171909232198,181.0343818464396
21.284359956772036,42.56871991354407
45.04362656220033,90.08725312440066
84.61038889076528,169.22077778153056
97.03718191169108,194.07436382338216
90.48957484950691,180.97914969901382
99.73235243983713,199.46470487967426
74.08610351740576,148.17220703481152
74.7991040555612,149.5982081111224
91.87309723724435,183.7461944744887
51.98196589335409,103.96393178670817
20.2100266611254,40.4200533222508
52.08645951582421,104.17291903164842
76.4385478446127,152.8770956892254
98.66464383097421,197.32928766194843
51.06064647610323,102.12129295220646
69.95935032504963,139.91870065009925
9.76426045723211,19.52852091446422
67.17528768751917,134.35057537503835
81.17958051481706,162.35916102963412
97.1236533327087,194.2473066654174
33.15392723252767,66.30785446505534
44.6183946097207,89.2367892194414
1.4392841361424047,2.8785682722848094
68.47667117944309,136.95334235888618
42.643277868974835,85.28655573794967
55.838119846125934,111.67623969225187
47.41094641361684,94.82189282723368
93.30924263084643,186.61848526169285
9.002425016814064,18.004850033628127
78.66941084390466,157.33882168780931
10.469382258171356,20.93876451634271
49.02396244422853,98.04792488845706
14.173159652085465,28.34631930417093
86.01676629742026,172.03353259484052
15.413506418428735,30.82701283685747
62.66375532499533,125.32751064999066
63.226634747690426,126.45326949538085
16.278384635735897,32.556769271471794
48.8588952701681,97.7177905403362
17.35727901378824,34.71455802757648
74.33121158360541,148.66242316721082
61.90951743430235,123.8190348686047
48.82617906043561,97.65235812087121
5.4233744332674805,10.846748866534961
43.02705440486581,86.05410880973162
7.476574052121576,14.953148104243152
99.77580399854425,199.5516079970885
21.099554369970196,42.19910873994039
74.15265908034074,148.30531816068148
77.0843046449944,154.1686092899888
17.998696640293556,35.99739328058711
95.97658746703898,191.95317493407796
13.082122854818646,26.164245709637292
63.76046501305777,127.52093002611554
9.50321557824333,19.00643115648666
76.32161178817182,152.64322357634364
52.998811554933646,105.99762310986729
27.658234969132245,55.31646993826449
23.750153454842792,47.500306909685584
91.74380006991171,183.48760013982343
45.720250369450476,91.44050073890095
86.82296858044657,173.64593716089314
48.30698687610545,96.6139737522109
46.815338377210516,93.63067675442103
23.14857119132232,46.29714238264464
14.395218921491947,28.790437842983895
2.362882074586692,4.725764149173384
32.59380204272485,65.1876040854497
31.7375517340035,63.475103468007
16.74303923537468,33.48607847074936
19.398684154663435,38.79736830932687
7.809439359854375,15.61887871970875
30.360986393781076,60.72197278756215
87.58867524137102,175.17735048274204
47.72728701818272,95.45457403636544
56.46847800988897,112.93695601977794
92.18506474583754,184.37012949167507
35.7559279640834,71.5118559281668
86.27623420802185,172.5524684160437
93.22589656871237,186.45179313742474
17.53970902624763,35.07941805249526
9.929818470977636,19.859636941955273
5.0425229216500504,10.085045843300101
79.18830138410073,158.37660276820145
76.75364035792464,153.50728071584928
81.59644727593457,163.19289455186913
1.2568780144079472,2.5137560288158944
58.396892165816574,116.79378433163315
24.97114046651314,49.94228093302628
96.46812502574542,192.93625005149084
72.51371705116938,145.02743410233876
72.28939102801651,144.57878205603302
50.132819443733254,100.26563888746651
55.88253865710933,111.76507731421866
47.70519907776397,95.41039815552794
63.0986001859982,126.1972003719964
56.98654335337688,113.97308670675376
71.89475055227811,143.78950110455622
31.46326301868765,62.9265260373753
44.08074527456577,88.16149054913154
68.27779857853038,136.55559715706076
65.05794955772569,130.11589911545138
7.296228481020018,14.592456962040036
84.42291057800968,168.84582115601935
13.602806941854361,27.205613883708722
81.63436299180718,163.26872598361436
66.66873513485389,133.33747026970778
44.87771331666336,89.75542663332672
56.4232136685422,112.8464273370844
57.840677490428526,115.68135498085705
81.69941630267098,163.39883260534197
74.52499423953833,149.04998847907666
6.912740302504061,13.825480605008122
39.66949288169731,79.33898576339462
41.34369752956305,82.6873950591261
0.6874852963672295,1.374970592734459
68.42662717958724,136.85325435917449
80.70930370141491,161.41860740282982
29.186894037645693,58.37378807529139
84.704934304298,169.409868608596
79.80401392415422,159.60802784830844
97.26958978357571,194.53917956715142
23.75621490414116,47.51242980828232
34.54196666874485,69.0839333374897
31.412016087022778,62.824032174045556
31.659620650748742,63.319241301497485
7.186920677090436,14.373841354180872
56.52137017461164,113.04274034922328
68.13995841151137,136.27991682302275
6.50773725439392,13.01547450878784
55.08907441103823,110.17814882207647
36.12153421985293,72.24306843970587
94.07265067491956,188.14530134983912
14.866342066837678,29.732684133675356
64.81326006257241,129.62652012514482
45.73864603064829,91.47729206129658
37.637718045074585,75.27543609014917
79.71702726105356,159.43405452210712
24.365289414007407,48.730578828014814
20.192662834308027,40.385325668616055
90.02335020717534,180.04670041435068
2.4068648507960977,4.813729701592195
19.033582516610316,38.06716503322063
4.187831926774255,8.37566385354851
0.20529433357439064,0.4105886671487813
85.67840735336324,171.35681470672648
91.64645659477962,183.29291318955924
40.91993775517974,81.83987551035948
20.15991947800504,40.31983895601008
33.89488775231059,67.78977550462118
4.347596184891289,8.695192369782578
1.7862978852048794,3.572595770409759
77.64300466797073,155.28600933594146
31.159320741389017,62.318641482778034
54.339852273273515,108.67970454654703
67.38848649184315,134.7769729836863
53.187609749110834,106.37521949822167
18.152280322850178,36.304560645700356
71.60846714466057,143.21693428932113
26.50187975523336,53.00375951046672
53.21664491290539,106.43328982581077
8.13802388666539,16.27604777333078
71.50341688201732,143.00683376403464
85.19557437837341,170.39114875674682
57.722235058736295,115.44447011747259
50.88252136589132,101.76504273178264
21.063249018656094,42.12649803731219
94.7992669440638,189.5985338881276
96.33803839927526,192.67607679855053
17.025643931789958,34.051287863579915
43.216269289452,86.432538578904
2.62073282246319,5.24146564492638
98.35540894334859,196.71081788669719
54.43668732345629,108.87337464691258
88.58051236404899,177.16102472809797
37.17406248210471,74.34812496420942
68.16755209450643,136.33510418901287
14.865738935426098,29.731477870852196
7.04754275608318,14.09508551216636
59.26239525665268,118.52479051330536
39.73630089047296,79.47260178094592
75.50895882090892,151.01791764181783
97.15083151734298,194.30166303468596
20.56681474032198,41.13362948064396
40.21429819721881,80.42859639443762
46.07671900479846,92.15343800959693
91.68142395111083,183.36284790222166
98.01545855878986,196.03091711757972
9.794329103749844,19.588658207499687
32.08925357444669,64.17850714889337
47.920923278955996,95.84184655791199
5.607736837005561,11.215473674011122
85.33798717550812,170.67597435101624
46.651627734092116,93.30325546818423
46.797017367728735,93.59403473545747
2.0493181710591,4.0986363421182
88.83102385847742,177.66204771695485
76.08118605708566,152.16237211417132
79.31759444021365,158.6351888804273
90.00285342604215,180.0057068520843
39.35346484068019,78.70692968136038
47.26107938069318,94.52215876138636
55.01604936646009,110.03209873292018
76.95431928447331,153.90863856894663
84.48858785704927,168.97717571409854
83.29860689627169,166.59721379254339
62.75572962802709,125.51145925605418
0.912030508098105,1.82406101619621
89.94895366882646,179.89790733765292
96.11693670326939,192.23387340653878
15.184779500478617,30.369559000957235
62.47456333515051,124.94912667030103
97.26210779434027,194.52421558868053
82.77038750317838,165.54077500635677
71.95171745154015,143.9034349030803
7.041176220474965,14.08235244094993
29.585580729406523,59.171161458813046
25.87349550131668,51.74699100263336
48.75531520169951,97.51063040339902
90.11586841185594,180.23173682371188
28.548802901304825,57.09760580260965
35.83706239880233,71.67412479760466
70.25133222682533,140.50266445365065
45.51236023773784,91.02472047547568
42.25665155887336,84.51330311774672
16.950789326036876,33.90157865207375
85.23382663386681,170.46765326773362
0.9440125210856687,1.8880250421713374
55.03904031409854,110.07808062819709
73.20653509716605,146.4130701943321
41.02014247000657,82.04028494001314
45.79441156452268,91.58882312904537
38.551281097704816,77.10256219540963
34.77587206530922,69.55174413061845
30.757929632297387,61.51585926459477
3.9377692854135615,7.875538570827123
10.639330198284592,21.278660396569183
63.96767291661439,127.93534583322878
77.23573286288018,154.47146572576037
84.16015551753942,168.32031103507884
43.57082610984598,87.14165221969196
70.73514824592915,141.4702964918583
18.538147208794552,37.076294417589104
12.843325328422917,25.686650656845835
52.87635314726923,105.75270629453846
95.58017041834383,191.16034083668765
39.618828485688276,79.23765697137655
17.76280308982624,35.52560617965248
53.51060456142914,107.02120912285828
58.348922054253,116.697844108506
36.69473644833224,73.38947289666449
48.017930103442865,96.03586020688573
61.13164318508668,122.26328637017336
98.75983925216603,197.51967850433206
27.112554399185196,54.22510879837039
57.741564383231605,115.48312876646321
52.43068834764932,104.86137669529865
23.781052104213487,47.56210420842697
49.53966420025997,99.07932840051994
46.966669415208926,93.93333883041785
4.641431469733304,9.282862939466607
66.3015483010902,132.6030966021804
7.061753261673109,14.123506523346219
63.03896801675243,126.07793603350486
7.258716207605842,14.517432415211683
93.56508423931051,187.13016847862102
59.4236715610463,118.8473431220926
84.6984980066402,169.3969960132804
57.34362619241471,114.68725238482942
82.2826380803273,164.5652761606546
24.28855971434046,48.57711942868092
32.59683999315101,65.19367998630202
71.3786562812317,142.7573125624634
31.71826799179449,63.43653598358898
40.234949353289885,80.46989870657977
75.24619692794523,150.49239385589047
54.60926285176907,109.21852570353813
56.64794954681709,113.29589909363418
5.719017551856343,11.438035103712686
19.635575272154604,39.27115054430921
80.74013062370912,161.48026124741824
34.85888314152241,69.71776628304482
95.81140970567196,191.62281941134393
35.98084324939867,71.96168649879733
48.11385622984026,96.22771245968052
27.907434924925145,55.81486984985029
3.2580722611935786,6.516144522387157
69.8604649268422,139.7209298536844
87.92024700191736,175.84049400383472
81.67117240097741,163.34234480195482
57.571332818393486,115.14266563678697
63.717847505367274,127.43569501073455
83.82365390974245,167.6473078194849
3.824980982694204,7.649961965388408
53.51995929606193,107.03991859212385
14.508154060601008,29.016308121202016
8.240665204239539,16.481330408479078
79.64962180753457,159.29924361506914
62.935608521059486,125.87121704211897
17.15161155813337,34.30322311626674
27.29009595430175,54.5801919086035
35.82151411566542,71.64302823133085
55.69512050332687,111.39024100665374
98.75002355589767,197.50004711179534
33.81076503518317,67.62153007036633
67.79585968547602,135.59171937095203
44.941532694044106,89.88306538808821
31.337379041998894,62.67475808399779
81.46959796443147,162.93919592886294
64.25960658332237,128.51921316664473
94.88118978204885,189.7623795640977
39.75984102724945,79.5196820544989
86.9803960897718,173.9607921795436
84.18581865700195,168.3716373140039
64.00949990320862,128.01899980641724
37.68446812648345,75.3689362529669
31.186692341704227,62.37338468340845
97.75242998705103,195.50485997410206
23.984272457161417,47.968544914322834
55.48495247661476,110.96990495322952
56.47402660111515,112.9480532022303
71.82681928810568,143.65363857621136
60.60086516024974,121.20173032049948
49.26476121568122,98.52952243136244
96.25566533236834,192.51133066473668
90.49759134491201,180.99518268982402
96.45424761158023,192.90849522316046
85.71699560210013,171.43399120420025
1.5590289439852967,3.1180578879705934
34.40653816979926,68.81307633959852
86.23164803288283,172.46329606576566
6.9789280873501,13.9578561747002
67.9528093125981,135.9056186251962
0.8198068472174302,1.6396136944348605
74.02908570834057,148.05817141668115
11.666793199710668,23.333586399421335
15.762285987600077,31.524571975200153
62.907073723817355,125.81414744763471
59.95548620161003,119.91097240322006
2.1687343349576893,4.337468669915379
7.816337405560625,15.63267481112125
85.37707968446058,170.75415936892117
59.75238831954384,119.50477663908768
94.81573549970325,189.6314709994065
80.63440285321232,161.26880570642464
51.81942837434984,103.63885674869968
75.08696711819005,150.1739342363801
64.1412100822662,128.2824201645324
68.46415577017798,136.92831154035596
14.078404786366328,28.156809572732655
69.11186999030605,138.2237399806121
93.4001881774742,186.8003763549484
50.44977246133475,100.8995449226695
90.26999147364242,180.53998294728484
70.2755549752261,140.5511099504522
54.676863644908636,109.35372728981727
13.140474626059284,26.280949252118567
47.980910651109454,95.96182130221891
96.61360908523096,193.22721817046192
96.24762702756057,192.49525405512114
10.232980301685913,20.465960603371826
79.2116331807483,158.4232663614966
92.25182304018284,184.50364608036568
80.41940474558137,160.83880949116275
45.17774479230447,90.35548958460895
42.48672100658625,84.9734420131725
19.373986760873528,38.747973521747056
6.724587466553333,13.449174933106667
10.184202589873248,20.368405179746496
48.267648818753216,96.53529763750643
26.843285183826826,53.68657036765365
55.993071559682505,111.98614311936501
65.91505628025892,131.83011256051785
34.75979565838871,69.51959131677742
23.221558011603673,46.443116023207345
1.7623799237532767,3.5247598475065534
79.35262165409135,158.7052433081827
38.62268504054165,77.2453700810833
28.01140608523356,56.02281217046712
16.268885291386248,32.537770582772495
70.03846688262507,140.07693376525015
90.33182589948139,180.66365179896277
55.48580708459345,110.9716141691869
17.32251930569635,34.6450386113927
96.15020004398683,192.30040008797366
29.59180854792105,59.1836170958421
96.0615880476051,192.1231760952102
80.26652418419505,160.5330483683901
90.97603604979591,181.95207209959182
53.62205209331987,107.24410418663975
18.014075142869135,36.02815028573827
29.114574662675174,58.22914932535035
65.42510671737303,130.85021343474605
34.23998454532048,68.47996909064096
26.696707865351442,53.393415730702884
33.551646419752515,67.10329283950503
4.997537779624506,9.995075559249011
53.74117696104168,107.48235392208336
52.20247789350807,104.40495578701614
57.25793352624983,114.51586705249966
5.7036174509143,11.4072349018286
68.33182248248043,136.66364496496087
33.217828462302734,66.43565692460547
39.195383440666,78.390766881332
47.059577791241715,94.11915558248343
25.710743518577907,51.42148703715581
90.72335250336194,181.44670500672387
92.70051050562164,185.40102101124327
62.82470200284017,125.64940400568034
73.00650190167919,146.01300380335837
32.449354008337394,64.89870801667479
72.12692026960252,144.25384053920504
11.160860539938145,22.32172107987629
25.655424087928825,51.31084817585765
84.325430070426,168.650860140852
34.50288299030465,69.0057659806093
83.93830283053262,167.87660566106524
79.38689930599095,158.7737986119819
56.12565132435229,112.25130264870458
55.64793447491581,111.29586894983161
0.5215162336709156,1.0430324673418312
7.342439548187418,14.684879096374836
25.146092252310638,50.292184504621275
96.24345454690267,192.48690909380534
47.92666563911907,95.85333127823814
56.20324842314536,112.40649684629072
82.7530312734848,165.5060625469696
87.18823187287498,174.37646374574996
73.07638585322943,146.15277170645885
78.43011270684538,156.86022541369076
60.80657243574412,121.61314487148825
60.270693008252266,120.54138601650453
9.798934005534555,19.59786801106911
50.890604967055594,101.78120993411119
45.98489282586773,91.96978565173546
88.72926929534621,177.45853859069243
51.158191537036444,102.31638307407289
23.78584434229074,47.57168868458148
90.09426178484385,180.1885235696877
54.792273395217364,109.58454679043473
72.57757757416199,145.15515514832398
97.36147816924787,194.72295633849575
21.379924563903085,42.75984912780617
26.698901421534305,53.39780284306861
57.67127493457708,115.34254986915415
39.17183718565612,78.34367437131225
40.92793180413775,81.8558636082755
75.62814455520792,151.25628911041585
42.46451573412148,84.92903146824295
6.0307013332845045,12.061402666569009
29.57055172252353,59.14110344504706
99.17012858905487,198.34025717810974
73.31373487347143,146.62746974694286
71.3055804623055,142.611160924611
30.6262990670505,61.252598134101
36.73986088596389,73.47972177192779
43.11872907322785,86.2374581464557
27.292367273165794,54.58473454633159
71.18329925730124,142.3665985146025
35.16980884386805,70.3396176877361
69.86059385460034,139.72118770920068
37.08205907684682,74.16411815369364
14.334304580428947,28.668609160857894
15.02205604127419,30.04411208254838
21.402752987472663,42.805505974945326
55.72106758805837,111.44213517611674
59.55785462592142,119.11570925184284
17.87927615774062,35.75855231548124
93.37533935756552,186.75067871513104
12.92446502693505,25.8489300538701
5.590710453399838,11.181420906799676
62.073576689283115,124.14715337856623
65.9309900436061,131.8619800872122
17.57096799027298,35.14193598054596
27.38852564272749,54.77705128545498
18.51876132671284,37.03752265342568
29.861503854415638,59.723007708831275
6.238337651199998,12.476675302399997
10.133504328806975,20.26700865761395
89.67538210423199,179.35076420846397
25.39987779351307,50.79975558702614
43.695737453074656,87.39147490614931
11.76410636915277,23.52821273830554
40.07107307465281,80.14214614930562
82.44490015211441,164.88980030422883
84.30913512857433,168.61827025714865
44.30916230329039,88.61832460658079
23.72744050890676,47.45488101781352
39.649312094672496,79.29862418934499
41.58199985680018,83.16399971360036
80.94173544646563,161.88347089293126
91.99013281420797,183.98026562841594
42.912841590834425,85.82568318166885
46.921862265661794,93.84372453132359
84.9947267768939,169.9894535537878
73.85085636651341,147.70171273302682
74.33142469881595,148.6628493976319
0.9842894185348894,1.9685788370697788
90.55398869272058,181.10797738544116
63.99992604681385,127.9998520936277
98.48170477211796,196.96340954423593
4.638289460005862,9.276578920011724
54.19118427706271,108.38236855412542
75.45636352374464,150.91272704748928
57.08181498236862,114.16362996473724
25.080808441658775,50.16161688331755
6.782885512855552,13.565771025711104
38.381469837988114,76.76293967597623
25.39359322893383,50.78718645786766
2.5056617436691186,5.011323487338237
79.92378313241521,159.84756626483042
32.07905728698721,64.15811457397442
0.3506253149841321,0.7012506299682641
15.531177972270804,31.062355944541608
44.594180984871215,89.18836196974243
30.513102278967974,61.02620455793595
33.35357517400395,66.7071503480079
44.14833368153053,88.29666736306106
89.70205254929945,179.4041050985989
20.304383212301826,40.60876642460365
79.31708030631745,158.6341606126349
92.91151138343466,185.82302276686931
52.629854301547184,105.25970860309437
44.32223679302175,88.6444735860435
51.45014181491392,102.90028362982784
92.15971232277728,184.31942464555456
25.875414942509966,51.75082988501993
51.42709335708333,102.85418671416666
85.12313519021363,170.24627038042726
68.15555384794656,136.31110769589313
56.46285866427261,112.92571732854522
58.73585223196527,117.47170446393054
70.58725401320906,141.17450802641812
42.62913221048624,85.25826442097248
76.97461940218507,153.94923880437014
41.24161784824587,82.48323569649175
58.90098443341617,117.80196886683234
55.36737441867833,110.73474883735666
95.97735916491591,191.95471832983182
59.06439879477722,118.12879758955444
47.34533734341304,94.69067468682609
92.08056171367649,184.16112342735298
37.065890702750735,74.13178140550147
21.94839200120693,43.89678400241386
49.23904116199363,98.47808232398727
71.75999302720945,143.5199860544189
7.906727015732995,15.81345403146599
57.32986382463909,114.65972764927818
14.976675594883403,29.953351189766806
30.15398568249602,60.30797136499204
22.59387924330124,45.18775848660248
66.64325605111775,133.2865121022355
83.59331543795882,167.18663087591764
55.57594006580363,111.15188013160726
84.6031142821941,169.2062285643882
23.784392200807925,47.56878440161585
99.5638335116248,199.1276670232496
35.15103540376564,70.30207080753128
6.431791520618946,12.863583041237892
4.983862342948209,9.967724685896417
95.4411205492053,190.8822410984106
18.83999814393046,37.67999628786092
55.26235696323016,110.52471392646032
39.26924333759604,78.53848667519208
26.313758443557532,52.627516887115064
3.8984920768492914,7.796984153698583
0.918267776057824,1.836535552115648
62.75522778036892,125.51045556073784
19.42080032961536,38.84160065923072
74.19611556533665,148.3922311306733
28.46802227205638,56.93604454411276
28.382446573190922,56.764893146381844
49.39853592293151,98.79707184586302
62.70598823897142,125.41197647794284
19.435023754330626,38.87004750866125
41.88860844109714,83.77721688219428
31.251591058273963,62.503182116547926
20.332373972209883,40.664747944419766
16.86813234829114,33.73626469658228
77.2651196147161,154.5302392294322
97.34661305304273,194.69322610608546
9.682366683033516,19.364733366067032
86.52644100841941,173.05288201683882
75.80750935093494,151.61501870186987
10.549593027259963,21.099186054519926
73.91009819663348,147.82019639326697
87.56219256400932,175.12438512801864
63.99384367708439,127.98768735416878
26.298725912559007,52.597451825118014
10.181220435745718,20.362440871491437
12.456616870186899,24.913233740373798
26.19454537686269,52.38909075372538
36.64210139422629,73.28420278845257
38.53049021810948,77.06098043621895
77.97309158820023,155.94618317640047
92.49722337669853,184.99444675339706
82.55647708998318,165.11295417996635
27.91775318363795,55.8355063672759
42.19295880798713,84.38591761597426
50.14542540693247,100.29085081386494
67.7979600061414,135.5959200122828
84.7021199240939,169.4042398481878
82.00876656462788,164.01753312925575
2.6946801907729023,5.389360381545805
77.73927723959919,155.47855447919838
55.548779221641475,111.09755844328295
2.0992788015385733,4.1985576030771465
81.50791080814558,163.01582161629116
8.901436403746231,17.802872807492463
88.64178037255724,177.28356074511447
77.77015447703522,155.54030895407044
77.40732534834187,154.81465069668374
93.2717847905097,186.5435695810194
35.78872924645742,71.57745849291484
6.249123043850902,12.498246087701803
92.53136141717965,185.0627228343593
73.05334432155132,146.10668864310264
65.03578821842277,130.07157643684553
54.38038817915114,108.76077635830228
6.841371672626284,13.682743345252568
82.62771968270934,165.25543936541868
95.08654856998248,190.17309713996497
31.724159970406806,63.44831994081361
65.65614593279368,131.31229186558735
42.587304189692574,85.17460837938515
27.84468586899863,55.68937173799726
23.61674548427609,47.23349096855218
31.37881947898007,62.75763895796014
67.26546090846364,134.53092181692728
15.265583603472077,30.531167206944154
8.891313503010668,17.782627006021336
99.90832239520665,199.8166447904133
68.93435756004301,137.86871512008602
44.68953847438423,89.37907694876846
18.286972678113212,36.573945356226425
38.51324894803913,77.02649789607825
71.74101545746308,143.48203091492616
62.21224559545263,124.42449119090526
35.18606026409753,70.37212052819505
69.20670620653493,138.41341241306986
3.0570527308618756,6.114105461723751
91.86848336323466,183.73696672646932
21.721107844531605,43.44221568906321
98.38636947720849,196.77273895441698
2.483532553918555,4.96706510783711
33.58070977173955,67.1614195434791
44.271779164895676,88.54355832979135
8.610448820841821,17.220897641683642
45.382616942096064,90.76523388419213
24.10570925547908,48.21141851095816
89.79007428205132,179.58014856410264
28.399799289004534,56.79959857800907
96.58037184606525,193.1607436921305
34.03091183068035,68.0618236613607
37.82431538535357,75.64863077070714
85.94776162930127,171.89552325860254
91.61660047958595,183.2332009591719
57.91993800402432,115.83987600804863
39.028136167545554,78.05627233509111
36.8373919250677,73.6747838501354
62.159991777557664,124.31998355511533
34.99667952861704,69.99335905723407
93.090058557507,186.180117115014
79.42911030395261,158.85822060790522
34.91364953652136,69.82729907304272
62.740722795310646,125.48144559062129
57.79607779377242,115.59215558754484
38.64301048089316,77.28602096178632
16.154213474699407,32.308426949398815
13.286673889278811,26.573347778557622
65.15180735895736,130.3036147179147
37.87672072217379,75.75344144434759
14.565765524376573,29.131531048753146
70.273346896232,140.546693792464
17.133826242050386,34.26765248410077
85.20868393404524,170.41736786809048
24.92380123472039,49.84760246944078
57.24553726921684,114.49107453843368
93.9254668608515,187.850933721703
85.99961531011114,171.99923062022228
75.40894242210258,150.81788484420517
16.534308200092816,33.06861640018563
83.44937689966333,166.89875379932667
78.6928594131871,157.3857188263742
83.18174260121947,166.36348520243894
59.3009134123003,118.6018268246006
32.870515188358695,65.74103037671739
79.04767845877262,158.09535691754525
20.911951659237015,41.82390331847403
19.521756495006294,39.04351299001259
69.91237213337567,139.82474426675134
82.38803599395287,164.77607198790574
13.156939026231662,26.313878052463323
30.763159866575617,61.52631973315123
22.432202036510063,44.864404073020125
37.328889538560006,74.65777907712001
44.154344086258156,88.30868817251631
42.33331740566572,84.66663481133143
11.155162424458032,22.310324848916064
68.99643599690528,137.99287199381055
46.683307332493214,93.36661466498643
83.39401959469235,166.7880391893847
17.43127606059168,34.86255212118336
41.083349583223274,82.16669916644655
73.14226838152975,146.2845367630595
93.01085779168645,186.0217155833729
96.94037015011365,193.8807403002273
70.66076283681727,141.32152567363454
75.99729939463845,151.9945987892769
43.80659805260715,87.6131961052143
39.08857278847715,78.1771455769543
65.13267475465769,130.26534950931537
80.59596217125909,161.19192434251818
78.53379026230799,157.06758052461598
57.69160604610665,115.3832120922133
12.815662495884938,25.631324991769876
19.09481384161551,38.18962768323102
59.68964876102706,119.37929752205412
78.88180268048531,157.76360536097062
56.133728186138335,112.26745637227667
13.127667884372428,26.255335768744857
70.4159771315131,140.8319542630262
44.70135544963203,89.40271089926406
34.854172706180655,69.70834541236131
44.138051511663114,88.27610302332623
33.337245076410724,66.67449015282145
90.72640973041676,181.45281946083352
82.65803667848084,165.31607335696168
12.102274062096608,24.204548124193217
62.64098060041155,125.2819612008231
0.2920376674868663,0.5840753349737327
69.78273335148644,139.56546670297288
63.321701900012904,126.64340380002581
66.26468138281096,132.52936276562193
92.33652106393716,184.6730421278743
38.68015515925146,77.36031031850293
64.89145191541567,129.78290383083134
84.6257834759899,169.2515669519798
55.394832916314186,110.78966583262837
51.15073098165175,102.3014619633035
95.52096303846125,191.0419260769225
6.2604291238321,12.5208582476642
89.37900805265035,178.7580161053007
72.35821557694806,144.7164311538961
4.157980589092247,8.315961178184494
47.67898082617626,95.35796165235251
44.96720933234455,89.9344186646891
43.328248081536536,86.65649616307307
44.051743616383476,88.10348723276695
40.94228143147205,81.8845628629441
40.78165465849288,81.56330931698577
64.61389432167245,129.2277886433449
77.03542453192159,154.07084906384318
14.245174214045097,28.490348428090194
23.90991102089387,47.81982204178774
65.30242508517199,130.60485017034398
43.575559923152426,87.15111984630485
9.643252500205202,19.286505000410404
69.58261214538048,139.16522429076096
15.80532738970799,31.61065477941598
20.939839009179583,41.879678018359165
5.9253681759167005,11.850736351833401
96.12102569641931,192.24205139283862
68.32677572145049,136.65355144290098
2.947167251676752,5.894334503353504
80.64933798285637,161.29867596571273
22.379232654728686,44.75846530945737
55.89441607820805,111.7888321564161
6.99630844221134,13.99261688442268
1.4797247872654795,2.959449574530959
37.173979234577914,74.34795846915583
40.10775421102731,80.21550842205463
43.421740424193814,86.84348084838763
46.8896435767211,93.7792871534422
93.25647938612344,186.5129587722469
64.72661203775611,129.45322407551222
34.40226865716396,68.80453731432792
70.479806582732,140.959613165464
53.778297461021374,107.55659492204275
65.8427516218843,131.6855032437686
61.69990233873156,123.39980467746312
67.48954793600987,134.97909587201974
36.24586610733689,72.49173221467377
31.574749028316784,63.14949805663357
81.05301652905729,162.10603305811458
17.659198005719457,35.318396011438914
63.89651930312537,127.79303860625075
43.235057883114656,86.47011576622931
99.19294030016134,198.38588060032268
12.453918223888117,24.907836447776234
42.28782869702252,84.57565739404504
98.17786377965625,196.3557275593125
22.371098711279103,44.742197422558206
52.85256302006323,105.70512604012646
62.704005857156076,125.40801171431215
56.30627252656824,112.61254505313649
87.05791057788605,174.1158211557721
1.5140648305456805,3.028129661091361
20.68055341624889,41.36110683249778
82.81162650952196,165.62325301904391
64.08941880127125,128.1788376025425
40.39194827634025,80.7838965526805
35.435880430464664,70.87176086092933
4.12557410044192,8.25114820088384
54.769699539138905,109.53939907827781
88.05648861455659,176.11297722911317
96.07394943384719,192.14789886769438
8.484773100644771,16.969546201289543
82.4343605081301,164.8687210162602
18.59796552764468,37.19593105528936
48.874029218367056,97.74805843673411
40.928888974239605,81.85777794847921
66.88110887081447,133.76221774162894
46.02157165795576,92.04314331591152
59.27212102955186,118.54424205910372
96.55879203248934,193.11758406497867
51.45188925030849,102.90377850061698
47.70497945013793,95.40995890027585
98.92300231632171,197.84600463264343
66.19185020375998,132.38370040751997
0.5976687133095848,1.1953374266191696
94.84994213417043,189.69988426834087
18.341612598140944,36.68322519628189
24.65734110189357,49.31468220378714
19.932496692799806,39.86499338559961
70.40197079516958,140.80394159033915
67.97630915580723,135.95261831161446
36.809383018788225,73.61876603757645
12.143665165194829,24.287330330389658
72.05728661843453,144.11457323686906
35.24867519201666,70.49735038403333
87.63123729729605,175.2624745945921
79.01264797310876,158.0252959462175
89.3714489881266,178.7428979762532
3.8011578987831474,7.602315797566295
75.03814596453687,150.07629192907373
66.89050181091787,133.78100362183574
0.21910557377019524,0.4382111475403905
44.3853918400543,88.7707836801086
66.76955580515254,133.53911161030507
89.51405900083529,179.02811800167058
58.82496052529822,117.64992105059645
99.11390324236585,198.2278064847317
12.262722619780542,24.525445239561083
10.324444603742378,20.648889207484757
63.509502706701994,127.01900541340399
18.07354001120556,36.14708002241112
61.97540001001015,123.9508000200203
62.827024963332825,125.65404992666565
32.05729158448767,64.11458316897534
7.338145765634064,14.676291531268127
44.334583741748745,88.66916748349749
33.34148848898752,66.68297697797504
81.43342169147586,162.8668433829517
87.34496129855255,174.6899225971051
34.52951961353965,69.0590392270793
43.0406553582181,86.0813107164362
14.807120445521738,29.614240891043476
11.046499323091464,22.092998646182927
38.75472556040931,77.50945112081862
17.737580857173384,35.47516171434677
97.70383589221784,195.40767178443568
6.977935263090018,13.955870526180036
41.17316797316358,82.34633594632716
63.54296620492814,127.08593240985628
83.13057616607263,166.26115233214526
60.17843393988736,120.35686787977473
29.710733658945855,59.42146731789171
68.15095634060013,136.30191268120026
72.3437408343025,144.687481668605
34.17181134878988,68.34362269757976
28.419831576045496,56.83966315209099
66.02010612002675,132.0402122400535
38.81784794840577,77.63569589681154
36.92345861300738,73.84691722601475
16.985601011146624,33.97120202229325
95.74662585853538,191.49325171707076
83.58325914483495,167.1665182896699
99.09822980084547,198.19645960169095
60.15668202046369,120.31336404092738
79.47237846199108,158.94475692398217
73.52173459233927,147.04346918467854
52.35921080652162,104.71842161304323
48.36022225142008,96.72044450284017
6.380481633332391,12.760963266664781
10.380673823987841,20.761347647975683
26.146465056758483,52.29293011351697
74.90298889476696,149.80597778953393
85.17107093915641,170.34214187831282
74.19344486389404,148.3868897277881
99.31555986720475,198.6311197344095
47.09157403489409,94.18314806978817
73.39005554785697,146.78011109571395
57.97280579474348,115.94561158948696
14.668952176077632,29.337904352155263
31.96623518681393,63.93247037362786
37.494096326636985,74.98819265327397
47.173333253925506,94.34666650785101
70.06532787336262,140.13065574672524
63.250515046152714,126.50103009230543
95.36692933044108,190.73385866088216
49.023084097734085,98.04616819546817
35.4975802071649,70.9951604143298
20.05489738372167,40.10979476744334
97.19349367818579,194.38698735637158
79.23210117899319,158.46420235798638
35.462606286121876,70.92521257224375
85.50283240640162,171.00566481280325
48.13448550726329,96.26897101452658
62.33625919133205,124.6725183826641
17.684841320796018,35.369682641592036
28.306356273734213,56.612712547468426
95.62223588500231,191.24447177000462
46.11080378464693,92.22160756929387
10.453495805437207,20.906991610874414
45.528221915669754,91.05644383133951
83.52754152307115,167.0550830461423
81.20408135158335,162.4081627031667
43.9867645122237,87.9735290244474
35.152426323508564,70.30485264701713
36.59011023298252,73.18022046596504
39.47294429843842,78.94588859687684
30.12598269883887,60.25196539767774
85.88050530311011,171.76101060622022
90.10356415613658,180.20712831227317
89.88697080527758,179.77394161055517
73.25078146359043,146.50156292718086
23.13845956918874,46.27691913837748
57.285245294471096,114.57049058894219
96.56946660390284,193.13893320780568
15.35795812028109,30.71591624056218
91.63473455387134,183.26946910774268
81.6326212309953,163.2652424619906
6.940343825454254,13.880687650908508
37.47452078322963,74.94904156645926
79.4751336409264,158.9502672818528
39.12638312338812,78.25276624677625
10.230696786903126,20.46139357380625
78.44374638154201,156.88749276308403
27.985009257483064,55.97001851496613
84.40239863629519,168.80479727259038
81.54999533703328,163.09999067406656
82.82434186213867,165.64868372427733
77.66096141999918,155.32192283999836
34.99920619790642,69.99841239581284
11.295417780164618,22.590835560329236
35.565066604002546,71.13013320800509
85.6924079805262,171.3848159610524
95.72896764556408,191.45793529112817
51.73773113027384,103.47546226054769
67.66889904590724,135.33779809181448
54.31520103519132,108.63040207038264
64.09519544776998,128.19039089553996
63.130711892352686,126.26142378470537
22.663675616048483,45.327351232096966
55.035804902405715,110.07160980481143
49.13719580617396,98.27439161234793
51.42614943756878,102.85229887513756
1.8120351725070205,3.624070345014041
38.1520845704642,76.3041691409284
96.69800146563678,193.39600293127356
93.32689914861523,186.65379829723045
92.65643430896436,185.31286861792873
50.27907884629871,100.55815769259742
32.89047868453263,65.78095736906526
98.1521760449968,196.3043520899936
55.072289466412315,110.14457893282463
60.47578974289004,120.95157948578009
62.10013231052092,124.20026462104184
19.244365129558915,38.48873025911783
59.868809501998754,119.73761900399751
68.58327729109195,137.1665545821839
88.8219512609466,177.6439025218932
89.27324112096517,178.54648224193033
79.23323514030346,158.46647028060693
18.7586789382011,37.5173578764022
64.56267680967763,129.12535361935525
47.3092345595536,94.6184691191072
40.75759497648433,81.51518995296865
68.76696074795503,137.53392149591005
4.727671632095709,9.455343264191418
22.813002300400377,45.626004600800755
22.77264475340245,45.5452895068049
3.8783249766309424,7.756649953261885
66.06661426714516,132.1332285342903
98.39463977320113,196.78927954640227
16.50179408753434,33.00358817506868
40.05596947827009,80.11193895654019
54.28664158340825,108.5732831668165
25.65641349590312,51.31282699180624
48.412471801581034,96.82494360316207
67.90775842444413,135.81551684888825
48.703843730033824,97.40768746006765
67.24244160209142,134.48488320418284
9.757148208340183,19.514296416680367
1.0118358787095105,2.023671757419021
7.132775887343534,14.265551774687069
98.13826049590149,196.27652099180298
16.14286920120225,32.2857384024045
66.26014788446537,132.52029576893074
83.74331333342079,167.48662666684157
86.85978328656027,173.71956657312055
68.90805778588933,137.81611557177865
63.854215020651694,127.70843004130339
26.79208581263949,53.58417162527898
5.568739643487374,11.137479286974749
76.4376149292464,152.8752298584928
36.881114891926984,73.76222978385397
41.0192192877621,82.0384385755242
51.28670872059755,102.5734174411951
15.329077129355873,30.658154258711747
69.76720502030861,139.53441004061722
71.01581199816816,142.03162399633632
2.9361545578668102,5.8723091157336205
51.702888060163964,103.40577612032793
63.890344760377324,127.78068952075465
80.09344575615077,160.18689151230154
84.21797067240136,168.43594134480273
22.44830148659698,44.89660297319396
94.1248565862852,188.2497131725704
96.14728787426971,192.29457574853942
76.6718120530477,153.3436241060954
6.192339275345937,12.384678550691874
24.16197087211326,48.32394174422652
30.234377632321475,60.46875526464295
21.131270437842574,42.26254087568515
45.51638759594695,91.0327751918939
69.09691303110475,138.1938260622095
45.906344447509774,91.81268889501955
64.15891072933488,128.31782145866975
48.816230676577824,97.63246135315565
82.35040520015656,164.70081040031312
53.12464142052674,106.24928284105349
19.51927999422356,39.03855998844712
0.3476359094106596,0.6952718188213192
95.6229349212125,191.245869842425
84.69930262793416,169.39860525586832
36.11295288346598,72.22590576693196
78.91409240329935,157.8281848065987
33.42115380913191,66.84230761826382
14.392564062031866,28.785128124063732
81.27657550148008,162.55315100296016
88.46331863200254,176.92663726400508
13.070075574519159,26.140151149038317
3.8388786099085137,7.677757219817027
83.9383511661807,167.8767023323614
75.42865761860939,150.85731523721878
89.67667631659569,179.35335263319138
81.7677817930629,163.5355635861258
97.6820939759665,195.364187951933
74.8915426689666,149.7830853379332
40.41846773172749,80.83693546345498
87.42071805956617,174.84143611913234
84.36946901200965,168.7389380240193
38.7820483905332,77.5640967810664
91.63043419933686,183.26086839867372
77.31829062222221,154.63658124444441
59.971756529247436,119.94351305849487
43.85460433228147,87.70920866456294
65.0722502733876,130.1445005467752
27.83026899256488,55.66053798512976
69.21697271861001,138.43394543722002
80.5759773761814,161.1519547523628
41.96730795130704,83.93461590261408
23.840675366111153,47.681350732222306
35.072827691006026,70.14565538201205
14.398560974740471,28.797121949480943
38.77577484720405,77.5515496944081
63.106402191146586,126.21280438229317
90.73851710011367,181.47703420022734
10.948728059635126,21.897456119270252
81.24758133473392,162.49516266946785
83.19103892262216,166.3820778452443
78.33410849783161,156.66821699566322
63.19487053536228,126.38974107072455
38.14942844954371,76.29885689908743
70.03105977373818,140.06211954747636
95.86498902581114,191.72997805162228
70.2976647384385,140.595329476877
87.89307109732626,175.7861421946525
60.86267425949586,121.72534851899172
37.410658770287284,74.82131754057457
60.15749749947125,120.3149949989425
28.493741258066507,56.987482516133014
86.47015984494755,172.9403196898951
88.34968007727917,176.69936015455835
51.814799501774,103.629599003548
5.952050216938687,11.904100433877375
42.21243376622075,84.4248675324415
54.655221992644385,109.31044398528877
52.555944029280475,105.11188805856095
51.97771869931002,103.95543739862003
43.15616311383857,86.31232622767715
99.76195249524277,199.52390499048553
37.68209914782473,75.36419829564946
39.83217297390216,79.66434594780432
90.94035772298874,181.88071544597747
88.51759506958787,177.03519013917574
25.306962901702523,50.613925803405046
82.89441977734943,165.78883955469885
42.73629763560495,85.4725952712099
35.71690586877544,71.43381173755088
46.37499628227103,92.74999256454205
24.670011589449704,49.34002317889941
82.03702790765635,164.0740558153127
67.3126213214721,134.6252426429442
9.56198503818798,19.12397007637596
87.25514430729551,174.51028861459102
40.29485052421481,80.58970104842962
5.76973451094569,11.53946902189138
20.331232168905977,40.662464337811954
21.016178378820605,42.03235675764121
35.54885114839876,71.09770229679752
9.514490896325556,19.028981792651113
36.46010350131051,72.92020700262103
45.911407607420465,91.82281521484093
4.530910884699102,9.061821769398204
32.78049972768071,65.56099945536143
31.240139352615515,62.48027870523103
42.91477621577492,85.82955243154984
94.69531829510304,189.39063659020607
0.03685304357635699,0.07370608715271398
59.903283536424055,119.80656707284811
47.02275483390007,94.04550966780015
60.791425449479355,121.58285089895871
87.54347882847308,175.08695765694617
38.100785036266494,76.20157007253299
3.905243255984059,7.810486511968118
18.54353360998241,37.08706721996482
76.86058235326327,153.72116470652654
37.14067414040086,74.28134828080172
97.78723716176792,195.57447432353584
77.21536763845562,154.43073527691124
34.97573093442472,69.95146186884944
3.293416590746301,6.586833181492602
73.46496196367167,146.92992392734334
32.80126037960832,65.60252075921665
39.89713845855586,79.79427691711172
45.3339936040701,90.6679872081402
1.534928734363894,3.069857468727788
87.82897963010188,175.65795926020377
32.18996413595807,64.37992827191614
74.23078960333245,148.4615792066649
92.45166291801785,184.9033258360357
9.082538899235338,18.165077798470676
55.61828349355685,111.2365669871137
10.565473527650626,21.130947055301252
96.71686242480494,193.4337248496099
74.77864830371931,149.55729660743862
63.43314895076219,126.86629790152438
18.338554472156154,36.67710894431231
34.29203694290865,68.5840738858173
25.342543091058968,50.685086182117935
15.92195305045384,31.84390610090768
22.845943088354616,45.69188617670923
59.638182513682416,119.27636502736483
49.89732048166237,99.79464096332474
2.4801588362861393,4.960317672572279
41.179010092985514,82.35802018597103
25.53083623655845,51.0616724731169
1.2925431132118081,2.5850862264236163
88.69107048273025,177.3821409654605
57.48600139287079,114.97200278574158
64.09361982900458,128.18723965800916
14.005921386305541,28.011842772611082
14.914659033396427,29.829318066792855
51.656692084540786,103.31338416908157
74.908790055163,149.817580110326
7.505089457588888,15.010178915177775
64.46607077777978,128.93214155555955
82.14699114810189,164.29398229620378
67.83749491533504,135.67498983067009
11.055341924163741,22.110683848327483
44.535028375253724,89.07005675050745
48.24953062878959,96.49906125757919
33.43610991980219,66.87221983960438
18.272212843371392,36.544425686742784
59.61323555015977,119.22647110031954
39.21193512062406,78.42387024124812
45.72384142894982,91.44768285789964
16.039777742661375,32.07955548532275
78.63680675101573,157.27361350203145
9.218857262896618,18.437714525793236
16.39873857080382,32.79747714160764
94.70488502922228,189.40977005844456
12.036502402921624,24.073004805843247
14.254097803566735,28.50819560713347
93.86019949949436,187.7203989989887
64.93000742768963,129.86001485537926
74.02249300879078,148.04498601758155
1.3393948016500845,2.678789603300169
13.500799960684828,27.001599921369657
71.21549535310639,142.43099070621278
29.089996830679965,58.17999366135993
91.39116809074021,182.78233618148042
58.690045679641344,117.38009135928269
95.01450335551318,190.02900671102637
14.76751402717963,29.53502805435926
75.14257563718184,150.28515127436367
2.2097111309824724,4.419422261964945
36.24106975379953,72.48213950759906
6.159991913370144,12.319983826740287
28.209158814903322,56.418317629806644
49.37740283999794,98.75480567999588
36.84594756426617,73.69189512853234
34.23425271928772,68.46850543857543
55.07372871219016,110.14745742438032
21.343509194701028,42.687018389402056
87.30071879461585,174.6014375892317
83.65418698891976,167.30837397783952
22.065707284998293,44.131414569996586
25.377773355640144,50.75554671128029
77.6667804773617,155.3335609547234
25.561355786888317,51.122711573776634
49.55821452817095,99.1164290563419
39.61465810908976,79.22931621817952
64.87057020110109,129.74114040220218
89.98219823671776,179.96439647343553
77.63512276419137,155.27024552838273
20.50177906186056,41.00355812372112
7.372252856184458,14.744505712368916
99.56236866480509,199.12473732961018
42.48316435600938,84.96632871201876
75.61401690123998,151.22803380247996
83.40674160105644,166.81348320211288
62.944887246949875,125.88977449389975
22.17079501154592,44.34159002309184
26.62614901080883,53.25229802161766
44.19903556674589,88.39807113349178
95.21512906974098,190.43025813948196
99.13773626990044,198.2754725398009
14.194894038321593,28.389788076643185
43.809236438197544,87.61847287639509
35.92304193845148,71.84608387690297
40.171976832927605,80.34395366585521
41.98442515638383,83.96885031276766
60.68112085861288,121.36224171722576
95.88004191703068,191.76008383406136
60.474772912071664,120.94954582414333
84.5270499686062,169.0540999372124
64.23903225127073,128.47806450254146
9.217525877319755,18.43505175463951
1.6661208407394268,3.3322416814788536
86.78353365698361,173.56706731396721
25.929436445366704,51.85887289073341
95.04276456613364,190.08552913226728
92.81044002886793,185.62088005773586
51.49971243630004,102.99942487260007
44.11051240400927,88.22102480801854
37.820269847962386,75.64053969592477
22.55034784249036,45.10069568498072
96.5561443178572,193.1122886357144
9.714901207252547,19.429802414505094
51.13976925800944,102.27953851601887
58.0549773556872,116.1099547113744
48.68295651395685,97.3659130279137
28.61236724074797,57.22473448149594
55.09176384803531,110.18352769607063
74.01650078072004,148.03300156144007
16.255523199259724,32.51104639851945
17.14926398320301,34.29852796640602
1.0309310852399167,2.0618621704798334
21.07520430474461,42.15040860948922
50.24466504740045,100.4893300948009
88.852672709433,177.705345418866
11.473258138213382,22.946516276426763
64.43265303630187,128.86530607260374
12.781139341462088,25.562278682924177
6.914281462353311,13.828562924706622
74.48837587248163,148.97675174496325
31.323591345407063,62.64718269081413
71.18660158650455,142.3732031730091
65.22546392564414,130.45092785128827
56.950887655230446,113.90177531046089
71.93115520131474,143.86231040262948
60.428497169903075,120.85699433980615
83.65431331688008,167.30862663376016
89.96710725632113,179.93421451264226
92.82746164775824,185.65492329551648
62.71008537821068,125.42017075642136
35.66786606940917,71.33573213881834
86.59142582964728,173.18285165929456
31.56158730466423,63.12317460932846
24.646324965533097,49.292649931066194
79.35801522884732,158.71603045769464
96.03895155843803,192.07790311687606
8.724860940099132,17.449721880198265
61.64500041899304,123.29000083798609
46.24138134277975,92.4827626855595
93.12939244044809,186.25878488089617
21.253580769437498,42.507161538874996
63.49510374890313,126.99020749780625
94.26173795087672,188.52347590175344
40.748775274536456,81.49755054907291
64.29726872427584,128.59453744855168
73.64274230622226,147.28548461244452
1.5827290124743598,3.1654580249487196
50.06228870565912,100.12457741131824
61.21620744020082,122.43241488040164
39.999217097517146,79.99843419503429
0.2780118387413655,0.556023677482731
27.968852822078606,55.93770564415721
40.28776991928337,80.57553983856674
42.96818131368393,85.93636262736786
85.4533216599531,170.9066433199062
73.64276223415452,147.28552446830903
3.407897870538823,6.815795741077646
22.087413088060792,44.174826176121584
10.84850512866895,21.6970102573379
54.6478863086829,109.2957726173658
44.04983974781032,88.09967949562063
19.132390927505217,38.26478185501043
16.702348523406197,33.404697046812394
33.732355452144745,67.46471090428949
94.99166007725425,189.9833201545085
86.87105117258747,173.74210234517494
79.01976204541343,158.03952409082686
3.3430288438139444,6.686057687627889
45.68560686639809,91.37121373279618
86.93203850470482,173.86407700940964
81.18711942741454,162.3742388548291
44.137508228187905,88.27501645637581
97.50960930280382,195.01921860560765
20.13401318034639,40.26802636069278
12.017861627603255,24.03572325520651
29.207734466463187,58.41546893292637
95.91211737650703,191.82423475301405
23.771750890696076,47.54350178139215
64.90626923811244,129.8125384762249
3.601730108058576,7.203460216117152
28.690639142137975,57.38127828427595
14.368538184758538,28.737076369517077
67.77686072605105,135.5537214521021
44.812492984080556,89.62498596816111
98.1583259633551,196.3166519267102
41.627334959986605,83.25466991997321
18.031222784062393,36.06244556812479
29.439366897761055,58.87873379552211
0.036348200479285886,0.07269640095857177
64.46779962987166,128.93559925974333
83.80983404042748,167.61966808085495
97.65497428261209,195.30994856522418
98.42843502274036,196.85687004548072
47.902672948327016,95.80534589665403
37.87060336415487,75.74120672830973
73.15815183120252,146.31630366240503
14.661688398398475,29.32337679679695
19.080952885231284,38.16190577046257
1.504915513042604,3.009831026085208
4.7078029168133195,9.415605833626639
69.90105989547496,139.80211979094992
15.74580473780437,31.49160947560874
43.29766746030557,86.59533492061114
55.79569224857729,111.59138449715458
45.64424921479944,91.28849842959887
79.34984161820616,158.6996832364123
53.53523100153663,107.07046200307326
81.05934291636882,162.11868583273764
85.27414600344497,170.54829200688994
40.0226032833651,80.0452065667302
73.00920559615662,146.01841119231324
27.124274146673866,54.24854829334773
75.840192661583,151.680385323166
73.33099011322142,146.66198022644284
31.244051004574448,62.488102009148896
83.4383627890816,166.8767255781632
10.461925189371913,20.923850378743825
75.43636186831874,150.87272373663748
17.68666499449131,35.37332998898262
36.765508667437274,73.53101733487455
23.09124290229829,46.18248580459658
48.93329681994294,97.86659363988588
56.13072880955481,112.26145761910962
0.938545022083459,1.877090044166918
91.92966069738237,183.85932139476475
31.34266716539422,62.68533433078844
51.217650908096736,102.43530181619347
3.3258481007095275,6.651696201419055
24.825749231086146,49.65149846217229
23.306748093960117,46.613496187920234
87.37192952042324,174.74385904084647
14.25458570114172,28.50917140228344
52.205179714634234,104.41035942926847
81.16000049516991,162.32000099033982
60.76469604679088,121.52939209358176
39.79597948238101,79.59195896476201
21.848724467332424,43.69744893466485
86.11781290482207,172.23562580964415
10.835141591862618,21.670283183725235
96.02714461766666,192.05428923533333
62.73733798442341,125.47467596884682
34.38146415878593,68.76292831757186
68.81900064474901,137.63800128949802
60.12783344879501,120.25566689759002
73.75785544882855,147.5157108976571
20.366577887721483,40.73315577544297
47.36347764044688,94.72695528089376
77.14572897844828,154.29145795689655
35.93063413095632,71.86126826191264
4.601692188177875,9.20338437635575
23.538636710180004,47.07727342036001
88.46153504286987,176.92307008573974
91.35583194942114,182.7116638988423
30.913928416356217,61.827856832712435
36.96325452097635,73.9265090419527
20.85756612411178,41.71513224822356
66.0028199186527,132.0056398373054
12.118124039382995,24.23624807876599
67.70917534387145,135.4183506877429
45.329552509127005,90.65910501825401
0.7765795639566697,1.5531591279133394
51.32375696735001,102.64751393470002
26.9581073338794,53.9162146677588
67.56488956599476,135.12977913198952
34.984495637087406,69.96899127417481
36.3082666565303,72.6165333130606
75.00831715906966,150.01663431813932
75.8775579545817,151.7551159091634
25.63517153649745,51.2703430729949
50.21147668155883,100.42295336311766
11.16773963551666,22.33547927103332
87.16524288290894,174.33048576581788
25.619471582414523,51.238943164829045
13.575267519074941,27.150535038149883
69.89969995085116,139.79939990170232
46.67324083846357,93.34648167692714
6.8902487013234985,13.780497402646997
91.75443584591883,183.50887169183767
48.32075227293691,96.64150454587381
73.11217987391547,146.22435974783093
24.43582703831284,48.87165407662568
93.3482140144015,186.696428028803
2.2424014711749485,4.484802942349897
83.091788333417,166.183576666834
82.00698984860614,164.01397969721228
86.92190604447195,173.8438120889439
18.891252002445302,37.782504004890605
35.333374854772636,70.66674970954527
13.782005486421845,27.56401097284369
73.15188751267837,146.30377502535674
33.4293568202994,66.8587136405988
80.6286503296483,161.2573006592966
61.67062570427922,123.34125140855843
75.80932771529145,151.6186554305829
75.24768296576772,150.49536593153545
83.79349140610171,167.58698281220342
46.059575265924835,92.11915053184967
59.986412047514136,119.97282409502827
77.80657249702163,155.61314499404327
31.652743768737366,63.30548753747473
4.204202494992848,8.408404989985696
99.75268773825306,199.50537547650612
90.63650353617793,181.27300707235585
54.510120610696056,109.02024122139211
16.760991341660734,33.52198268332147
89.40782104901739,178.81564209803477
69.9584307088062,139.9168614176124
66.16390536254572,132.32781072509144
62.21277062457292,124.42554124914584
67.19990806723392,134.39981613446784
9.615928024083543,19.231856048167085
49.84284846551479,99.68569693102958
47.13665388326936,94.27330776653872
44.6718972113115,89.343794422623
99.18530497554457,198.37060995108914
62.969021327021004,125.93804265404201
50.378010594165126,100.75602118833025
11.238655737759007,22.477311475518015
44.253887056472095,88.50777411294419
88.70105925509345,177.4021185101869
88.32388028140886,176.64776056281772
71.33208811197905,142.6641762239581
21.997508369197583,43.995016738395165
17.083429131837256,34.16685826367451
52.35341880165565,104.7068376033113
33.7446645190583,67.4893290381166
56.636121177693866,113.27224235538773
67.52616022202179,135.05232044404357
84.0850830548013,168.1701661096026
1.3546348150451415,2.709269630090283
60.85709477528275,121.7141895505655
85.8015133875245,171.603026775049
81.50744153591313,163.01488307182626
18.133952945471755,36.26790589094351
64.21263773186773,128.42527546373546
80.31120019601465,160.6224003920293
18.825493393696146,37.65098678739229
77.80323694256353,155.60647388512706
51.32830630750662,102.65661261501324
17.698866692930505,35.39773338586101
87.69657047840018,175.39314095680035
80.93679941720157,161.87359883440314
67.89507601479329,135.79015202958658
39.69612544046972,79.39225088093944
2.826304483152675,5.65260896630535
71.54936680110143,143.09873360220286
81.27901950289842,162.55803900579684
30.63040961129354,61.26081922258708
52.606804288637754,105.21360857727551
26.03903715587763,52.07807431175526
41.158238343499235,82.31647668699847
1.622721093204793,3.245442186409586
18.483461144472624,36.96692228894525
31.596858857558473,63.19371771511695
24.54168939407957,49.08337878815914
71.87217742299062,143.74435484598123
65.3762619059546,130.7525238119092
5.523978221364246,11.047956442728491
87.9342852793176,175.8685705586352
9.452309371926027,18.904618743852055
94.37650729226598,188.75301458453197
80.15008535400816,160.3001707080163
10.328661482540912,20.657322965081825
7.536315252893844,15.072630505787687
70.16618891408271,140.33237782816542
77.92636786480476,155.85273572960952
60.321536916347505,120.64307383269501
22.517727070417003,45.035454140834005
28.408585677433894,56.81717135486779
73.530582166616,147.061164333232
27.094492895941013,54.188985791882025
0.41154964140905914,0.8230992828181183
62.61236051992272,125.22472103984543
0.22353906442633686,0.44707812885267373
39.89078149640014,79.78156299280027
95.41790827543224,190.83581655086448
72.28015896703185,144.5603179340637
66.73305796351094,133.4661159270219
35.80452573490487,71.60905146980974
7.878947276985782,15.757894553971564
15.547084760906172,31.094169521812344
52.7414435844193,105.4828871688386
82.50994080062858,165.01988160125717
20.832605817164453,41.665211634328905
88.61297220822114,177.22594441644227
54.58256672431363,109.16513344862726
49.950003451796334,99.90000690359267
19.491844570992136,38.98368914198427
82.03722300433512,164.07444600867024
37.11537959267434,74.23075918534867
81.77543814909397,163.55087629818794
38.9435232958302,77.8870465916604
20.194516001355268,40.389032002710536
4.456236828198101,8.912473656396202
51.673853781128756,103.34770756225751
14.438394265505682,28.876788531011364
82.17144085916705,164.3428817183341
39.00587861619296,78.01175723238592
90.1593262239189,180.3186524478378
63.79628969733271,127.59257939466542
65.55210249816112,131.10420499632224
94.97020069565907,189.94040139131815
