input:a:0,output:b:0
52.31378765715814,104.62757531431627
20.218024001632106,40.43604800326421
91.60720510948508,183.21441021897016
45.38418458587802,90.76836917175604
44.45325262005557,88.90650524011114
33.5623690111151,67.1247380222302
77.2230250264362,154.4460500528724
28.537410148946783,57.07482029789357
30.353643347819105,60.70728669563821
90.49519567920245,180.9903913584049
61.595706607586585,123.19141321517317
69.73848537403254,139.47697074806507
82.6042374343907,165.2084748687814
44.131560207494324,88.26312041498865
10.596375031415661,21.192750062831323
69.52261750222989,139.04523500445978
87.46792775914855,174.9358555182971
85.4174435171511,170.8348870343022
24.966004654396357,49.932009308792715
22.44379102242827,44.88758204485654
75.04632416753937,150.09264833507874
1.071280371832306,2.142560743664612
37.867145494082386,75.73429098816477
52.52903419003363,105.05806838006725
27.87331055817762,55.74662111635524
92.55222090512876,185.10444181025753
9.38485254122099,18.76970508244198
92.81266085275325,185.6253217055065
40.77371015682818,81.54742031365636
75.52165137594574,151.04330275189147
37.518596487896616,75.03719297579323
26.69434305118852,53.38868610237704
58.20877427938685,116.4175485587737
95.11299561819607,190.22599123639213
61.2784570104741,122.5569140209482
80.104154685573,160.208309371146
85.41453667227428,170.82907334454856
29.50317507112995,59.0063501422599
98.3108799582514,196.6217599165028
88.747726086267,177.495452172534
97.01945323414178,194.03890646828356
35.0978491650653,70.1956983301306
49.73189357692722,99.46378715385444
21.296300983285843,42.592601966571685
54.96336669817469,109.92673339634938
4.146857870064514,8.293715740129027
89.2565914850916,178.5131829701832
50.299748628169795,100.59949725633959
5.385313940106762,10.770627880213524
92.56792918705983,185.13585837411966
85.41302731993812,170.82605463987625
76.18809793906856,152.3761958781371
87.14072187803762,174.28144375607525
47.9612213761053,95.9224427522106
65.42533275184115,130.8506655036823
20.54084009891878,41.08168019783756
26.771550553628142,53.543101107256284
47.16716262201398,94.33432524402797
93.31045970542436,186.62091941084873
49.49898863172598,98.99797726345196
75.50644862070435,151.0128972414087
51.31754144378186,102.63508288756373
95.35478880467667,190.70957760935335
78.00653529490667,156.01307058981334
36.64977511786445,73.2995502357289
61.57448131456719,123.14896262913437
68.7249311786291,137.4498623572582
58.68022948642706,117.36045897285412
6.372016086918042,12.744032173836084
4.265305082096726,8.530610164193453
4.81508629061409,9.63017258122818
26.55549234584106,53.11098469168212
39.33602289265151,78.67204578530303
89.0398491877554,178.0796983755108
55.457019115823435,110.91403823164687
18.62028167291292,37.24056334582584
50.111775880875655,100.22355176175131
84.95386168955426,169.90772337910852
75.88120043801268,151.76240087602537
8.721500523292402,17.443001046584804
95.96799462406078,191.93598924812156
58.53521125327592,117.07042250655184
33.2131262168298,66.4262524336596
94.27543367104124,188.55086734208248
92.26187594064882,184.52375188129764
58.30187787582419,116.60375575164838
26.74928363983372,53.49856727966744
59.467890026790705,118.93578005358141
83.70703980935761,167.41407961871522
60.697601985579254,121.39520397115851
7.600313394516023,15.200626789032047
47.301260412596505,94.60252082519301
55.29685841684109,110.59371683368218
55.016384638996875,110.03276927799375
69.34515641848826,138.69031283697652
13.818906223316652,27.637812446633305
68.48187026840783,136.96374053681566
33.23841684804367,66.47683369608734
44.378971753502896,88.75794350700579
34.83738562072467,69.67477124144933
57.27162980158075,114.5432596031615
62.90424853338252,125.80849706676504
39.420051964089154,78.84010392817831
93.61476037418645,187.2295207483729
55.431228766649554,110.86245753329911
85.29772421002158,170.59544842004317
7.641188067185323,15.282376134370645
73.69358018239723,147.38716036479445
62.32252670708309,124.64505341416618
63.34306557682032,126.68613115364064
97.13226716787543,194.26453433575085
13.062718946928864,26.12543789385773
44.785536232967125,89.57107246593425
83.27539702370407,166.55079404740815
47.621310943662934,95.24262188732587
49.98058252243073,99.96116504486146
6.092990485268334,12.185980970536669
52.90025026738644,105.80050053477288
56.98873204594476,113.97746409188952
16.40203960805269,32.80407921610538
46.776479015358575,93.55295803071715
69.48092288513578,138.96184577027157
27.777139283400665,55.55427856680133
72.35557822826595,144.7111564565319
35.32514706017087,70.65029412034174
32.05548865826632,64.11097731653264
44.6845804513195,89.369160902639
84.30936483903785,168.6187296780757
42.862842421294744,85.72568484258949
48.96114883722813,97.92229767445626
13.768097431450999,27.536194862901997
66.57872239092167,133.15744478184334
78.96647974461722,157.93295948923443
44.054766780586704,88.10953356117341
41.487049852331396,82.97409970466279
2.703700026475564,5.407400052951128
40.14272132951512,80.28544265903024
49.66500911241326,99.33001822482652
94.52502914586786,189.05005829173572
3.5477190829397154,7.095438165879431
8.01063532829841,16.02127065659682
69.84756819119349,139.69513638238698
16.03794756683672,32.07589513367344
79.44397616266063,158.88795232532127
3.257884444238779,6.515768888477558
93.09872682068584,186.19745364137168
42.724433904060874,85.44886780812175
0.005650873887175223,0.011301747774350446
42.13782772229797,84.27565544459594
82.17315724845508,164.34631449691017
25.30735481723032,50.61470963446064
41.807005153176725,83.61401030635345
28.639554278882496,57.27910855776499
72.20245974522038,144.40491949044076
27.741481994786643,55.482963989573285
61.08033193447094,122.16066386894188
87.71783885482685,175.4356777096537
62.03865715010145,124.0773143002029
43.54016627557223,87.08033255114447
26.037252118717557,52.074504237435114
68.01453729967393,136.02907459934787
24.90820612187139,49.81641224374278
63.147031648941535,126.29406329788307
79.43330457354787,158.86660914709574
65.97561919035132,131.95123838070265
72.16058471150444,144.32116942300888
67.86416639461763,135.72833278923525
40.832116022674114,81.66423204534823
5.63356234268475,11.2671246853695
27.67021870460552,55.34043740921104
16.412150298393602,32.824300596787204
97.61325747053716,195.22651494107433
46.71448320236963,93.42896640473926
18.055011976782964,36.11002395356593
84.68732931494,169.37465862988
65.79354620942051,131.58709241884102
49.16643530756928,98.33287061513856
53.54764726411453,107.09529452822906
83.39927831209437,166.79855662418873
40.19154305934946,80.38308611869893
59.44359198896979,118.88718397793959
53.96005290761371,107.92010581522742
35.37620095769135,70.7524019153827
94.69390228714975,189.3878045742995
41.58378379896336,83.16756759792672
87.97476931564144,175.94953863128288
92.09138854872565,184.1827770974513
89.16199760941926,178.32399521883852
19.084098880871903,38.168197761743805
73.25200651971748,146.50401303943497
77.76788866441771,155.53577732883542
68.33595918602549,136.67191837205098
22.666026118965586,45.33205223793117
56.477213860832634,112.95442772166527
42.038329309704444,84.07665861940889
21.20449193428441,42.40898386856882
98.14697121901602,196.29394243803205
53.078656355030176,106.15731271006035
46.16552243082537,92.33104486165074
9.099619725106479,18.199239450212957
7.415620645067622,14.831241290135244
45.73683393000307,91.47366786000615
44.32531570640206,88.65063141280412
20.180354045826622,40.360708091653244
5.561136216775752,11.122272433551505
88.43523872033315,176.8704774406663
77.10020293895641,154.20040587791283
65.56405439702434,131.12810879404867
51.597678367541214,103.19535673508243
2.37362706862142,4.74725413724284
78.95341925741577,157.90683851483155
33.92717181988944,67.85434363977888
2.679979689216827,5.359959378433654
59.70202254618711,119.40404509237422
41.45580509811461,82.91161019622922
71.73386915332227,143.46773830664455
49.068927248707595,98.13785449741519
13.051274861768448,26.102549723536896
52.07152319682409,104.14304639364818
94.84164773188309,189.68329546376617
72.6218829720961,145.2437659441922
18.266458306056144,36.53291661211229
8.489705305655216,16.97941061131043
68.88840287261485,137.7768057452297
21.579251923445398,43.158503846890795
16.427177870284503,32.854355740569005
17.4337052733907,34.8674105467814
4.46264828558628,8.92529657117256
56.470836683002865,112.94167336600573
60.15320420066348,120.30640840132696
93.16222401542349,186.32444803084698
6.671436978622081,13.342873957244162
76.44659451693474,152.89318903386948
9.680553617685117,19.361107235370234
82.32854927279367,164.65709854558733
73.65116710152796,147.30233420305592
70.19254692986617,140.38509385973234
98.80372450595416,197.60744901190833
57.60313727955702,115.20627455911404
63.94989882882223,127.89979765764446
12.402302676614463,24.804605353228926
67.93220195833672,135.86440391667344
34.05419473218308,68.10838946436616
91.30373839955323,182.60747679910645
60.12882467104367,120.25764934208733
39.62769133885303,79.25538267770607
9.04440261028202,18.08880522056404
20.479484565387995,40.95896913077599
51.366185454052115,102.73237090810423
34.8044815862703,69.6089631725406
26.57070871072441,53.14141742144882
98.65917393727896,197.31834787455793
28.573570818851447,57.147141637702894
94.0359078153154,188.0718156306308
79.93040350242704,159.86080700485408
52.18821626693438,104.37643253386877
98.29657701100597,196.59315402201193
65.60414766883082,131.20829533766164
89.15805605377297,178.31611210754593
7.307690776563048,14.615381553126095
42.59487161562746,85.18974323125492
61.36759594946148,122.73519189892296
67.08960162465885,134.1792032493177
92.27920559501732,184.55841119003463
44.83694994148726,89.67389988297452
31.338074706241294,62.67614941248259
18.70302722872821,37.40605445745642
16.07947774522387,32.15895549044774
28.985559212328383,57.971118424656765
37.01190057355448,74.02380114710895
26.344007213231567,52.688014426463134
67.28614217928153,134.57228435856305
13.420899481926018,26.841798963852035
18.051782650201897,36.103565300403794
4.644522466547974,9.289044933095948
46.68113340090343,93.36226680180685
45.56441553354721,91.12883106709442
65.09022734772964,130.18045469545928
50.08856562320392,100.17713124640784
67.66511819117379,135.33023638234758
59.919534864895496,119.83906972979099
55.560895480284515,111.12179096056903
78.04547453825921,156.09094907651843
90.92149768982507,181.84299537965015
86.69482901506044,173.38965803012087
35.14352604232821,70.28705208465642
50.55405576219159,101.10811152438318
6.98552709234529,13.97105418469058
63.74464995664573,127.48929991329146
4.970914066590337,9.941828133180675
46.75977122398167,93.51954244796335
14.72904561462075,29.4580912292415
97.54912144745505,195.0982428949101
1.2799700342833287,2.5599400685666573
39.69974310395291,79.39948620790582
92.16964928556396,184.33929857112793
96.77457656634824,193.5491531326965
62.494293770817336,124.98858754163467
0.7382672121527767,1.4765344243055534
32.20143349984088,64.40286699968176
84.12326084294807,168.24652168589614
15.63204918650063,31.26409837300126
20.252780116816783,40.50556023363357
41.902697509634464,83.80539501926893
52.596709328050565,105.19341865610113
84.77505986886298,169.55011973772596
83.46556189261317,166.93112378522633
69.78145296779336,139.5629059355867
23.74682766666235,47.4936553333247
13.150148321933376,26.30029664386675
56.26004312323049,112.52008624646098
30.892108410680542,61.784216821361085
13.444892099209927,26.889784198419854
13.860821089566134,27.721642179132267
67.64631561768569,135.29263123537137
59.93423941598157,119.86847883196315
40.58497555533636,81.16995111067271
95.7945196750099,191.5890393500198
9.81928297582968,19.63856595165936
65.44669328684938,130.89338657369876
69.46661896604527,138.93323793209055
30.97576531403069,61.95153062806138
53.57518542469438,107.15037084938876
88.7512704719975,177.502540943995
94.13231901040959,188.26463802081918
67.20346779144803,134.40693558289607
46.284928882461585,92.56985776492317
50.56134211119782,101.12268422239563
12.73813055387717,25.47626110775434
75.1064127874572,150.2128255749144
23.642018521427143,47.28403704285429
15.78266209737741,31.56532419475482
49.17048664198169,98.34097328396338
48.84899164625215,97.6979832925043
47.67707991029144,95.35415982058288
8.328876522484252,16.657753044968505
13.153903009987767,26.307806019975533
88.90451397679931,177.80902795359862
67.1584411438945,134.316882287789
49.998817943636,99.997635887272
64.5104589038013,129.0209178076026
22.53155199923794,45.06310399847588
73.76832245058885,147.5366449011777
16.167184682842905,32.33436936568581
29.433513125642065,58.86702625128413
69.56378373177752,139.12756746355504
80.92173206122891,161.84346412245782
52.101219710062516,104.20243942012503
24.487372955352537,48.974745910705074
14.212875094948362,28.425750189896725
63.12462955780028,126.24925911560057
23.811098840485744,47.62219768097149
3.2098091384536676,6.419618276907335
67.92717837652418,135.85435675304836
1.6035759992774623,3.2071519985549246
17.90632906703612,35.81265813407224
19.940885439833366,39.88177087966673
43.9083667329628,87.8167334659256
76.16884668781034,152.3376933756207
82.02306517608748,164.04613035217497
40.43997583011043,80.87995166022085
36.13787711805929,72.27575423611859
29.55194797826357,59.10389595652714
89.42509742446309,178.85019484892618
15.580155802580942,31.160311605161883
77.94476719491583,155.88953438983165
41.08942943793979,82.17885887587958
26.492491797989302,52.984983595978605
20.183522274447043,40.367044548894086
92.33028670450291,184.66057340900582
25.880429061736187,51.760858123472374
20.99708836571037,41.99417673142074
56.15066471320127,112.30132942640255
53.08582080783202,106.17164161566404
76.35387426429071,152.70774852858142
37.01544268496275,74.0308853699255
60.88810364051924,121.77620728103848
62.29302938875338,124.58605877750676
81.94550650910534,163.89101301821069
19.200154425209803,38.400308850419606
17.68105211419657,35.36210422839314
44.254348937828155,88.50869787565631
8.77123464388766,17.54246928777532
16.829129647638574,33.65825929527715
82.97056270456862,165.94112540913724
73.82462880878653,147.64925761757306
25.927462252359767,51.854924504719534
8.350055376405274,16.70011075281055
28.287959823519415,56.57591964703883
4.664694888129606,9.329389776259212
47.82563623200768,95.65127246401536
13.390021901429527,26.780043802859055
37.03854214116252,74.07708428232505
67.01416718197714,134.0283343639543
99.89988406691529,199.79976813383058
54.76823127673926,109.53646255347851
35.8535542057869,71.7071084115738
15.707629952767888,31.415259905535777
94.94771997799411,189.89543995598822
64.209149098467,128.418298196934
58.233996335785065,116.46799267157013
96.57392211445581,193.14784422891162
76.95250401168133,153.90500802336265
82.83969653556564,165.67939307113127
36.89862365025552,73.79724730051105
88.40548932080284,176.8109786416057
90.48836865172618,180.97673730345235
21.202723375431464,42.40544675086293
79.40787655044666,158.81575310089332
48.3028867835677,96.6057735671354
1.9262627376022912,3.8525254752045823
92.2781619940389,184.5563239880778
25.944843634983172,51.889687269966345
9.475115997975958,18.950231995951917
47.23871189500809,94.47742379001618
98.15831595798363,196.31663191596726
59.446780435115876,118.89356087023175
24.12117324742926,48.24234649485852
83.27123477706868,166.54246955413737
4.857976942146647,9.715953884293294
82.44566052023431,164.89132104046863
61.41427328106953,122.82854656213907
8.961868592659084,17.923737185318167
66.49448793837058,132.98897587674116
80.81876825756633,161.63753651513267
92.88312624632195,185.7662524926439
60.68033458787049,121.36066917574098
7.401338156633674,14.802676313267348
91.33217512879953,182.66435025759907
31.06831434529065,62.1366286905813
11.692955343357392,23.385910686714784
85.15430420195823,170.30860840391645
96.77978923219139,193.55957846438278
4.975116064814977,9.950232129629955
94.45732051054358,188.91464102108716
93.96214881934036,187.9242976386807
93.2354104263017,186.4708208526034
33.937569693255355,67.87513938651071
29.509637895463626,59.01927579092725
25.505896170104727,51.01179234020945
4.127158229523264,8.254316459046528
4.023956335413348,8.047912670826696
94.65181466525512,189.30362933051023
18.238334937935296,36.47666987587059
36.23110384124747,72.46220768249493
75.78703537165491,151.57407074330982
60.10947975191377,120.21895950382753
46.08047804552715,92.1609560910543
28.15648116604286,56.31296233208572
34.24008962165694,68.48017924331388
97.96770709809599,195.93541419619197
15.232723674571314,30.46544734914263
7.522698439369979,15.045396878739957
89.48868042456606,178.9773608491321
89.86428654301501,179.72857308603002
76.31410592840298,152.62821185680596
30.688554378112933,61.377108756225866
36.06333623579374,72.12667247158748
93.04061757642685,186.0812351528537
22.19985864714359,44.39971729428718
78.49972683749597,156.99945367499194
19.24505915635558,38.49011831271116
43.99891529492026,87.99783058984052
23.478063889350576,46.95612777870115
31.790841605212083,63.58168321042417
31.382247863560544,62.76449572712109
85.15904693246088,170.31809386492176
67.11661407602824,134.23322815205648
57.085386331904566,114.17077266380913
0.3309985446397157,0.6619970892794313
99.58332844952321,199.16665689904642
5.035148129274935,10.07029625854987
1.4707202226925675,2.941440445385135
87.75226581997369,175.50453163994737
25.0127561268919,50.0255122537838
80.0684840832113,160.1369681664226
86.27213676659731,172.54427353319463
22.76743280926755,45.5348656185351
43.575227031149296,87.15045406229859
10.981005734650207,21.962011469300414
85.16462029131651,170.32924058263302
14.144832000070506,28.289664000141013
80.57150677737775,161.1430135547555
69.31692851572244,138.63385703144488
74.96102537369617,149.92205074739235
79.09084115356488,158.18168230712976
73.88659509381355,147.7731901876271
62.00235827256431,124.00471654512862
17.561250021095553,35.122500042191106
10.851352264228098,21.702704528456195
47.31128332539786,94.62256665079572
90.89355018442103,181.78710036884206
85.77521232049008,171.55042464098017
73.03149320949952,146.06298641899903
15.296425612918373,30.592851225836746
49.6122631612475,99.224526322495
17.012133483719126,34.02426696743825
37.95863090243332,75.91726180486664
45.29617923465607,90.59235846931215
51.48852531788878,102.97705063577756
19.383536516645318,38.767073033290636
4.8310200294106265,9.662040058821253
50.325135832106035,100.65027166421207
75.84064367423366,151.68128734846732
75.95962078824017,151.91924157648035
5.160190604408266,10.320381208816531
90.16018604206685,180.3203720841337
68.0729567489701,136.1459134979402
85.53214707203223,171.06429414406446
69.5522427339172,139.1044854678344
42.321345630292186,84.64269126058437
1.6113860293581195,3.222772058716239
87.28170906088238,174.56341812176476
85.18807957906586,170.3761591581317
38.05164780395278,76.10329560790557
75.82283332700585,151.6456666540117
51.77973290319563,103.55946580639126
58.80454434861764,117.60908869723528
63.94798517303265,127.8959703460653
88.52911942922005,177.0582388584401
31.06082355407347,62.12164710814694
37.35384539142693,74.70769078285386
23.399382899482035,46.79876579896407
39.56536945871202,79.13073891742404
53.81935128707711,107.63870257415422
82.89438616454368,165.78877232908735
99.33645450375789,198.67290900751578
75.41907765909791,150.83815531819582
90.68641721122951,181.37283442245902
27.110449173393004,54.22089834678601
92.5614924600208,185.1229849200416
35.01333127819435,70.0266625563887
3.842662364173388,7.685324728346776
95.20846482166688,190.41692964333376
69.30986648575383,138.61973297150766
23.619794326604826,47.23958865320965
42.16643050003237,84.33286100006474
59.56304007016061,119.12608014032122
95.24139160982433,190.48278321964867
97.9534841605862,195.9069683211724
11.544237914319567,23.088475828639133
82.26034516429776,164.52069032859552
59.1493188753539,118.2986377507078
21.695025181669347,43.390050363338695
91.19941097773273,182.39882195546545
74.9155881357401,149.8311762714802
23.551884978764782,47.103769957529565
37.342081982119325,74.68416396423865
40.90241752627042,81.80483505254084
35.24833345192556,70.49666690385112
59.73405573221915,119.4681114644383
80.81627450698456,161.6325490139691
25.196986592844397,50.39397318568879
60.15231203552942,120.30462407105884
46.634468645028505,93.26893729005701
41.73014615015448,83.46029230030896
75.77115757191454,151.5423151438291
19.132075562124317,38.264151124248635
76.69178220962353,153.38356441924705
9.787643928897404,19.57528785779481
38.480210622034114,76.96042124406823
73.62608515335488,147.25217030670976
9.846767958557113,19.693535917114225
30.354151894645742,60.708303789291485
9.459604262465149,18.919208524930298
32.76186558654337,65.52373117308674
37.794242434730364,75.58848486946073
41.44604362310291,82.89208724620582
12.026523113287846,24.05304622657569
12.213810983036932,24.427621966073865
34.952191942916535,69.90438388583307
19.74433075434654,39.48866150869308
71.29836174627343,142.59672349254686
44.25265245278147,88.50530490556294
71.90005697686584,143.80011395373168
91.06346134539714,182.1269226907943
36.15535093258959,72.31070186517918
91.87514591165036,183.75029182330073
78.55329237229809,157.10658474459618
81.5040630796909,163.0081261593818
76.98069864412395,153.9613972882479
56.724742270794806,113.44948454158961
45.72543405916368,91.45086811832736
17.994723303177697,35.98944660635539
51.698126171393966,103.39625234278793
45.20036590064672,90.40073180129345
63.632838115219016,127.26567623043803
32.3577773446999,64.7155546893998
33.64698952318845,67.2939790463769
17.209807632678064,34.41961526535613
57.90999649400026,115.81999298800052
51.996394720237674,103.99278944047535
85.06509370476715,170.1301874095343
71.50886578325172,143.01773156650344
98.02432424053262,196.04864848106524
96.05345192501419,192.10690385002837
78.69003349594279,157.38006699188557
97.96224408661978,195.92448817323955
51.63675117342127,103.27350234684253
6.491364343049955,12.98272868609991
74.8272237651519,149.6544475303038
42.86565498319121,85.73130996638243
24.182577643931104,48.36515528786221
16.99405923753797,33.98811847507594
50.78273816036626,101.56547632073251
60.205515809518026,120.41103161903605
79.60963846090272,159.21927692180543
33.028866974774914,66.05773394954983
53.53154775945384,107.06309551890767
41.21614063977934,82.43228127955868
46.10322039251924,92.20644078503848
82.35960984567285,164.7192196913457
48.97696674686248,97.95393349372496
99.302452141462,198.604904282924
26.529288393357586,53.05857678671517
84.10114657363238,168.20229314726475
79.07464559351436,158.14929118702872
94.44836032609979,188.89672065219958
4.189991614734123,8.379983229468246
30.666224594331727,61.33244918866345
42.47169072587712,84.94338145175423
60.08024121109585,120.1604824221917
51.105995324387706,102.21199064877541
47.559572677643956,95.11914535528791
5.428184049848028,10.856368099696056
7.542415947216686,15.084831894433371
79.01906792236865,158.0381358447373
73.27120289497057,146.54240578994114
0.17257065970490704,0.3451413194098141
62.45296464783462,124.90592929566924
81.2813912699583,162.5627825399166
49.50796498691018,99.01592997382036
65.24094630558896,130.48189261117793
58.78927679845486,117.57855359690971
3.1739625704987007,6.347925140997401
15.259154749654991,30.518309499309982
28.838098513868825,57.67619702773765
0.9444795944659523,1.8889591889319046
77.9060155691807,155.8120311383614
93.91471884415039,187.82943768830077
65.61426906138088,131.22853812276176
93.30382233093665,186.6076446618733
38.041741788767155,76.08348357753431
33.7825440871757,67.5650881743514
91.32829822377839,182.65659644755678
31.43146708501494,62.86293417002988
84.87402382204249,169.74804764408498
42.41661821796981,84.83323643593963
41.95077582648473,83.90155165296946
77.63441096969372,155.26882193938744
33.395781510861276,66.79156302172255
92.65396268960315,185.3079253792063
19.478819807605994,38.95763961521199
47.966538333646156,95.93307666729231
12.277614615481047,24.555229230962095
18.118604831535666,36.23720966307133
74.05255704185689,148.10511408371377
0.5844668035831946,1.1689336071663892
91.33792349295588,182.67584698591176
19.701205002590648,39.402410005181295
40.854608543932954,81.70921708786591
14.09207116848975,28.1841423369795
94.5219343767464,189.0438687534928
89.42856960477101,178.85713920954203
5.223805515953572,10.447611031907144
21.742244490251082,43.484488980502164
81.58686158778967,163.17372317557934
28.60317452069543,57.20634904139086
69.76012801642456,139.52025603284912
50.46938198595444,100.93876397190888
84.39947116813569,168.79894233627138
94.27070638434527,188.54141276869055
64.98114518970964,129.96229037941927
96.8555787029023,193.7111574058046
25.19187777304114,50.38375554608228
14.814449537775875,29.62889907555175
55.471832300101255,110.94366460020251
81.03375398920353,162.06750797840706
4.882105869035557,9.764211738071115
16.57768104247529,33.15536208495058
36.79612831820389,73.59225663640778
37.327823258096224,74.65564651619245
11.304807727499554,22.60961545499911
47.704630161703534,95.40926032340707
29.725139680396985,59.45027936079397
27.456844179997752,54.913688359995504
19.44986767386053,38.89973534772106
77.9913778715999,155.9827557431998
91.68592723171831,183.37185446343662
32.99490184428945,65.9898036885789
25.707852149203326,51.41570429840665
47.84171492408004,95.68342984816007
32.166866039967566,64.33373207993513
65.08173505764569,130.16347011529137
71.34874203475388,142.69748406950777
81.12439268339953,162.24878536679907
59.34151026751891,118.68302053503783
66.71010313286662,133.42020626573324
17.570442865542223,35.140885731084445
36.22970785996926,72.45941571993852
56.900872196694294,113.80174439338859
9.284081041451808,18.568162082903616
61.20835856310143,122.41671712620285
17.873912206577426,35.74782441315485
84.11642474553862,168.23284949107725
97.3646235825112,194.7292471650224
49.23722244690413,98.47444489380825
98.97018259955004,197.94036519910009
33.15252814333996,66.30505628667991
81.1237655455906,162.2475310911812
64.63774658846808,129.27549317693615
29.793735077472427,59.58747015494485
98.33375707722375,196.6675141544475
72.28413235183065,144.5682647036613
93.32052085790187,186.64104171580374
75.11269959126973,150.22539918253946
25.37457406623559,50.74914813247118
5.422935273078178,10.845870546156355
64.99818538294001,129.99637076588002
67.44984983027655,134.8996996605531
20.427510073063093,40.855020146126186
79.26491254256236,158.5298250851247
77.9691439263878,155.9382878527756
6.5345099742866175,13.069019948573235
1.6948430740052367,3.3896861480104734
42.62285070424958,85.24570140849916
51.492040472731574,102.98408094546315
8.886211249941201,17.772422499882403
11.353590240385724,22.70718048077145
50.2687684019446,100.5375368038892
67.78192847578175,135.5638569515635
44.52546432255423,89.05092864510846
66.85694591156329,133.71389182312657
53.02623635913265,106.0524727182653
18.200013798769486,36.40002759753897
31.06623813596997,62.13247627193994
2.948656536315797,5.897313072631594
58.296629616277585,116.59325923255517
97.48211216713487,194.96422433426974
32.38685188692577,64.77370377385154
45.374465942800015,90.74893188560003
95.3168978930889,190.6337957861778
20.53106043186006,41.06212086372012
86.72721425218948,173.45442850437897
7.706080194513487,15.412160389026974
73.35571709616869,146.71143419233738
63.458717214012985,126.91743442802597
71.2728331358573,142.5456662717146
49.423608503346394,98.84721700669279
78.95008631928191,157.90017263856382
27.687335626765762,55.374671253531524
11.5044221672316,23.0088443344632
67.27048942798388,134.54097885596775
58.70884081800778,117.41768163601556
29.733018471274207,59.46603694254841
64.48034491396987,128.96068982793975
75.04358435273028,150.08716870546056
5.781258609635032,11.562517219270063
83.24599240733437,166.49198481466874
93.43009201776447,186.86018403552893
69.54626216150072,139.09252432300144
11.39851466091062,22.79702932182124
25.793066953705377,51.586133907410755
76.04320330617601,152.08640661235202
45.485307495655704,90.97061499131141
1.1733988051196076,2.346797610239215
59.924340351688876,119.84868070337775
20.93958475485751,41.87916950971502
74.26376106349218,148.52752212698437
91.5664308723911,183.1328617447822
50.99844180709523,101.99688361419047
12.06094921506018,24.12189843012036
28.615613430394703,57.231226860789405
5.332033330622421,10.664066661244842
36.790427710787576,73.58085542157515
82.27804459690807,164.55608919381615
80.44185258639762,160.88370517279523
60.462130016915474,120.92426003383095
40.828801537514714,81.65760307502943
67.68320950226885,135.3664190045377
68.49294524197165,136.9858904839433
74.04437401751267,148.08874803502533
15.903361583404408,31.806723166808816
53.44564260529516,106.89128521059033
67.27239398618875,134.5447879723775
75.64989396378148,151.29978792756296
48.787273877703186,97.57454775540637
86.97203484891426,173.94406969782852
18.368363571855262,36.736727143710525
32.05588728970253,64.11177457940506
16.378030168106918,32.756060336213835
84.55055232290076,169.1011046458015
56.37474495904723,112.74948991809445
81.63910456083691,163.27820912167383
57.073000792718254,114.14600158543651
50.21320945946049,100.42641891892097
60.18624447230688,120.37248894461376
13.820471310107274,27.64094262021455
89.34864582464805,178.6972916492961
53.10387437981905,106.2077487596381
1.766984272801675,3.53396854560335
90.89748132030802,181.79496264061603
13.752512129032846,27.505024258065692
69.90821089974355,139.8164217994871
67.32560087191628,134.65120174383256
38.48590793647778,76.97181587295556
16.90154609229201,33.80309218458402
17.71984208339181,35.43968416678362
35.39819612648871,70.79639225297743
30.865900615274445,61.73180123054889
72.1732392658331,144.3464785316662
98.90377722700624,197.8075544540125
81.46115112816501,162.92230225633003
93.24435692969958,186.48871385939916
89.46951190078104,178.9390238015621
55.976136501402394,111.95227300280479
44.51855186267035,89.0371037253407
25.259552928820238,50.519105857640476
26.321815858459917,52.643631716919835
65.25338175279552,130.50676350559104
54.49366761446903,108.98733522893806
91.60458179602597,183.20916359205194
23.7285896075198,47.4571792150396
48.7183534878781,97.4367069757562
73.08549178068291,146.17098356136583
29.340005815613946,58.68001163122789
77.63794250602545,155.2758850120509
70.98604915304698,141.97209830609395
95.53259747309306,191.06519494618612
4.940912992656843,9.881825985313686
68.11503975899905,136.2300795179981
42.752130573421795,85.50426114684359
84.66934774295318,169.33869548590636
39.34929052372047,78.69858104744094
97.74719339975306,195.49438679950612
69.76651162131333,139.53302324262665
37.209212507332936,74.41842501466587
76.39283532984172,152.78567065968343
61.56886242636872,123.13772485273743
15.796153867281436,31.592307734562873
96.47493466442904,192.94986932885809
95.2753451655912,190.5506903311824
39.74143299848476,79.48286599696952
11.266543067313417,22.533086134626835
17.011051276601798,34.022102553203595
97.6465446742174,195.2930893484348
9.502935933336442,19.005871866672884
76.45662797674463,152.91325595348926
24.80192655819683,49.60385311639366
28.16953126310532,56.33906252621064
53.91227843486536,107.82455686973071
68.22623360278851,136.45246720557702
39.91685832196885,79.8337166439377
93.68378501188833,187.36757002377666
83.75207499596816,167.50414999193632
5.88125552290154,11.76251104580308
95.92381590177187,191.84763180354375
94.61893983114588,189.23787966229176
64.44881719628435,128.8976343925687
25.09560182579359,50.19120365158718
27.72752939287162,55.45505878574324
55.2921528259129,110.5843056518258
64.94725156234068,129.89450312468136
75.06915370272888,150.13830740545777
87.59237567535021,175.18475135070042
90.21239362275944,180.42478724551887
22.52612500217831,45.05225000435662
56.43639994094097,112.87279988188195
59.72603633155422,119.45207266310844
93.90826640503944,187.81653281007888
57.200289081108245,114.40057816221649
71.66630191117326,143.33260382234653
58.29242513348702,116.58485026697404
21.770445289077,43.540890578154
85.9467456268212,171.8934912536424
41.520174899175665,83.04034979835133
65.15526934136709,130.31053868273418
62.16049029464698,124.32098058929397
5.4539310294350996,10.907862058870199
40.65606986243703,81.31213972487406
28.905937000875127,57.811874001750255
22.39567131267378,44.79134262534756
13.12102957375927,26.24205914751854
2.0268280842967723,4.053656168593545
99.43812080901654,198.87624161803308
77.61666385253136,155.23332770506272
99.04378850209656,198.08757700419312
59.43803111328666,118.87606222657332
65.52301633032978,131.04603266065956
83.41244167673182,166.82488335346363
65.63431457864004,131.2686291572801
61.61612389567065,123.2322477913413
4.863285454421495,9.72657090884299
50.189100503675135,100.37820100735027
48.06568926743186,96.13137853486371
86.56275739984251,173.12551479968502
27.892651735167597,55.785303470335194
24.013628992560253,48.02725798512051
52.59501639625183,105.19003279250366
86.90999969668556,173.81999939337112
27.54021098703402,55.08042197406804
95.88974773110698,191.77949546221396
95.11564518638725,190.2312903727745
34.21175009536155,68.4235001907231
14.908865887236999,29.817731774473998
33.17781368524927,66.35562737049854
92.24230947047603,184.48461894095206
31.512024556619878,63.024049113239755
57.362644674734796,114.72528934946959
25.55562699557403,51.11125399114806
56.9385747510894,113.8771495021788
1.6434093983503595,3.286818796700719
60.625878767664744,121.25175753532949
86.73945656251783,173.47891312503566
49.334528807492276,98.66905761498455
76.99653140543677,153.99306281087354
6.220850048126836,12.441700096253673
5.862430272597363,11.724860545194726
11.64322063244323,23.28644126488646
98.52111702579025,197.0422340515805
71.08673093792586,142.17346187585173
58.704336344193166,117.40867268838633
80.82591897321795,161.6518379464359
12.802014524409444,25.604029048818887
48.77044330600864,97.54088661201727
43.921814453884444,87.84362890776889
88.70275951999159,177.40551903998318
67.11573423688816,134.23146847377632
96.29022106770488,192.58044213540975
2.1485278181091694,4.297055636218339
26.177571066036453,52.355142132072906
67.66073036839846,135.32146073679692
8.998203869124765,17.99640773824953
9.635747188167176,19.271494376334353
57.770232279386235,115.54046455877247
3.9987149424887125,7.997429884977425
4.71892731949467,9.43785463898934
83.1692235407309,166.3384470814618
35.69970671242426,71.39941342484852
1.4458229899248054,2.891645979849611
96.14832994634821,192.29665989269643
46.16723546814063,92.33447093628126
70.3973718074008,140.7947436148016
93.59040881877951,187.18081763755902
85.8152040607143,171.6304081214286
17.76088684484769,35.52177368969538
14.700078657416816,29.40015731483363
13.759923415933539,27.519846831867078
11.070896872800152,22.141793745600303
29.8250957745128,59.6501915490256
43.97242936490259,87.94485872980518
51.431664837111825,102.86332967422365
6.891507618242176,13.783015236484353
1.908368049272291,3.816736098544582
10.867216423834869,21.734432847669737
2.7593892957297195,5.518778591459439
17.218653753146473,34.437307506292946
97.34687722645961,194.69375445291922
9.06136600834232,18.12273201668464
5.7488266587629955,11.497653317525991
64.61527935657875,129.2305587131575
96.520243612935,193.04048722587
81.27276879449802,162.54553758899604
62.83705603530547,125.67411207061095
37.71118487496218,75.42236974992436
39.36347744482925,78.7269548896585
72.81983571448706,145.6396714289741
81.03654328788672,162.07308657577343
78.80972958653894,157.61945917307787
17.606102526043788,35.212205052087576
72.31571412515187,144.63142825030374
86.07849482664946,172.15698965329892
55.10753004551927,110.21506009103854
65.76624133739332,131.53248267478665
67.42321769079611,134.84643538159222
22.143374828573805,44.28674965714761
32.696456717951726,65.39291343590345
67.08713564538239,134.17427129076478
39.582890749440494,79.16578149888099
23.979208847470858,47.958417694941716
17.14352279631639,34.28704559263278
46.59894410452027,93.19788820904054
79.99634738472298,159.99269476944596
87.50068511790207,175.00137023580413
77.27154180193507,154.54308360387014
49.682113626531255,99.36422725306251
15.659344538682396,31.31868907736479
92.04595277522053,184.09190555044106
55.05133290274319,110.10266580548638
85.52065754663583,171.04131509327166
53.80120206382307,107.60240412764614
55.59458033400043,111.18916066800087
5.863651443533257,11.727302887066514
78.61696967792251,157.23393935584502
78.29738946500323,156.59477893000647
36.0312987353041,72.0625974706082
73.80051015713624,147.6010203142725
83.40532800158797,166.81065600317595
48.194261416674635,96.38852283334927
74.72809664506256,149.45619329012513
52.9168443881571,105.8336887763142
44.17841004214513,88.35682008429026
83.58026252256312,167.16052504512623
77.26028621635085,154.5205724327017
47.55209946077251,95.10419892154502
55.425508515713794,110.85101703142759
88.64560336755059,177.29120673510118
0.216478673435061,0.432957346870122
61.71120270336728,123.42240540673455
58.54566200044066,117.09132400088131
98.57324826523386,197.14649653046772
14.015898890055778,28.031797780111557
80.16426074295867,160.32852148591735
22.098118211184314,44.19623642236863
64.56741498938197,129.13482997876395
29.059009222906962,58.118018445813924
9.79561696011617,19.59123392023234
17.41155406931214,34.82310813862428
27.36406254942063,54.72812509884126
40.47372363180111,80.94744726360221
46.407642051086164,92.81528410217233
18.4869269848275,36.973853969655
40.83527455337378,81.67054910674756
65.14925946118628,130.29851892237255
17.199884505322295,34.39976901064459
95.15182369683255,190.3036473936651
75.91173404359613,151.82346808719225
42.957903230560134,85.91580646112027
68.37890180023899,136.75780360047798
27.49601604828579,54.99203209657158
63.62813379178513,127.25626758357026
10.962457809809278,21.924915619618556
96.8101636725939,193.6203273451878
19.557752451035558,39.115504902071116
80.13663078640434,160.27326157280868
91.79560775780371,183.59121551560742
23.509970420089644,47.01994084017929
57.27642789738571,114.55285579477142
45.64732228410663,91.29464456821326
24.306206589231792,48.612413178463584
14.976852690363518,29.953705380727037
48.5309533268103,97.0619066536206
94.21724267288849,188.43448534577698
70.99254646426265,141.9850929285253
48.122161221852224,96.24432244370445
52.01984568593723,104.03969137187445
67.04302041110734,134.08604082221467
69.61545700332938,139.23091400665876
62.50651283326975,125.0130256665395
45.81261276853695,91.6252255370739
24.700020794197375,49.40004158839475
10.998054055609597,21.996108111219193
2.024758570609242,4.049517141218484
9.198303546602904,18.39660709320581
29.164698822313596,58.32939764462719
77.51281948799519,155.02563897599038
80.92947245763548,161.85894491527097
78.72809072568029,157.45618145136058
42.733790040468634,85.46758008093727
75.01912878264132,150.03825756528263
61.914556458248995,123.82911291649799
57.336859451717615,114.67371890343523
41.42265135138658,82.84530270277315
91.2679977686929,182.5359955373858
15.564982684608841,31.129965369217683
83.00325541916756,166.00651083833512
68.5145832165754,137.0291664331508
89.63896405110265,179.2779281022053
70.22977970820442,140.45955941640884
8.48958670818073,16.97917341636146
75.13361024419237,150.26722048838474
17.237703005522874,34.47540601104575
96.70266356592208,193.40532713184416
79.11131552204476,158.22263104408952
32.86972385778173,65.73944771556346
6.032764743316477,12.065529486632954
3.6849385687103275,7.369877137420655
60.772692595927694,121.54538519185539
52.719459973462016,105.43891994692403
44.25925403336065,88.5185080667213
38.08740978179449,76.17481956358898
51.93599139116058,103.87198278232115
54.42936523884647,108.85873047769294
14.294041013575143,28.588082027150286
72.15303516852778,144.30607033705556
88.96621243380595,177.9324248676119
63.938023163984205,127.87604632796841
27.03903560098384,54.07807120196768
77.31997005221345,154.6399401044269
22.557546274787832,45.115092549575664
72.36961839145305,144.7392367829061
14.778416425328178,29.556832850656356
90.97438708243372,181.94877416486744
46.7869138589037,93.5738277178074
94.60835178426633,189.21670356853267
99.80615871398642,199.61231742797284
20.11583494011938,40.23166988023876
75.99539648721624,151.99079297443248
96.57415670284351,193.14831340568702
47.72518937492395,95.4503787498479
64.96160274916323,129.92320549832647
44.876700144200385,89.75340028840077
85.5975982208147,171.1951964416294
65.44411284444075,130.8882256888815
60.81933518102275,121.6386703620455
96.84327030196681,193.68654060393362
4.807481828430083,9.614963656860166
96.17564590205447,192.35129180410894
19.689354231253052,39.378708462506104
22.19268589117419,44.38537178234838
77.08869674149318,154.17739348298636
9.568486553493704,19.13697310698741
65.62572840777327,131.25145681554653
58.41508577889331,116.83017155778661
32.32963203839751,64.65926407679503
71.5127025308611,143.0254050617222
65.7722565368292,131.5445130736584
80.35990597539005,160.7198119507801
61.48580723662992,122.97161447325983
25.080415687582626,50.16083137516525
99.06742472845089,198.13484945690178
94.77723129109148,189.55446258218296
71.79486582040468,143.58973164080936
39.53535756010728,79.07071512021456
53.34509216323751,106.69018432647502
45.38399615152956,90.76799230305912
99.5897848419144,199.1795696838288
90.23639076520715,180.4727815304143
81.83093065178743,163.66186130357485
98.38363425633085,196.7672685126617
64.472175792249,128.944351584498
71.54474350391958,143.08948700783915
49.188395579118215,98.37679115823643
10.877849005380646,21.755698010761293
15.48225738601472,30.96451477202944
54.65789070547734,109.31578141095468
45.03150019433804,90.06300038867607
50.041789466868906,100.08357893373781
92.62799382703774,185.25598765407548
15.47992516745752,30.95985033491504
77.71772035859102,155.43544071718205
47.77909988522199,95.55819977044398
86.35582338620216,172.71164677240432
86.81869964023451,173.63739928046903
77.05073971706575,154.1014794341315
83.80686366193511,167.61372732387022
28.068652965142327,56.137305930284654
47.42133381686339,94.84266763372678
87.29058163479117,174.58116326958233
86.36255834672612,172.72511669345224
24.749885674638282,49.499771349276564
61.48506902373963,122.97013804747925
68.57204494310322,137.14408988620644
81.5554411103881,163.1108822207762
96.83020638453341,193.66041276906682
21.33979652544278,42.67959305088556
56.87616924118507,113.75233848237013
4.694459188416911,9.388918376833821
2.235866167092393,4.471732334184786
56.97774424003328,113.95548848006656
53.82591989150819,107.65183978301638
62.318114402533055,124.63622880506611
45.24034021441046,90.48068042882092
9.992415326560478,19.984830653120955
2.8854095048767903,5.7708190097535805
72.61095346462305,145.2219069292461
41.14534973957148,82.29069947914296
26.448395920134427,52.896791840268854
91.33981821793307,182.67963643586614
2.014545741421514,4.029091482843028
0.6049728347556793,1.2099456695113586
67.16987621265193,134.33975242530386
86.85988322161766,173.71976644323533
25.986995631969922,51.973991263939844
82.10520843573732,164.21041687147465
33.45283767261134,66.90567534522268
24.44753558163685,48.8950711632737
72.79273061005713,145.58546122011427
74.14100681169249,148.28201362338498
90.84786435942763,181.69572871885526
56.176044160677996,112.35208832135599
22.437287572884678,44.874575145769356
98.2033497966361,196.4066995932722
55.24730006049601,110.49460012099202
90.88943897122341,181.77887794244683
54.35577095812728,108.71154191625456
71.7350426085249,143.4700852170498
62.75750552590706,125.51501105181411
79.95336066570424,159.90672133140848
64.93115824540395,129.8623164908079
32.96434774290592,65.92869548581184
66.74190908888352,133.48381817776703
23.9660276193009,47.9320552386018
80.76880273060976,161.53760546121953
37.53059550417418,75.06119100834836
90.99523599600622,181.99047199201243
94.85421479999992,189.70842959999985
59.05497560156694,118.10995120313387
72.04551163068338,144.09102326136676
48.22777680740445,96.4555536148089
89.78021966836539,179.56043933673078
81.9843346641772,163.9686693283544
1.947177115842702,3.894354231685404
81.54184182860375,163.0836836572075
97.78897472859366,195.57794945718732
4.28641733505083,8.57283467010166
81.14387508427681,162.28775016855363
60.66383273797351,121.32766547594701
4.462253929153615,8.92450785830723
9.950639089530966,19.901278179061933
94.58172460976549,189.16344921953097
72.41942927513583,144.83885855027165
9.409850927835862,18.819701855671724
87.04846769970638,174.09693539941276
59.0213022937764,118.0426045875528
94.2306391191912,188.4612782383824
14.112456851969824,28.22491370393965
9.081778726859891,18.163557453719783
26.73359689149464,53.46719378298928
72.9690347576263,145.9380695152526
90.29782072889638,180.59564145779277
74.93379838016997,149.86759676033995
67.02316167005458,134.04632334010915
72.6513392465654,145.3026784931308
91.50406406137974,183.00812812275947
3.796005695632243,7.592011391264486
8.710856728639914,17.42171345727983
90.4578868750481,180.9157737500962
56.121295978255226,112.24259195651045
90.97635676210422,181.95271352420843
14.408893428359315,28.81778685671863
91.93692646524224,183.87385293048447
68.76289980468366,137.5257996093673
66.47345894049033,132.94691788098066
87.958051527807,175.916103055614
42.191325208977815,84.38265041795563
8.72489082135921,17.44978164271842
72.2433864395558,144.4867728791116
25.928887387156653,51.857774774313306
24.699909310571844,49.39981862114369
59.83537459494226,119.67074918988452
70.91373845186175,141.8274769037235
35.027884766735525,70.05576953347105
68.88330770780917,137.76661541561833
32.918353301817845,65.83670660363569
46.00371063067057,92.00742126134114
68.58795335243613,137.17590670487226
11.224297001134476,22.44859400226895
93.14323758847026,186.2864751769405
84.11305285182173,168.22610570364347
79.30219286991537,158.60438573983075
18.22258467902994,36.44516935805988
84.77650490298664,169.5530098059733
66.22192790385904,132.44385580771808
58.91482160699494,117.82964321398988
14.32745136847865,28.6549027369573
67.89763707073251,135.79527414146503
78.21738615139287,156.43477230278575
11.982425249195149,23.964850498390298
85.66032243507149,171.32064487014298
71.3836740255075,142.767348051015
84.43611347858457,168.87222695716915
97.86799779053858,195.73599558107716
49.245992875653336,98.49198575130667
86.64375710790588,173.28751421581177
68.50323734294493,137.00647468588986
32.08918190307835,64.1783638061567
80.06274944816552,160.12549889633104
74.16138427103111,148.32276854206222
8.58085742464947,17.16171484929894
8.116219657054579,16.232439314109158
68.99193798002568,137.98387596005136
54.92156360745596,109.84312721491192
99.66296017826562,199.32592035653124
85.2459698056839,170.4919396113678
12.374136401109403,24.748272802218807
88.60463601092707,177.20927202185413
56.73984961031016,113.47969922062032
8.693269283267679,17.386538566535357
99.0940187271394,198.1880374542788
78.2608383010728,156.5216766021456
47.253375636554715,94.50675127310943
9.204827938941296,18.409655877882592
27.06684907494702,54.13369814989404
97.26295408833158,194.52590817666317
4.676744076688055,9.35348815337611
98.26087539658288,196.52175079316575
15.93426625685279,31.86853251370558
29.943588509068853,59.887177018137706
59.02583202369589,118.05166404739178
72.60925979867358,145.21851959734715
68.06284269238017,136.12568538476035
20.24468905364626,40.48937810729252
23.550480445561007,47.100960891122014
58.76018108199999,117.52036216399998
90.26452362561247,180.52904725122494
70.18323413680986,140.36646827361972
96.48274591122633,192.96549182245266
98.48246580465653,196.96493160931306
65.0524507897836,130.1049015795672
20.047039161272107,40.09407832254421
96.34440073814295,192.6888014762859
71.47446093032497,142.94892186064993
96.22105216383083,192.44210432766167
11.41820036433494,22.83640072866988
38.2291925054816,76.4583850109632
9.590659685562041,19.181319371124083
61.063377922918185,122.12675584583637
50.481212247877714,100.96242449575543
69.17800040438968,138.35600080877936
74.37492555270693,148.74985110541385
88.90792637398218,177.81585274796436
39.57477662879012,79.14955325758024
75.88545264197916,151.7709052839583
4.24263735289736,8.48527470579472
16.77160006091879,33.54320012183758
23.117287832219567,46.234575664439134
18.01492095589372,36.02984191178744
24.07622878770612,48.15245757541224
38.74986187264684,77.49972374529368
65.98383560088654,131.96767120177307
55.44536097476538,110.89072194953076
62.67787007636404,125.35574015272807
32.74220542056023,65.48441084112046
27.738841840262573,55.477683680525146
42.107175066948486,84.21435013389697
39.31660415949988,78.63320831899976
93.79885912224289,187.59771824448578
36.92901389465718,73.85802778931436
33.66667564235822,67.33335128471644
66.03269989906043,132.06539979812086
10.285250185071748,20.570500370143495
78.03561534531399,156.07123069062797
79.38674481874529,158.77348963749057
9.974587922457712,19.949175844915423
10.421381411181564,20.842762822363127
9.723552327358453,19.447104654716906
10.623175238544103,21.246350477088207
95.03365837509723,190.06731675019446
57.593799458395935,115.18759891679187
32.674395259412435,65.34879051882487
82.41105179457175,164.8221035891435
97.69629907351917,195.39259814703834
83.61642923414702,167.23285846829404
16.15873368395193,32.31746736790386
7.945267989640959,15.890535979281918
87.26246111882506,174.52492223765012
60.13286007090323,120.26572014180645
1.0509851979570106,2.1019703959140212
65.35238866667424,130.7047773333485
82.54757643053074,165.09515286106148
96.77850502942074,193.55701005884148
85.29687825516051,170.59375651032101
28.180604336097858,56.361208672195716
83.20015882300787,166.40031764601574
82.1932848170075,164.386569634015
79.23076050232446,158.46152100464892
96.47066765386157,192.94133530772314
51.85950766786988,103.71901533573975
57.889525923359244,115.77905184671849
63.29699965075832,126.59399930151665
81.01145687072865,162.0229137414573
18.835298997776427,37.67059799555285
7.028530343510342,14.057060687020684
25.587685423110052,51.175370846220105
75.69643790788724,151.3928758157745
86.11791400298111,172.23582800596222
77.27183432964502,154.54366865929003
30.73625679919123,61.47251359838246
59.067087744609324,118.13417548921865
70.52973245599209,141.05946491198418
43.79930189385923,87.59860378771846
46.751369281840006,93.50273856368001
59.168123954692575,118.33624790938515
80.09838467033781,160.19676934067562
8.87966280526048,17.75932561052096
2.4023143587706186,4.804628717541237
97.214893689148,194.429787378296
10.622827573117554,21.24565514623511
91.13097589124214,182.2619517824843
86.17408046806437,172.34816093612875
57.62249808106391,115.24499616212782
20.535114535239195,41.07022907047839
90.81687391601417,181.63374783202835
41.94606551070124,83.89213102140248
52.077910423499965,104.15582084699993
80.1969480901214,160.3938961802428
16.839445684108167,33.678891368216334
10.520273706207883,21.040547412415766
47.29003046277017,94.58006092554034
7.790560600492757,15.581121200985514
45.63813072787527,91.27626145575054
33.12957528096623,66.25915056193246
86.65226280787238,173.30452561574475
99.0417787597666,198.0835575195332
45.169714914486256,90.33942982897251
33.35854831124656,66.71709662249312
61.11474545649473,122.22949091298946
11.114043942246498,22.228087884492997
68.04952303471352,136.09904606942703
20.41972978499015,40.8394595699803
4.724435576797903,9.448871153595807
19.951254190698563,39.902508381397126
13.795243466903562,27.590486933807124
3.224010286176615,6.44802057235323
56.93682479747596,113.87364959495191
88.49602530366221,176.99205060732442
71.01966728996597,142.03933457993193
34.24144085526761,68.48288171053522
83.80562853815985,167.6112570763197
48.93689124002584,97.87378248005167
5.753398114806085,11.50679622961217
99.47209198767214,198.9441839753443
22.72191159529724,45.44382319059448
56.30927164756518,112.61854329513037
0.2420567259782347,0.4841134519564694
77.28237903469775,154.5647580693955
82.04878228138529,164.09756456277057
36.31923726551511,72.63847453103023
39.21217215517133,78.42434431034266
60.98503919225041,121.97007838450082
75.70247360675782,151.40494721351564
84.2886696074107,168.5773392148214
1.8863886644071348,3.7727773288142696
86.18270516225371,172.36541032450742
65.34589589479502,130.69179178959004
49.024999870635156,98.04999974127031
18.682212965741673,37.364425931483346
42.591809471273976,85.18361894254795
46.40042185404955,92.8008437080991
81.2342788704911,162.4685577409822
49.786224739046745,99.57244947809349
59.14971133451444,118.29942266902889
34.635939812170605,69.27187962434121
86.6029001766931,173.2058003533862
72.71248657380227,145.42497314760453
7.6967483495234745,15.393496699046949
39.29156105456968,78.58312210913935
93.06970073279562,186.13940146559125
3.8123220861766227,7.624644172353245
76.43401353024751,152.86802706049502
11.87595711050351,23.75191422100702
96.302789454575,192.60557890915
19.39316393656111,38.78632787312222
71.68426571192704,143.36853142385408
4.567081443571286,9.134162887142573
78.30383424532789,156.60766849065578
68.4238830790123,136.8477661580246
49.207620200319155,98.41524040063831
26.732421716558896,53.46484343311779
27.284148445894907,54.568296891789814
83.11666270722944,166.23332541445888
21.247978287953874,42.49595657590775
67.97212824428112,135.94425648856225
7.524499825179642,15.048999650359285
35.694426652221956,71.38885330444391
7.526203323428504,15.052406646857008
63.322489496580246,126.64497899316049
97.46602344333182,194.93204688666364
58.21866623257137,116.43733246514275
50.8670025002921,101.7340050005842
89.11405555225076,178.22811110450152
23.222087270944026,46.44417454188805
40.09781467310975,80.1956293462195
74.27653994750365,148.5530798950073
7.068062511892204,14.136125023784407
97.3035459122545,194.607091824509
65.48227068224519,130.96454136449037
22.42166066861587,44.84332133723174
64.40175253315708,128.80350506631416
4.690244182358616,9.380488364717232
60.61815293101161,121.23630586202322
45.384456163689926,90.76891232737985
62.15687536679639,124.31375073359278
59.718176807057155,119.43635361411431
14.966340122483546,29.93268024496709
30.206759004736195,60.41351800947239
40.82487510944932,81.64975021889865
22.135260595805374,44.27052119161075
93.94722342660715,187.8944468532143
40.15170235998908,80.30340471997816
22.696064168237385,45.39212833647477
32.53069145647852,65.06138291295704
52.2535136591371,104.5070273182742
34.099889264314406,68.19977852862881
87.99362452584539,175.98724905169078
18.562150758701467,37.124301517402934
65.33531750310748,130.67063500621495
55.27227284040082,110.54454568080163
36.41511241870933,72.83022483741865
51.47353191676943,102.94706383353886
61.200846872410686,122.40169374482137
36.63154275152336,73.26308550304672
11.564732602706872,23.129465205413744
83.96823455880514,167.93646911761027
97.94367940578516,195.88735881157032
12.854867526622593,25.709735053245186
15.53235869671341,31.06471739342682
92.07109974782189,184.14219949564378
26.94672342702562,53.89344685405124
59.441811967817614,118.88362393563523
31.75378106251914,63.50756212503828
30.80500137783738,61.61000275567476
83.39044942118935,166.7808988423787
32.852366770767304,65.70473354153461
96.76468185000971,193.52936370001942
64.15453920131444,128.30907840262887
68.51560982500956,137.03121965001912
26.178053941612045,52.35610788322409
5.399316383825836,10.798632767651672
30.789981701893264,61.57996340378653
47.283662008332996,94.56732401666599
88.28558895660888,176.57117791321775
73.96948318048331,147.93896636096662
77.92052824218773,155.84105648437546
42.2852729050033,84.5705458100066
43.07889992728534,86.15779985457068
40.144037746879135,80.28807549375827
22.16032638745531,44.32065277491062
76.2565736031719,152.5131472063438
85.08390097977131,170.16780195954263
71.19214035630195,142.3842807126039
52.47995391651551,104.95990783303102
54.83283344867,109.66566689734
66.48471309944985,132.9694261988997
36.14262242133598,72.28524484267196
58.860022671878895,117.72004534375779
88.25462255290746,176.50924510581493
35.28429723798268,70.56859447596536
18.81112925907743,37.62225851815486
27.484768102398448,54.969536204796896
86.42263405994632,172.84526811989264
44.1287104253968,88.2574208507936
40.5664206520082,81.1328413040164
20.996858072238535,41.99371614447707
8.099131009184312,16.198262018368624
40.732084307805295,81.46416861561059
35.67898226829998,71.35796453659997
12.228892097482236,24.45778419496447
27.50402474302075,55.0080494860415
5.696047409218408,11.392094818436815
18.196933471191013,36.393866942382026
37.56875637632066,75.13751275264131
84.70505736972478,169.41011473944957
71.01044427440048,142.02088854880097
13.114932623040565,26.22986524608113
50.39144590189933,100.78289180379866
66.53432803715307,133.06865607430615
32.657605787184075,65.31521157436815
45.56145850005863,91.12291700011725
72.40137547680231,144.80275095360463
88.86433416700106,177.72866833400212
12.111472387373068,24.222944774746136
4.191420556873881,8.382841113747762
72.86264142472808,145.72528284945616
26.508423589806917,53.01684717961383
56.19289197638946,112.38578395277892
20.995793379813854,41.99158675962771
19.698949648415375,39.39789929683075
30.99130207820604,61.98260415641208
11.167110960422876,22.334221920845753
90.03120431254949,180.06240862509898
38.56492508860831,77.12985017721662
49.99179556709622,99.98359113419244
18.332366427008008,36.664732854016016
84.05791497299005,168.1158299459801
17.362607663064434,34.72521532612887
78.51011291124627,157.02022582249253
15.761824291739423,31.523648583478845
10.356065764290001,20.712131528580002
48.16602509762951,96.33205019525901
70.55690771196942,141.11381542393883
20.789750534598774,41.57950106919755
56.44677291335143,112.89354582670286
34.6063201732417,69.2126403464834
50.976162396260214,101.95232479252043
29.525542642306547,59.051085284613094
90.89182593282285,181.7836518656457
14.712405675053109,29.424811350106218
58.084423448051496,116.16884689610299
3.836787836430533,7.673575672861066
14.97295309286324,29.94590618572648
76.61934830829192,153.23869661658384
53.1863656538612,106.3727313077224
77.60721382752162,155.21442765504324
61.224868448909994,122.44973689781999
89.41818168726829,178.83636337453657
97.28367766809387,194.56735533618775
63.28449372503451,126.56898745006902
80.8044817414308,161.6089634828616
57.205254077416114,114.41050815483223
4.870238159327666,9.740476318655332
77.2792716379469,154.5585432758938
0.09113311689485926,0.1822662337897185
90.46299741642493,180.92599483284985
18.46628694270298,36.93257388540596
2.503563453431734,5.007126906863468
28.92132520466698,57.84265040933396
22.56651960727747,45.13303921455494
23.516910388576882,47.033820777153764
37.478047998439344,74.95609599687869
88.10275850571168,176.20551701142335
73.52878658545434,147.05757317090868
64.28337206295096,128.56674412590192
95.0676790088785,190.135358017757
75.94590348781195,151.8918069756239
88.5759336621875,177.151867324375
34.46823949701822,68.93647899403643
52.38666005442757,104.77332010885515
57.336017421747066,114.67203484349413
19.088013375726188,38.176026751452376
54.30143430566211,108.60286861132423
77.97574265655946,155.95148531311892
64.42875338972568,128.85750677945137
33.84044255558,67.68088511116
60.40090278506421,120.80180557012842
92.97227424007237,185.94454848014473
24.26970786296763,48.53941572593526
34.769763781960584,69.53952756392117
94.48105639867296,188.96211279734592
38.77025824363852,77.54051648727705
15.588479585732095,31.17695917146419
61.64010501421514,123.28021002843028
74.11844249695255,148.2368849939051
35.12592766004312,70.25185532008624
53.15112288669993,106.30224577339986
63.436421363141285,126.87284272628257
92.74713797592123,185.49427595184247
88.98685380745151,177.97370761490302
45.654646306808566,91.30929261361713
59.221433707687645,118.44286741537529
15.62337199997491,31.24674399994982
52.932521722788664,105.86504344557733
74.58060989640381,149.16121979280763
95.6043179150171,191.2086358300342
97.49152926922187,194.98305853844374
49.63073697943998,99.26147395887996
68.82061619023499,137.64123238046997
43.76302898830278,87.52605797660556
57.364542539061034,114.72908507812207
0.9905561436210575,1.981112287242115
89.13502873019335,178.2700574603867
88.49549672057421,176.99099344114842
82.08921415395938,164.17842830791875
97.0329744525678,194.0659489051356
40.18258297010646,80.36516594021292
31.730298973561844,63.46059794712369
85.40673992655623,170.81347985311245
98.00368483274173,196.00736966548345
67.33148210498364,134.66296420996727
25.50189635706014,51.00379271412028
25.55752785139519,51.11505570279038
92.81981101170715,185.6396220234143
56.36097135933697,112.72194271867394
29.329480191491996,58.65896038298399
11.54868449753257,23.09736899506514
55.62746541116326,111.25493082232651
29.12640413484855,58.2528082696971
84.58689267910292,169.17378535820583
25.778866732562623,51.557733465125246
58.32911553083441,116.65823106166881
83.82313644349536,167.64627288699072
97.35417730253437,194.70835460506873
14.113456275520752,28.226912551041504
39.1327660373445,78.265532074689
41.627302581584445,83.25460516316889
2.2030145150457647,4.4060290300915295
75.62187004442345,151.2437400888469
61.37779699429841,122.75559398859681
60.56812142460575,121.1362428492115
81.68709570763136,163.37419141526271
42.58876301187319,85.17752602374638
32.41760796336766,64.83521592673532
99.57644641046328,199.15289282092655
27.72995497567381,55.45990995134762
84.40036786332894,168.80073572665788
98.72801456413828,197.45602912827655
26.495245644391662,52.990491288783325
29.037243124934065,58.07448624986813
82.05197093722235,164.1039418744447
93.88920932580915,187.7784186516183
93.42908282525802,186.85816565051604
8.095932115389514,16.19186423077903
41.45398873824786,82.90797747649572
12.926790131426225,25.85358026285245
1.037608668210932,2.075217336421864
44.31279820319227,88.62559640638455
95.33670758675706,190.67341517351412
12.515470103974202,25.030940207948404
19.948398773625264,39.89679754725053
76.48940578390211,152.97881156780423
92.18735894416497,184.37471788832994
60.908468279348405,121.81693655869681
92.80164017566057,185.60328035132113
2.0853354627689225,4.170670925537845
49.44731636866615,98.8946327373323
80.73517800014477,161.47035600028954
93.42668289746705,186.8533657949341
63.5136643772929,127.0273287545858
29.234328838422343,58.468657676844686
44.339191528966836,88.67838305793367
39.96675142683772,79.93350285367544
4.67944133568311,9.35888267136622
50.173367680479494,100.34673536095899
98.49580627429768,196.99161254859536
30.292000270986264,60.58400054197253
81.76485138525685,163.5297027705137
8.783786622327039,17.567573244654078
24.2686820874108,48.5373641748216
34.386521635011725,68.77304327002345
7.569054073399051,15.138108146798102
46.109383162453696,92.21876632490739
75.92435650400769,151.84871300801538
63.78370388005506,127.56740776011011
96.70517469725313,193.41034939450626
66.62272984821077,133.24545969642153
88.79497534639937,177.58995069279874
9.540913524248495,19.08182704849699
92.72035243760865,185.4407048752173
14.035571442042372,28.071142884084743
7.625765573011744,15.251531146023488
59.130925186121864,118.26185037224373
65.91915607795484,131.83831215590968
96.88945078334612,193.77890156669224
22.52658347131794,45.05316694263588
96.78839532681101,193.57679065362203
1.8696398257999736,3.739279651599947
39.63870432344926,79.27740864689852
89.48115099646655,178.9623019929331
52.7096313498996,105.4192626997992
12.051133337727737,24.102266675455475
52.59054771636485,105.1810954327297
83.02976013083732,166.05952026167463
70.54463117985468,141.08926235970935
7.858905787473147,15.717811574946294
42.35005824693404,84.70011649386808
28.250911435990368,56.501822871980735
74.35550463775435,148.7110092755087
8.93653998482672,17.87307996965344
55.195982282564984,110.39196456512997
92.70788502015833,185.41577004031666
44.47529473884546,88.95058947769093
28.864511696296336,57.72902339259267
99.84965078036994,199.69930156073988
70.89721394625374,141.79442789250749
83.67084006013246,167.34168012026493
15.242838344562848,30.485676689125697
65.18746888396147,130.37493776792294
49.766738577792914,99.53347715558583
70.36784011571106,140.73568023142212
16.078696385112366,32.15739277022473
53.087704923962654,106.17540984792531
42.42531126359908,84.85062252719815
21.080310263964297,42.16062052792859
37.72561152000904,75.45122304001808
86.19657329322372,172.39314658644744
91.63412295994416,183.26824591988833
49.35741785888597,98.71483571777193
24.94770195782405,49.8954039156481
77.79179975994063,155.58359951988126
29.358741005967637,58.717482011935274
22.230067342074832,44.460134684149665
27.311639183454805,54.62327836690961
97.4843314793509,194.9686629587018
37.20810991718274,74.41621983436548
30.474877024956715,60.94975404991343
13.598173559610116,27.19634711922023
19.548831468412185,39.09766293682437
41.97118466196093,83.94236932392187
52.26384814067008,104.52769628134016
41.123067957330164,82.24613591466033
4.671068360401131,9.342136720802262
1.3640804158025155,2.728160831605031
35.308011732895025,70.61602346579005
44.63182237806882,89.26364475613764
30.70128039569484,61.40256079138968
83.51862481877494,167.03724963754988
77.72485616405262,155.44971232810525
97.83808340080091,195.67616680160182
29.592525310045993,59.185050620091985
81.41053404726195,162.8210680945239
89.98341813646853,179.96683627293706
24.192022715185868,48.384045430371735
1.3786055098461203,2.7572110196922406
48.49043676990347,96.98087353980694
79.24942603876688,158.49885207753377
10.640434535769238,21.280869071538476
69.63458762920867,139.26917525841733
1.4197467860354807,2.8394935720709613
40.80563478666044,81.61126957332088
36.468915783784595,72.93783156756919
1.5179584255385459,3.0359168510770917
56.973119577275085,113.94623915455017
62.09090745570156,124.18181491140312
26.946397988278303,53.892795976556606
65.65859198538571,131.31718397077142
47.62390589702827,95.24781179405655
11.73712691993093,23.47425383986186
59.79849348057189,119.59698696114378
78.03315214590447,156.06630429180893
63.26973608263259,126.53947216526518
84.03193214782715,168.0638642956543
20.414782224914084,40.82956444982817
52.60401264612844,105.20802529225688
86.50922816875868,173.01845633751736
18.067321383980072,36.134642767960145
32.0704981941215,64.140996388243
42.246114011255365,84.49222802251073
80.08099978851845,160.1619995770369
46.03762240112916,92.07524480225833
76.71780059182619,153.43560118365238
5.605832620859674,11.211665241719349
48.88134021378959,97.76268042757918
12.900618962769228,25.801237925538455
57.82313854848462,115.64627709696924
46.62985474309153,93.25970948618306
92.57231805493966,185.14463610987931
2.9852374525282444,5.970474905056489
90.92372514034106,181.84745028068212
21.7905454550262,43.5810909100524
70.60293697407822,141.20587394815644
12.863696226690191,25.727392453380382
96.99758553146705,193.9951710629341
99.4756082612006,198.9512165224012
43.61600702007154,87.23201404014308
44.62736400742997,89.25472801485994
45.175598505030415,90.35119701006083
19.42708143638153,38.85416287276306
64.35930984822879,128.71861969645758
93.59667235869111,187.19334471738222
91.03377578413355,182.0675515682671
95.09544627990363,190.19089255980725
41.7881668178851,83.5763336357702
83.81920068801722,167.63840137603444
8.57185368202068,17.14370736404136
36.59445588136825,73.1889117627365
71.55338922062046,143.10677844124092
74.23687646578857,148.47375293157714
97.64032980503399,195.28065961006797
64.70425587649129,129.40851175298258
4.80813645191287,9.61627290382574
66.15910018556464,132.31820037112928
47.50382056653288,95.00764113306576
10.44542089493541,20.89084178987082
71.43621472441968,142.87242944883937
97.68148421075608,195.36296842151216
95.47367831911865,190.9473566382373
2.7732703691061955,5.546540738212391
61.420605105304084,122.84121021060817
82.76347967681124,165.5269593536225
74.77117073474446,149.54234146948892
67.19160788481172,134.38321576962343
17.777626625824393,35.555253251648786
95.20439241982783,190.40878483965565
65.81909964565504,131.6381992913101
95.83536650237832,191.67073300475664
82.01687984296613,164.03375968593227
44.29767617226704,88.59535234453408
76.97511962321663,153.95023924643326
78.04560803679057,156.09121607358114
22.406922658984453,44.813845317968905
35.89849355989714,71.79698711979428
73.51004882425765,147.0200976485153
20.165659883480803,40.331319766961606
57.3586597872082,114.7173195744164
74.24784799835024,148.49569599670048
11.758847116507065,23.51769423301413
98.32005194699869,196.64010389399738
75.87122001389011,151.74244002778022
90.22223335042518,180.44446670085037
16.73658611100366,33.47317222200732
31.25948214909824,62.51896429819648
21.614546683825253,43.229093367650506
43.41430763533499,86.82861527066999
39.96447203073606,79.92894406147212
52.67738516726512,105.35477033453024
91.84919359421808,183.69838718843616
41.87383470718211,83.74766941436422
15.939389006955862,31.878778013911724
50.92273412408508,101.84546824817016
5.210751650808221,10.421503301616442
25.295589388305718,50.591178776611436
14.764516883499013,29.529033766998026
63.292428188228214,126.58485637645643
94.77836549648212,189.55673099296425
87.55093201399895,175.1018640279979
48.82668984353757,97.65337968707514
85.17909765810185,170.3581953162037
31.8050024117446,63.6100048234892
12.85059560739521,25.70119121479042
44.79185283614713,89.58370567229426
27.77596805761785,55.5519361152357
88.3019478034057,176.6038956068114
18.731092275341275,37.46218455068255
93.95775308295289,187.91550616590578
82.31102632710058,164.62205265420116
77.50014719502862,155.00029439005723
77.90834820350233,155.81669640700466
55.61977508963311,111.23955017926622
24.200444765443883,48.40088953088777
61.43373209375662,122.86746418751324
37.54589025047489,75.09178050094978
73.30841032928488,146.61682065856976
77.84601353657769,155.69202707315537
12.505499076830162,25.010998153660324
22.38962522274347,44.77925044548694
71.20005411805674,142.40010823611348
82.42248059266709,164.84496118533417
73.2929605023912,146.5859210047824
14.031687748251287,28.063375496502573
59.359790185254205,118.71958037050841
54.31320088659371,108.62640177318742
55.06627052920202,110.13254105840404
9.855824943320524,19.711649886641048
19.231918821515926,38.46383764303185
64.24212310987846,128.48424621975693
53.267809761777286,106.53561952355457
37.82792505815353,75.65585011630706
22.46699921860108,44.93399843720216
86.3563328599679,172.7126657199358
19.467825674007557,38.935651348015114
30.024191811510825,60.04838362302165
4.398236155842095,8.79647231168419
91.97863952998017,183.95727905996034
2.262062597251213,4.524125194502426
82.87527735419233,165.75055470838467
23.88579669291414,47.77159338582828
25.01020103359367,50.02040206718734
56.74188999881952,113.48377999763903
62.42877483050092,124.85754966100184
56.02458887221013,112.04917774442026
64.24857411224968,128.49714822449937
20.674032041232582,41.348064082465164
55.070393647445194,110.14078729489039
53.24754086973965,106.4950817394793
17.466516702752266,34.93303340550453
90.73523648507819,181.47047297015638
53.07820898910172,106.15641797820344
16.91664749115841,33.83329498231682
41.498166108108435,82.99633221621687
94.77170732707427,189.54341465414853
11.909718211304765,23.81943642260953
26.048190015098626,52.09638003019725
36.1621862093238,72.3243724186476
11.246273442280996,22.492546884561992
13.754129904619571,27.508259809239142
98.66338773305124,197.32677546610248
25.740778775096494,51.48155755019299
76.68731600345905,153.3746320069181
90.14966826260685,180.2993365252137
18.58795529353465,37.1759105870693
46.47784482189435,92.9556896437887
11.464912475932776,22.92982495186555
73.63994543653735,147.2798908730747
47.18304097604992,94.36608195209983
4.889971438925233,9.779942877850466
95.18849244859842,190.37698489719685
35.04024996768573,70.08049993537146
45.90713876092371,91.81427752184742
98.23862218753607,196.47724437507213
34.35334859740422,68.70669719480844
7.1020293861098205,14.204058772219641
52.180667780443244,104.36133556088649
49.14899260668834,98.29798521337668
84.33287556515194,168.66575113030387
58.68892222317638,117.37784444635275
89.05264538745476,178.10529077490952
37.68693488522516,75.37386977045033
77.87663369967824,155.75326739935647
21.52094928236813,43.04189856473626
42.12409134225812,84.24818268451624
23.312338039168225,46.62467607833645
74.36448993494821,148.72897986989642
76.73171362737618,153.46342725475236
90.60352419749272,181.20704839498543
65.89219887490584,131.7843977498117
91.73671848124823,183.47343696249646
55.22978362962234,110.45956725924468
49.9369210313369,99.8738420626738
35.92948353928922,71.85896707857844
8.312803635907395,16.62560727181479
64.49711212456154,128.99422424912308
11.385168503865096,22.77033700773019
44.50855462513318,89.01710925026636
63.33641312843474,126.67282625686948
15.640809375482522,31.281618750965045
60.936623063146364,121.87324612629273
85.75002615717251,171.50005231434503
49.029491544964834,98.05898308992967
42.23211463608717,84.46422927217434
1.6469775326702019,3.2939550653404037
85.81516302653014,171.6303260530603
1.0026638761065243,2.0053277522130486
3.2248189991208043,6.4496379982416085
88.12014502613468,176.24029005226936
96.04099767708149,192.08199535416298
79.66532934541581,159.33065869083163
12.57621645135959,25.15243290271918
23.181104871385593,46.362209742771185
41.96429044718006,83.92858089436012
89.91696925519499,179.83393851038997
99.10800785442781,198.21601570885562
85.70250646400895,171.4050129280179
0.9436745604470054,1.8873491208940107
92.9375240359079,185.8750480718158
57.468217456653306,114.93643491330661
24.937043021467666,49.87408604293533
25.288269074401203,50.576538148802406
4.451935643067218,8.903871286134436
83.6230934084633,167.2461868169266
69.82069001937028,139.64138003874055
31.48051523054045,62.9610304610809
53.50240556226902,107.00481112453804
3.6131515124897873,7.2263030249795746
36.68635260270289,73.37270520540578
95.47304426648566,190.94608853297132
87.39256036751193,174.78512073502387
42.19748789941731,84.39497579883462
19.020184339175138,38.040368678350276
43.33190522472672,86.66381044945344
32.974400085195775,65.94880017039155
65.08725045881238,130.17450091762475
71.9397311984683,143.8794623969366
3.3044571036099812,6.6089142072199625
34.724808144273865,69.44961628854773
5.95968715399493,11.91937430798986
73.30045854813878,146.60091709627756
6.491793193522866,12.983586387045731
94.23252118738519,188.46504237477038
68.9274769183746,137.8549538367492
4.025120799778725,8.05024159955745
52.26921155586635,104.5384231117327
28.62276702517662,57.24553405035324
32.44611635254451,64.89223270508901
54.12595321468129,108.25190642936258
59.86088612601693,119.72177225203386
71.84185551707141,143.68371103414282
33.324859546210185,66.64971909242037
17.603190052986783,35.206380105973565
53.90811936337055,107.8162387267411
80.20995180056852,160.41990360113704
87.70279961031524,175.40559922063048
24.444377921433503,48.888755842867006
52.0601907082091,104.1203814164182
95.11809794688332,190.23619589376665
89.04840949838933,178.09681899677867
22.693978145603676,45.38795629120735
25.529525097406157,51.059050194812315
36.64370930389218,73.28741860778436
74.136816795365,148.27363359073
41.25382277059349,82.50764554118697
5.452049476271537,10.904098952543073
40.89405754276927,81.78811508553854
67.96054107284843,135.92108214569686
96.59153856251406,193.18307712502812
65.28939644691582,130.57879289383163
17.624994345296606,35.24998869059321
22.67850318146767,45.35700636293534
42.80435480169371,85.60870960338742
96.01235278756309,192.02470557512618
59.1546861209744,118.3093722419488
83.99553412856406,167.99106825712812
1.9013392639154914,3.8026785278309827
82.03982184400408,164.07964368800816
98.21126890972134,196.42253781944268
4.689198222024993,9.378396444049987
52.628618456873774,105.25723691374755
53.301847600327626,106.60369520065525
0.056718033207869833,0.11343606641573967
93.79903231451328,187.59806462902657
99.63219485767296,199.2643897153459
1.9786517260239278,3.9573034520478556
71.53444499390508,143.06888998781017
92.91202816023247,185.82405632046493
87.93728042088816,175.87456084177632
41.527870536095755,83.05574107219151
30.308758527340597,60.617517054681194
60.017039500026826,120.03407900005365
1.7416421819578254,3.4832843639156508
3.012036271540519,6.024072543081038
86.61994024381687,173.23988048763374
30.097207217085387,60.194414434170774
70.99133865130004,141.98267730260008
7.507522277722101,15.015044555444202
55.669751112739206,111.33950222547841
99.46750348814098,198.93500697628195
79.56242333626055,159.1248466725211
27.86960962254249,55.73921924508498
80.52419361512322,161.04838723024645
54.57863863623737,109.15727727247474
5.954541420637927,11.909082841275854
6.792420806498145,13.58484161299629
92.59493218203211,185.18986436406422
88.48970378343444,176.97940756686887
76.68184817774579,153.36369635549158
45.412595474928885,90.82519094985777
17.158322836665096,34.31664567333019
61.31320667598762,122.62641335197524
89.38499789218092,178.76999578436184
6.770369136098731,13.540738272197462
27.064005811958612,54.128011623917224
19.61705208971637,39.23410417943274
77.94978500094176,155.89957000188352
89.56064353395637,179.12128706791273
58.91697784026212,117.83395568052424
27.7100937493975,55.420187498795
5.333192138504172,10.666384277008344
77.89573345701703,155.79146691403406
39.283427457664224,78.56685491532845
42.59746947139329,85.19493894278658
19.083607930252576,38.16721586050515
14.945764712173116,29.89152942434623
10.29904271187332,20.59808542374664
51.87008562895461,103.74017125790922
46.27333851750045,92.5466770350009
79.47878369268588,158.95756738537176
39.16370774955741,78.32741549911482
50.60369038134757,101.20738076269514
6.501159188216576,13.002318376433152
5.679067547839689,11.358135095679378
46.66652594557543,93.33305189115086
41.96770740739287,83.93541481478574
0.7305188449811872,1.4610376899623745
0.690363545543371,1.380727091086742
35.659707058442834,71.31941411688567
36.391938349614335,72.78387669922867
51.81698418213598,103.63396836427196
55.43315290909535,110.8663058181907
64.13430653379757,128.26861306759514
73.71746124192816,147.43492248385633
88.22584397718823,176.45168795437647
29.39268309902554,58.78536619805108
97.49936889664704,194.99873779329408
93.63914157678181,187.27828315356362
86.62422802813823,173.24845605627647
23.47799599140783,46.95599198281566
64.5295826199957,129.0591652399914
31.201572079441608,62.403144158883215
69.0168809232086,138.0337618464172
90.41015366859591,180.82030733719182
46.19139986441003,92.38279972882006
64.22585900026802,128.45171800053603
93.60438878093593,187.20877756187187
71.80008743485628,143.60017486971256
19.883960517821087,39.767921035642175
2.243376163110622,4.486752326221244
29.76078183715033,59.52156367430066
84.09816342277769,168.19632684555538
88.3412454146241,176.6824908292482
38.761696590506666,77.52339318101333
34.024603652595175,68.04920730519035
67.37575740114866,134.75151480229732
87.40607002964327,174.81214005928655
96.71882255929928,193.43764511859857
30.077894878911927,60.155789757823854
1.5113090611340918,3.0226181222681836
93.71371480058463,187.42742960116925
75.68392836713404,151.3678567342681
11.789609463406748,23.579218926813496
25.27114405781682,50.54228811563364
5.802502275190113,11.605004550380226
47.48833162340662,94.97666324681325
43.486938506097914,86.97387701219583
42.05540846477103,84.11081692954205
49.277604566126996,98.55520913225399
99.14948511047675,198.2989702209535
76.43786846279616,152.87573692559232
6.098150392836987,12.196300785673975
95.01156879878985,190.0231375975797
4.035617447744844,8.071234895489688
63.70482955234049,127.40965910468098
2.778655544254749,5.557311088509498
97.84132722978673,195.68265445957346
75.91665287680753,151.83330575361506
5.673483729474105,11.34696745894821
96.89499772983488,193.78999545966977
92.8086357536596,185.6172715073192
33.5266698597535,67.053339719507
95.40404747728152,190.80809495456305
86.80489703242806,173.60979406485612
76.91810843060195,153.8362168612039
68.95471481737592,137.90942963475183
68.36788724541319,136.73577449082637
90.8514904004132,181.7029808008264
27.028389051543776,54.05677810308755
81.01725979087904,162.03451958175808
94.2701109707423,188.5402219414846
42.03433461398141,84.06866922796281
74.79799879515777,149.59599759031553
39.184270247775565,78.36854049555113
25.006965553690197,50.013931107380394
65.6906394445311,131.3812788890622
51.7982424710992,103.5964849421984
74.01599349315691,148.03198698631383
98.27256371258612,196.54512742517224
23.723501404090076,47.44700280818015
61.67093715061589,123.34187430123178
54.10028295642739,108.20056591285478
12.412655511141324,24.825311022282648
78.05088027983331,156.10176055966662
88.41178915411714,176.8235783082343
24.840746111355617,49.681492222711235
89.44246806360493,178.88493612720987
94.6324558638438,189.2649117276876
93.15346112465032,186.30692224930064
48.92103060514702,97.84206121029403
78.49543853044221,156.99087706088443
49.4469663428036,98.8939326856072
23.39004355722788,46.78008711445576
52.65541106691166,105.31082213382332
33.902842815277225,67.80568563055445
34.68794736194275,69.3758947238855
28.053847683652943,56.10769536730589
82.10216993972848,164.20433987945697
84.10923050925308,168.21846101850616
19.666476729641523,39.33295345928305
40.34855158345538,80.69710316691076
2.5602652146915927,5.1205304293831855
53.75672610729889,107.51345221459778
36.42643810923764,72.85287621847527
17.353555828416077,34.707111656832154
6.657531442107234,13.315062884214468
88.2361173158458,176.4722346316916
99.69533598607113,199.39067197214226
55.24990594647934,110.49981189295868
86.441714461554,172.883428923108
18.630288283005836,37.26057656601167
94.16703756439824,188.33407512879648
9.645420394629877,19.290840789259754
81.1858319207347,162.3716638414694
75.14732118363794,150.29464236727588
9.965068338490513,19.930136676981025
76.4468015199175,152.893603039835
67.20486828136475,134.4097365627295
7.518069808169104,15.036139616338208
61.24747412824502,122.49494825649003
0.7469439678778111,1.4938879357556223
37.88411323478286,75.76822646956572
21.362397375447262,42.724794750894524
2.2867496070312243,4.573499214062449
54.154262703100954,108.30852540620191
97.75562072530366,195.51124145060732
75.52832174835756,151.0566434967151
38.01491860442814,76.02983720885628
78.35296892972968,156.70593785945937
9.380106304944679,18.760212609889358
33.650115370470715,67.30023074094143
82.78644582491337,165.57289164982674
43.930025549003695,87.86005109800739
44.04698400609468,88.09396801218936
98.9343002378903,197.8686004757806
27.69068622508226,55.38137245016452
19.591348918603213,39.182697837206426
28.37001233040033,56.74002466080066
47.008536393515044,94.01707278703009
8.489966542384863,16.979933084769726
76.80720900175295,153.6144180035059
36.60194339405528,73.20388678811057
96.46053660653408,192.92107321306815
28.09075587801656,56.18151175603312
18.620156478984175,37.24031295796835
23.375599677766534,46.75119935553307
35.429468760646465,70.85893752129293
92.91771945428775,185.8354389085755
79.94893359339935,159.8978671867987
11.780755057401105,23.56151011480221
93.12832113273411,186.25664226546823
21.574293797410803,43.148587594821606
70.10098083749635,140.2019616749927
81.70172651072103,163.40345302144206
89.37475311185639,178.74950622371279
93.0193564965138,186.0387129930276
65.75030284275688,131.50060568551376
90.76751729228225,181.5350345845645
0.43380203670407846,0.8676040734081569
23.281922327814918,46.563844655629836
61.38403131076775,122.7680626215355
4.327564961970987,8.655129923941974
0.057164517855068375,0.11432903571013675
50.60722070308219,101.21444140616438
39.899726054876616,79.79945210975323
76.42555446874782,152.85110893749564
96.60277032041532,193.20554064083063
88.05908544517966,176.11817089035932
9.316743029303398,18.633486058606795
1.1670758450444962,2.3341516900889925
39.01266415888318,78.02532831776637
91.35938333396267,182.71876666792534
39.923563538448406,79.84712707689681
1.0993036031362369,2.1986072062724737
14.655016996154623,29.310033992309247
35.16914730495394,70.33829460990788
62.690448966816845,125.38089793363369
66.89818561321809,133.79637122643618
49.51343829160746,99.02687658321491
90.4881983596818,180.9763967193636
14.774074124758663,29.548148249517325
16.276180335558223,32.552360671116446
10.417689468893144,20.835378937786288
43.87318450860427,87.74636901720854
32.68220399658956,65.36440799317911
7.598162698007549,15.196325396015098
34.529145509472094,69.05829101894419
82.9926311597133,165.9852623194266
86.84950284428584,173.69900568857167
3.867493053408233,7.734986106816466
84.64853512472762,169.29707024945523
62.459182886545484,124.91836577309097
3.3364431405252803,6.672886281050561
66.73558738636666,133.47117477273332
35.49620133532354,70.99240267064708
19.537016601786483,39.07403320357297
14.112330362449077,28.224660724898154
87.73005177446704,175.4601035489341
74.73475472808542,149.46950945617084
51.4437144606636,102.8874289213272
4.4156740457582,8.8313480915164
18.21052775390536,36.42105550781072
62.985044929951705,125.97008985990341
71.53037629810746,143.0607525962149
72.80438560958173,145.60877121916346
25.17221648476471,50.34443296952942
93.81583208673936,187.63166417347873
76.82992230102043,153.65984460204086
2.672182926462585,5.34436585292517
24.07281298767998,48.14562597535996
32.02198464418182,64.04396928836364
29.598532544817267,59.197065089634535
38.21941285814256,76.43882571628512
75.75095170478939,151.50190340957877
18.335197395183556,36.67039479036711
62.42741450453904,124.85482900907807
20.694614684883838,41.389229369767676
27.192305130039784,54.38461026007957
45.44113950966497,90.88227901932994
28.386215154260253,56.772430308520505
86.21255555623598,172.42511111247197
34.1506974810898,68.3013949621796
95.45408632937668,190.90817265875336
27.774724790754235,55.54944958150847
48.875116675535914,97.75023335107183
66.83886731875262,133.67773463750524
28.330738577029447,56.66147715405889
77.83367288383066,155.66734576766132
0.10801299310103651,0.21602598620207303
40.16288855701734,80.32577711403468
16.685638599581576,33.37127719916315
31.317610420851473,62.635220841702946
16.251295666450993,32.502591332901986
45.44457681475106,90.88915362950212
39.05118090239563,78.10236180479126
78.44590499870864,156.89180999741728
64.68785062294062,129.37570124588123
48.92361223748802,97.84722447497604
21.626936392654418,43.253872785308836
95.7128012566691,191.4256025133382
34.48689540878025,68.9737908175605
93.02435183839849,186.04870367679698
20.350568421730696,40.70113684346139
32.96315473603464,65.92630947206928
85.90795367457447,171.81590734914894
76.69736954806949,153.39473909613898
30.303748742055582,60.607497484111164
35.25312307500038,70.50624615000076
46.788136101604834,93.57627220320967
24.790442931240275,49.58088586248055
67.1656720037992,134.3313440075984
54.83377267861589,109.66754535723177
2.887408595947305,5.77481719189461
57.7834560299692,115.5669120599384
37.93873274868428,75.87746549736856
46.529660893584655,93.05932178716931
6.565709368768912,13.131418737537825
25.435433436771405,50.87086687354281
43.16266835603131,86.32533671206262
30.587058309763382,61.174116619526764
58.323221418409,116.646442836818
50.849622382028436,101.69924476405687
87.1350941210978,174.2701882421956
70.12319633157183,140.24639266314367
2.4539932578372725,4.907986515674545
91.11368914038022,182.22737828076043
14.77094637509948,29.54189275019896
58.13715426223375,116.2743085244675
13.70958857622101,27.41917715244202
24.24103342252596,48.48206684505192
27.7564283680666,55.5128567361332
31.309169551072323,62.618339102144645
33.30217966714917,66.60435933429834
18.791148122159886,37.58229624431977
61.26289093730279,122.52578187460558
23.773232997875972,47.546465995751944
21.65202115399232,43.30404230798464
16.362273334704202,32.724546669408404
16.97729044773172,33.95458089546344
91.27413496637395,182.5482699327479
32.03365755872348,64.06731511744697
52.30046280199044,104.60092560398088
23.11104001251758,46.22208002503516
59.18496274918491,118.36992549836982
54.638859776366914,109.27771955273383
22.749546352302886,45.49909270460577
32.75965949286147,65.51931898572295
76.85790914461082,153.71581828922163
16.489622441984874,32.97924488396975
56.787436728369165,113.57487345673833
48.04131425508207,96.08262851016414
43.65895698802296,87.31791397604592
7.099041145912532,14.198082291825065
33.00690690440855,66.0138138088171
62.93084478334253,125.86168956668506
73.29275935421403,146.58551870842805
81.60237711901836,163.2047542380367
42.09728832704596,84.19457665409192
74.99352143840778,149.98704287681556
47.97751343540505,95.9550268708101
78.84458571927979,157.68917143855958
10.346199685169177,20.692399370338354
46.953033148278145,93.90606629655629
82.92166296756685,165.8433259351337
20.038446495219674,40.07689299043935
43.402472847197075,86.80494569439415
23.853782805069525,47.70756561013905
68.45536939003782,136.91073878007563
8.652681100257443,17.305362200514885
6.410670433826571,12.821340867653142
53.22169593232463,106.44339186464926
24.534611464346266,49.06922292869253
55.32638580720865,110.6527716144173
72.1827353941183,144.3654707882366
75.6172354312682,151.2344708625364
40.47936228761694,80.95872457523387
38.12390419875508,76.24780839751016
14.280711946191893,28.561423892383786
3.5910924959630997,7.182184991926199
99.70459028204371,199.40918056408742
82.69262085245894,165.3852417049179
0.0026552601571583345,0.005310520314316669
36.412909232171955,72.82581846434391
93.54584891741958,187.09169783483915
88.5401968382571,177.0803936765142
86.41423041806881,172.82846083613762
34.70455077937451,69.40910155874901
64.0429224333836,128.0858448667672
34.356926807063296,68.71385361412659
59.83317481579037,119.66634963158074
28.801202585561057,57.602405171122115
98.66369323654408,197.32738647308815
9.983656411964049,19.967312823928097
23.748496334900302,47.496992669800605
37.47499392434551,74.94998784869102
99.13745968291752,198.27491936583505
63.00126950003406,126.00253900006813
54.16070982121154,108.32141964242308
11.845882944214491,23.691765888428982
2.3264478807846545,4.652895761569309
75.25643046329033,150.51286092658066
22.84241833531575,45.6848366706315
3.775941781395531,7.551883562791062
12.197673221555982,24.395346443111965
47.796231962425864,95.59246392485173
33.7084905715939,67.4169811431878
46.491848279385465,92.98369655877093
95.48067184353452,190.96134368706905
68.99965420416908,137.99930840833815
92.90455601981313,185.80911203962626
75.0262652496636,150.0525304993272
86.25911462981786,172.51822925963572
39.02181408099554,78.04362816199108
39.804748077368444,79.60949615473689
40.31854106607097,80.63708213214194
56.856725677711026,113.71345135542205
46.237761908242994,92.47552381648599
85.61643768830976,171.23287537661952
8.92557341246908,17.85114682493816
63.69320785617061,127.38641571234122
14.433279994796589,28.866559989593178
5.944790957893553,11.889581915787106
29.123964985606975,58.24792997121395
9.558105586552967,19.116211173105935
52.05769358256782,104.11538716513564
75.9982432304411,151.9964864608822
68.7033552321017,137.4067104642034
80.09488442456912,160.18976884913823
86.11428435415482,172.22856870830964
61.99510170954042,123.99020341908084
49.53153238912428,99.06306477824856
95.20636784266691,190.41273568533381
58.877248954506435,117.75449790901287
71.19444889368299,142.38889778736598
77.58181275067764,155.16362550135528
48.65229306706812,97.30458613413624
28.694501885267876,57.38900377053575
86.56700298987818,173.13400597975635
18.571064875031496,37.14212975006299
61.4091939092055,122.818387818411
71.4783546476749,142.9567092953498
41.42426523923388,82.84853047846777
20.83533813422579,41.67067626845158
27.729756556134134,55.45951311226827
47.757453879725794,95.51490775945159
54.58098344692599,109.16196689385198
77.36604672347028,154.73209344694055
14.738778359128036,29.47755671825607
95.6257130651093,191.2514261302186
57.75542366595627,115.51084733191254
18.925642285847,37.851284571694
46.9300738809916,93.8601477619832
96.80764338399301,193.61528676798602
90.74440476153404,181.48880952306808
98.07674027129605,196.1534805425921
24.094381098156425,48.18876219631285
59.71376211018089,119.42752422036178
79.1454969086755,158.290993817351
49.17325717479515,98.3465143495903
4.615766831864843,9.231533663729685
97.3976020332955,194.795204066591
86.00834354043052,172.01668708086103
36.49246344632188,72.98492689264376
30.96230530452487,61.92461060904974
54.602765171218294,109.20553034243659
14.49394263427022,28.98788526854044
81.56831259810014,163.13662519620027
71.89479512492592,143.78959024985184
15.576704512521356,31.153409025042713
33.606116742907,67.212233485814
69.86315110031858,139.72630220063715
77.71950903533511,155.43901807067022
41.44992173096889,82.89984346193778
36.646247141797325,73.29249428359465
68.92333917801164,137.8466783560233
69.56961656781552,139.13923313563103
40.81450972232561,81.62901944465122
75.10910856243328,150.21821712486656
93.84672899411551,187.69345798823102
41.57502430850797,83.15004861701594
87.75642082782892,175.51284165565784
92.58505884301526,185.17011768603052
32.35582324833239,64.71164649666478
98.23897375606944,196.47794751213888
64.37361831242114,128.7472366248423
22.431844118534737,44.863688237069475
90.11491196036346,180.22982392072691
57.480480040088,114.960960080176
64.4186645544233,128.8373291088466
24.33451483554331,48.66902967108662
12.81108522658151,25.62217045316302
78.10143839290515,156.2028767858103
0.32932523195244867,0.6586504639048973
15.259742956928335,30.51948591385667
4.667768688414964,9.335537376829928
49.90981906840632,99.81963813681264
63.94567310213858,127.89134620427716
65.01818212686987,130.03636425373975
65.90599049171414,131.81198098342827
27.149314273715632,54.298628547431264
31.400221096775738,62.800442193551476
68.59364041917925,137.1872808383585
66.03751820189055,132.0750364037811
33.25406429914406,66.50812859828812
61.05473382265002,122.10946764530004
76.66040859843413,153.32081719686826
42.16827594864307,84.33655189728614
68.65834041234541,137.31668082469082
7.730647065124452,15.461294130248904
61.054476524852234,122.10895304970447
96.21974113649104,192.43948227298208
7.878607202468768,15.757214404937535
50.811349780145186,101.62269956029037
21.54284723741695,43.0856944748339
31.18731261311707,62.37462522623414
69.54550909101985,139.0910181820397
30.466757673565994,60.93351534713199
95.64142903491317,191.28285806982635
87.98488722046878,175.96977444093756
70.89981140099235,141.7996228019847
86.60359910667334,173.2071982133467
22.505403582885563,45.010807165771126
4.08946151577827,8.17892303155654
65.29064784474845,130.5812956894969
42.318633991369346,84.63726798273869
88.28651398416602,176.57302796833204
76.98783607292698,153.97567214585396
54.314182582468895,108.62836516493779
41.901889195834784,83.80377839166957
47.324584110027445,94.64916822005489
20.10900886759346,40.21801773518692
52.71969307885007,105.43938615770014
29.514492018906125,59.02898403781225
39.49880390020184,78.99760780040369
88.32851367897072,176.65702735794144
38.19970739452911,76.39941478905823
10.07846018930909,20.15692037861818
60.66169127047626,121.32338254095252
37.21208360455173,74.42416720910346
88.26117450592132,176.52234901184264
39.163514962291025,78.32702992458205
52.50975252358264,105.01950504716528
35.24535276741445,70.4907055348289
11.292402342648256,22.58480468529651
50.0907042998361,100.1814085996722
90.73952081540986,181.47904163081972
56.27899380291915,112.5579876058383
17.86594901587363,35.73189803174726
16.66496483408467,33.32992966816934
82.48567065893309,164.97134131786618
44.23079157413575,88.4615831482715
20.452343222714763,40.904686445429526
63.34052668728163,126.68105337456326
61.0880775627643,122.1761551255286
29.448624390302058,58.897248780604116
55.560182027576346,111.12036405515269
59.7949465592356,119.5898931184712
90.45350526918816,180.9070105383763
26.624630944212846,53.24926188842569
0.34360487078255453,0.6872097415651091
20.101066348456843,40.20213269691369
49.13943600229622,98.27887200459244
79.75597462722716,159.51194925445432
55.12608756068461,110.25217512136922
64.55977707955157,129.11955415910313
8.97801908332002,17.95603816664004
12.606408546868341,25.212817093736682
14.002220522964182,28.004441045928363
68.71748186400734,137.43496372801468
55.58093260347988,111.16186520695976
46.73772681616484,93.47545363232967
47.1009619603083,94.2019239206166
22.264447823839994,44.52889564767999
34.08646942315148,68.17293884630296
8.371528279467288,16.743056558934576
4.6695916642845114,9.339183328569023
18.730170504572452,37.460341009144905
14.098622887479873,28.197245774959747
28.86851056192663,57.73702112385326
16.934048202347896,33.86809640469579
98.12006045366613,196.24012090733225
63.767936650506186,127.53587330101237
65.96135532051073,131.92271064102147
45.46540776337461,90.93081552674921
42.82116545710198,85.64233091420397
42.01454621116271,84.02909242232542
50.373210827205185,100.74642165441037
89.37496619702048,178.74993239404097
87.30539143589628,174.61078287179257
96.1808251642258,192.3616503284516
93.72928531872917,187.45857063745834
75.88745873977265,151.7749174795453
4.521606761905761,9.043213523811522
41.859457296754435,83.71891459350887
97.53833329472563,195.07666658945126
57.023456822296446,114.04691364459289
92.0496988311312,184.0993976622624
94.20765958997262,188.41531917994524
49.97340075116596,99.94680150233192
36.03530593836016,72.07061187672032
97.9611719792221,195.9223439584442
18.5788146539409,37.1576293078818
9.401782145454618,18.803564290909236
9.989163648172262,19.978327296344524
23.175037791241802,46.350075582483605
63.12959314252884,126.25918628505768
3.198804453954396,6.397608907908792
92.58939389432395,185.1787877886479
1.2670510823768133,2.5341021647536266
7.215854499701447,14.431708999402893
37.204362245265045,74.40872449053009
62.58506877701945,125.1701375540389
39.04480570038058,78.08961140076116
57.949819360969045,115.89963872193809
62.77682983454932,125.55365966909864
36.293914472616336,72.58782894523267
89.9448607067534,179.8897214135068
16.230773505028328,32.461547010056655
93.80149602679111,187.60299205358223
8.368599855253688,16.737199710507376
48.38214155868248,96.76428311736495
34.84236576506381,69.68473153012762
28.08008286770175,56.1601657354035
38.954651969106315,77.90930393821263
83.71414400279176,167.4282880055835
9.019642580542753,18.039285161085505
22.10007268312737,44.20014536625474
4.33963095376968,8.67926190753936
44.65112873920641,89.30225747841283
99.2736772719195,198.547354543839
32.423242119171405,64.84648423834281
90.32314851442487,180.64629702884974
9.236773033452728,18.473546066905456
85.54520274659046,171.09040549318092
53.26857989078715,106.5371597815743
71.68136616630835,143.3627323326167
5.832093485138435,11.66418697027687
49.98042350446432,99.96084700892864
32.27774221282984,64.55548442565969
23.844388266363094,47.68877653272619
71.97416390531156,143.9483278106231
72.35057385570487,144.70114771140973
5.328407623321041,10.656815246642083
62.67904476642631,125.35808953285262
98.84362030203722,197.68724060407445
98.99495190122836,197.98990380245672
38.01263040471077,76.02526080942154
83.0911349793657,166.1822699587314
55.21071991612033,110.42143983224067
56.55962182829399,113.11924365658798
40.106673400140224,80.21334680028045
85.88551122342047,171.77102244684093
71.12684652851219,142.25369305702438
15.572056737281702,31.144113474563405
71.65800446043112,143.31600892086223
57.979248156378574,115.95849631275715
91.15098151419035,182.3019630283807
86.15272859900371,172.30545719800742
18.33359848320558,36.66719696641116
0.3581719006333528,0.7163438012667056
41.606864447209404,83.21372889441881
23.247115018558638,46.494230037117276
65.24829331059443,130.49658662118887
41.70157303819286,83.40314607638572
73.03852491890544,146.07704983781088
88.57515763540322,177.15031527080643
9.75928199369589,19.51856398739178
36.008972465476944,72.01794493095389
36.514743455714736,73.02948691142947
8.239222007180958,16.478444014361916
4.1305299680814205,8.261059936162841
39.34733234546592,78.69466469093184
36.61388188028144,73.22776376056288
93.05202944189304,186.10405888378608
85.69740709106401,171.39481418212802
41.40747251644164,82.81494503288329
40.57850379278107,81.15700758556214
84.3465051847497,168.6930103694994
75.19888018207723,150.39776036415446
6.884066929779897,13.768133859559795
17.107497478568835,34.21499495713767
23.641310314562837,47.282620629125674
35.94968641453544,71.89937282907088
38.13465887091628,76.26931774183257
56.64622697674463,113.29245395348926
86.9784740882136,173.9569481764272
99.78710422392496,199.5742084478499
80.73598913011155,161.4719782602231
22.880457140253963,45.760914280507926
14.627938035061527,29.255876070123055
92.04158168049382,184.08316336098764
69.8117732301774,139.6235464603548
59.26975723168005,118.5395144633601
4.26522868396777,8.53045736793554
10.314855247745868,20.629710495491736
18.16684358073487,36.33368716146974
64.882572105017,129.765144210034
48.41744928647703,96.83489857295406
32.75080502287108,65.50161004574215
60.50705683032614,121.01411366065228
1.1482228681749196,2.296445736349839
21.625460142883625,43.25092028576725
1.8169368002032393,3.6338736004064787
63.37594034610569,126.75188069221139
75.99457638631065,151.9891527726213
82.18275504551744,164.36551009103488
3.641280452071105,7.28256090414221
89.62918322205911,179.25836644411822
5.355798124074129,10.711596248148258
8.121196755790061,16.242393511580122
52.273366881838044,104.54673376367609
80.13223627286665,160.2644725457333
63.06543854363564,126.13087708727129
80.54028057389478,161.08056114778955
69.49581276341225,138.9916255268245
34.10913605524486,68.21827211048972
99.9962418617237,199.9924837234474
72.8274353662831,145.6548707325662
66.35023224887367,132.70046449774733
47.467523080584186,94.93504616116837
59.8951978311662,119.7903956623324
90.90471046685215,181.8094209337043
68.55485154333927,137.10970308667854
77.65003763843265,155.3000752768653
54.027711486529185,108.05542297305837
21.654543987580443,43.309087975160885
21.29920335141504,42.59840670283008
61.755952993331256,123.51190598666251
94.13488957166827,188.26977914333654
7.380313046954812,14.760626093909623
12.404562966758148,24.809125933516295
83.30865624991817,166.61731249983634
18.334093698639144,36.66818739727829
76.27346521530662,152.54693043061323
87.83368710307404,175.66737420614808
81.62467630556777,163.24935261113555
3.714350059658378,7.428700119316756
66.33826435971838,132.67652871943676
89.70700523531977,179.41401047063954
96.73154174044231,193.46308348088462
90.55028388244023,181.10056776488045
29.921155763867326,59.84231152773465
34.74075437471309,69.48150874942618
37.277083911227905,74.55416782245581
94.75372098417714,189.50744196835427
18.994229837755416,37.98845967551083
83.61279209447011,167.22558418894022
68.39650734195504,136.7930146839101
28.970283536139917,57.94056707227983
19.670860393723622,39.341720787447244
10.95741128202371,21.91482256404742
12.3035247554108,24.6070495108216
46.302906253860975,92.60581250772195
88.74068213607971,177.48136427215942
54.680578957370216,109.36115791474043
50.69091301044981,101.38182602089962
70.38266708421943,140.76533416843887
62.35414686010705,124.7082937202141
67.80073448832596,135.60146897665192
52.77740993397872,105.55481986795743
13.249121503950345,26.49824300790069
66.39719848786665,132.7943969757333
11.495700724977699,22.991401449955397
61.39456032046052,122.78912064092104
69.52511724888629,139.05023449777258
8.678627608370581,17.357255216741162
90.2153847822094,180.4307695644188
13.903548583507764,27.807097167015527
91.65453957989499,183.30907915978997
45.05494660282305,90.1098932056461
27.792096255803976,55.58419251160795
97.55437178479369,195.10874356958738
0.9477541362716724,1.8955082725433448
84.43521533346565,168.8704306669313
44.85703534922772,89.71407069845544
76.87614933711805,153.7522986742361
66.29657560736894,132.59315121473787
14.843706389555134,29.687412779110268
97.27569461752468,194.55138923504936
90.58127298821947,181.16254597643893
37.42372030895138,74.84744061790276
53.860291873412955,107.72058374682591
85.85136162990172,171.70272325980343
59.53272173996371,119.06544347992742
70.91236835487908,141.82473670975816
6.851444624727321,13.702889249454643
20.854860340901006,41.70972068180201
41.112600649970574,82.22520129994115
76.011092215359,152.022184430718
32.914036513796475,65.82807302759295
6.7375759250281835,13.475151850056367
59.14851499218622,118.29702998437244
3.5318085434692947,7.0636170869385895
67.5405770684955,135.081154136991
78.85527947807232,157.71055895614464
56.912217685607594,113.82443537121519
68.22967111999903,136.45934223999805
39.37290423422907,78.74580846845814
33.06043413638407,66.12086827276813
52.89583207347235,105.7916641469447
78.96352512775029,157.92705025550057
45.22213563345182,90.44427126690364
30.898072951117662,61.796145902235324
0.8833986817107231,1.7667973634214462
56.83960604484282,113.67921208968563
3.2711087473683675,6.542217494736735
0.948783388904495,1.89756677780899
67.5293650912504,135.0587301825008
14.358557280987016,28.717114561974032
91.73834976928298,183.47669953856595
82.306327170483,164.612654340966
12.944564646902057,25.889129293804114
73.06561573551342,146.13123147102684
68.43248168263595,136.8649633652719
22.20324842808512,44.40649685617024
53.54058348099851,107.08116696199701
87.80702764305107,175.61405528610214
91.13085589904941,182.26171179809882
92.67554042386482,185.35108084772963
23.991429214950198,47.982858429900396
76.41428078919522,152.82856157839043
72.7162846378143,145.4325692756286
38.797219247268124,77.59443849453625
4.354152140578337,8.708304281156675
95.38149124452957,190.76298248905914
42.471718475705565,84.94343695141113
16.674740117962628,33.349480235925256
93.58696683715006,187.17393367430012
25.55886417426063,51.11772834852126
98.57399095610022,197.14798191220044
84.49423055856333,168.98846111712666
22.098388334762387,44.19677666952477
88.65569040373143,177.31138080746285
91.85532041795182,183.71064083590363
15.818257853627237,31.636515707254475
0.6539679276635124,1.3079358553270248
92.58936116208965,185.1787223241793
45.7864977727835,91.572995545567
26.337418873135697,52.67483774627139
51.48055318116984,102.96110636233968
60.250464218127085,120.50092843625417
85.16369492688192,170.32738985376383
82.4327517165273,164.8655034330546
22.205484741016303,44.410969482032606
30.42903908024941,60.85807816049882
23.778248629454225,47.55649725890845
52.35279686844103,104.70559373688207
13.065032794652087,26.130065589304174
44.19329274703422,88.38658549406844
7.996963083013709,15.993926166027418
14.409649846359684,28.81929969271937
0.11518226607838411,0.23036453215676822
86.05767722514267,172.11535445028534
77.31992387065347,154.63984774130694
76.10724763138464,152.21449526276928
69.17484774679085,138.3496954935817
62.358788109455034,124.71757621891007
65.37753360268508,130.75506720537015
26.84674161700856,53.69348323401712
77.22380045777112,154.44760091554224
14.341092038509684,28.682184077019368
57.801923294550164,115.60384658910033
2.57213556902286,5.14427113804572
20.032183931159263,40.06436786231853
30.098420976025174,60.19684195205035
67.33279774223598,134.66559548447196
21.700683836617618,43.401367673235235
51.31649141909941,102.63298283819881
95.3702138923844,190.7404277847688
61.105643209866045,122.21128641973209
98.99217008821005,197.9843401764201
35.405934950699006,70.81186990139801
6.205079281710846,12.410158563421692
9.801385509648487,19.602771019296974
67.82655719970305,135.6531143994061
44.24163831482838,88.48327662965676
39.302372425975896,78.60474485195179
34.138009543391334,68.27601908678267
0.5800511291155108,1.1601022582310216
37.852061478844014,75.70412295768803
78.05103747717955,156.1020749543591
76.75949560249991,153.51899120499982
12.800829145351821,25.601658290703643
33.322102512894624,66.64420502578925
76.91129728384482,153.82259456768963
87.95524802203674,175.91049604407348
20.776560021463077,41.55312004292615
81.31713966218885,162.6342793243777
25.582637409185082,51.165274818370165
17.482693722634224,34.96538744526845
24.281311148430962,48.562622296861925
74.98681582388265,149.9736316477653
70.83896215538057,141.67792431076114
62.490961380928475,124.98192276185695
7.5141370171638355,15.028274034327671
43.71148049483578,87.42296098967157
92.16198782301785,184.3239756460357
87.54771865658721,175.09543731317441
13.132007172208315,26.26401434441663
38.258404819761985,76.51680963952397
43.2003926826684,86.4007853653368
1.123482094785866,2.246964189571732
85.6670354427541,171.3340708855082
62.00316068903556,124.00632137807112
30.010201825340154,60.02040365068031
30.37608647015453,60.75217294030906
48.491693682055526,96.98338736411105
95.99726815855153,191.99453631710307
65.09943222103952,130.19886444207904
50.07395638347943,100.14791276695885
70.99314117118006,141.9862823423601
68.94614203653336,137.89228407306672
65.95596803339488,131.91193606678976
78.77425483185326,157.5485096637065
5.875056162464453,11.750112324928907
68.50676518863273,137.01353037726545
1.8172314991777405,3.634462998355481
86.21355887548319,172.42711775096637
67.25923898541099,134.51847797082198
92.75701178978926,185.51402357957852
78.35315825220962,156.70631650441925
61.65814559981799,123.31629119963598
44.69684222684336,89.39368445368672
81.38717252427604,162.77434504855208
40.081196825374256,80.16239365074851
29.49104194202341,58.98208388404682
75.61125344771438,151.22250689542875
40.21920786585923,80.43841573171846
28.419854702367854,56.83970940473571
71.0569414734501,142.1138829469002
59.3731070016235,118.746214003247
58.63191496333552,117.26382992667104
62.67309871203636,125.34619742407271
98.88651170461787,197.77302340923575
82.80146475683759,165.60292951367518
56.8394606143107,113.6789212286214
1.920548538234046,3.841097076468092
98.29049001341652,196.58098002683303
47.54100393934155,95.0820078786831
86.44704176332709,172.89408352665419
64.09941286579844,128.19882573159688
99.13566150851564,198.27132301703128
21.337757250234556,42.67551450046911
87.69873685959678,175.39747371919356
91.97900747221317,183.95801494442634
36.60171446603739,73.20342893207479
25.783535495840926,51.56707099168185
44.25141917604509,88.50283835209018
0.17394621910512553,0.34789243821025106
56.849097631248654,113.69819526249731
22.83961333227729,45.67922666455458
7.586331115591893,15.172662231183786
10.12678550972984,20.25357101945968
97.55364973799763,195.10729947599526
55.66340355727849,111.32680711455698
35.20950167499174,70.41900334998348
68.36665720509909,136.73331441019818
46.023550909724555,92.04710181944911
0.8687208391875867,1.7374416783751734
23.999469611983915,47.99893922396783
53.13199092781184,106.26398185562368
0.45433884384503687,0.9086776876900737
78.14990847810436,156.29981695620873
59.88307848849406,119.76615697698811
17.310629151133107,34.62125830226621
54.995249797374704,109.99049959474941
93.24975548712689,186.49951097425378
84.13127823907297,168.26255647814594
14.583849613140687,29.167699226281375
28.873746845487368,57.747493690974736
40.50798327811883,81.01596655623766
10.625639229357953,21.251278458715905
31.985951129025423,63.97190225805085
66.55414133599663,133.10828267199327
5.002542973330904,10.005085946661808
67.78108350895691,135.56216701791382
86.24320791596402,172.48641583192804
7.829855572972189,15.659711145944378
25.564437243034057,51.12887448606811
27.100218346276684,54.20043669255337
33.389450119746336,66.77890023949267
99.08413608140975,198.1682721628195
46.72779042503839,93.45558085007679
83.90999449013934,167.81998898027868
23.151442903371734,46.30288580674347
32.31561496810741,64.63122993621482
32.107873677232156,64.21574735446431
11.675239493704947,23.350478987409893
51.79454329006933,103.58908658013866
76.31967939064207,152.63935878128413
96.69635486334829,193.39270972669658
16.651485401913813,33.30297080382763
73.0634409409429,146.1268818818858
33.29000881863973,66.58001763727945
12.620631135236893,25.241262270473786
29.889247100375137,59.77849420075027
35.430958703972614,70.86191740794523
48.47481417811038,96.94962835622076
73.74892207830244,147.49784415660488
85.61821424535563,171.23642849071126
96.78680421080722,193.57360842161444
65.17854568298836,130.35709136597671
61.966097896119635,123.93219579223927
12.09486939221408,24.18973878442816
12.885406980966675,25.77081396193335
46.66340728734556,93.32681457469111
1.7341194677492622,3.4682389354985244
45.864715754862715,91.72943150972543
59.01665144865953,118.03330289731906
19.80752900363759,39.61505800727518
4.877401169619045,9.75480233923809
89.51482755275515,179.0296551055103
39.55798909194657,79.11597818389313
96.30523951921808,192.61047903843615
53.05743309314427,106.11486618628854
11.303270391505215,22.60654078301043
83.03309929023108,166.06619858046216
14.636855696574258,29.273711393148517
20.190549180711017,40.38109836142203
79.78364606162516,159.56729212325033
28.325517699972313,56.651035399944625
80.22246281644169,160.44492563288338
49.624913990427444,99.24982798085489
46.18343761772275,92.3668752354455
66.80919298709831,133.61838597419663
16.73448579748006,33.46897159496012
33.617901569387584,67.23580313877517
7.716825421533691,15.433650843067381
46.16407290146167,92.32814580292334
84.58454602713444,169.16909205426887
93.03900254913921,186.07800509827842
84.21759123189672,168.43518246379344
55.03744869733912,110.07489739467825
65.49175447678964,130.98350895357927
2.489913412462341,4.979826824924682
28.57411559210493,57.14823118420986
70.01143632965048,140.02287265930096
77.49267512194618,154.98535024389236
22.247575348387393,44.495150696774786
14.753642930325118,29.507285860650235
42.83166069295892,85.66332138591784
7.718372516784921,15.436745033569842
16.316650245490127,32.633300490980254
51.65460693182212,103.30921386364425
14.2426573138289,28.4853146276578
25.400202788791493,50.800405577582985
68.37032624014905,136.7406524802981
78.14733313729042,156.29466627458083
51.39511120308189,102.79022240616378
16.01051573011435,32.0210314602287
49.716813205150245,99.43362641030049
86.36173921344724,172.72347842689447
77.15972815167413,154.31945630334826
14.40933512884277,28.81867025768554
66.61292836514528,133.22585673029056
29.27470575393446,58.54941150786892
93.37514685960568,186.75029371921136
11.189749806215787,22.379499612431573
67.4024819824644,134.8049639649288
17.872686091949685,35.74537218389937
62.73672889189016,125.47345778378032
10.997443271492157,21.994886542984315
0.20954805937980492,0.41909611875960984
14.746335794609989,29.492671589219977
32.14624154474254,64.29248308948507
72.38265825543348,144.76531651086697
19.163172709634203,38.32634541926841
66.56750020578085,133.1350004115617
70.20628712559883,140.41257425119767
61.51170416275104,123.02340832550207
37.52442539536389,75.04885079072778
34.663744342396384,69.32748868479277
35.238877565406725,70.47775513081345
1.0528894241451536,2.1057788482903073
63.675965229447904,127.35193045889581
54.492717444441894,108.98543488888379
54.04741181581898,108.09482363163796
41.03503418033898,82.07006836067796
31.974989619782047,63.949979239564094
57.754648633666065,115.50929726733213
68.97508379780291,137.95016759560582
28.75606096229407,57.51212192458814
72.65629634447987,145.31259268895974
4.666147771923734,9.332295543847469
1.5508833594280125,3.101766718856025
80.81068817169907,161.62137634339814
6.34629167631402,12.69258335262804
95.78955595641293,191.57911191282585
97.5963320298467,195.1926640596934
1.7834179507923542,3.5668359015847084
97.37141325283805,194.7428265056761
16.968678833352847,33.937357666705694
92.90191346189233,185.80382692378467
11.719397870365656,23.43879574073131
19.757052460930392,39.514104921860785
11.624636956639655,23.24927391327931
37.460796845665,74.92159369133
64.0803729351848,128.1607458703696
58.303940055817684,116.60788011163537
50.689956556574735,101.37991311314947
77.06101509221655,154.1220301844331
46.487340845006095,92.97468169001219
73.79716927030682,147.59433854061365
96.43715740163273,192.87431480326546
88.76872544610418,177.53745089220837
41.21896447148421,82.43792894296843
73.06277830912839,146.12555661825678
87.03143561447894,174.06287122895787
89.57823165009526,179.15646330019052
96.66162638208601,193.32325276417203
10.978289905801297,21.956579811602595
14.10749955840136,28.21499911680272
80.53497871547968,161.06995743095936
26.664042137805044,53.32808427561009
52.73549217847334,105.47098435694669
5.437070201761363,10.874140403522725
68.16214045134875,136.3242809026975
96.76197329496449,193.52394658992898
5.535283463771856,11.070566927543712
60.88527468125293,121.77054936250586
40.827471676473934,81.65494335294787
5.854656918373102,11.709313836746205
87.1148038373926,174.2296076747852
14.776423139900274,29.552846279800548
64.71656750042479,129.43313500084957
47.83358596060899,95.66717192121799
74.43790849066369,148.87581698132738
32.37711530922278,64.75423061844556
17.168213751715257,34.336427503430514
64.2226324635934,128.4452649271868
35.51317939092342,71.02635878184684
78.54962829254251,157.09925658508502
19.811440917911916,39.62288183582383
89.32208592465497,178.64417184930994
70.12113939552017,140.24227879104035
74.65553151308552,149.31106302617104
95.33346969561497,190.66693939122993
52.78042474044948,105.56084948089897
68.11946524547369,136.23893049094738
73.51194469622729,147.02388939245458
74.44621315735056,148.8924263147011
20.284480594868405,40.56896118973681
86.81026281411181,173.62052562822362
79.9780794580943,159.9561589161886
89.43928653197418,178.87857306394835
31.344801124763343,62.689602249526686
72.47200543266027,144.94401086532054
43.18735367634569,86.37470735269137
77.6218590236675,155.243718047335
97.11893838643991,194.23787677287982
85.99314326380862,171.98628652761724
30.224073645796977,60.448147291593955
52.816666044496415,105.63333208899283
13.30127510716782,26.60255021433564
5.335264205575008,10.670528411150016
21.71951727396514,43.43903454793028
95.05471994858154,190.10943989716307
46.738855343072515,93.47771068614503
34.19621940366321,68.39243880732641
45.49871265169945,90.9974253033989
58.77994105885846,117.55988211771692
78.81788619419117,157.63577238838235
0.04620540358706293,0.09241080717412586
81.73270452834362,163.46540905668724
70.139442951067,140.278885902134
55.15495161588616,110.30990323177232
69.42233550098369,138.84467100196738
50.32535112487033,100.65070224974066
87.6008142477427,175.2016284954854
29.55804838604289,59.11609677208578
70.98823115669586,141.97646231339172
50.806331910409156,101.61266382081831
35.43913880387404,70.87827760774807
7.218384782467369,14.436769564934737
3.9724880939884577,7.944976187976915
63.49929849686619,126.99859699373238
53.84476288695872,107.68952577391744
22.605371821325715,45.21074364265143
23.913098109311225,47.82619621862245
4.708738874088292,9.417477748176584
73.36151609030505,146.7230321806101
38.48624842836167,76.97249685672334
41.37677909505404,82.75355819010808
5.843322142780883,11.686644285561766
33.76227575524757,67.52455151049514
21.044796719238235,42.08959343847647
24.501872779620836,49.00374555924167
72.25022801860662,144.50045603721324
5.9371342535669225,11.874268507133845
34.88083040486598,69.76166080973196
5.7080920736121925,11.416184147224385
92.7260144064587,185.4520288129174
99.76746192630834,199.53492385261669
45.342046123041236,90.68409224608247
24.719992171772454,49.43998434354491
38.449433953145906,76.89886790629181
56.12250971412966,112.24501942825933
16.868269294273407,33.736538588546814
98.28824946726898,196.57649893453797
57.16161656430568,114.32323312861136
27.013006877732526,54.02601375546505
11.34482553447227,22.68965106894454
3.6961195337216757,7.392239067443351
24.6552010177289,49.3104020354578
26.561586900341517,53.123173800683034
38.18612862189883,76.37225724379766
72.41869697213791,144.83739394427582
15.383921805754142,30.767843611508283
22.682207036681778,45.364414073363555
40.211450355727365,80.42290071145473
38.85814498202815,77.7162899640563
64.48013346109566,128.96026692219132
86.27728668078997,172.55457336157994
0.9928543644913024,1.9857087289826048
66.96466533144988,133.92933066289976
26.803087792693503,53.60617558538701
5.134067280315002,10.268134560630005
77.38549356688527,154.77098713377055
28.86126352770775,57.7225270554155
23.241170774496776,46.48234154899355
20.47543323249411,40.95086646498822
25.468254116932208,50.936508233864416
29.791852474149206,59.58370494829841
95.89654555685125,191.7930911137025
3.432548958199244,6.865097916398488
11.386917142933239,22.773834285866478
7.657171456525369,15.314342913050737
31.11438814963178,62.22877629926356
80.15955411167623,160.31910822335246
89.18818874327489,178.37637748654979
84.58558583171224,169.17117166342447
21.286196233739496,42.57239246747899
69.46121919435858,138.92243838871715
79.88489282895125,159.7697856579025
3.9571306962857378,7.9142613925714755
57.71740524557906,115.43481049115812
72.57768028685989,145.15536057371978
71.46917940853335,142.9383588170667
54.4259464228817,108.8518928457634
66.41922763339059,132.83845526678118
51.74390789771702,103.48781579543405
82.24687401096404,164.49374802192807
62.129392256751984,124.25878451350397
71.75243808241125,143.5048761648225
97.5594531312981,195.1189062625962
57.61469814510579,115.22939629021158
43.782732549637245,87.56546509927449
95.98305161603626,191.96610323207253
51.82503657030571,103.65007314061143
0.544921499927431,1.089842999854862
45.63495023080285,91.2699004616057
88.9255192336888,177.8510384673776
80.14500844553086,160.29001689106173
56.61474633137453,113.22949266274907
83.88169209366319,167.76338418732638
58.46921028218668,116.93842056437336
61.28796547055472,122.57593094110943
29.122096761043494,58.24419352208699
82.96522669371238,165.93045338742476
26.102410154373402,52.204820308746804
9.815369644179528,19.630739288359056
55.13230468416447,110.26460936832893
95.51891661586349,191.03783323172698
45.17994013809623,90.35988027619246
87.06268684121592,174.12537368243184
62.50077633036305,125.0015526607261
5.522376275754048,11.044752551508097
10.821065327864044,21.64213065572809
98.49725924929425,196.9945184985885
50.937035799065136,101.87407159813027
7.75997480144116,15.51994960288232
45.68324052607565,91.3664810521513
57.92199933952812,115.84399867905624
70.5637596854785,141.127519370957
39.83877459487481,79.67754918974963
17.461161053458962,34.922322106917925
27.00100552711201,54.00201105422402
56.306766467921484,112.61353293584297
52.44333975322354,104.88667950644708
93.48070404818975,186.9614080963795
76.14054946816078,152.28109893632157
17.018913110981305,34.03782622196261
96.45152888082316,192.90305776164632
31.897171829893733,63.794343659787465
61.07473855854517,122.14947711709034
33.75858374955099,67.51716749910199
87.1945049651633,174.3890099303266
65.39001865335607,130.78003730671213
39.90274921276643,79.80549842553286
79.52860291535808,159.05720583071616
90.53560553270631,181.07121106541263
56.44787022907691,112.89574045815382
50.46401056489695,100.9280211297939
97.8902587371376,195.7805174742752
17.709312262081202,35.418624524162404
22.267566651517555,44.53513330303511
16.761571011439834,33.52314202287967
71.72362596340759,143.44725192681517
4.221505558100935,8.44301111620187
48.65307312563642,97.30614625127284
51.50511663114353,103.01023326228706
70.52190801150611,141.04381602301223
12.418807195154125,24.83761439030825
15.231100838820922,30.462201677641843
57.91123501155382,115.82247002310764
16.67459576345709,33.34919152691418
55.36683793465711,110.73367586931423
1.2021691055939199,2.4043382111878397
30.125459148799116,60.25091829759823
69.73809792444253,139.47619584888506
14.652376689043967,29.304753378087934
87.04752211085544,174.09504422171088
73.33050489716004,146.66100979432008
51.67380742863937,103.34761485727874
83.0785612373511,166.1571224747022
75.7858103905418,151.5716207810836
85.55432639028663,171.10865278057327
42.21055305169941,84.42110610339881
5.521609287243812,11.043218574487623
17.977605268379683,35.95521053675937
90.53379080498716,181.06758160997433
95.97650139234582,191.95300278469165
63.668911475760716,127.33782295152143
54.15374695991548,108.30749391983096
89.08800341403622,178.17600682807245
70.95940947683687,141.91881895367374
97.62983690381071,195.25967380762143
73.77600177503354,147.55200355006707
84.70884791980883,169.41769583961766
1.9982207101457927,3.9964414202915854
46.32100157659178,92.64200315318357
33.14346718806927,66.28693437613855
54.796839259642496,109.59367851928499
90.26080957992298,180.52161915984595
22.092826460454816,44.18565292090963
35.587673739356006,71.17534747871201
88.12233619247924,176.24467238495848
43.94509138205063,87.89018276410125
63.66488712066173,127.32977424132346
44.94627390504894,89.89254781009788
95.09648757401501,190.19297514803003
55.53305070289849,111.06610140579699
67.03381031767319,134.06762063534637
85.29058916710024,170.58117833420047
65.04653898420578,130.09307796841156
94.40794178640024,188.8158835728005
46.24141740730663,92.48283481461326
22.124143102831262,44.248286205662524
86.78687565769027,173.57375131538055
72.74320533693025,145.4864106738605
39.83914343045842,79.67828686091684
35.50927628246869,71.01855256493738
18.255024016999112,36.510048033998224
36.40025065872311,72.80050131744622
95.76612092696521,191.53224185393043
58.96286300549234,117.92572601098468
62.44636545632611,124.89273091265223
35.10677962015135,70.2135592403027
55.31903939694225,110.6380787938845
21.430175433723043,42.86035086744609
15.968533117141991,31.937066234283982
96.08478540228694,192.16957080457388
26.393052927666783,52.78610585533357
23.1072713722997,46.2145427445994
98.01635427753979,196.03270855507958
25.324762043391047,50.649524086782094
98.86118547082545,197.7223709416509
54.94113937556633,109.88227875113266
65.36373932144087,130.72747864288175
24.64382592049963,49.28765184099926
0.4388462794504777,0.8776925589009554
35.273560568972016,70.54712113794403
7.1497785673425795,14.299557134685159
34.96349080736422,69.92698161472843
59.01786778836352,118.03573557672703
77.29500104348769,154.59000208697537
83.52182904348643,167.04365808697287
23.362470602738572,46.724941205477144
50.88496981447809,101.76993962895618
20.629847481507426,41.25969496301485
91.73117698042778,183.46235396085555
58.89795864965626,117.79591729931252
45.0676067132451,90.1352134264902
45.56254468562215,91.1250893712443
69.61704499011198,139.23408998022396
70.4753925166801,140.9507850333602
18.979862639145228,37.959725278290456
0.05500369311790543,0.11000738623581086
1.0174602804571053,2.0349205609142107
7.346608978437985,14.69321795687597
44.69797918859262,89.39595837718524
49.61249805742594,99.22499611485188
8.397867315666552,16.795734631333104
54.750257937801074,109.50051587560215
56.54738111900329,113.09476223800658
46.302023334940735,92.60404666988147
90.27676568448186,180.55353136896372
94.6994159045646,189.3988318091292
96.61370715227773,193.22741430455545
10.906194468148044,21.812388936296088
34.14576476642923,68.29152953285846
45.80438683794995,91.6087736758999
71.92681313036884,143.85362626073768
11.99882199219795,23.9976439843959
20.412952178719344,40.82590435743869
21.019466019569,42.038932039138
8.672969281056165,17.34593856211233
97.55540031677961,195.11080063355922
29.42826217946706,58.85652435893412
58.022822505143765,116.04564501028753
24.632702691797558,49.265405383595116
76.04544668266176,152.09089336532352
27.682519024251707,55.365038048503415
70.57083778648989,141.14167557297978
22.35968886391152,44.71937772782304
45.21843103010129,90.43686206020259
83.6142159084207,167.2284318168414
36.898644274977855,73.79728854995571
9.063688075381538,18.127376150763077
47.34242426190826,94.68484852381653
68.8994108443945,137.798821688789
6.866794810590959,13.733589621181919
97.24495471590232,194.48990943180465
83.09827784654549,166.19655569309097
1.3735581646387551,2.7471163292775103
78.49843701822599,156.99687403645197
64.40365102813172,128.80730205626344
89.27705878998935,178.5541175799787
90.67648665659517,181.35297331319035
78.40658042420766,156.81316084841532
82.214638368599,164.429276737198
99.06924410419997,198.13848820839993
57.50831636809416,115.01663273618831
53.617602513890226,107.23520502778045
44.756091411325706,89.51218282265141
1.363918232733008,2.727836465466016
21.06631678583295,42.1326335716659
12.612209355258086,25.224418710516172
57.01847708462987,114.03695416925974
68.41582860790999,136.83165721581997
3.761304014111322,7.522608028222644
92.03013493917157,184.06026987834315
16.441965160531602,32.883930321063204
60.30529535954544,120.61059071909088
76.95520475697182,153.91040951394365
89.85577943777241,179.71155887554482
1.240043547585734,2.480087095171468
4.261956654595112,8.523913309190224
74.26355883585974,148.52711767171948
24.342875701650645,48.68575140330129
65.19244322624563,130.38488645249126
78.41865774221061,156.83731548442123
15.855173989887984,31.710347979775968
70.60143095696556,141.20286191393112
32.589565397188416,65.17913079437683
5.979364204571702,11.958728409143404
4.490244476992277,8.980488953984555
2.513574478320413,5.027148956640826
68.17057556377608,136.34115112755217
56.136028936255364,112.27205787251073
93.35194816044945,186.7038963208989
76.15533446999643,152.31066893999287
25.64553874374724,51.29107748749448
45.101946435548726,90.20389287109745
46.4151029822077,92.8302059644154
37.89695230132725,75.7939046026545
5.701963448664616,11.403926897329232
82.4143351793692,164.8286703587384
29.743817511983572,59.487635023967144
57.02128752072147,114.04257504144294
97.18277844206925,194.3655568841385
58.55935077328242,117.11870154656484
86.82666561701497,173.65333123402993
99.94734658206879,199.89469316413758
3.0134076286932654,6.026815257386531
76.71841100288765,153.4368220057753
30.169004295014943,60.33800859002989
96.22544162957531,192.45088325915063
30.828564651486868,61.657129302973736
19.43350615505105,38.8670123101021
87.54219540391132,175.08439080782264
25.957933497169904,51.91586699433981
75.50038436279917,151.00076872559833
39.31270538408877,78.62541076817755
0.611403479487127,1.222806958974254
35.96998115568575,71.9399623113715
22.100661887156836,44.20132377431367
6.781543640023724,13.563087280047448
93.96592699038447,187.93185398076895
5.041933757427952,10.083867514855903
46.63818435194589,93.27636870389178
41.44122066517155,82.8824413303431
11.40311519903403,22.80623039806806
2.8913356508393773,5.7826713016787545
99.65691644285263,199.31383288570527
96.81439410905364,193.62878821810727
50.26525905315281,100.53051810630562
8.659557907769067,17.319115815538133
56.90859951604161,113.81719903208322
53.43642334114767,106.87284668229535
51.04349945235103,102.08699890470206
68.62415615529686,137.24831231059372
27.628940706096095,55.25788141219219
4.550651291859054,9.101302583718107
64.3118785209059,128.6237570418118
26.880896810232546,53.76179362046509
40.28244901274931,80.56489802549862
28.99465982420214,57.98931964840428
31.975224680892435,63.95044936178487
46.77410072135145,93.5482014427029
24.44415197410441,48.88830394820882
83.6948999115399,167.3897998230798
74.33116799146796,148.66233598293593
7.6018201970256545,15.203640394051309
58.42823173119312,116.85646346238624
70.04547952561437,140.09095905122874
9.33630666382761,18.67261332765522
62.900013880853265,125.80002776170653
69.1257762234128,138.2515524468256
8.760787552925532,17.521575105851063
27.624331939777047,55.248663879554094
63.366412503603954,126.73282500720791
66.9345814705247,133.8691629410494
24.881253974041694,49.76250794808339
30.19706648476479,60.39413296952958
45.5019407791827,91.0038815583654
33.34902244239909,66.69804488479818
74.76837201304254,149.53674402608507
28.318552995678548,56.637105991357096
61.989981844466726,123.97996368893345
82.27922018987975,164.5584403797595
26.739010862645863,53.478021725291725
66.67349782317066,133.34699564634133
56.206464894788034,112.41292978957607
47.78661178052299,95.57322356104598
85.95895984833211,171.91791969666423
61.40640584022855,122.8128116804571
96.3397054812967,192.6794109625934
30.186063885119964,60.37212777023993
88.88979368250709,177.77958736501418
95.13824891735462,190.27649783470923
55.13275547392292,110.26551094784584
63.571918622524784,127.14383724504957
9.776949503142996,19.55389900628599
76.70350318536187,153.40700637072374
62.4273567293946,124.8547134587892
52.91726607841278,105.83453215682556
53.23845613195364,106.47691226390728
50.81397193378658,101.62794386757317
99.32134572137903,198.64269144275806
98.4228516123345,196.845703224669
58.22977633908965,116.4595526781793
15.987734147027478,31.975468294054956
69.08392755746898,138.16785511493796
17.94461997312964,35.88923994625928
31.784683482239075,63.56936696447815
45.04364426441605,90.0872885288321
3.478699119005535,6.95739823801107
83.10473105517053,166.20946211034106
9.930404359092881,19.860808718185762
43.012690726601036,86.02538145320207
86.32756312268069,172.65512624536137
21.294811847264327,42.589623694528655
71.35129584429163,142.70259168858325
7.533543306625223,15.067086613250446
59.051963982731095,118.10392796546219
46.46338593695953,92.92677187391907
51.22443635323489,102.44887270646979
65.73740801234982,131.47481602469963
11.412029752937258,22.824059505874516
89.14590138918834,178.29180277837668
71.60460160385675,143.2092032077135
58.9092784952104,117.8185569904208
45.43625621832987,90.87251243665975
0.8200915015860843,1.6401830031721687
64.03862107179711,128.07724214359422
18.187187190875264,36.37437438175053
54.369948736865666,108.73989747373133
68.67458935141254,137.34917870282507
16.951288399687847,33.902576799375694
17.653178398960932,35.306356797921865
66.83666335653365,133.6733267130673
95.33114675601685,190.6622935120337
99.75353162856428,199.50706325712855
63.39539207650064,126.79078415300128
5.8587426641460105,11.717485328292021
98.4426943941073,196.8853887882146
18.77413500806605,37.5482700161321
65.73624085096974,131.47248170193947
62.60773575990343,125.21547151980685
37.41428260717284,74.82856521434567
14.42029238646323,28.84058477292646
70.14899960139182,140.29799920278364
15.941036316595536,31.882072633191072
33.18854140348433,66.37708280696866
56.91727657230512,113.83455314461024
23.014335169310517,46.02867033862103
50.38749108584819,100.77498217169638
2.6488466076129646,5.297693215225929
76.22503212117012,152.45006424234023
18.521023432026396,37.04204686405279
4.056526718503828,8.113053437007656
4.962510724987124,9.925021449974247
99.76552944840213,199.53105889680427
42.81157021508154,85.62314043016308
47.90873425399917,95.81746850799834
56.253123860458885,112.50624772091777
59.37173338254076,118.74346676508152
56.75099922487837,113.50199844975674
27.5753713119933,55.1507426239866
24.847904423727528,49.695808847455055
29.36189666729159,58.72379333458318
64.61547030973965,129.2309406194793
18.15848887082191,36.31697774164382
73.34836881925466,146.69673763850932
22.833887780176067,45.66777556035213
9.139257854375726,18.278515708751453
99.85616538649327,199.71233077298655
29.12370610343634,58.24741220687268
1.1126776978448771,2.2253553956897543
72.84885616824936,145.6977123364987
45.881691420887705,91.76338284177541
19.258595217606345,38.51719043521269
18.75723132337692,37.51446264675384
84.2746291536139,168.5492583072278
14.05825381500161,28.11650763000322
48.055496570852796,96.11099314170559
99.13144116233245,198.2628823246649
92.55126329953292,185.10252659906584
8.279873544810023,16.559747089620046
66.80454734952022,133.60909469904044
73.0799586279358,146.1599172558716
98.09972204121445,196.1994440824289
6.477938965929253,12.955877931858506
57.665876537108865,115.33175307421773
68.65354245820876,137.30708491641752
96.088403980136,192.176807960272
32.801262095672065,65.60252419134413
48.774559503761594,97.54911900752319
73.35895767112137,146.71791534224275
31.22130943153183,62.44261886306366
56.725728443850144,113.45145688770029
36.90189252949507,73.80378505899014
50.50464541683252,101.00929083366503
74.65656961123003,149.31313922246005
24.7470023008869,49.4940046017738
60.799174060455705,121.59834812091141
50.321420798812646,100.64284159762529
12.036763864191203,24.073527728382405
1.0847826139124384,2.1695652278248767
60.60503861220398,121.21007722440795
2.780847846120227,5.561695692240454
66.05821971415752,132.11643942831503
34.806329734896856,69.61265946979371
50.113599266228604,100.22719853245721
64.38559619636375,128.7711923927275
30.145364737926872,60.290729475853745
69.03461833847444,138.0692366769489
61.79322693716925,123.5864538743385
47.20760541105942,94.41521082211884
66.26503914924471,132.53007829848943
37.75459692276508,75.50919384553016
60.86746285709377,121.73492571418754
69.03684568904961,138.07369137809923
93.15029637273598,186.30059274547196
72.68826774748452,145.37653549496903
5.579925760858828,11.159851521717655
21.059210889920386,42.11842177984077
53.59286766186453,107.18573532372906
66.16673684946677,132.33347369893355
66.51654332101207,133.03308664202413
3.74828276259509,7.49656552519018
81.47625967076358,162.95251934152716
72.03463734556628,144.06927469113256
78.86422408212532,157.72844816425064
79.46789975969244,158.9357995193849
93.62014147609014,187.24028295218028
76.29703185017891,152.59406370035782
12.675540910291561,25.351081820583122
80.7166647920624,161.4333295841248
82.20489127800033,164.40978255600066
45.97819215702314,91.95638431404628
63.39853946067282,126.79707892134564
74.07582728039881,148.15165456079762
76.38000132128552,152.76000264257104
14.738064755815127,29.476129511630255
52.969166611477036,105.93833322295407
38.18935994684072,76.37871989368143
53.04461206687847,106.08922413375694
58.42829370868118,116.85658741736236
13.283501734046588,26.567003468093176
24.502655283351526,49.00531056670305
53.1704292381442,106.3408584762884
21.373049115033517,42.746098230067034
50.81568568230439,101.63137136460878
73.94410426272933,147.88820852545865
42.72739135908144,85.45478271816287
58.85621392541698,117.71242785083396
77.54705936004352,155.09411872008704
75.721890894436,151.443781788872
91.99948254948355,183.9989650989671
65.62264605132975,131.2452921026595
42.28138727794032,84.56277455588064
91.50747475514044,183.01494951028087
1.4561270165943552,2.9122540331887103
93.34316269762031,186.68632539524063
38.71102635226307,77.42205270452614
23.89301119355267,47.78602238710534
17.255037937262596,34.51007587452519
46.59960864837163,93.19921729674326
3.3760761074408285,6.752152214881657
2.111488373676884,4.222976747353768
59.13359052761356,118.26718105522713
54.2538987246548,108.5077974493096
29.286943950637912,58.573887901275825
3.1954059949699576,6.390811989939915
12.93495794052404,25.86991588104808
86.83059351878131,173.66118703756263
76.86094540050922,153.72189080101845
22.585998405039554,45.17199681007911
34.6742701455189,69.3485402910378
25.462371790672698,50.924743581345396
20.006389598877362,40.012779197754725
56.368549749481566,112.73709949896313
2.077544229654704,4.155088459309408
28.106824984572732,56.213649969145465
83.37099399965545,166.7419879993109
59.52235013978909,119.04470027957818
84.18809937067337,168.37619874134674
75.74742634635808,151.49485269271617
58.0857788913518,116.1715577827036
89.00307495131624,178.00614990263247
34.335632376767414,68.67126475353483
92.83029084273471,185.66058168546942
54.85234210362495,109.7046842072499
54.34823763819905,108.6964752763981
34.02659609736332,68.05319219472663
59.40380949924976,118.80761899849952
55.15333851565147,110.30667703130294
58.56026600942372,117.12053201884744
37.744934288342,75.489868576684
37.46800782168756,74.93601564337511
42.38982728471223,84.77965456942447
15.507262602781314,31.014525205562627
41.69751711218767,83.39503422437534
39.04513942128738,78.09027884257476
12.032076360936085,24.06415272187217
23.42470558766174,46.84941117532348
49.44901886177171,98.89803772354342
93.9228737529449,187.8457475058898
36.11348420807694,72.22696841615388
68.76618194085697,137.53236388171393
80.20844135242126,160.41688270484252
55.67335126639155,111.3467025327831
40.4651825699177,80.9303651398354
81.58011598667589,163.16023197335178
71.61257150001988,143.22514300003976
59.83834399431159,119.67668798862319
40.85193540138129,81.70387080276258
28.60399347029231,57.20798694058462
90.8393509961761,181.6787019923522
96.80578522653701,193.61157045307402
91.15088296321518,182.30176592643036
85.2150349062466,170.4300698124932
30.974148440866177,61.948296881732354
64.63465417045586,129.26930834091172
73.70646008293403,147.41292016586806
54.264329172949225,108.52865834589845
17.390671442192584,34.78134288438517
81.26774905649974,162.53549811299948
28.70506845911972,57.41013691823944
54.79537233565808,109.59074467131616
40.45659582233869,80.91319164467738
81.22106459973544,162.44212919947088
18.174036359745273,36.348072719490546
71.13394980082168,142.26789960164336
97.4917344437759,194.9834688875518
26.908734165774597,53.81746833154919
55.35160974546852,110.70321949093704
53.99301610984711,107.98603221969422
46.91592128625861,93.83184257251722
76.33082572314785,152.6616514462957
11.177313823114165,22.35462764622833
84.75336096939556,169.50672193879112
91.07271764607114,182.14543529214228
43.57410184579579,87.14820369159158
54.35754556528295,108.7150911305659
67.1898345572416,134.3796691144832
38.69493234008655,77.3898646801731
67.30127268510375,134.6025453702075
1.8198223060913232,3.6396446121826465
62.78285493477506,125.56570986955012
12.386195859716464,24.772391719432928
87.8488797142508,175.6977594285016
96.49653328844573,192.99306657689147
33.91321667273351,67.82643334546702
68.25977690579282,136.51955381158564
60.11906954889602,120.23813909779204
71.87038205241547,143.74076410483093
12.613807352455863,25.227614704911726
30.755475521975317,61.510951043950634
8.010920977762126,16.021841955524252
57.939428428055415,115.87885685611083
79.1779362817343,158.3558725634686
14.223572450119992,28.447144900239984
77.218592199531,154.437184399062
88.84585387276466,177.69170774552933
20.92005610678539,41.84011221357078
70.0557383921832,140.1114767843664
0.7091290969596598,1.4182581939193195
5.430561264199252,10.861122528398504
9.041629944371966,18.08325988874393
1.915616192073799,3.831232384147598
9.167714777179048,18.335429554358097
87.23124786549008,174.46249573098015
98.41501315335928,196.83002630671857
97.9702437544302,195.9404875088604
60.81567544352345,121.6313508870469
92.00486498406559,184.00972996813118
58.232156988492825,116.46431397698565
11.311665225519263,22.623330451038527
40.84836696166381,81.69673392332761
68.37012029749414,136.74024059498828
9.208236898027666,18.41647379605533
27.04493708484439,54.08987416968878
91.05275316664722,182.10550633329444
70.10889815110374,140.2177963022075
98.16563210075232,196.33126420150464
6.403132006218415,12.80626401243683
2.0838844963829706,4.167768992765941
85.28216975766696,170.56433951533393
37.98483383557701,75.96966767115401
41.00161615275003,82.00323230550006
47.27499237516737,94.54998475033474
34.136223490932224,68.27244698186445
30.748418409309142,61.496836818618284
85.40629871953402,170.81259743906804
5.034126425649232,10.068252851298464
91.72033435217773,183.44066870435546
87.2010421619572,174.4020843239144
58.06841374256243,116.13682748512485
53.393156218509695,106.78631243701939
11.182984846791532,22.365969693583065
20.986440225425916,41.97288045085183
77.39029220929343,154.78058441858687
29.65976571188237,59.31953142376474
86.42004401746051,172.84008803492102
91.68450562557797,183.36901125115594
55.91484863121625,111.8296972624325
66.88878285744799,133.77756571489599
29.66603653397367,59.33207306794734
95.92627251334905,191.8525450266981
58.119738872766966,116.23947774553393
72.2199953656346,144.4399907312692
42.427049214223636,84.85409842844727
96.74714793872238,193.49429587744476
29.747903059464107,59.495806118928215
75.18582519144584,150.3716503828917
47.3990490256657,94.7980980513314
71.90911534805117,143.81823069610235
21.788984206860473,43.577968413720946
33.04120958963417,66.08241917926834
71.34200880657576,142.68401761315152
95.89629694412956,191.79259388825912
77.8076207875159,155.6152415750318
51.37570805838383,102.75141611676766
71.10236716106823,142.20473432213646
34.696381039819336,69.39276207963867
90.6349880212394,181.2699760424788
65.26553672279508,130.53107344559015
90.02444056000031,180.04888112000063
1.9130969566097944,3.826193913219589
23.382070021967984,46.76414004393597
69.6827763651551,139.3655527303102
50.60577083227295,101.2115416645459
9.422750411452785,18.84550082290557
85.44621469831914,170.89242939663828
40.21466563480634,80.42933126961267
51.64042308698694,103.28084617397388
46.24252106738829,92.48504213477658
48.85893674641424,97.71787349282847
72.44786000876596,144.89572001753191
14.339496625408332,28.678993250816664
23.7898225675389,47.5796451350778
80.91950797050237,161.83901594100473
20.40131594626684,40.80263189253368
51.12245702075071,102.24491404150142
16.55845695153286,33.11691390306572
63.94247054697877,127.88494109395754
34.236418484819055,68.47283696963811
64.49788817107451,128.99577634214901
36.533081546253456,73.06616309250691
53.904669286596196,107.80933857319239
43.37834766220941,86.75669532441881
16.87008576096597,33.74017152193194
90.99769411139957,181.99538822279914
43.24539416771951,86.49078833543902
75.79033725525179,151.58067451050357
46.76344636809372,93.52689273618743
72.61291743992862,145.22583487985725
62.98427078095792,125.96854156191584
9.73373124923097,19.46746249846194
46.720518437647826,93.44103687529565
68.97038239183661,137.94076478367322
10.87308143478467,21.74616286956934
21.588965352721523,43.177930705443046
64.28854144815126,128.57708289630253
69.92017623140909,139.84035246281817
34.438054400442056,68.87610880088411
25.55479276633109,51.10958553266218
92.51257538686795,185.0251507737359
40.92130274824852,81.84260549649704
32.2567796152898,64.5135592305796
10.432706940505776,20.865413881011552
4.085402129575211,8.170804259150422
12.036795055617333,24.073590111234665
20.705614817140685,41.41122963428137
73.06973312505106,146.13946625010212
78.1413607397577,156.2827214795154
95.537011422829,191.074022845658
15.600560957421239,31.201121914842478
6.0144112826974965,12.028822565394993
4.97315403836438,9.94630807672876
16.016052918779,32.032105837558
21.218378893128452,42.436757786256905
56.450798861730824,112.90159772346165
21.79457304972684,43.58914609945368
56.32805909670977,112.65611819341954
91.34871872527287,182.69743745054575
81.24923413421395,162.4984682684279
15.462666471722276,30.925332943444552
53.27855588368487,106.55711176736973
87.25642850226698,174.51285700453397
9.137780745496936,18.275561490993873
0.043631982286529425,0.08726396457305885
2.792675849976667,5.585351699953334
0.6994437169218215,1.398887433843643
0.03938981803044417,0.07877963606088834
13.529956191151404,27.05991238230281
73.57701774694392,147.15403549388785
90.53360725690072,181.06721451380145
26.859024761091234,53.71804952218247
3.1505759324381377,6.301151864876275
87.29537263159389,174.59074526318778
69.7010291493549,139.4020582987098
34.06444510356993,68.12889020713986
19.652849640733194,39.30569928146639
16.87106590570022,33.74213181140044
21.771585168585293,43.54317033717059
45.23395213247265,90.4679042649453
42.051298393726086,84.10259678745217
9.778474438315232,19.556948876630464
39.88290261316605,79.7658052263321
69.6536925800067,139.3073851600134
59.49437431600604,118.98874863201208
51.036795159873805,102.07359031974761
80.54015837906505,161.0803167581301
30.511886374017326,61.02377274803465
84.42481732983946,168.8496346596789
0.12324198116877572,0.24648396233755143
71.99889347987188,143.99778695974376
66.8911220978805,133.782244195761
87.56960003050051,175.13920006100102
65.38137344181007,130.76274688362014
25.099945834925208,50.199891669850416
57.61391393694405,115.2278278738881
76.58318873319956,153.16637746639913
83.39555095421365,166.7911019084273
54.962022214043124,109.92404442808625
41.675143712892,83.350287425784
71.8439880521099,143.6879761042198
42.65675539838685,85.3135107967737
39.40924101978885,78.8184820395777
4.873516557326041,9.747033114652082
85.30178110545671,170.60356221091342
86.18995340389745,172.3799068077949
97.95765735336221,195.91531470672442
88.66606351018807,177.33212702037613
93.14192841905876,186.28385683811752
99.31145557911502,198.62291115823004
34.1706896745354,68.3413793490708
88.11090765389386,176.22181530778772
45.03658607957555,90.0731721591511
69.50422009165614,139.00844018331227
5.347890537897138,10.695781075794276
86.32717239785175,172.6543447957035
71.1249569049643,142.2499138099286
48.875240639112135,97.75048127822427
28.195565548615598,56.391131097231195
49.088658035073585,98.17731607014717
60.45765707326424,120.91531414652847
22.452992228809432,44.905984457618864
34.50197681542233,69.00395363084466
5.601591202375489,11.203182404750978
77.53186795823049,155.06373591646098
37.54177079138267,75.08354158276533
36.22723135543728,72.45446271087457
96.54907938576919,193.09815877153838
23.048584063944055,46.09716812788811
16.89609183697558,33.79218367395116
1.5732708227564451,3.1465416455128903
31.155993244846393,62.311986489692785
88.53485410099856,177.06970820199712
34.37875788748569,68.75751577497138
61.35917762617882,122.71835525235764
75.08712613919172,150.17425227838345
91.86848214353478,183.73696428706955
77.00107646541788,154.00215293083576
4.161038711100207,8.322077422200413
39.775192029332516,79.55038405866503
72.30296121751041,144.60592243502083
97.90362772638596,195.80725545277193
58.5723459360876,117.1446918721752
77.0577551737396,154.1155103474792
91.06258573033361,182.12517146066722
9.328690961564234,18.65738192312847
93.36551722255541,186.73103444511082
78.85152665548775,157.7030533109755
5.801981672737922,11.603963345475844
29.36754085145975,58.7350817029195
25.273649568228752,50.547299136457504
45.19919981730251,90.39839963460501
49.0925496007779,98.1850992015558
96.21355352064403,192.42710704128805
58.45286004943569,116.90572009887138
27.270430760018915,54.54086152003783
65.15556225902095,130.3111245180419
51.601382469000946,103.20276493800189
35.36698404142788,70.73396808285575
69.55813395746824,139.1162679149365
65.73589300953097,131.47178601906194
73.43390763264888,146.86781526529776
54.189065657624504,108.37813131524901
70.17793013749056,140.35586027498113
80.84734847935536,161.69469695871072
47.916413072932976,95.83282614586595
81.70363285720525,163.4072657144105
1.773903064399962,3.547806128799924
11.378118090218125,22.75623618043625
43.75898299927743,87.51796599855486
34.05848245792528,68.11696491585056
26.30244150266684,52.60488300533368
95.53965179697855,191.0793035939571
96.95569961437847,193.91139922875695
22.84470199800325,45.6894039960065
81.40605587002031,162.81211174004062
89.57531289889793,179.15062579779587
45.09187794438404,90.18375588876808
68.86854007922012,137.73708015844025
75.15243450316864,150.30486900633727
3.2136434969449623,6.427286993889925
32.82561652164249,65.65123304328498
28.268156441964344,56.53631288392869
80.92424874573429,161.84849749146858
28.15167764765947,56.30335529531894
45.609184629295775,91.21836925859155
15.69371649049085,31.3874329809817
61.13589975035283,122.27179950070565
5.970430697423746,11.940861394847492
36.0042828826136,72.0085657652272
93.80833204787015,187.6166640957403
28.221121749883316,56.44224349976663
27.718596723594924,55.43719344718985
9.315704779205769,18.631409558411537
67.0817614821564,134.1635229643128
7.823158332714852,15.646316665429705
6.600571146940181,13.201142293880363
65.04010718028853,130.08021436057706
77.7486188250406,155.4972376500812
33.72853726267623,67.45707452535245
0.5229162133543519,1.0458324267087038
6.859043604932369,13.718087209864738
14.070996530260416,28.141993060520832
31.15561324291032,62.31122648582064
2.9312084011024586,5.862416802204917
31.646047251219965,63.29209450243993
71.86040854227468,143.72081708454937
5.314722581885489,10.629445163770978
62.74116217878015,125.4823243575603
25.542608026368143,51.085216052736286
30.628920707935713,61.257841415871425
76.01861270773628,152.03722541547256
21.255536262578765,42.51107252515753
71.78440112467338,143.56880224934676
81.97482637016174,163.94965274032347
69.83077130104589,139.66154260209177
82.88733732702786,165.77467465405573
23.451637881948006,46.90327576389601
17.083584962976005,34.16716992595201
52.935524056410635,105.87104811282127
40.215546848067696,80.43109369613539
9.882425768111524,19.76485153622305
42.17599081607138,84.35198163214277
32.61557814383649,65.23115628767297
63.29571363247059,126.59142726494117
8.592002807225418,17.184005614450836
25.609268367075742,51.218536734151485
85.32312190246651,170.64624380493302
56.45330933152016,112.90661866304032
89.31336874738656,178.62673749477312
86.63679914797675,173.2735982959535
18.111384232140658,36.222768464281316
1.3480218706182878,2.6960437412365756
0.3869618670294228,0.7739237340588456
59.01533302577954,118.03066605155908
25.336211200147694,50.67242240029539
4.172680421918374,8.345360843836747
38.24738979795526,76.49477959591052
15.916102609006888,31.832205218013776
5.901232831870839,11.802465663741678
53.58472056480779,107.16944112961558
12.476648094858778,24.953296189717555
62.114078212311426,124.22815642462285
58.994995147594985,117.98999029518997
74.39843182852623,148.79686365705246
77.85990690867948,155.71981381735895
41.43951160423525,82.8790232084705
24.844569861845944,49.68913972369189
13.791387250796506,27.58277450159301
74.20291795555141,148.40583591110283
37.675720510300245,75.35144102060049
73.49800837273472,146.99601674546943
3.495434995793645,6.99086999158729
22.436816966238236,44.87363393247647
77.46897006843201,154.93794013686403
29.83445381880082,59.66890763760164
58.14754141684516,116.29508283369032
0.6416087000333026,1.2832174000666052
16.029686761064355,32.05937352212871
4.634797178277084,9.269594356554167
57.84915909229322,115.69831818458644
51.08480031874979,102.16960063749958
40.744668785299055,81.48933757059811
93.81156897853238,187.62313795706476
66.3642375245582,132.7284750491164
75.11917783709016,150.23835567418033
56.954319738881075,113.90863947776215
46.68138780723892,93.36277561447784
33.899942356061764,67.79988471212353
89.92626071526568,179.85252143053137
24.077465723170288,48.154931446340576
83.52054508612959,167.04109017225917
18.106451467758124,36.21290293551625
88.78695474097327,177.57390948194654
56.61479269549534,113.22958539099068
30.556924984472488,61.113849968944976
29.878273534110388,59.756547068220776
28.65502389948623,57.31004779897246
87.6582505416567,175.3165010833134
6.797201235877526,13.594402471755052
72.16058468241496,144.32116936482993
82.79569422913754,165.59138845827508
72.10794023672311,144.21588047344622
56.30088229725053,112.60176459450106
8.836588966780223,17.673177933560446
46.71925838145997,93.43851676291995
67.55929764165171,135.11859528330342
79.18949755313972,158.37899510627943
94.42897596131905,188.8579519226381
64.8198484232728,129.6396968465456
76.45781434758015,152.9156286951603
91.89840212027593,183.79680424055186
49.52747288199445,99.0549457639889
40.795559180705446,81.59111836141089
67.93416158838286,135.86832317676573
81.97951127161414,163.9590225432283
61.410447997018025,122.82089599403605
78.56081665830436,157.12163331660872
62.141268382512735,124.28253676502547
91.72481917622277,183.44963835244553
72.35166250888541,144.70332501777082
99.55834609586786,199.11669219173572
57.82977001317968,115.65954002635937
37.77947390854154,75.55894781708308
92.46694174969211,184.93388349938422
2.448031861231159,4.896063722462318
21.825398719343646,43.65079743868729
42.7053629909016,85.4107259818032
78.17396264917376,156.34792529834752
50.05174791261769,100.10349582523538
70.77765457420611,141.55530914841222
76.6961066837444,153.3922133674888
42.50548929423006,85.01097858846012
0.0641143420403778,0.1282286840807556
89.36174685941339,178.72349371882677
72.93549019347722,145.87098038695444
23.17428462485077,46.34856924970154
68.48669167938061,136.97338335876123
5.760901096378202,11.521802192756404
90.89241254811465,181.7848250962293
80.6057108693646,161.2114217387292
0.09138745236813017,0.18277490473626035
73.10746857751438,146.21493715502876
64.24696970162249,128.49393940324498
95.58021969990912,191.16043939981824
94.3494198238902,188.6988396477804
99.8760706917001,199.7521413834002
94.1576108175422,188.3152216350844
58.33764686370325,116.6752937274065
50.48691876225709,100.97383752451418
68.58927616491366,137.1785523298273
74.51668160936306,149.03336321872612
92.6195532624837,185.2391065249674
22.930888993971422,45.861777987942844
3.5576952067405854,7.115390413481171
52.48780126877855,104.9756025375571
15.357580032267403,30.715160064534807
33.65474665528067,67.30949331056134
78.53880420820964,157.07760841641928
7.757078236508286,15.514156473016572
63.51960343709672,127.03920687419344
56.114966562926696,112.22993312585339
48.88915112484656,97.77830224969313
38.16517984029611,76.33035968059222
60.86051008388036,121.72102016776071
85.73935302852374,171.47870605704748
44.0581789976339,88.1163579952678
33.53073928028272,67.06147856056543
6.517103740237474,13.034207480474947
23.11823585116678,46.23647170233356
97.84018528749834,195.6803705749967
62.25811544107736,124.51623088215472
46.4751139600827,92.9502279201654
3.783977157593954,7.567954315187908
33.36573593474487,66.73147186948974
44.376449147725104,88.75289829545021
62.51243091717256,125.02486183434512
5.67356723297463,11.34713446594926
94.0060787350497,188.0121574700994
64.01622189080808,128.03244378161617
96.52044252633442,193.04088505266884
53.75952871576691,107.51905743153382
33.72621942735143,67.45243885470286
97.30482616374984,194.60965232749967
40.21337295567863,80.42674591135726
68.05154836778384,136.10309673556768
44.3418196884398,88.6836393768796
69.71932645668359,139.43865291336718
50.538721694192205,101.07744338838441
74.3818203950473,148.7636407900946
4.408428193855829,8.816856387711658
61.22007399723491,122.44014799446983
0.6938389831788294,1.3876779663576588
76.87267615581293,153.74535231162585
95.55510990974987,191.11021981949975
3.9297824236566914,7.859564847313383
13.587539772145796,27.17507954429159
67.38643774018271,134.77287548036543
4.045823576929719,8.091647153859437
47.928989905295616,95.85797981059123
8.197189432048535,16.39437886409707
70.0477105767291,140.0954211534582
90.86308258184309,181.72616516368618
70.88096863870092,141.76193727740184
15.442633908662396,30.88526781732479
28.09594714661554,56.19189429323108
13.521478027853984,27.04295605570797
55.735490359909775,111.47098071981955
81.01129152311088,162.02258304622177
32.598416584903845,65.19683316980769
32.033618897874405,64.06723779574881
22.81345811052805,45.6269162210561
77.36292746269682,154.72585492539363
16.542418969387274,33.08483793877455
44.44194326331227,88.88388652662454
24.176531347083618,48.353062694167235
63.34937549788376,126.69875099576753
31.9537134339705,63.907426867941
39.55322007441057,79.10644014882114
90.6244041221113,181.2488082442226
38.92159303533052,77.84318607066103
89.95351420596847,179.90702841193695
20.763571898460643,41.52714379692129
82.83924208128948,165.67848416257897
22.895733601936165,45.79146720387233
32.746754928260444,65.49350985652089
83.36233036871931,166.72466073743863
94.88091860402193,189.76183720804386
94.28497349441365,188.5699469888273
36.50894410327523,73.01788820655047
79.42792401749278,158.85584803498557
93.50202974660482,187.00405949320964
59.68659076277289,119.37318152554577
27.10047971361391,54.20095942722782
37.5065955395251,75.0131910790502
23.489794628469884,46.97958925693977
27.111627226601776,54.22325445320355
54.69106483199868,109.38212966399736
25.51275821012228,51.02551642024456
39.58563776948944,79.17127553897888
11.305574022141162,22.611148044282324
41.93560035268354,83.87120070536707
92.93726493269052,185.87452986538105
74.91289179578072,149.82578359156145
22.018452537086432,44.036905074172864
87.38189921111737,174.76379842223474
80.25515474603078,160.51030949206157
1.9027060488370218,3.8054120976740435
33.06083183703991,66.12166367407983
21.43093128018274,42.86186256036548
1.8053172532019768,3.6106345064039536
59.25950857170174,118.51901714340347
25.001668091708485,50.00333618341697
29.651847218017522,59.303694436035045
86.83804271700704,173.67608543401408
14.664141454038571,29.328282908077142
82.07798546066921,164.15597092133842
62.03346586232746,124.06693172465492
17.12196780822589,34.24393561645178
13.72208918806459,27.44417837612918
82.06875554366042,164.13751108732083
25.128161411848073,50.256322823696145
57.97723058478488,115.95446116956975
58.64955225726124,117.29910451452248
57.05360696399866,114.10721392799732
27.700837943733447,55.401675887466894
15.687138411099422,31.374276822198844
42.59341714333217,85.18683428666434
41.746548560164555,83.49309712032911
41.6161210043703,83.2322420087406
62.474876750427235,124.94975350085447
1.1841828299412493,2.3683656598824987
95.54671390924135,191.0934278184827
58.081143987414144,116.16228797482829
24.45051715241825,48.9010343048365
56.686414435302126,113.37282887060425
20.10157249962523,40.20314499925046
74.71885818006187,149.43771636012374
92.6426490584625,185.285298116925
4.9640933528820375,9.928186705764075
93.53537690703726,187.07075381407452
39.81878871506282,79.63757743012565
95.92035358504913,191.84070717009826
54.31074507571364,108.62149015142728
22.846977803236,45.693955606472
57.7789703499816,115.5579406999632
42.13452259323466,84.26904518646931
4.00602867273776,8.01205734547552
11.020614714847943,22.041229429695885
42.418931392493384,84.83786278498677
96.05622531977393,192.11245063954786
12.393336320605219,24.786672641210437
14.22322160459293,28.44644320918586
58.08090480726161,116.16180961452322
27.020957104000864,54.04191420800173
93.02018260799876,186.04036521599753
6.089184673680748,12.178369347361496
46.07102815077311,92.14205630154622
13.755802617835922,27.511605235671844
65.54517360543085,131.0903472108617
5.36669135944956,10.73338271889912
1.6999851466654392,3.3999702933308784
37.543086527507654,75.08617305501531
25.326773129512137,50.653546259024274
68.70324139093543,137.40648278187086
15.924687134571347,31.849374269142693
28.907343638559656,57.81468727711931
67.72964336010925,135.4592867202185
70.17259234852744,140.3451846970549
58.437635271434985,116.87527054286997
16.49295874844585,32.9859174968917
94.0234858153666,188.0469716307332
32.09797972348768,64.19595944697537
59.481353512302405,118.96270702460481
92.80685699794057,185.61371399588114
44.41734732740657,88.83469465481313
36.51740050579213,73.03480101158426
25.55780792376985,51.1156158475397
37.19652191213958,74.39304382427916
60.96881525349384,121.93763050698767
85.51447197030171,171.02894394060343
1.3471566147397418,2.6943132294794836
96.38395160550319,192.76790321100637
21.057226529456983,42.114453058913966
11.670274706880502,23.340549413761003
90.33960479223236,180.67920958446473
1.7242458532110372,3.4484917064220744
61.77628169133983,123.55256338267966
72.12432906207776,144.24865812415553
51.655029373751994,103.31005874750399
13.73221891303944,27.46443782607888
14.222797324235959,28.445594648471918
21.029787504415822,42.059575008831644
77.95773484418326,155.91546968836653
15.511997462287919,31.023994924575838
88.96956310106616,177.93912620213231
18.132168228623733,36.26433645724747
40.55263856689587,81.10527713379174
67.11689006626953,134.23378013253907
28.35246456065037,56.70492912130074
94.90435095103638,189.80870190207276
4.634415780302403,9.268831560604806
92.93577819636666,185.8715563927333
68.60336685367427,137.20673370734855
0.347564834254388,0.695129668508776
98.8034293654209,197.6068587308418
82.19075302959227,164.38150605918455
13.115991704807517,26.231983409615033
45.208582596408085,90.41716519281617
95.64069236752756,191.28138473505513
16.266321905564496,32.53264381112899
98.82528035364942,197.65056070729884
67.47025880087196,134.94051760174392
83.3221052605319,166.6442105210638
2.3177983894817733,4.635596778963547
55.096892593380886,110.19378518676177
52.98623648031746,105.97247296063492
22.547795475472267,45.09559095094453
78.56354836475441,157.12709672950882
87.50602886955329,175.01205773910658
44.609313552637886,89.21862710527577
18.519931681532352,37.039863363064704
60.30649513006709,120.61299026013418
67.70590116110178,135.41180232220356
35.40387047517167,70.80774095034334
18.94563089523483,37.89126179046966
9.746948783682507,19.493897567365014
77.67206077456713,155.34412154913426
18.574359632836767,37.148719265673535
79.63308278417763,159.26616556835526
41.90586688784752,83.81173377569505
72.70630992074346,145.41261984148693
88.30905466400044,176.61810932800088
1.8341343616472328,3.6682687232944655
53.15573857344178,106.31147714688356
39.25096746509066,78.50193493018132
27.72857668976716,55.45715337953432
75.43811561430088,150.87623122860177
76.8846711394078,153.7693422788156
50.43244231002952,100.86488462005904
38.55052330594898,77.10104661189796
75.13625203641803,150.27250407283606
16.272546278336076,32.54509255667215
93.89413218773517,187.78826437547033
40.43935512520975,80.8787102504195
81.06801922775718,162.13603845551435
70.69142121832488,141.38284243664975
86.23211299758884,172.46422599517769
82.17860943114817,164.35721886229635
55.0719492113546,110.1438984227092
33.76840898599915,67.5368179719983
80.59356733771156,161.18713467542312
99.94990263377733,199.89980526755465
81.35343377235958,162.70686754471916
95.3735459291106,190.7470918582212
81.12784696533896,162.25569393067792
86.67723040856335,173.3544608171267
35.52548271513174,71.05096543026347
8.7047649526939,17.4095299053878
25.931940588217582,51.863881176435164
47.4867689369454,94.9735378738908
91.34202227561981,182.68404455123962
88.50916342675868,177.01832685351735
47.64555115609883,95.29110231219767
11.208812640553356,22.417625281106712
1.1501848430250816,2.3003696860501632
62.7287294845563,125.4574589691126
76.65538201619518,153.31076403239035
88.84202452265603,177.68404904531207
59.913409262736195,119.82681852547239
7.68053028559631,15.36106057119262
53.943167741501966,107.88633548300393
82.33193597952972,164.66387195905943
81.59799486672318,163.19598973344637
35.56982335104224,71.13964670208448
81.64590197218978,163.29180394437955
76.66384278823296,153.3276855764659
31.819738934901032,63.639477869802064
47.63745163908233,95.27490327816466
18.63165162979692,37.26330325959384
34.67593632781697,69.35187265563394
48.69358574336734,97.38717148673469
28.212627998137783,56.42525599627557
86.32650056430477,172.65300112860953
81.00490615379931,162.00981230759862
86.12444756669474,172.24889513338948
62.68786166798657,125.37572333597313
25.413047387938647,50.826094775877294
61.76322747598789,123.52645495197578
59.56180906730443,119.12361813460886
75.03352291769755,150.0670458353951
76.83721224542754,153.67442449085507
32.7014215859721,65.4028431719442
33.75146350873295,67.5029270174659
13.862300870450161,27.724601740900322
78.88259444908961,157.76518889817922
96.5956030138755,193.191206027751
46.02022823360327,92.04045646720654
94.4196167011098,188.8392334022196
37.066789914001255,74.13357982800251
72.69116971726932,145.38233943453864
23.50626369865161,47.01252739730322
79.58700038999976,159.17400077999952
24.904646517091912,49.809293034183824
19.741891111666142,39.483782223332284
19.559020500071078,39.118041000142156
32.04833765589933,64.09667531179866
78.51436616432244,157.02873232864488
30.162962500959058,60.325925001918115
36.71427434431094,73.42854868862187
25.558354509983726,51.11670901996745
72.41100393061845,144.8220078612369
23.57239190448376,47.14478380896752
34.21280183201873,68.42560366403745
42.98558039077898,85.97116078155796
94.0650288891893,188.1300577783786
54.891370425528095,109.78274085105619
78.75932577351522,157.51865154703043
51.11029704745545,102.2205940949109
31.63144794684305,63.2628958936861
37.035968566697285,74.07193713339457
95.15025539428281,190.30051078856562
36.01046055245054,72.02092110490108
89.4298709022054,178.8597418044108
49.721119326066265,99.44223865213253
12.685620146120558,25.371240292241115
42.90751525812606,85.81503051625212
53.103212063660244,106.20642412732049
55.23280594556314,110.46561189112629
44.58997011317282,89.17994022634564
12.530427280561296,25.060854561122593
14.241342129139134,28.48268425827827
23.50053317586743,47.00106635173486
21.368626101566157,42.737252203132314
31.68473960665753,63.36947921331506
30.132454227893867,60.26490845578773
44.97632405070424,89.95264810140849
98.29771039828586,196.59542079657172
18.650457070034953,37.30091414006991
27.079925698756224,54.15985139751245
55.309113378544986,110.61822675708997
35.324917715864615,70.64983543172923
35.729801042129786,71.45960208425957
45.89887809111226,91.79775618222452
28.167684842868745,56.33536968573749
44.62987240462182,89.25974480924364
22.10418481476426,44.20836962952852
25.1796677131935,50.359335426387
21.03368860959085,42.0673772191817
25.28067826170709,50.56135652341418
91.26164288336817,182.52328576673634
11.258548215951125,22.51709643190225
95.5901493215116,191.1802986430232
80.30913504620048,160.61827009240096
0.9660767981755303,1.9321535963510605
40.535091057642056,81.07018211528411
40.11010331197083,80.22020662394166
10.201764382096634,20.40352876419327
50.80126277219147,101.60252554438294
94.1134297854542,188.2268595709084
95.06353871146234,190.12707742292469
47.334140784466946,94.66828156893389
51.50568382569822,103.01136765139644
46.54425914868543,93.08851829737085
89.15775445308478,178.31550890616955
63.25925731766511,126.51851463533022
10.153793615272754,20.307587230545508
52.8067605940886,105.6135211881772
53.30211080047841,106.60422160095682
26.524186627939383,53.048373255878765
93.89022609296224,187.78045218592447
22.27753320900886,44.55506641801772
71.62645288440842,143.25290576881685
76.63675170525389,153.27350341050777
12.694838364763783,25.389676729527565
39.80038867137987,79.60077734275974
71.84827632853118,143.69655265706237
22.374351478893562,44.748702957787124
67.55856359822513,135.11712719645027
82.37273677049347,164.74547354098695
68.79736616896086,137.59473233792173
27.097595138853304,54.19519027770661
18.763599841579136,37.52719968315827
71.1418763563442,142.2837527126884
83.49097388866026,166.98194777732053
77.51198369450931,155.02396738901862
78.53269799784826,157.06539599569652
99.24987447631035,198.4997489526207
28.682112987739938,57.364225975479876
22.867287089680744,45.73457417936149
76.50227174849381,153.00454349698762
56.07778833829135,112.1555766765827
85.16490274443568,170.32980548887136
57.24568104047918,114.49136208095835
14.95401108307336,29.90802216614672
19.90298010308572,39.80596020617144
44.941101488575306,89.88220297715061
60.035831458410826,120.07166291682165
56.525136745403785,113.05027349080757
4.5240052060754765,9.048010412150953
95.39973877111044,190.79947754222087
58.70303983239326,117.40607966478652
51.038554476528965,102.07710895305793
95.64299987005224,191.28599974010447
25.62210962641849,51.24421925283698
25.23593072565864,50.47186145131728
7.963602476517783,15.927204953035567
45.43672750260992,90.87345500521984
90.1138055614884,180.2276111229768
71.01069847123244,142.0213969424649
46.119311580563895,92.23862316112779
27.593098638729074,55.18619727745815
47.48340216177146,94.96680432354292
76.0771758119691,152.1543516239382
87.43011714505597,174.86023429011195
19.052223924799094,38.10444784959819
60.63220024414983,121.26440048829966
97.3492100428798,194.6984200857596
23.484209753526784,46.96841950705357
63.25059480568264,126.50118961136528
80.22128559095489,160.44257118190978
97.23405681541838,194.46811363083677
67.83327941574233,135.66655883148465
16.469174538404864,32.93834907680973
13.841549058142967,27.683098116285933
86.50532248793262,173.01064497586523
92.52111273710628,185.04222547421256
27.719735583847793,55.43947116769559
92.34318186334805,184.6863637266961
50.52834666047921,101.05669332095842
65.98127451282788,131.96254902565576
70.59956919059557,141.19913838119115
70.8539439358173,141.7078878716346
94.64531852242776,189.29063704485552
28.866929769067273,57.733859538134546
80.61115659747114,161.22231319494227
61.34682088435538,122.69364176871076
0.5146304144518332,1.0292608289036664
27.1561205708004,54.3122411416008
46.706480391667846,93.41296078333569
74.60697147202707,149.21394294405414
20.756158406883294,41.51231681376659
25.881179954448097,51.762359908896194
95.00062913186748,190.00125826373497
53.96200984644659,107.92401969289318
61.79320045379204,123.58640090758408
90.01205188967674,180.02410377935348
96.43626168967708,192.87252337935416
32.123324389603624,64.24664877920725
73.66401095767672,147.32802191535345
78.40825924954828,156.81651849909656
17.739999790935222,35.479999581870445
94.98682582652295,189.9736516530459
15.750238758949775,31.50047751789955
35.684831501710526,71.36966300342105
23.19089825595473,46.38179651190946
55.821516245927036,111.64303249185407
8.77810411080614,17.55620822161228
86.00727201919898,172.01454403839796
87.34046424738924,174.68092849477847
40.166905649624276,80.33381129924855
40.65329549608475,81.3065909921695
54.76814254505305,109.5362850901061
27.49257027509301,54.98514055018602
2.949913763823586,5.899827527647172
43.03948164583321,86.07896329166643
91.10048734797813,182.20097469595626
71.62151016981984,143.24302033963968
71.15431104252198,142.30862208504396
56.062712127177406,112.12542425435481
47.435699178991854,94.87139835798371
70.86035313411219,141.72070626822438
29.723292386990597,59.44658477398119
74.77831553537781,149.55663107075563
6.210122570695765,12.42024514139153
88.01521100121256,176.03042200242513
5.721531285442594,11.443062570885187
84.89819724199225,169.7963944839845
93.15581695083762,186.31163390167524
85.3618419964298,170.7236839928596
70.77879750726092,141.55759501452184
76.06044909956613,152.12089819913226
11.644980246602366,23.28996049320473
37.72641557256643,75.45283114513286
97.3476287126374,194.6952574252748
73.5703409877002,147.1406819754004
1.185854832853872,2.371709665707744
68.10391570264444,136.20783140528889
42.257813771861244,84.51562754372249
25.21388717845405,50.4277743569081
36.367678564422434,72.73535712884487
25.495143742264126,50.99028748452825
83.05522474399757,166.11044948799514
88.53833042826496,177.0766608565299
7.363683497270057,14.727366994540114
32.43231331345121,64.86462662690242
53.07054383100166,106.14108766200332
91.02868076913524,182.05736153827047
70.47170661236257,140.94341322472513
99.55818984415708,199.11637968831417
69.2183493484754,138.4366986969508
83.58101194666895,167.1620238933379
44.23881857919657,88.47763715839314
32.6208124027186,65.2416248054372
82.12373773737966,164.2474754747593
87.16229873190626,174.32459746381252
66.93546259093047,133.87092518186094
30.9274116081489,61.8548232162978
49.80886666655978,99.61773333311956
75.42005897144092,150.84011794288185
48.8720267864612,97.7440535729224
43.039077610381916,86.07815522076383
77.35779735345241,154.71559470690482
92.25346229392932,184.50692458785863
55.40156963768804,110.80313927537608
83.64137184495608,167.28274368991217
35.81339495061676,71.62678990123352
15.89180969141115,31.7836193828223
15.86639407159569,31.73278814319138
34.31423185932568,68.62846371865136
92.97819453958107,185.95638907916214
74.88981026138609,149.77962052277218
12.050596135203307,24.101192270406614
21.61740975313261,43.23481950626522
84.28232076276429,168.56464152552857
8.841909564233397,17.683819128466794
89.15572995444482,178.31145990888965
92.82563738959907,185.65127477919813
91.46395284963627,182.92790569927254
95.57560598111196,191.15121196222393
46.763036172618534,93.52607234523707
25.211887622744243,50.423775245488486
13.34452949539735,26.6890589907947
75.5039768639324,151.0079537278648
66.95668698291041,133.91337396582082
59.99701096850828,119.99402193701656
27.88110454916214,55.76220909832428
76.43102313618125,152.8620462723625
85.63966530558088,171.27933061116175
21.061018800768018,42.122037601536036
55.155406509453165,110.31081301890633
69.33716513523008,138.67433027046016
25.68437589574345,51.3687517914869
95.64983180950179,191.29966361900358
90.24280683370631,180.48561366741262
96.51408554761397,193.02817109522795
73.1085237041938,146.2170474083876
33.31499425950148,66.62998851900296
36.24042078926573,72.48084157853145
13.93502510976693,27.87005021953386
5.8084755209347865,11.616951041869573
11.863650800796,23.727301601592
17.719002281610297,35.438004563220595
94.06912287633247,188.13824575266494
8.206921914310318,16.413843828620635
53.57355037996724,107.14710075993447
73.7500352961358,147.5000705922716
27.666060967883887,55.33212193576777
47.04396386346579,94.08792772693158
44.186245558749434,88.37249111749887
99.18293344619946,198.3658668923989
33.157597400745274,66.31519480149055
87.31188773107081,174.62377546214162
47.93763867835692,95.87527735671384
5.733386539779184,11.466773079558369
83.83058671317592,167.66117342635184
64.13571022161845,128.2714204432369
66.65632841648451,133.31265683296903
29.499992790357954,58.99998558071591
28.044579304112737,56.089158608225475
16.418518194789357,32.837036389578714
85.57648122943571,171.15296245887143
37.77193879525943,75.54387759051886
40.6298738439886,81.2597476879772
64.14354204691075,128.2870840938215
90.91048530938521,181.82097061877042
44.83969861068713,89.67939722137426
8.28748591193863,16.57497182387726
92.99795267536327,185.99590535072653
76.30911947273451,152.61823894546902
60.33008209737448,120.66016419474896
27.649422913156506,55.29884582631301
41.44618615033717,82.89237230067434
69.52012258410541,139.04024516821082
19.54136193003905,39.0827238600781
26.25321300548832,52.50642601097664
61.27839842726599,122.55679685453198
14.58574327868214,29.17148655736428
41.188534160401744,82.37706832080349
48.570691510060094,97.14138302012019
62.108966798160395,124.21793359632079
6.044605965724148,12.089211931448297
0.5122561508204448,1.0245123016408897
75.70350428658779,151.40700857317557
72.18829011893091,144.37658023786182
51.264735132295804,102.52947026459161
30.48648062746715,60.9729612549343
98.86807554642856,197.7361510928571
6.439596339908249,12.879192679816498
70.63163404867447,141.26326809734894
15.018358230659034,30.03671646131807
12.311336855917476,24.622673711834953
42.20001617956308,84.40003235912616
57.30193227916156,114.60386455832312
90.52856461834168,181.05712923668335
94.87559338501008,189.75118677002015
2.005690047394404,4.011380094788808
25.29398348853199,50.58796697706398
5.099741670245816,10.199483340491632
10.661168421727119,21.322336843454238
1.634162995610744,3.268325991221488
45.43730596933615,90.8746119386723
55.54790806559505,111.0958161311901
36.814802379022396,73.62960475804479
16.78643368756132,33.57286737512264
86.89410571040422,173.78821142080844
83.82599432283057,167.65198864566113
86.45939510673672,172.91879021347344
21.144280798681724,42.28856159736345
17.067053502864326,34.13410700572865
91.67226274741857,183.34452549483714
25.788666251907845,51.57733250381569
99.06832745776663,198.13665491553326
22.556262958639262,45.112525917278525
8.019787279145607,16.039574558291214
64.79785855719295,129.5957171143859
25.528532858353024,51.05706571670605
30.650754374901002,61.301508749802004
42.35662668430575,84.7132533686115
12.118480360962947,24.236960721925893
58.2100192161779,116.4200384323558
8.436136726814535,16.87227345362907
55.09331434208815,110.1866286841763
70.53573700702086,141.0714740140417
46.590293423903304,93.18058684780661
59.55231390363407,119.10462780726814
77.3893622670977,154.7787245341954
65.30772959423368,130.61545918846736
5.065404758957371,10.130809517914741
78.80543684402994,157.61087368805988
85.97642785429723,171.95285570859446
63.099988186626796,126.19997637325359
56.51364217548722,113.02728435097444
86.53814886771221,173.07629773542442
28.211347604661363,56.422695209322725
23.749469040327497,47.498938080654995
78.18045815963667,156.36091631927334
35.72138276284688,71.44276552569376
53.18655461496906,106.37310922993812
0.5064438562793927,1.0128877125587854
67.63718923511237,135.27437847022475
14.814593412717391,29.629186825434783
70.59763851428455,141.1952770285691
70.58310847605999,141.16621695211998
36.09612022394403,72.19224044788805
65.10421368271847,130.20842736543693
24.126127898326388,48.252255796652776
92.53205531699075,185.0641106339815
34.79830050652285,69.5966010130457
10.159169524988332,20.318339049976665
16.784991575877484,33.56998315175497
61.30442488136073,122.60884976272146
52.0907367722297,104.1814735444594
49.34887325073738,98.69774650147475
47.66837723510088,95.33675447020175
51.6122600011936,103.2245200023872
40.77018375743946,81.54036751487892
63.21331708527077,126.42663417054155
83.23665503328102,166.47331006656205
78.62429848338513,157.24859696677026
37.569620289109494,75.13924057821899
91.90613705524675,183.8122741104935
40.414071629275774,80.82814325855155
77.94121443051118,155.88242886102236
29.777634533647536,59.55526906729507
41.272320058536785,82.54464011707357
16.28424266505619,32.56848533011238
66.07823072112072,132.15646144224144
11.151644990539356,22.303289981078713
57.69461209569248,115.38922419138495
88.35702061430409,176.71404122860818
41.249793739039816,82.49958747807963
18.5708517415504,37.1417034831008
2.0306939396954604,4.061387879390921
37.34895936646604,74.69791873293208
5.156713621285681,10.313427242571361
57.17103666636476,114.34207333272953
72.26055165170617,144.52110330341233
6.794245853383996,13.588491706767991
63.312976195915404,126.62595239183081
35.918368312970685,71.83673662594137
26.73110129105999,53.46220258211998
37.46748336873227,74.93496673746453
79.23391188272795,158.4678237654559
15.748559802918937,31.497119605837874
62.054500135612,124.109000271224
82.140510308181,164.281020616362
56.15198860766941,112.30397721533882
86.96942152082077,173.93884304164155
51.698287484565434,103.39657496913087
43.32747441776525,86.6549488355305
19.439150488386414,38.87830097677283
43.05676068272511,86.11352136545023
22.20019423550831,44.40038847101662
54.16501133756434,108.33002267512867
32.50395185739253,65.00790371478506
26.702051715364316,53.40410343072863
77.51003955682522,155.02007911365044
42.639443045164505,85.27888609032901
70.53763908349492,141.07527816698985
2.12043334575277,4.24086669150554
26.343749880898425,52.68749976179685
62.51901467507183,125.03802935014366
13.401888410671193,26.803776821342385
29.84111007302358,59.68222014604716
80.04486940412704,160.08973880825408
13.694910791330884,27.389821582661767
21.467478572035436,42.93495714407087
22.577885073815096,45.15577014763019
21.466976535191417,42.933953070382834
6.645359746482082,13.290719492964165
85.49940624044447,170.99881248088894
40.11786686848472,80.23573373696944
52.51503873999337,105.03007747998674
60.93504129598634,121.87008259197268
24.92021302477755,49.8404260495551
98.53800699485237,197.07601398970473
62.20423389294562,124.40846778589125
12.211094553777269,24.422189107554537
4.385179634381176,8.770359268762352
63.875857261654104,127.75171452330821
76.06034649546396,152.12069299092792
36.40275162876819,72.80550325753639
69.3943457205339,138.7886914410678
14.937751692554057,29.875503385108114
33.869823261639276,67.73964652327855
44.56300806837277,89.12601613674553
13.444977292667504,26.88995458533501
57.00062195711626,114.00124391423252
35.5768311271213,71.1536622542426
98.63687143657404,197.27374287314808
55.13453957307441,110.26907914614883
45.70647503876959,91.41295007753918
31.025050994582003,62.050101989164006
51.787227035034476,103.57445407006895
78.93934968086919,157.87869936173837
85.22283068665381,170.44566137330762
2.233346831031402,4.466693662062804
37.30039561557598,74.60079123115196
43.26710565224424,86.53421130448848
50.114095002791224,100.22819000558245
21.705612909965165,43.41122581993033
5.285038721652646,10.570077443305292
76.41278993700635,152.8255798740127
46.27800627773606,92.55601255547212
90.10056021668026,180.20112043336053
75.15295364632625,150.3059072926525
86.02639478249249,172.05278956498498
15.339372464651513,30.678744929303026
13.951524397794435,27.90304879558887
8.442413589343401,16.884827178686802
83.16267975421742,166.32535950843484
56.461991808367074,112.92398361673415
5.716536838017849,11.433073676035699
72.17283254183988,144.34566508367976
68.31443078595731,136.62886157191463
80.69099105527894,161.38198211055789
96.8824268955371,193.7648537910742
84.29765891069245,168.5953178213849
45.84083869208697,91.68167738417394
58.772396763597634,117.54479352719527
96.30550141768262,192.61100283536524
38.68171893593614,77.36343787187228
20.873829792783162,41.747659585566325
93.54128494667006,187.08256989334012
36.89935708948108,73.79871417896216
24.440019042558635,48.88003808511727
4.377348915551926,8.754697831103853
76.98384763223851,153.96769526447702
95.13328890707561,190.26657781415122
26.815038014781265,53.63007602956253
87.1727748726366,174.3455497452732
85.59082725338118,171.18165450676236
94.75718020651482,189.51436041302964
77.48653131375501,154.97306262751002
81.00245271543888,162.00490543087776
79.60057009845836,159.20114019691673
77.89320013421411,155.78640026842822
19.998026416647452,39.996052833294904
87.45963509492415,174.9192701898483
60.899143485181106,121.79828697036221
5.8368173058575445,11.673634611715089
49.68021460607105,99.3604292121421
22.756946611244555,45.51389322248911
70.3750284283108,140.7500568566216
40.68136821474694,81.36273642949388
71.79683761294908,143.59367522589815
56.60021779731388,113.20043559462776
68.87577982293931,137.75155964587861
47.32355910513093,94.64711821026187
65.69005019086295,131.3801003817259
64.68281656380822,129.36563312761643
32.961445177844915,65.92289035568983
61.659816709159855,123.31963341831971
55.18425642052682,110.36851284105364
26.93910159896359,53.87820319792718
90.04210810239162,180.08421620478325
38.255721816379875,76.51144363275975
91.17450164339608,182.34900328679217
7.381734123681083,14.763468247362166
64.63815278338576,129.27630556677153
92.93842081209054,185.87684162418108
96.8907943379495,193.781588675899
32.505309474244605,65.01061894848921
76.63317222386875,153.2663444477375
34.871414846873385,69.74282969374677
85.93742974942099,171.87485949884197
1.071488535174847,2.142977070349694
24.71295790690986,49.42591581381972
41.464478645709534,82.92895729141907
65.72909966970725,131.4581993394145
83.6604733151639,167.3209466303278
86.1943959512848,172.3887919025696
44.83019115906991,89.66038231813982
81.36054834192895,162.7210966838579
86.35851137826853,172.71702275653706
4.223907961711182,8.447815923422365
70.15072077487049,140.30144154974099
44.33956196667194,88.67912393334387
44.65950775794124,89.31901551588248
9.81399074184619,19.62798148369238
4.799386979195274,9.598773958390549
75.91879094384892,151.83758188769784
73.97704706438824,147.9540941287765
40.60426470991093,81.20852941982186
68.09129257087595,136.1825851417519
89.58266002787597,179.16532005575195
11.568203263301625,23.13640652660325
18.422745414507002,36.845490829014004
42.57358171218088,85.14716342436176
7.175597307878778,14.351194615757557
89.52448337506823,179.04896675013646
36.495111586524786,72.99022317304957
58.75585892872572,117.51171785745144
5.470647143439489,10.941294286878978
86.40508854909255,172.8101770981851
89.62827271979353,179.25654543958706
11.285384560774848,22.570769121549695
55.4868779657175,110.973755931435
38.30057836065887,76.60115672131774
50.39805949360916,100.79611898721832
86.48546372557438,172.97092745114875
60.38997838266737,120.77995676533475
13.481367301103287,26.962734602206574
31.324349583656485,62.64869916731297
92.7541830467417,185.5083660934834
6.061396032515165,12.12279206503033
87.10442088939449,174.20884177878898
49.347402266944954,98.69480453388991
79.05795719363766,158.11591438727532
77.32022256174133,154.64044512348266
88.72873840460748,177.45747680921497
63.91816431613924,127.83632863227848
67.62197247285016,135.24394494570032
53.130126450889634,106.26025290177927
71.4113102651872,142.8226205303744
66.6101860558588,133.2203721117176
43.515263439009836,87.03052687801967
77.49952409947844,154.99904819895687
91.18472770172822,182.36945540345644
23.048160743839986,46.09632148767997
38.09613401664406,76.19226803328812
65.03896545236276,130.07793090472552
23.504562131636696,47.00912426327339
1.1435758235492033,2.2871516470984066
50.44947477395964,100.89894954791929
38.873038248635424,77.74607649727085
40.39248652342605,80.7849730468521
93.7354820051442,187.4709640102884
87.67873905973474,175.35747811946948
91.06783202585534,182.13566405171068
42.20631077236714,84.41262154473428
99.3439722498776,198.6879444997552
11.165201789409018,22.330403578818036
11.452274219389903,22.904548438779806
52.86805644276775,105.7361128855355
12.187264467385383,24.374528934770765
82.34171998763725,164.6834399752745
71.20565620898624,142.41131241797248
66.63487093805487,133.26974187610975
36.606863539692725,73.21372707938545
29.809743437305393,59.619486874610786
1.7171323613937806,3.434264722787561
43.86078627001394,87.72157254002788
4.270576686216387,8.541153372432774
46.98505219981466,93.97010439962932
90.52153558267587,181.04307116535173
50.35869365424276,100.71738730848551
58.39515586481324,116.79031172962648
33.202091708314605,66.40418341662921
2.7403650046786465,5.480730009357293
65.27907525501216,130.55815051002432
70.21882923818836,140.43765847637673
58.548321222600954,117.09664244520191
76.38614266562213,152.77228533124426
66.42256098154388,132.84512196308776
81.48812775429177,162.97625550858353
74.17335178284547,148.34670356569094
22.44041704186146,44.88083408372292
31.788813404500726,63.57762680900145
13.811305149033204,27.62261029806641
72.39139161182528,144.78278322365057
79.08466091943247,158.16932183886493
8.480909803839442,16.961819607678883
87.32983579350308,174.65967158700616
86.95038244082612,173.90076488165224
76.69037764860639,153.38075529721277
47.905874360376664,95.81174872075333
61.068356431398165,122.13671286279633
58.4659265986914,116.9318531973828
62.0122468638723,124.0244937277446
46.9738200743981,93.9476401487962
36.27684083991207,72.55368167982414
33.14378305109267,66.28756610218534
40.46243480413699,80.92486960827398
39.578217901829305,79.15643580365861
10.636477509124854,21.272955018249707
64.94978526032052,129.89957052064105
98.93506213253036,197.87012426506072
50.26446600949529,100.52893201899057
77.89750379552828,155.79500759105656
79.16181983920603,158.32363967841206
61.92836869341344,123.85673738682688
21.714171969718176,43.42834393943635
29.59137336876765,59.1827467375353
41.18951838331054,82.37903676662108
23.753838519024395,47.50767703804879
85.70222737885025,171.4044547577005
69.64505975865364,139.2901195173073
31.24653824114454,62.49307648228908
71.7892212165009,143.5784424330018
0.9652666501066776,1.9305333002133551
80.44372034152327,160.88744068304655
97.78613387582124,195.57226775164247
47.198644139131716,94.39728827826343
13.914596069230967,27.829192138461934
38.682163758590114,77.36432751718023
15.52675259926094,31.05350519852188
83.12657500666828,166.25315001333655
31.65214650412198,63.30429300824396
22.17985752480811,44.35971504961622
95.65848350919923,191.31696701839846
30.31919103858529,60.63838207717058
92.12302734847886,184.2460546969577
98.21535788508244,196.43071577016488
66.92254091091233,133.84508182182466
73.25968040530607,146.51936081061214
32.923834048731216,65.84766809746243
11.039206645638677,22.078413291277354
42.300140956564256,84.60028191312851
98.44368004905127,196.88736009810253
9.845994113658907,19.691988227317815
72.75697617450739,145.51395234901477
53.11415934021279,106.22831868042557
38.57984119910313,77.15968239820626
80.370370193892,160.740740387784
0.13303489143819958,0.26606978287639915
40.87781194671639,81.75562389343278
24.461675687066876,48.92335137413375
26.790115584412188,53.580231168824376
79.21614599565116,158.43229199130232
1.3833371377061976,2.766674275412395
39.52427291795061,79.04854583590122
52.4919577513934,104.9839155027868
47.663011990390345,95.32602398078069
67.74503811474644,135.49007622949287
53.92136855879859,107.84273711759718
93.90757428850988,187.81514857701976
59.08940547690774,118.17881095381549
73.43728846582582,146.87457693165163
99.43773605926623,198.87547211853246
72.12320284247402,144.24640568494803
53.680451420480345,107.36090284096069
76.7380360162006,153.4760720324012
26.20941229831243,52.41882459662486
9.647580703758285,19.29516140751657
4.286235396225713,8.572470792451426
68.44320648400188,136.88641296800375
67.5960607620418,135.1921215240836
83.12019189905982,166.24038379811964
69.75213400299175,139.5042680059835
71.09129852725992,142.18259705451985
63.11360681744921,126.22721363489842
7.2264740101380065,14.452948020276013
50.34520880145925,100.6904176029185
74.91312857991113,149.82625715982226
57.76116879280458,115.52233758560916
74.70011817491113,149.40023634982225
15.114266925173958,30.228533850347915
85.02392091875382,170.04784183750763
9.57342194596732,19.14684389193464
5.5413693577746725,11.082738715549345
8.260602278012863,16.521204556025726
13.414007033094133,26.828014066188267
45.75514049600666,91.51028099201332
89.0659847356046,178.1319694712092
81.88313905529151,163.76627811058302
28.306826906592075,56.61365381318415
57.15791353083514,114.31582706167028
17.365566893546948,34.731133787093896
67.08837147814968,134.17674295629936
97.43249977197758,194.86499954395515
88.80016773469771,177.60033546939542
80.0894485865441,160.1788971730882
18.99897808912,37.99795617824
39.23698499985149,78.47396999970297
43.464033528939204,86.92806705787841
16.92752917957239,33.85505835914478
59.87732996156214,119.75465992312428
27.78756277998824,55.57512555997648
10.22030620664206,20.44061241328412
52.94022858029549,105.88045716059098
88.02169826423182,176.04339652846363
88.90763268238673,177.81526536477347
96.83303250684835,193.6660650136967
68.22565572778592,136.45131145557184
82.23674870010545,164.4734974002109
42.23888997539886,84.47777995079772
47.66965665523525,95.3393133104705
74.35518007540222,148.71036015080443
47.185571579110416,94.37114315822083
92.46512210892556,184.9302442178511
80.56076006718766,161.12152013437532
90.02513881726755,180.0502776345351
25.655461223071462,51.310922446142925
85.63749688766075,171.2749937753215
98.56180833476039,197.12361666952077
96.72814177426837,193.45628354853673
82.86712282889225,165.7342456577845
81.21476638177734,162.42953276355468
93.90023224935754,187.8004644987151
37.42108129134779,74.84216258269558
56.75596393070713,113.51192786141426
74.00132822251835,148.0026564450367
0.9902821205070467,1.9805642410140933
8.995396900595765,17.99079380119153
85.92571772692118,171.85143545384236
9.187077757174345,18.37415551434869
82.72399812793432,165.44799625586865
53.999324460245155,107.99864892049031
28.032627602821258,56.065255205642515
46.87806177178937,93.75612354357874
3.9415334792074597,7.883066958414919
91.84769080923458,183.69538161846916
10.133429454347652,20.266858908695305
35.254676015248144,70.50935203049629
59.47016789381961,118.94033578763921
15.192681583003287,30.385363166006574
6.834494828648074,13.668989657296148
36.28024451969608,72.56048903939217
60.85511088235451,121.71022176470902
88.47016924013485,176.9403384802697
73.99592239230277,147.99184478460555
86.95667992066774,173.91335984133548
78.76975294231376,157.53950588462752
81.11403427313597,162.22806854627194
85.06483936543451,170.12967873086902
22.86174994024892,45.72349988049784
12.519507664764273,25.039015329528546
18.952809170966145,37.90561834193229
59.080453487635666,118.16090697527133
53.584744540627106,107.16948908125421
56.10602411005612,112.21204822011224
88.11862772892717,176.23725545785433
41.882319008273015,83.76463801654603
76.09649453700449,152.19298907400898
37.775000776964106,75.55000155392821
39.613297982331,79.226595964662
26.620834009452942,53.241668018905884
64.99090555253991,129.98181110507983
79.19411449027814,158.38822898055628
14.822075072715046,29.644150145430093
78.9484764070104,157.8969528140208
91.06170892935485,182.1234178587097
48.54637065790908,97.09274131581816
73.62452714645642,147.24905429291283
59.38459821491432,118.76919642982864
2.880453664288196,5.760907328576392
7.797860855267313,15.595721710534626
66.03898763573534,132.07797527147068
40.73675327865966,81.47350655731933
3.3031563938667685,6.606312787733537
76.55685900497889,153.11371800995778
10.86581970122662,21.73163940245324
28.310381260172733,56.620762520345465
56.512914087108555,113.02582817421711
97.98913923319495,195.9782784663899
58.4229082485583,116.8458164971166
1.2517006542126397,2.5034013084252793
35.17868878976556,70.35737757953112
96.62801186611871,193.25602373223742
96.12982266420029,192.25964532840058
33.69639595853437,67.39279191706873
30.532676022590156,61.06535204518031
10.536419949113995,21.07283989822799
89.50551645501753,179.01103291003506
6.9867084814749685,13.973416962949937
9.750612275056703,19.501224550113406
79.92273068637368,159.84546137274737
77.70355550303937,155.40711100607874
62.21066239213502,124.42132478427004
10.601214329510356,21.20242865902071
47.477532052928716,94.95506410585743
4.875169983943694,9.750339967887388
52.05455125656842,104.10910251313685
37.189015103769485,74.37803020753897
76.16939325701505,152.3387865140301
19.498523152623015,38.99704630524603
16.9379862051799,33.8759724103598
38.20649231776601,76.41298463553203
64.62829737094525,129.2565947418905
99.80006575737,199.60013151474
83.70047629867587,167.40095259735173
87.64854915950369,175.29709831900738
61.370301421417786,122.74060284283557
89.30754445379675,178.6150889075935
15.219686754506156,30.439373509012313
61.798751548723196,123.59750309744639
53.27376330501252,106.54752661002505
77.29294248045063,154.58588496090127
49.154986742802095,98.30997348560419
56.53315446468674,113.06630892937348
77.42596535428402,154.85193070856803
73.87640473416216,147.75280946832433
58.11153958328613,116.22307916657226
48.82333936144452,97.64667872288904
44.86130201217301,89.72260402434603
31.05630184557523,62.11260369115046
69.19628029890855,138.3925605978171
27.702223716988726,55.40444743397745
79.57047999657831,159.14095999315663
66.17949252738404,132.35898505476808
24.847306253172498,49.694612506344995
58.07465786047166,116.14931572094332
14.569830234102932,29.139660468205864
6.263951154429426,12.527902308858852
15.836003359422346,31.672006718844692
72.96723828474421,145.93447656948842
47.958734365665556,95.91746873133111
96.9887512429101,193.9775024858202
17.765930890963833,35.53186178192767
67.85048921388025,135.7009784277605
85.72706482865048,171.45412965730097
51.9316102965263,103.8632205930526
12.038374421133192,24.076748842266383
45.757544338133016,91.51508867626603
80.32053176632454,160.64106353264907
23.54303519381493,47.08607038762986
70.5540602081894,141.1081204163788
83.53220025720208,167.06440051440416
40.63525583673682,81.27051167347364
10.27480033992586,20.54960067985172
18.977121980428567,37.954243960857134
25.291761763201993,50.58352352640399
16.781669134779154,33.56333826955831
60.784885712440904,121.56977142488181
6.7636746910939465,13.527349382187893
17.048040263480203,34.09608052696041
54.972315697800866,109.94463139560173
40.55057085321071,81.10114170642142
62.94224733262679,125.88449466525358
16.98328956073132,33.96657912146264
61.32307020561528,122.64614041123056
67.95947535483367,135.91895070966734
52.636052234801326,105.27210446960265
29.023670854582704,58.04734170916541
33.052091429738205,66.10418285947641
40.506070534574825,81.01214106914965
86.55562079377262,173.11124158754524
92.62755977881241,185.25511955762482
46.05379767937193,92.10759535874386
42.620696861332654,85.24139372266531
39.92706250939266,79.85412501878533
18.243696345993833,36.487392691987665
96.00644989862461,192.01289979724922
5.775599978211532,11.551199956423064
73.51095096506346,147.02190193012692
64.49249655887199,128.98499311774398
5.550709024876044,11.101418049752088
99.98206134089747,199.96412268179495
73.08323501078891,146.16647002157782
79.19666721223979,158.39333442447958
63.235140134243686,126.47028026848737
0.9345520326741075,1.869104065348215
38.178228025694715,76.35645605138943
42.65052057032058,85.30104114064116
64.02094033386025,128.0418806677205
34.66628771436968,69.33257542873936
18.029095430086194,36.05819086017239
46.97639594876898,93.95279189753796
36.80960900852228,73.61921801704456
68.64832190096375,137.2966438019275
45.19522534941128,90.39045069882256
75.47473578517241,150.94947157034483
5.986015123308808,11.972030246617615
84.44751469557717,168.89502939115434
83.93353279898706,167.86706559797412
9.41317710594708,18.82635421189416
34.631030123057094,69.26206024611419
18.26774908355595,36.5354981671119
39.55397590548103,79.10795181096206
60.0508768034482,120.1017536068964
99.53284895600449,199.06569791200897
77.78903599322987,155.57807198645975
90.89801799324252,181.79603598648504
92.04964823629004,184.09929647258008
28.048489873204506,56.09697974640901
58.508777156790714,117.01755431358143
12.595657679873595,25.19131535974719
33.69048514764329,67.38097029528657
42.509064574997204,85.01812914999441
47.60682937569038,95.21365875138076
50.741620055575474,101.48324011115095
42.85236272965102,85.70472545930204
20.07257050864919,40.14514101729838
93.85669500740948,187.71339001481897
82.90064288807083,165.80128577614167
22.116087543168273,44.23217508633655
11.500503089767022,23.001006179534045
67.60766367948413,135.21532735896827
36.92308387262483,73.84616774524966
66.63156912514951,133.26313825029902
1.1353100077344025,2.270620015468805
36.786639224703436,73.57327844940687
30.43942890169793,60.87885780339586
94.56888046371714,189.13776092743427
2.6383824076154028,5.2767648152308055
96.42113306964572,192.84226613929144
16.555467226976816,33.11093445395363
63.99968728383857,127.99937456767714
78.96182314857437,157.92364629714874
73.85147165131725,147.7029433026345
45.7677386047238,91.5354772094476
20.470816880366193,40.94163376073239
13.625780681820176,27.251561363640352
55.69105967452204,111.38211934904407
3.4332411308190647,6.866482261638129
50.7242656868819,101.4485313737638
0.681583953671383,1.363167907342766
81.37508547941036,162.75017095882072
41.029701076229784,82.05940215245957
29.84844740094694,59.69689480189388
63.32581554798453,126.65163109596907
50.019636911065646,100.03927382213129
82.12192059752272,164.24384119504543
27.97836482320626,55.95672964641252
36.39765076439075,72.7953015287815
94.40907368491355,188.8181473698271
99.55595109916614,199.11190219833227
68.4881999799397,136.9763999598794
2.750373257196248,5.500746514392496
49.5103909070868,99.0207818141736
42.12093410979223,84.24186821958446
34.80479103256311,69.60958206512622
85.2406403268361,170.4812806536722
80.31907281342811,160.63814562685621
67.19640464942051,134.39280929884103
47.64626448469631,95.29252896939262
85.24692425579076,170.49384851158152
15.392639159639854,30.78527831927971
69.3551258448171,138.7102516896342
44.15535146098338,88.31070292196677
89.74710206563645,179.4942041312729
10.910455437284517,21.820910874569034
11.58543619229837,23.17087238459674
32.153643024872466,64.30728604974493
3.5718624775594066,7.143724955118813
27.63802147161678,55.27604294323356
89.21906126997928,178.43812253995856
47.81115759375616,95.62231518751231
86.99141671995841,173.98283343991682
5.025596642470931,10.051193284941862
36.595349996141856,73.19069999228371
50.13517485974651,100.27034971949303
71.2926813851881,142.5853627703762
49.47369443993378,98.94738887986756
37.33805065529074,74.67610131058149
66.73541406840168,133.47082813680336
38.905342909978735,77.81068581995747
8.210823909692866,16.421647819385733
99.37475920941273,198.74951841882546
80.96920261856204,161.93840523712407
96.02151290446648,192.04302580893295
42.08718031514147,84.17436063028293
74.60046296161205,149.2009259232241
63.226769433204645,126.45353886640929
49.89868272683863,99.79736545367726
95.01178288521305,190.0235657704261
0.9928091348202384,1.9856182696404767
26.818618731555144,53.63723746311029
25.4075679841701,50.8151359683402
56.31797398588224,112.63594797176448
81.61069983761465,163.2213996752293
9.942701939165632,19.885403878331264
25.233364313397566,50.46672862679513
8.246403537758596,16.49280707551719
72.24693982832457,144.49387965664914
94.3552074797527,188.7104149595054
55.14604102658672,110.29208205317344
22.02018607863847,44.04037215727694
99.81819445405819,199.63638890811637
70.89464297042556,141.78928594085113
98.94785712442115,197.8957142488423
99.12152893037366,198.2430578607473
64.93115658615699,129.86231317231397
13.897398657223503,27.794797314447006
56.48685534187518,112.97371068375035
27.116827401882702,54.233654803765404
31.890902524392605,63.78180504878521
3.922787296106711,7.845574592213422
63.38315243316522,126.76630486633044
71.00302522581326,142.00605045162652
44.43826361771611,88.87652723543222
11.29499568019705,22.5899913603941
54.32158355062862,108.64316710125723
20.564254841871122,41.128509683742244
77.75548651396733,155.51097302793465
94.1228269875743,188.2456539751486
59.39649940350671,118.79299880701342
68.10257505456585,136.2051501091317
71.46178562648876,142.92357125297752
25.288751536615084,50.57750307323017
26.799778483083582,53.599556966167164
87.50397850529295,175.0079570105859
47.118430889221585,94.23686177844317
10.61061555588152,21.22123111176304
78.14752169130581,156.29504338261162
42.05205764119043,84.10411528238086
80.27793305623372,160.55586611246744
31.5623557185414,63.1247114370828
64.97333312980432,129.94666625960863
96.08323227632093,192.16646455264186
6.124209792691615,12.24841958538323
48.63874781398566,97.27749562797132
77.59608615681358,155.19217231362717
96.98848972580248,193.97697945160496
84.59798433220433,169.19596866440867
2.1308267447514573,4.261653489502915
22.12166730625246,44.24333461250492
13.027501167966026,26.055002335932052
91.7435519734045,183.487103946809
47.45669399600383,94.91338799200766
40.89357146715169,81.78714293430338
95.62076422684275,191.2415284536855
28.794038665944598,57.588077331889195
49.0774396873051,98.1548793746102
28.651876054409577,57.303752108819154
3.29209805777968,6.58419611555936
91.70600629336144,183.41201258672288
14.672383294493285,29.34476658898657
48.93509163161516,97.87018326323032
46.6926546045729,93.3853092091458
34.23374454834311,68.46748909668622
33.12437426526361,66.24874853052722
11.76829946715987,23.53659893431974
53.009329081167124,106.01865816233425
42.41121767914744,84.82243535829488
60.575615870201524,121.15123174040305
45.494752858784494,90.98950571756899
31.130995816007033,62.261991632014066
53.894357897137645,107.78871579427529
52.94582164877387,105.89164329754774
9.426206788044556,18.852413576089113
90.63011406521213,181.26022813042425
80.75900912363878,161.51801824727755
45.154701741098734,90.30940348219747
6.769691784423381,13.539383568846763
52.62876440512171,105.25752881024341
77.02963266001511,154.05926532003022
82.38723988926449,164.77447977852898
22.872179159874417,45.744358319748834
55.518283257695714,111.03656651539143
84.36856288591093,168.73712577182187
2.8389003773564125,5.677800754712825
64.28608890111909,128.57217780223817
20.438798365796462,40.877596731592924
51.458973735971604,102.91794747194321
49.29754421168388,98.59508842336776
1.424857919982081,2.849715839964162
24.908326274608093,49.81665254921619
31.25842303247356,62.51684606494712
24.75522131674659,49.51044263349318
45.984395448869044,91.96879089773809
87.25982598676055,174.5196519735211
54.86984720316672,109.73969440633344
37.92769691938661,75.85539383877322
10.453480016850492,20.906960033700983
88.70668479948218,177.41336959896435
0.9993768381252988,1.9987536762505975
33.57929064918187,67.15858129836374
26.82020988033176,53.64041976066352
98.35224089812182,196.70448179624364
43.10202419793347,86.20404839586693
84.49073694227411,168.98147388454822
8.251425019597614,16.502850039195227
34.29074053730903,68.58148107461805
63.8831933495774,127.7663866991548
68.74969299040399,137.49938598080797
48.46972787820047,96.93945575640095
2.866148648779565,5.73229729755913
30.83989297846702,61.67978595693404
88.45286097138101,176.90572194276203
31.219739498440045,62.43947899688009
69.5402091428297,139.0804182856594
56.16395884697483,112.32791769394966
2.1483459904257596,4.296691980851519
23.145528032237696,46.29105606447539
26.74185324377819,53.48370648755638
82.89102589447158,165.78205178894316
30.673251019264768,61.346502038529536
75.99291241464884,151.98582482929768
1.0352232476375622,2.0704464952751245
26.730106021408407,53.46021204281681
39.388766091467765,78.77753218293553
24.62324340031077,49.24648680062154
62.92152590708467,125.84305181416934
25.903532609488956,51.80706521897791
69.58897443432822,139.17794886865644
67.11653448019437,134.23306896038875
77.1048989299312,154.2097978598624
55.65426638836812,111.30853277673624
82.553942708151,165.107885416302
78.71541352235334,157.4308270447067
28.208599588240013,56.417199176480025
40.77877087093052,81.55754174186104
98.32706681604017,196.65413363208035
73.51032162667859,147.02064325335718
20.12341367413648,40.24682734827296
42.16845436043683,84.33690872087367
33.132305026576425,66.26461005315285
37.058962645970006,74.11792529194001
26.348861944761325,52.69772388952265
17.712909930276087,35.425819860552174
29.16647354783295,58.3329470956659
71.49535954274859,142.99071908549718
45.73885536924737,91.47771073849474
57.9593484089035,115.918696817807
22.48570554420587,44.97141108841174
54.58680346634745,109.1736069326949
44.05548210052779,88.11096420105558
69.76199705654427,139.52399411308855
60.80159713379787,121.60319426759574
58.49455707555269,116.98911415110538
97.71829202516682,195.43658405033364
87.38032716832545,174.7606543366509
79.78137731960942,159.56275463921884
34.88710814461161,69.77421628922322
43.05982474746429,86.11964949492858
15.454966866401886,30.909933732803772
94.52301979913368,189.04603959826736
24.708854641027866,49.41770928205573
55.06720097026188,110.13440194052376
0.11980545560330569,0.23961091120661138
11.751150795977793,23.502301591955586
90.65153344833521,181.30306689667043
11.672981356048084,23.345962712096167
15.426500077541528,30.853000155083055
68.33369546899344,136.66739093798688
76.0132686066093,152.0265372132186
68.83597954149919,137.67195908299837
10.433143987934358,20.866287975868715
72.19333463374602,144.38666926749204
46.98937065321343,93.97874130642685
16.313064957255442,32.626129914510884
0.480809569746421,0.961619139492842
84.35185635244471,168.70371270488943
10.922331275467767,21.844662550935535
5.137442018892379,10.274884037784759
70.46285374895727,140.92570749791454
55.626970739793826,111.25394147958765
19.79217727475565,39.5843545495113
63.14953943122258,126.29907886244516
19.236258035964347,38.472516071928695
39.48970142670591,78.97940285341183
37.783906237590834,75.56781247518167
31.96039468013806,63.92078936027612
23.458300032684253,46.916600065368506
38.1967713113339,76.3935426226678
53.569467292368024,107.13893458473605
25.515803726977428,51.031607453954855
29.50802386914023,59.01604773828046
17.36939359974421,34.73878719948842
40.522962895373425,81.04592579074685
27.455913237565944,54.91182647513189
71.27554608677976,142.5510921735595
28.56961031282472,57.13922062564944
59.578571449337524,119.15714289867505
99.54954963567731,199.09909927135462
31.66253063222051,63.32506126444102
95.2466208136185,190.493241627237
33.061038437721855,66.12207687544371
38.245655876868156,76.49131175373631
4.1861193830572185,8.372238766114437
12.387636693443804,24.77527338688761
81.34684476586817,162.69368953173634
77.07915336971138,154.15830673942276
39.531708238270305,79.06341647654061
29.080969754644126,58.16193950928825
68.76109286115103,137.52218572230205
39.920620402897924,79.84124080579585
62.534025515678714,125.06805103135743
15.121836707580938,30.243673415161876
62.808705473057934,125.61741094611587
17.855266097277458,35.710532194554915
71.1569247411485,142.313849482297
81.48911907491754,162.97823814983508
76.31423378515699,152.62846757031397
98.2559234740009,196.5118469480018
0.2442035825852007,0.4884071651704014
62.30231619286464,124.60463238572927
39.132458931771744,78.26491786354349
49.99719891885548,99.99439783771096
70.0147507514241,140.0295015028482
75.73753842479042,151.47507684958083
29.386258655970067,58.772517311940135
11.587292545738503,23.174585091477006
96.74209815673045,193.4841963134609
5.252264159487496,10.504528318974993
19.21437705352468,38.42875410704936
97.39633497526798,194.79266995053595
28.95816391936802,57.91632783873604
35.23218105190187,70.46436210380374
94.21958010563856,188.4391602112771
96.61261324919191,193.22522649838382
93.07156131058397,186.14312262116795
17.829691006469307,35.659382012938615
17.869458788780225,35.73891757756045
80.33572969295626,160.67145938591253
15.879980560018703,31.759961120037406
65.02270387810334,130.04540775620669
95.91255051009634,191.82510102019268
70.78686721064614,141.57373442129227
30.481439972725244,60.96287994545049
99.85831611239823,199.71663222479646
53.17384725867217,106.34769451734434
18.200034716299996,36.40006943259999
31.519326723994656,63.03865344798931
81.34734655244094,162.69469310488188
16.223304479878454,32.44660895975691
22.781589595552553,45.56317919110511
84.89559651230951,169.79119302461902
59.91576108116092,119.83152216232185
12.106318487038592,24.212636974077185
15.79788462793995,31.5957692558799
65.40570397836736,130.8114079567347
78.7762103398642,157.5524206797284
24.37726439145139,48.75452878290278
27.92222941055924,55.84445882111848
0.169465211165154,0.338930422330308
30.642836517332395,61.28567303466479
12.511828417794668,25.023656835589335
35.163084195167215,70.32616839033443
41.52056814617487,83.04113629234973
65.1541700106862,130.3083400213724
70.58285685102007,141.16571370204014
45.55508623599813,91.11017247199626
52.3266491868309,104.6532983736618
86.70065949849285,173.4013189969857
88.00208823625258,176.00417647250515
68.19012726202483,136.38025452404966
38.5299802560367,77.0599605120734
85.87756306504664,171.7551261300933
68.2695354585344,136.5390709170688
3.1778995808647292,6.3557991617294585
0.3128778114171227,0.6257556228342454
97.2381102574892,194.4762205149784
46.692355498753315,93.38471099750663
22.481435542697614,44.96287108539523
85.31495411778354,170.6299082355671
57.564460191170966,115.12892038234193
35.637285815820086,71.27457163164017
85.43431160325319,170.86862320650638
16.687033219735138,33.374066439470276
18.272821746006763,36.545643492013525
26.65998859351484,53.31997718702968
58.32441849888357,116.64883699776713
61.66401416870634,123.32802833741268
55.65126238150514,111.30252476301028
98.36603452905692,196.73206905811384
49.73201846678619,99.46403693357237
21.890262751177247,43.78052550235449
60.690067585787574,121.38013517157515
66.26924600050675,132.5384920010135
67.60889913737394,135.21779827474788
59.70825018919442,119.41650037838885
98.08335907670693,196.16671815341385
31.363403225555253,62.726806451110505
75.26882772428104,150.53765544856208
72.66771302825585,145.3354260565117
97.38399217239257,194.76798434478513
42.02409707931891,84.04819415863783
47.92620702478353,95.85241404956706
80.35360806724931,160.70721613449862
8.21483518509133,16.42967037018266
30.746548949656415,61.49309789931283
23.30444604773758,46.60889209547516
13.439801414746622,26.879602829493244
21.18334736889984,42.36669473779968
0.3893492718263003,0.7786985436526006
92.00457859445447,184.00915718890894
18.374480414238036,36.74896082847607
49.40610484114695,98.8122096822939
84.4239756113971,168.8479512227942
10.819947783121153,21.639895566242306
56.29778737630501,112.59557475261002
86.05955369942238,172.11910739884476
21.927338678026942,43.854677356053884
45.170769577781186,90.34153915556237
37.58023059208343,75.16046118416686
13.797181686103531,27.594363372207063
93.99730616448578,187.99461232897156
24.975563446304385,49.95112689260877
93.37608896359295,186.7521779271859
80.88213892348944,161.76427784697887
83.57731524975983,167.15463049951967
78.22264296738051,156.44528593476102
19.651221959935295,39.30244391987059
49.22637674409657,98.45275348819314
10.529303028617942,21.058606057235885
29.879665814031075,59.75933162806215
67.09954779239078,134.19909558478156
85.55682637093473,171.11365274186946
85.70524441906457,171.41048883812914
39.3006519082047,78.6013038164094
43.672088113056404,87.34417622611281
25.732164632284093,51.464329264568185
77.48136571976681,154.96273143953363
70.58564240951095,141.1712848190219
48.714846862758144,97.42969372551629
36.36788583370987,72.73577166741974
81.96317515269759,163.92635030539518
4.997462549014175,9.99492509802835
5.277418787819343,10.554837575638686
67.58483246644276,135.16966493288552
1.3967780028680932,2.7935560057361863
53.44316667757726,106.88633335515452
0.5962088362063689,1.1924176724127378
67.15238652649077,134.30477305298155
35.02103230122848,70.04206460245696
4.528355642971094,9.056711285942187
10.043268411740168,20.086536823480337
33.81036818756294,67.62073637512589
57.527279464047744,115.05455892809549
52.003035722442405,104.00607144488481
31.77120353490359,63.54240706980718
58.11253406172098,116.22506812344196
88.46629860742247,176.93259721484495
1.7781874464150915,3.556374892830183
71.42374190786586,142.84748381573172
99.10233019317096,198.2046603863419
60.40954669216711,120.81909338433422
84.92710764458141,169.85421528916282
5.809637766614495,11.61927553322899
39.28149655469212,78.56299310938424
63.52873865415381,127.05747730830763
73.42113113109163,146.84226226218325
50.85338402248776,101.70676804497552
4.1444617061808575,8.288923412361715
31.92668850072965,63.8533770014593
39.96475262848783,79.92950525697566
6.979735838908418,13.959471677816836
10.33654473383846,20.67308946767692
84.71939891645877,169.43879783291754
27.215631677867126,54.43126335573425
35.762773901077935,71.52554780215587
48.040734925437256,96.08146985087451
96.7580181847604,193.5160363695208
25.776012189300125,51.55202437860025
45.14983856914757,90.29967713829514
86.48597705758797,172.97195411517595
28.50324452172859,57.00648904345718
32.71979680503326,65.43959361006652
81.51466939808905,163.0293387961781
35.22767178731541,70.45534357463082
20.749844448804744,41.49968889760949
23.473316478123273,46.946632956246546
11.151642282837992,22.303284565675984
56.02301428000492,112.04602856000984
69.48390377359259,138.96780754718517
66.23602678001002,132.47205356002004
84.36955723160919,168.73911446321839
2.6212973245731797,5.242594649146359
29.719106494894486,59.43821298978897
48.65199660593029,97.30399321186059
21.26824056479969,42.53648112959938
93.92109613378989,187.84219226757978
19.64333450837177,39.28666901674354
41.90069383270443,83.80138766540885
59.66399405750018,119.32798811500037
88.29819503094488,176.59639006188976
33.517948404861464,67.03589680972293
15.746848871518981,31.493697743037963
2.5607476573660692,5.1214953147321385
50.49668239259083,100.99336478518165
77.55320762203505,155.1064152440701
26.084944013692457,52.169888027384914
70.71711994044959,141.43423988089918
12.67671316108877,25.35342632217754
59.57464356433284,119.14928712866568
58.77092140423695,117.5418428084739
51.940120335914116,103.88024067182823
42.13880744444683,84.27761488889367
51.189783390075505,102.37956678015101
38.18764918578803,76.37529837157606
60.20299367052894,120.40598734105788
46.18326839370498,92.36653678740996
19.227680155096117,38.45536031019223
20.501961012639914,41.00392202527983
39.08332015742264,78.16664031484528
91.09775432311599,182.19550864623199
25.901439069382693,51.80287813876539
17.98035362046868,35.96070724093736
4.590992824997031,9.181985649994061
55.273052717868275,110.54610543573655
81.7825283620496,163.5650567240992
60.395719975732284,120.79143995146457
90.55388761707538,181.10777523415075
59.7943800849565,119.588760169913
3.915983990936167,7.831967981872334
29.913357205471446,59.82671441094289
67.65698636489562,135.31397272979123
8.230973383486152,16.461946766972304
33.27957287502029,66.55914575004059
51.254911520245706,102.50982304049141
22.488363194079998,44.976726388159996
29.301259957933734,58.60251991586747
80.18985055826884,160.3797011165377
78.92656212006396,157.85312424012793
14.781158570280194,29.56231714056039
76.5842825251907,153.1685650503814
26.009492124143485,52.01898424828697
40.8788276831949,81.7576553663898
79.7198069880682,159.4396139761364
41.53907842060299,83.07815684120598
31.692967266583118,63.385934533166235
53.70445318529497,107.40890637058995
18.891281476883538,37.782562953767076
24.41325876638092,48.82651753276184
20.884499261002333,41.768998522004665
62.94645094543769,125.89290189087538
84.84166831591786,169.68333663183572
87.50598331785001,175.01196663570002
41.95212611290921,83.90425222581842
90.42613343154177,180.85226686308354
97.97561172971034,195.95122345942067
73.11760079848764,146.2352015969753
5.3805214912648776,10.761042982529755
74.3187752338178,148.6375504676356
68.99012495293985,137.9802499058797
65.33226589618621,130.66453179237243
99.6288372997847,199.2576745995694
17.67360664709908,35.34721329419816
16.659829655071377,33.319659310142754
5.4991506564317945,10.998301312863589
16.550800503292496,33.10160100658499
27.492849760354122,54.985699520708245
51.8827586983862,103.7655173967724
38.99927515991575,77.9985503198315
36.43238292123227,72.86476584246454
20.6234450878935,41.246890175787
72.9316876744463,145.8633753488926
47.26482744136059,94.52965488272118
4.943744844436305,9.88748968887261
7.481026242006439,14.962052484012878
80.12293731294756,160.2458746258951
41.62038218912277,83.24076437824554
37.4967197170954,74.9934394341908
26.527039447887436,53.05407889577487
37.8569966126053,75.7139932252106
82.88035779937994,165.76071559875987
23.886181918202286,47.77236383640457
10.001731138146141,20.003462276292282
10.450058871200596,20.900117742401193
90.57795974155634,181.15591948311268
75.0298157756269,150.0596315512538
77.57841432513551,155.15682865027102
57.91497845017759,115.82995690035519
5.630290867886501,11.260581735773002
94.42053588900609,188.84107177801218
96.07771872687303,192.15543745374606
28.146610791217242,56.293221582434484
62.35476876753406,124.70953753506812
39.46446770333252,78.92893540666503
41.784295451017115,83.56859090203423
22.95724154634581,45.91448309269162
47.73119068662305,95.4623813732461
84.68579678727951,169.37159357455903
36.02978106515287,72.05956213030574
77.25963259490541,154.51926518981082
66.96404857308707,133.92809714617414
55.17517776570743,110.35035553141486
27.203444606004656,54.40688921200931
20.76000186295618,41.52000372591236
14.982862423029896,29.965724846059793
87.79968155263147,175.59936310526294
7.925483215633944,15.850966431267889
66.2925605262414,132.5851210524828
69.22040141757432,138.44080283514865
8.226107739667011,16.452215479334022
13.419486879277487,26.838973758554975
91.789391767681,183.578783535362
3.4673673667845573,6.9347347335691145
65.83015169963573,131.66030339927147
80.00460261168884,160.00920522337768
48.08866818525207,96.17733637050414
74.32937789754806,148.6587557950961
49.11676155316273,98.23352310632546
79.43939371148353,158.87878742296706
67.63230861218096,135.26461722436193
83.07733542684245,166.1546708536849
36.89787691744625,73.7957538348925
51.98529326432778,103.97058652865556
38.318035264219255,76.63607052843851
92.0735144028685,184.147028805737
68.85905056531496,137.71810113062992
79.52656287992008,159.05312575984016
74.32409861730102,148.64819723460204
86.08278459407344,172.1655691881469
74.2557179464393,148.5114358928786
56.61267479979492,113.22534959958983
35.92979462817358,71.85958925634716
91.4913518482351,182.9827036964702
74.06086973851002,148.12173947702004
37.635350502103236,75.27070100420647
90.03404473893632,180.06808947787263
77.26086102509785,154.5217220501957
25.42168397711282,50.84336795422564
48.085969788874024,96.17193957774805
29.691649910194627,59.383299820389254
27.195099496542174,54.39019899308435
95.41360238154408,190.82720476308816
36.27639501747638,72.55279003495276
1.1700904129785972,2.3401808259571943
26.670410430387047,53.340820860774095
31.72207339210622,63.44414678421244
42.54855890037553,85.09711780075106
74.30730401086795,148.6146080217359
76.7081522130911,153.4163044261822
25.005344845853127,50.010689691706254
35.460902775941115,70.92180555188223
48.032338136717016,96.06467627343403
22.119378703648053,44.238757407296106
4.898190441894402,9.796380883788803
10.9133226087755,21.826645217551
73.33482002657088,146.66964005314176
10.882777813825339,21.765555627650677
75.05587904603523,150.11175809207046
44.654905585645196,89.30981117129039
57.62366913843287,115.24733827686573
18.673197697327126,37.34639539465425
82.72215398598432,165.44430797196864
5.761049276748819,11.522098553497639
55.20866509014718,110.41733018029436
25.67256449647356,51.34512899294712
90.44010867509196,180.88021735018393
41.7102905244176,83.4205810488352
17.845362081979964,35.69072416395993
79.42123836168159,158.84247672336318
49.46645247210314,98.93290494420629
9.2573002557528,18.5146005115056
60.17844351492813,120.35688702985625
79.90403081782347,159.80806163564694
1.7248118821163838,3.4496237642327676
15.02056641890892,30.04113283781784
25.386979963004496,50.77395992600899
41.2490626075526,82.4981252151052
80.41676549595763,160.83353099191527
48.96077843291589,97.92155686583177
6.052073243122513,12.104146486245027
14.665392716873459,29.330785433746918
74.07234951321317,148.14469902642634
32.92219563426069,65.84439126852138
10.994774576492372,21.989549152984743
89.48944746497375,178.9788949299475
10.30481929507534,20.60963859015068
39.515681679137906,79.03136335827581
6.565699219964194,13.131398439928388
88.46527304093121,176.93054608186242
36.08909974529377,72.17819949058755
9.68174060539143,19.36348121078286
53.486620330725145,106.97324066145029
21.31082475767123,42.62164951534246
94.80511494661654,189.61022989323308
12.36389636510864,24.72779273021728
80.81514230925076,161.63028461850152
25.700922491642054,51.40184498328411
14.032147972337317,28.064295944674633
35.50494915706557,71.00989831413114
3.2980284498961288,6.5960568997922575
63.21341369143274,126.42682738286548
67.5275389191327,135.0550778382654
86.4160764985479,172.8321529970958
25.283911934061987,50.56782386812397
2.7607560192228764,5.521512038445753
79.73646762153656,159.47293524307312
7.260882360851861,14.521764721703722
17.002462602017477,34.004925204034954
78.00684657427264,156.0136931485453
28.763923706939053,57.527847413878106
21.683047920859888,43.366095841719776
99.92843035823147,199.85686071646293
15.206710253401178,30.413420506802357
43.95591817571663,87.91183635143327
30.11407013793097,60.22814027586194
22.41346110297775,44.8269222059555
99.90895764908322,199.81791529816644
74.03204245163253,148.06408490326507
45.07181665276691,90.14363330553383
80.22129774671599,160.44259549343198
94.28211117744601,188.56422235489202
2.051059743692496,4.102119487384992
14.882941404475202,29.765882808950405
53.34105440129383,106.68210880258766
43.62966090502853,87.25932181005706
2.2948095499004784,4.589619099800957
86.90674423143744,173.8134884628749
39.946707416231334,79.89341483246267
90.29468974760778,180.58937949521555
29.987496386758885,59.97499277351777
92.34677588131758,184.69355176263517
33.38214918811153,66.76429837622307
12.560414351697514,25.120828703395027
9.393830982537288,18.787661965074577
91.17514623274417,182.35029246548834
58.936044516489716,117.87208903297943
0.8441493673575939,1.6882987347151879
94.0109412372975,188.021882474595
33.69949521684668,67.39899043369336
60.736178186662656,121.47235637332531
28.35361850854309,56.70723701708618
37.053904918235745,74.10780983647149
61.27387863112772,122.54775726225544
7.466556951243353,14.933113902486706
44.59640263367797,89.19280526735594
46.19310280075711,92.38620560151422
91.90567577686225,183.8113515537245
38.008050866386064,76.01610173277213
60.68904537863956,121.37809075727913
76.17914845217491,152.35829690434983
18.8842454231407,37.7684908462814
53.712323772654656,107.42464754530931
60.01389228420102,120.02778456840204
80.28769018389859,160.57538036779718
92.21645433457101,184.43290866914202
62.61679818001345,125.2335963600269
61.87509351013599,123.75018702027198
83.53968734436918,167.07937468873837
86.5964298639533,173.1928597279066
82.11953620250235,164.2390724050047
60.65644993140356,121.31289986280711
46.09423535246637,92.18847070493274
89.41528703734018,178.83057407468036
24.876282779554547,49.752565559109094
28.094730871162866,56.18946174232573
5.465979957802325,10.93195991560465
36.29118823470962,72.58237646941924
67.8779039820994,135.7558079641988
8.738718417580548,17.477436835161097
89.32453345726215,178.6490669145243
13.187841301854085,26.37568260370817
89.67163050364137,179.34326100728273
63.61212784755528,127.22425569511056
51.98435972361409,103.96871944722818
12.237737517891745,24.47547503578349
31.284709406172585,62.56941881234517
3.9486059950053054,7.897211990010611
95.54570556885145,191.0914111377029
11.226125497734529,22.452250995469058
89.34881253073674,178.69762506147347
36.242174361519155,72.48434872303831
27.533604892842444,55.06720978568489
39.00598737966562,78.01197475933124
96.15881843674565,192.3176368734913
41.729621744608316,83.45924348921663
96.24941913802041,192.49883827604083
88.96346191731472,177.92692383462943
11.474394068973048,22.948788137946096
5.5858106015077125,11.171621203015425
12.503821744335376,25.00764348867075
75.56071575048443,151.12143150096887
41.796550812144226,83.59310162428845
87.25900707376313,174.51801414752626
60.58138056802848,121.16276113605696
56.8121055248362,113.6242110496724
42.5909612807281,85.1819225614562
39.54383400705746,79.08766801411493
46.21667034080531,92.43334068161062
29.733917683077948,59.467835366155896
42.18874521100325,84.3774904220065
55.882509544567384,111.76501908913477
9.700746286989215,19.40149257397843
33.896620143932076,67.79324028786415
14.486070081826796,28.97214016365359
43.88720219250336,87.77440438500672
38.83409666477085,77.6681933295417
25.83710101832598,51.67420203665196
93.14399256127987,186.28798512255975
48.42021773242179,96.84043546484358
94.43280472400937,188.86560944801874
80.73189660913297,161.46379321826595
2.4362888824588036,4.872577764917607
52.53370060732811,105.06740121465621
22.792211114497963,45.584422228995926
0.543521773858513,1.087043547717026
81.98487451562715,163.9697490312543
1.764360010651067,3.528720021302134
71.23239559091957,142.46479118183913
90.98045676150146,181.96091352300292
97.01173309196125,194.0234661839225
68.86504969607157,137.73009939214313
33.88119873896945,67.7623974779389
95.54648442583104,191.09296885166208
18.387418155133204,36.77483631026641
31.290360770574665,62.58072154114933
83.17949887337531,166.35899774675062
43.50920028680668,87.01840057361336
81.67793481313072,163.35586962626144
48.37310836574178,96.74621673148356
72.4876642828125,144.975328565625
41.90144558003114,83.80289116006227
39.51353614559997,79.02707229119994
12.886510641663463,25.773021283326926
99.80430570134588,199.60861140269176
16.141986835449163,32.28397367089833
45.08774184802517,90.17548369605034
57.18708671591281,114.37417343182562
84.84623940058228,169.69247880116455
44.240675604810185,88.48135120962037
45.825482387832494,91.65096477566499
48.614081783126394,97.22816356625279
57.418408571605596,114.83681714321119
90.05547361689688,180.11094723379375
13.319279525515071,26.638559051030143
45.37816377444981,90.75632754889962
93.68011806248853,187.36023612497706
20.106287124351052,40.212574248702104
29.893985614186057,59.787971228372115
1.8012017186691431,3.6024034373382863
16.533130845037046,33.06626169007409
19.57063667082293,39.14127334164586
82.1188445049096,164.2376890098192
43.60582754262759,87.21165508525517
46.48954536272099,92.97909072544198
1.989918649035749,3.979837298071498
81.09593283998251,162.19186567996502
11.892231125034158,23.784462250068316
16.344762261607425,32.68952452321485
22.319209484098266,44.63841896819653
62.371047725456904,124.74209545091381
11.282071958653406,22.56414391730681
84.69852100229532,169.39704200459065
82.15067646892354,164.30135293784707
31.94146143797022,63.88292287594044
51.799129411721424,103.59825882344285
28.163787863427803,56.327575726855606
54.91655183657239,109.83310367314478
88.01816723455073,176.03633446910146
20.10722503995871,40.21445007991742
24.332614605558835,48.66522921111767
56.32458598563689,112.64917197127377
92.6372800435021,185.2745600870042
46.09127764912853,92.18255529825706
61.56837921934834,123.13675843869667
99.87456701084956,199.74913402169912
64.72407579325716,129.4481515865143
66.40015062945383,132.80030125890767
46.01252707482734,92.02505414965468
46.39559004410208,92.79118008820416
92.69546880939878,185.39093761879755
20.058428200075085,40.11685640015017
71.67126103053131,143.34252206106262
98.54661784933046,197.09323569866092
76.16340531307831,152.32681062615663
11.674759148643666,23.349518297287332
62.83349331116751,125.66698662233502
30.55450888454444,61.10901776908888
93.61890871719373,187.23781743438747
44.85124552119777,89.70249104239554
78.99313987083238,157.98627974166476
78.86497792168493,157.72995584336985
65.81713916904567,131.63427833809135
83.93631456093317,167.87262912186634
32.182110410067196,64.36422082013439
99.38052776267068,198.76105552534136
83.8324114533013,167.6648229066026
88.8280821391468,177.6561642782936
31.845796004468774,63.69159200893755
11.351727253493705,22.70345450698741
37.96978511485655,75.9395702297131
75.54311430874104,151.08622861748208
36.44266663319007,72.88533326638014
81.4038425624378,162.8076851248756
14.70086996754727,29.40173993509454
9.5811551757368,19.1623103514736
24.190180898318616,48.38036179663723
11.384808591606067,22.769617183212134
30.39384213605272,60.78768427210544
83.30286421050748,166.60572842101496
56.56227193722801,113.12454387445602
41.497641342141975,82.99528268428395
22.33937011108271,44.67874022216542
65.72677127347163,131.45354254694325
65.25770152415359,130.51540304830718
71.36202812110348,142.72405624220696
97.74485905399885,195.4897181079977
10.29452874028679,20.58905748057358
54.40032378097888,108.80064756195776
67.32860324098242,134.65720648196483
6.131542267853385,12.26308453570677
73.73310676787736,147.46621353575472
14.720399196121114,29.44079839224223
68.88444414890061,137.76888829780123
29.316915395269493,58.63383079053899
75.2171176925262,150.4342353850524
92.16936014085887,184.33872028171774
79.04169203052169,158.08338406104338
51.998277003611484,103.99655400722297
72.20969504553335,144.4193900910667
9.846061774883086,19.692123549766173
10.387776555109497,20.775553110218993
57.39980662502484,114.79961325004967
31.809856542967196,63.61971308593439
89.94646746920833,179.89293493841666
7.13345909447205,14.2669181889441
33.31219017700177,66.62438035400353
34.71242040548697,69.42484081097393
9.871840653324748,19.743681306649496
72.51180060281564,145.02360120563128
8.617772232516963,17.235544465033925
97.75137250753568,195.50274501507135
15.260855625458902,30.521711250917804
51.58889976051712,103.17779952103425
94.41349513793924,188.82699027587847
33.37275115778091,66.74550231556182
8.28976429395427,16.57952858790854
14.973879925839451,29.947759851678903
90.28197622375308,180.56395244750615
67.86268216467678,135.72536432935357
61.975050966913194,123.95010193382639
97.83698419282483,195.67396838564966
79.5270423020662,159.0540846041324
29.72016137539113,59.44032275078226
79.16730640883333,158.33461281766665
37.43894895202416,74.87789790404833
86.89918048711243,173.79836097422486
38.692728614087635,77.38545722817527
30.757692632488855,61.51538526497771
41.09667452942687,82.19334905885374
51.16205310148329,102.32410620296658
71.91446497466502,143.82892994933005
38.62157680993706,77.24315361987412
89.73623334025702,179.47246668051403
82.69287786370603,165.38575572741206
44.421210842478146,88.84242168495629
22.80489641500254,45.60979283000508
76.91388509563555,153.8277701912711
92.00361172857585,184.0072234571517
53.795398589416024,107.59079717883205
89.05300823104588,178.10601646209176
97.13447715165306,194.26895430330612
42.08223884997418,84.16447769994836
98.1982093999017,196.3964187998034
11.649601445331538,23.299202890663075
37.14014157145158,74.28028314290316
23.463579000344957,46.927158000689914
40.33708773871453,80.67417547742906
10.864585201229993,21.729170402459985
30.358640768698773,60.71728153739755
40.28201101841542,80.56402203683083
98.53504657153943,197.07009314307885
72.40025344110843,144.80050688221687
8.080275895388167,16.160551790776335
21.81718980471218,43.63437960942436
92.96063174555297,185.92126349110595
94.52640695814019,189.05281391628037
5.415835508886124,10.831671017772248
18.212052120687595,36.42410424137519
51.49097639769283,102.98195279538567
49.56430865959943,99.12861731919887
65.7347461936321,131.4694923872642
59.19343597247278,118.38687194494555
14.980315102283214,29.960630204566428
45.721522128454396,91.44304425690879
17.913920443473508,35.827840886947016
47.56196888371631,95.12393776743262
87.45915304931144,174.91830609862288
3.100081570354163,6.200163140708326
61.709546910339654,123.41909382067931
78.31679568103289,156.63359136206577
52.16822465234827,104.33644930469654
33.52173288881096,67.04346577762192
23.5094422164022,47.0188844328044
6.309563412720154,12.619126825440308
53.38038762113919,106.76077524227838
65.38851877145345,130.7770375429069
80.15848008146888,160.31696016293776
47.94074407566086,95.88148815132172
44.674370205701365,89.34874041140273
73.78351275332227,147.56702550664454
5.414337701191874,10.828675402383748
43.16078389304769,86.32156778609539
97.90994489219962,195.81988978439924
83.4157774071071,166.8315548142142
37.96469469296137,75.92938938592275
11.577228276359474,23.154456552718948
32.32285791007693,64.64571582015385
84.1220048154527,168.2440096309054
92.75850524584558,185.51701049169117
18.014546239843376,36.02909247968675
39.4224454554428,78.8448909108856
95.89183071825002,191.78366143650004
32.000734189767634,64.00146837953527
56.42039579799301,112.84079159598602
25.02161565170853,50.04323130341706
69.56441442778146,139.12882885556292
40.981515604393145,81.96303120878629
85.12663912215504,170.25327824431008
16.004052945666324,32.00810589133265
62.83560621049347,125.67121242098693
83.01206120377562,166.02412240755123
31.1497819465975,62.299563893195
50.31033704508384,100.62067409016768
42.684340266139195,85.36868053227839
66.31037916209524,132.6207583241905
18.933141402416776,37.86628280483355
95.87881728823695,191.7576345764739
73.50822442314559,147.01644884629118
43.12395114391465,86.2479022878293
5.324869539210364,10.649739078420728
65.0293372945047,130.0586745890094
34.8197774488206,69.6395548976412
99.42193203112097,198.84386406224195
51.07111070863224,102.14222141726448
83.46634700466242,166.93269400932485
46.457207326331506,92.91441465266301
68.92344152025237,137.84688304050474
87.99143439393136,175.9828687878627
62.58509975643759,125.17019951287519
42.584315207960444,85.16863041592089
8.58058253063465,17.1611650612693
35.39626472111343,70.79252944222686
59.52534869158607,119.05069738317214
69.61974646533234,139.23949293066468
56.367403213345014,112.73480642669003
32.09569474330385,64.1913894866077
90.58335126984437,181.16670253968874
27.017231264542207,54.034462529084415
71.93727234569445,143.8745446913889
78.47034197358005,156.9406839471601
2.4025759100056665,4.805151820011333
89.19851674763018,178.39703349526036
68.61448785547677,137.22897571095353
50.34511850188894,100.69023700377788
99.58731847002908,199.17463694005815
44.392151751674334,88.78430350334867
39.10198112713651,78.20396225427302
42.25344948442403,84.50689896884806
30.392542477935468,60.785084955870936
5.365541187791301,10.731082375582602
80.27943440251944,160.55886880503888
82.07791892836465,164.1558378567293
4.8744972521796885,9.748994504359377
13.035575650548026,26.07115130109605
85.8124033982844,171.6248067965688
74.46393079014484,148.9278615802897
92.45695345031932,184.91390690063864
93.84397220703752,187.68794441407505
41.26231608532781,82.52463217065562
61.53302255948889,123.06604511897778
53.28598169686942,106.57196339373884
75.03415702257216,150.06831404514432
4.513381900091962,9.026763800183923
68.1251315037037,136.2502630074074
3.840977405189505,7.68195481037901
94.96741169498235,189.9348233899647
6.015792181002288,12.031584362004576
3.2107385960356782,6.4214771920713565
58.57550041253502,117.15100082507004
80.03280913943857,160.06561827887714
99.1684776773117,198.3369553546234
78.17553738816547,156.35107477633093
13.109040968521136,26.21808193704227
9.26611256192712,18.53222512385424
57.8385549407908,115.6771098815816
57.55312304067631,115.10624608135262
17.39727444491236,34.79454888982472
31.018620887413316,62.03724177482663
35.763858581186604,71.52771716237321
30.655823593461882,61.311647186923764
30.139269948691204,60.27853989738241
18.942041958397215,37.88408391679443
62.56028084019613,125.12056168039226
32.292882278302535,64.58576455660507
99.69267262368933,199.38534524737867
26.971819761910755,53.94363952382151
16.214413362453705,32.42882672490741
94.52725957320133,189.05451914640267
61.311034827875055,122.62206965575011
18.055711537497498,36.111423074994995
81.67211385421716,163.34422770843432
91.45823217055977,182.91646434111954
58.80162573234371,117.60325146468742
97.14106318226479,194.28212636452957
3.927926698576978,7.855853397153956
10.71472849230326,21.42945698460652
55.06367574757836,110.12735149515672
18.443551080180278,36.887102160360556
25.374292440971168,50.748584881942335
68.66655117696354,137.33310235392707
45.10318482021688,90.20636964043376
89.89379246655133,179.78758493310266
9.027211507755894,18.054423015511787
36.86734528341925,73.7346905668385
51.615582042434724,103.23116408486945
2.602041080944162,5.204082161888324
92.24214143427008,184.48428286854016
46.35847650846539,92.71695301693077
30.481508296036854,60.96301659207371
77.21105354312523,154.42210708625046
12.162953755068672,24.325907510137345
71.6321697219943,143.2643394439886
58.98025012165803,117.96050024331606
81.6845889181068,163.3691778362136
23.461810756973733,46.92362151394747
17.680626699434388,35.361253398868776
97.79028036982241,195.58056073964482
74.2393361287157,148.4786722574314
11.956328381882209,23.912656763764417
19.647049782034443,39.29409956406889
48.74303434661809,97.48606869323618
37.74213729418426,75.48427458836852
15.844147789832352,31.688295579664704
75.82218128976346,151.64436257952693
43.13944268854394,86.27888537708787
50.81266137101923,101.62532274203846
97.83418350961557,195.66836701923114
52.04250180771922,104.08500361543844
61.99025506050124,123.98051012100248
98.8447659571586,197.6895319143172
86.96024434102802,173.92048868205603
18.697502731087045,37.39500546217409
44.16181356601064,88.32362713202129
71.5905784897588,143.1811569795176
51.66581965007849,103.33163930015698
5.951149234797725,11.90229846959545
98.91030481543227,197.82060963086454
14.513234195529401,29.026468391058803
45.758075484970284,91.51615096994057
48.62803759276167,97.25607518552334
32.13258207411924,64.26516414823848
54.126875278617156,108.25375055723431
70.39024325001645,140.7804865000329
29.187290632015817,58.37458126403163
31.337939631886258,62.675879263772515
61.12267705203569,122.24535410407138
82.62106061445886,165.2421212289177
8.495564660279896,16.991129320559793
83.34463691403379,166.68927382806757
34.3988135830079,68.7976271660158
94.69781503526835,189.3956300705367
61.139710530872485,122.27942106174497
81.71322813647163,163.42645627294326
51.873937228546076,103.74787445709215
47.722949906211234,95.44589981242247
22.172108495629995,44.34421699125999
9.956236155381859,19.912472310763718
38.90326415423518,77.80652830847036
73.44055610281227,146.88111220562453
71.76899070218954,143.53798140437908
76.07319299810035,152.1463859962007
73.34653398692376,146.69306797384752
73.1962961150036,146.3925922300072
18.07553418158343,36.15106836316686
30.44149268218046,60.88298536436092
6.217509816228839,12.435019632457678
7.2352525344271506,14.470505068854301
70.57036177345492,141.14072354690984
28.096672305276016,56.19334461055203
34.771470219310984,69.54294043862197
92.74634845544414,185.49269691088827
77.75791743270496,155.51583486540991
30.225600533069386,60.45120106613877
28.613672169774407,57.227344339548814
49.21631396879268,98.43262793758537
78.43442281185251,156.86884562370503
63.85251489143613,127.70502978287226
84.43859363479797,168.87718726959594
20.31557589464923,40.63115178929846
90.99650759748927,181.99301519497854
12.441316338221197,24.882632676442395
86.06254603306468,172.12509206612935
28.242407990536567,56.48481598107313
43.89888487306936,87.79776974613873
89.25290626578416,178.50581253156832
80.44510946491353,160.89021892982706
84.12050005425888,168.24100010851777
9.876303238880812,19.752606477761624
64.74742864855384,129.49485729710767
50.440855569299416,100.88171113859883
89.44396100978838,178.88792201957676
43.09637295166762,86.19274590333524
30.944391507882997,61.888783015765995
99.23881691640504,198.47763383281008
64.60359316806012,129.20718633612023
1.402153410090834,2.804306820181668
25.2192186116594,50.4384372233188
30.017056810176214,60.03411362035243
45.28830101398474,90.57660202796949
99.94060344239307,199.88120688478614
37.486097037048594,74.97219407409719
69.92399355816812,139.84798711633624
37.83847269492146,75.67694538984291
94.16198779090472,188.32397558180944
45.564732205030175,91.12946441006035
64.50346545444714,129.00693090889428
55.581647456161676,111.16329491232335
29.465190638134196,58.93038127626839
19.104774342841345,38.20954868568269
83.2310077773683,166.4620155547366
84.12915671231829,168.25831342463658
10.093570683386188,20.187141366772376
69.3581897608849,138.7163795217698
67.8872632188328,135.7745264376656
87.82549252507188,175.65098505014376
33.485889136088254,66.97177827217651
68.7298443126029,137.4596886252058
31.299102051721274,62.59820410344255
72.52524643201137,145.05049286402274
93.09879702904509,186.19759405809017
60.12587781839974,120.25175563679949
38.61547304617423,77.23094609234846
27.06901043185772,54.13802086371544
8.874846984455964,17.749693968911927
98.0696116697526,196.1392233395052
94.97298002503037,189.94596005006073
85.37437404719293,170.74874809438586
75.67111882695039,151.34223765390078
32.18232878434913,64.36465756869826
13.305654664996425,26.61130932999285
10.96124259016501,21.92248518033002
50.64431580767979,101.28863161535958
1.290975589269172,2.581951178538344
71.18628666512924,142.3725733302585
59.91240295662678,119.82480591325356
81.77862678232498,163.55725356464995
52.50682569200599,105.01365138401198
15.942052340493396,31.88410468098679
68.6754150552756,137.3508301105512
7.922177176376854,15.844354352753708
79.75072036176711,159.50144072353422
34.813642092069564,69.62728418413913
21.898225935627824,43.79645187125565
51.70300468349528,103.40600936699056
90.58244344935832,181.16488689871665
88.46100082436041,176.92200164872082
38.35526619168991,76.71053238337981
22.96589634615549,45.93179269231098
63.567378442996116,127.13475688599223
85.68313493385742,171.36626986771483
36.761155592891235,73.52231118578247
25.120507245044898,50.241014490089796
48.273988550296444,96.54797710059289
84.44029387791866,168.88058775583733
60.03045469473469,120.06090938946939
34.70114195454336,69.40228390908672
42.400779668359604,84.80155933671921
85.0134173159767,170.0268346319534
41.62120908202698,83.24241816405396
21.87644206749245,43.7528841349849
50.12486893753098,100.24973787506195
71.81815187880179,143.63630375760357
47.93196193831888,95.86392387663776
31.328825695699038,62.657651391398076
54.098140454531084,108.19628090906217
98.84589404681007,197.69178809362015
53.58491199173646,107.16982398347292
29.92125993985908,59.84251987971816
26.719536881834948,53.439073763669896
38.72962394524729,77.45924789049458
72.38042383112237,144.76084766224474
42.902497393627314,85.80499478725463
14.587062099376723,29.174124198753447
56.93130988126123,113.86261976252246
38.843977879465186,77.68795575893037
19.65392602071888,39.30785204143776
60.28462982445557,120.56925964891114
81.45297939056621,162.90595878113243
40.877538094366564,81.75507618873313
5.973648972119882,11.947297944239764
71.86848533056127,143.73697066112254
9.288124455355796,18.57624891071159
25.337296946258114,50.67459389251623
46.67545501594551,93.35091003189102
85.32956374594058,170.65912749188115
46.66080157343738,93.32160314687476
83.44568156516566,166.8913631303313
44.359338360333034,88.71867672066607
62.92836238269778,125.85672476539555
98.52435139622159,197.04870279244318
98.40098848219597,196.80197696439194
85.89499572586146,171.78999145172293
97.43097899199854,194.8619579839971
90.17252133043931,180.34504266087862
87.0047804290943,174.0095608581886
39.81246534226012,79.62493068452024
49.0653875363144,98.1307750726288
74.89345373644024,149.78690747288047
96.72106059080438,193.44212118160877
38.529111862131415,77.05822372426283
53.78545242421209,107.57090484842418
98.8428338049421,197.6856676098842
6.929719629876152,13.859439259752303
2.935565963514397,5.871131927028794
45.569061432103716,91.13812286420743
46.27588218621397,92.55176437242794
64.26259326670136,128.52518653340272
90.84379945600735,181.6875989120147
65.21142091528002,130.42284183056003
22.3029602861044,44.6059205722088
32.51350468025047,65.02700936050094
2.2533636105836585,4.506727221167317
53.93921886190826,107.87843772381652
43.335796038787514,86.67159207757503
77.05939009530178,154.11878019060356
32.36711965633764,64.73423931267529
78.0661044773659,156.1322089547318
53.76134741368512,107.52269482737024
6.248117157421406,12.496234314842813
18.97555608254857,37.95111216509714
23.1801448069494,46.3602896138988
84.24042480882576,168.48084961765153
22.43522433844771,44.87044867689542
74.7683557314065,149.536711462813
37.95202816665139,75.90405633330278
70.03993172574229,140.07986345148458
55.5377836448052,111.0755672896104
59.809023209985924,119.61804641997185
96.68231159469538,193.36462318939076
82.4050581286506,164.8101162573012
88.82149184122805,177.6429836824561
99.52763914515513,199.05527829031027
27.887302055874752,55.774604111749504
94.45464134858862,188.90928269717725
80.16640062403586,160.33280124807172
55.79802196441891,111.59604392883782
32.29124209800089,64.58248419600179
92.75715435626633,185.51430871253265
36.41349322139007,72.82698644278014
71.53138927081216,143.0627785416243
8.411695959003463,16.823391918006926
28.23829341182542,56.47658682365084
18.609537326883295,37.21907465376659
53.166150107689056,106.33230021537811
88.7456826964831,177.4913653929662
74.79109050732072,149.58218101464144
99.21456126414165,198.4291225282833
6.149708430880018,12.299416861760037
27.021403407735445,54.04280681547089
53.989329234550745,107.97865846910149
68.9185689060635,137.837137812127
43.07574589923152,86.15149179846304
29.02009473922068,58.04018947844136
23.116482051219734,46.23296410243947
92.13964447749447,184.27928895498894
61.158817901775386,122.31763580355077
35.46384608903047,70.92769217806094
37.12972353883705,74.2594470776741
33.39726554735088,66.79453109470175
27.398266792737004,54.79653358547401
99.79355674320854,199.58711348641708
88.33097183113445,176.6619436622689
13.576282111006964,27.15256422201393
7.729359497601907,15.458718995203814
44.11718212473444,88.23436424946888
75.92183337154587,151.84366674309175
70.15926864573984,140.3185372914797
77.00437411019072,154.00874822038145
78.90334898212443,157.80669796424885
58.006062650740056,116.01212530148011
39.28629020786138,78.57258041572275
26.789019096938404,53.57803819387681
17.486652451633987,34.97330490326797
88.07849940895417,176.15699881790835
26.28249365958425,52.5649873191685
10.837473500802163,21.674947001604327
80.91035442799652,161.82070885599305
26.963136838036206,53.92627367607241
66.96682784810572,133.93365569621145
19.688144482836588,39.376288965673176
12.98234736163042,25.96469472326084
79.49759216852102,158.99518433704205
52.353266381552835,104.70653276310567
18.629518655763977,37.259037311527955
24.767652241032813,49.53530448206563
56.60689094037815,113.2137818807563
43.256464337230184,86.51292867446037
16.30060561339053,32.60121122678106
38.14247786159113,76.28495572318226
2.736324887147945,5.47264977429589
36.97635709567507,73.95271419135014
84.20517189290456,168.41034378580912
97.60626966561476,195.21253933122952
91.63973441419363,183.27946882838725
31.922778033261835,63.84555606652367
86.76693836844827,173.53387673689653
81.81892234973046,163.6378446994609
51.83369316793108,103.66738633586216
82.02580312420356,164.05160624840713
2.5954206275871528,5.1908412551743055
26.924051717297825,53.84810343459565
1.8653809270871458,3.7307618541742915
10.638902123395367,21.277804246790733
79.7076830574391,159.4153661148782
29.54459263360969,59.08918526721938
43.35078538837808,86.70157077675616
32.69829822265816,65.39659644531632
32.85560022299981,65.71120044599962
36.96296286456627,73.92592572913254
64.59605197989559,129.19210395979118
64.34786734412641,128.69573468825283
94.26022898937198,188.52045797874396
64.49298539378958,128.98597078757916
24.86887918708385,49.7377583741677
9.582076170243647,19.164152340487295
45.07598292159199,90.15196584318397
96.28904583990008,192.57809167980017
81.2118003676661,162.4236007353322
98.66504899247226,197.33009798494453
79.24554483733533,158.49108967467066
71.9578283323344,143.9156566646688
45.78789661856828,91.57579323713657
85.14843110971282,170.29686221942563
37.3568165337285,74.713633067457
68.20262186813535,136.4052437362707
79.97557690265346,159.95115380530692
34.82203476940684,69.64406953881368
96.96241359086687,193.92482718173375
98.4731483710376,196.9462967420752
35.094608600236185,70.18921720047237
0.11731409377248037,0.23462818754496073
1.7492596402414962,3.4985192804829923
42.637855153188674,85.27571030637735
0.5449338266688142,1.0898676533376284
25.839940360980997,51.67988072196199
37.465764152501755,74.93152830500351
43.86303637595768,87.72607275191535
35.33698553739827,70.67397107479654
65.8385362776386,131.6770725552772
98.32165167783268,196.64330335566535
73.19436920910272,146.38873841820543
63.73241920879337,127.46483841758673
66.1616134669939,132.3232269339878
77.77325504395259,155.54651008790518
45.080195344969674,90.16039068993935
80.27323413761533,160.54646827523067
26.507558965282417,53.015117930564834
73.9613459782858,147.9226919565716
48.62724969477811,97.25449938955622
67.14093752141808,134.28187504283616
32.50840654149402,65.01681308298804
22.914648593143603,45.82929718628721
93.22271480260042,186.44542960520084
30.745568615204366,61.49113723040873
88.65668804219334,177.31337608438668
53.6343273072547,107.2686546145094
71.3197662322882,142.6395324645764
65.23383621470875,130.4676724294175
12.710570400795707,25.421140801591413
57.57908454779957,115.15816909559913
28.20874064931059,56.41748129862118
95.4597029049865,190.919405809973
53.927908468452166,107.85581693690433
22.842523092374922,45.685046184749844
97.4799289597913,194.9598579195826
2.2762141263724445,4.552428252744889
10.676004862123245,21.35200972424649
33.9181808629224,67.8363617258448
80.74876652434578,161.49753304869157
44.1698374065134,88.3396748130268
22.153504115378176,44.30700823075635
85.2727427852985,170.545485570597
52.75724451417165,105.5144890283433
75.12564684482982,150.25129368965963
9.007775855577705,18.01555171115541
99.58994337446042,199.17988674892084
38.577216428337366,77.15443285667473
39.58392525188156,79.16785050376312
61.69269098456004,123.38538196912008
73.44953254536438,146.89906509072875
45.18257425801872,90.36514851603744
54.679431488662445,109.35886297732489
10.896322612806719,21.792645225613438
75.6021860786357,151.2043721572714
25.83436023287686,51.66872046575372
81.04807482051322,162.09614964102644
83.2967092372167,166.5934184744334
4.998653962053168,9.997307924106336
96.91638344696806,193.8327668939361
80.95182016029376,161.90364032058753
20.754907387414413,41.509814774828826
91.80868687087653,183.61737374175306
8.781388286776625,17.56277657355325
16.894777724085564,33.78955544817113
14.439021766705718,28.878043533411436
19.700705089600667,39.401410179201335
53.09154445079325,106.1830889015865
20.956982508041133,41.913965016082265
99.50752178424788,199.01504356849577
46.3502743350293,92.7005486700586
84.11906800400861,168.23813600801722
17.65078501506747,35.30157003013494
31.454633873495652,62.909267746991304
59.847796424421496,119.69559284884299
9.231470180489765,18.46294036097953
60.26235395283022,120.52470790566043
43.80820384485967,87.61640768971934
19.1311267195466,38.2622534390932
22.336258108509554,44.67251621701911
28.956628647212014,57.91325729442403
46.02754933545739,92.05509867091477
34.61184993876515,69.2236998775303
8.980926860557737,17.961853721115475
13.836100324943112,27.672200649886225
48.77982271814951,97.55964543629902
3.3942802965591046,6.788560593118209
91.55650225956725,183.1130045191345
5.259362886325913,10.518725772651827
4.1423877674066745,8.284775534813349
38.32403423844918,76.64806847689836
42.55365577524972,85.10731155049945
27.182841684443737,54.365683368887474
17.510430386063813,35.02086077212763
9.527727095873805,19.05545419174761
73.49577635465711,146.99155270931422
40.99686988415211,81.99373976830422
2.409988021309206,4.819976042618412
16.210149828809563,32.420299657619125
65.38568648249202,130.77137296498404
62.67393716331714,125.34787432663428
56.94357126395834,113.88714252791668
19.625440862486876,39.25088172497375
57.307536016147274,114.61507203229455
16.73337460219929,33.46674920439858
28.141275048595972,56.282550097191944
68.43191699761657,136.86383399523314
60.665964274206885,121.33192854841377
77.33971521017344,154.67943042034688
32.278443227069864,64.55688645413973
25.75027353312498,51.50054706624996
4.28618224580698,8.57236449161396
55.775752676349825,111.55150535269965
62.72178106247075,125.4435621249415
14.125512515256544,28.251025030513087
41.10290890086967,82.20581780173934
57.18720448716633,114.37440897433267
67.17918461630191,134.35836923260382
36.803208251237926,73.60641650247585
3.361610020538408,6.723220041076816
25.796416354559838,51.592832709119676
48.6290197086644,97.2580394173288
75.32248956178033,150.64497912356066
95.0789332485459,190.1578664970918
5.2587119682269705,10.517423936453941
36.22381052904304,72.44762105808609
79.17619944598849,158.35239889197697
11.768805631982094,23.537611263964187
42.514189756993915,85.02837951398783
45.337057833563655,90.67411566712731
44.42990048736169,88.85980097472338
24.59448731071674,49.18897462143348
5.127215003299213,10.254430006598426
84.14802196298852,168.29604392597705
62.16649881887098,124.33299763774195
19.66765225031467,39.33530450062934
43.21644063025175,86.4328812605035
77.17776705789052,154.35553411578104
18.66265120648569,37.32530241297138
68.30447992158662,136.60895984317324
99.8165356282297,199.6330712564594
84.77576551874348,169.55153103748697
53.28757978695226,106.57515957390451
27.582938839859604,55.16587767971921
28.056684923881605,56.11336984776321
93.87465717935211,187.74931435870423
38.99028140253188,77.98056280506376
37.714267116211886,75.42853423242377
75.55835142227424,151.11670284454848
36.3633722120481,72.7267444240962
51.136972673967776,102.27394534793555
84.63118896972361,169.26237793944722
48.55748883785624,97.11497767571248
1.108146408604227,2.216292817208454
35.44636116582763,70.89272233165526
71.63574115421376,143.27148230842752
99.7276324138354,199.4552648276708
36.58657908718017,73.17315817436034
65.60534093434241,131.21068186868482
99.6749826270046,199.3499652540092
17.017112895121578,34.034225790243156
3.113953348211951,6.227906696423902
96.88766825574072,193.77533651148144
41.146909659393536,82.29381931878707
73.12194622870973,146.24389245741946
89.60998790529322,179.21997581058645
94.42637216635244,188.85274433270487
45.908593023769626,91.81718604753925
18.204798109422892,36.409596218845785
2.7907042436000395,5.581408487200079
45.549864620493906,91.09972924098781
39.3393277333382,78.6786554666764
13.490414272485685,26.98082854497137
18.158893435185398,36.317786870370796
59.47702455584083,118.95404911168166
29.957095521187483,59.914191042374966
53.307312094674195,106.61462418934839
22.50307530847889,45.00615061695778
22.76705720559129,45.53411441118258
72.05968779225516,144.11937558451032
39.86606737391198,79.73213474782396
68.9426053413228,137.8852106826456
66.38590589045634,132.77181178091269
17.636088524794637,35.272177049589274
94.9770266650805,189.954053330161
53.33076790957474,106.66153581914948
94.02308480822687,188.04616961645374
72.54521937954671,145.09043875909342
52.99467936775749,105.98935873551498
35.94870793467385,71.8974158693477
93.15106071339966,186.30212142679932
28.591806984608215,57.18361396921643
64.95248383698001,129.90496767396002
85.26318378225453,170.52636756450906
11.560190846649142,23.120381693298285
93.10115970655606,186.20231941311212
9.442160630453289,18.884321260906578
15.39196895255447,30.78393790510894
36.41239126593988,72.82478253187976
21.526419288326238,43.052838576652476
22.045822755395818,44.091645510791636
21.12116163067499,42.24232326134998
21.842616550301685,43.68523310060337
34.96346107439632,69.92692214879264
89.81998403420069,179.63996806840137
7.594215959059147,15.188431918118294
35.70790173370111,71.41580346740221
6.803800894071732,13.607601788143464
80.5063210854925,161.012642170985
17.594933054831753,35.189866109663505
97.35299183720177,194.70598367440354
51.32172368896853,102.64344737793706
88.72333754990987,177.44667509981974
67.3713493795911,134.7426987591822
76.18083176052826,152.36166352105653
94.92142671434574,189.84285342869148
44.43332998723064,88.86665997446129
7.290763779124254,14.581527558248508
95.17552366064861,190.35104732129722
96.09399940471096,192.1879988094219
77.47767850634804,154.95535701269608
10.42771976938327,20.85543953876654
27.1961603773076,54.3923207546152
16.75670300979746,33.51340601959492
24.67367310504708,49.34734621009416
7.050998222473137,14.101996444946273
40.10473002234263,80.20946004468526
0.7724054036695294,1.5448108073390587
43.04428832499178,86.08857664998357
98.64125771458649,197.28251542917297
80.41909780459946,160.83819560919892
69.40314198391701,138.80628396783402
10.896433477731737,21.792866955463474
34.86752917080436,69.73505834160872
19.748601425027744,39.49720285005549
37.35995944590004,74.71991889180008
50.8879120027605,101.775824005521
70.08440230944902,140.16880461889804
91.88701731558685,183.7740346311737
3.9145399282192517,7.829079856438503
95.88830515224936,191.77661030449872
53.49841748863686,106.99683497727372
20.09201481197167,40.18402962394334
83.66294233964874,167.32588467929747
27.077212723072375,54.15442544614475
20.62155837653046,41.24311675306092
63.77503215150332,127.55006430300664
81.50690440410425,163.0138088082085
61.05428822790331,122.10857645580661
35.192775035298055,70.38555007059611
94.34786467573669,188.69572935147337
9.430054746293038,18.860109492586076
87.13641449672163,174.27282899344326
56.46973955215554,112.93947910431108
91.32497036326512,182.64994072653025
13.37207193825215,26.7441438765043
30.30063130185884,60.60126260371768
42.68368555407081,85.36737110814163
38.1492563443967,76.2985126887934
91.71578932744177,183.43157865488354
78.17765641092839,156.35531282185678
17.323064537542997,34.646129075085994
59.317209915876425,118.63441983175285
32.99772677082707,65.99545354165414
96.77513351910709,193.55026703821417
17.482865401152004,34.96573080230401
92.23721164552587,184.47442329105175
54.80193692825648,109.60387385651296
50.4142019671702,100.8284039343404
97.71507118003197,195.43014236006394
78.68414528228125,157.3682905645625
54.952377954924756,109.90475590984951
22.69746839853408,45.39493679706816
53.50901890700365,107.0180378140073
60.87573415184764,121.75146830369528
24.2112631486617,48.4225262973234
79.53890786575322,159.07781573150643
72.56084253050831,145.12168506101662
3.5322253428724637,7.064450685744927
93.85782311000025,187.7156462200005
19.33595916901266,38.67191833802532
43.78287042359034,87.56574084718068
58.797998919169025,117.59599783833805
53.34403216417305,106.6880643283461
26.605764460430336,53.21152892086067
20.56881962156559,41.13763924313118
44.692114389302795,89.38422877860559
9.583868476312707,19.167736952625415
21.84774003288784,43.69548006577568
98.55024429745819,197.10048859491638
66.17919868146815,132.3583973629363
87.76492174905927,175.52984349811854
17.342148600651797,34.68429720130359
85.7572735569358,171.5145471138716
0.6607056361299435,1.321411272259887
77.78101861912634,155.56203723825269
95.0789745035939,190.1579490071878
95.75252642564482,191.50505285128963
18.72002771037804,37.44005542075608
13.025376414742617,26.050752829485234
12.077279441758893,24.154558883517787
31.632139739592624,63.26427947918525
11.215056725773998,22.430113451547996
73.34755681734107,146.69511363468214
85.621358884003,171.242717768006
64.81685360786614,129.63370721573227
21.89310210418729,43.78620420837458
56.47972473646756,112.95944947293512
91.09008735568882,182.18017471137765
1.1523989546973978,2.3047979093947957
69.58193518833562,139.16387037667124
57.513179931254086,115.02635986250817
43.836522118716914,87.67304423743383
21.608365099697934,43.21673019939587
1.4329908599551189,2.8659817199102378
94.23484899714957,188.46969799429914
19.998769169664175,39.99753833932835
88.46897790306156,176.9379558061231
27.491512193410927,54.98302438682185
65.32531931224553,130.65063862449105
0.2736678413802873,0.5473356827605746
41.02928348176946,82.05856696353892
42.439536443749034,84.87907288749807
70.89215200323031,141.78430400646062
24.64772879131757,49.29545758263514
83.22965649033965,166.4593129806793
63.66051359360488,127.32102718720976
95.91144027626677,191.82288055253355
38.544638680473575,77.08927736094715
72.72807429315925,145.4561485863185
26.87156117238566,53.74312234477132
0.5300922092231097,1.0601844184462195
18.867404398767672,37.734808797535344
7.232025742877624,14.464051485755247
15.269058035592009,30.538116071184017
35.50548162511029,71.01096325022058
53.71604324953552,107.43208649907103
99.35344223073446,198.70688446146892
66.55154221994223,133.10308443988447
19.412744704310203,38.825489408620406
23.021876034575605,46.04375206915121
73.96321878322092,147.92643756644185
91.4916101184929,182.9832202369858
97.83760272478196,195.67520544956392
74.32221551842306,148.64443103684613
0.9795265845883971,1.9590531691767943
86.89551612642208,173.79103225284416
94.11142239346835,188.2228447869367
10.468579367679254,20.93715873535851
7.967893605074206,15.935787210148412
99.98673643446094,199.97347286892187
83.64120929808236,167.28241859616472
55.97131808732835,111.9426361746567
68.72261093636061,137.44522187272122
70.00456416597278,140.00912833194556
92.68554216635553,185.37108433271106
23.97415901241715,47.9483180248343
54.177179739721836,108.35435947944367
84.00385901149625,168.0077180229925
6.617049465330949,13.234098930661897
59.760751163927175,119.52150232785435
34.74769395337221,69.49538790674443
4.903620412718912,9.807240825437823
24.37703446022741,48.75406892045482
71.69899369769213,143.39798739538426
88.16405911046765,176.3281182209353
8.367566222404598,16.735132444809196
86.09407466025378,172.18814932050756
90.11212561622794,180.22425123245588
47.81164825441896,95.62329650883792
30.01375289281053,60.02750578562106
19.23461687799901,38.46923375599802
3.263221096165292,6.526442192330584
21.017806350026092,42.035612700052184
72.05083067302903,144.10166134605805
7.730823996195857,15.461647992391715
83.50076536335071,167.00153072670142
80.48068224114493,160.96136448228987
9.804130972173297,19.608261944346594
92.69173084941444,185.38346169882888
47.133455803345534,94.26691160669107
8.796868105315614,17.593736210631228
61.83093120870009,123.66186241740019
14.400546437090922,28.801092874181844
65.89946940690571,131.79893881381142
9.710367470428116,19.42073494085623
15.893067850406906,31.786135700813812
60.65393607922367,121.30787215844734
36.15787818378195,72.3157563675639
8.684618860176641,17.369237720353283
5.954285562719386,11.908571125438772
16.388527513442106,32.77705502688421
95.59216992521293,191.18433985042586
74.4057736969401,148.8115473938802
39.768243772218135,79.53648754443627
14.304676056620714,28.609352113241428
78.961551057624,157.923102115248
16.18736820721368,32.37473641442736
37.497171151290054,74.99434230258011
84.3647146236502,168.7294292473004
14.94215748352017,29.88431496704034
15.410225954927348,30.820451909854697
86.43524290502438,172.87048581004876
91.39430438113918,182.78860876227836
6.71188896320718,13.42377792641436
66.01571805809822,132.03143611619643
36.97593139079286,73.95186278158572
21.939090443372024,43.87818088674405
99.3113534279063,198.6227068558126
47.50218380422842,95.00436760845685
95.60839771671631,191.21679543343262
12.848382821140536,25.696765642281072
88.77983801194705,177.5596760238941
72.04804610988774,144.09609221977547
84.84520344282693,169.69040688565386
13.810245989295389,27.620491978590778
63.11778372430924,126.23556744861848
50.148661858221566,100.29732371644313
51.55893372509364,103.11786745018728
33.670705836738904,67.34141167347781
54.26023243471331,108.52046486942662
87.90910989914289,175.81821979828578
32.34399489835253,64.68798979670505
92.71927119947357,185.43854239894713
8.076393375831536,16.152786751663072
96.30907000855407,192.61814001710815
95.7808215351228,191.5616430702456
56.44791633832337,112.89583267664673
7.79789184446641,15.59578368893282
74.94349688827049,149.88699377654098
38.26148636171155,76.5229727234231
18.243293564559615,36.48658712911923
6.606139892463158,13.212279784926316
39.54567571165525,79.0913514233105
87.3010076938012,174.6020153876024
38.33192554605785,76.6638510921157
81.24041451124607,162.48082902249214
68.82144857529157,137.64289715058314
22.75778966693386,45.51557933386772
40.11261292262456,80.22522584524911
40.97579729728924,81.95159459457848
79.99762698835319,159.99525397670638
20.318934499478413,40.637868998956826
45.05020261183626,90.10040522367252
18.446607277438442,36.893214554876884
61.661235669074344,123.32247133814869
57.64275080353842,115.28550160707684
47.672277897137064,95.34455579427413
84.3402841836537,168.6805683673074
12.730687086751313,25.461374173502627
22.79248444633727,45.58496889267454
18.614955397699763,37.229910795399526
75.66333638490778,151.32667276981556
12.723393802231486,25.446787604462973
65.17674560750739,130.35349121501477
68.9743623024264,137.9487246048528
89.0804088396758,178.1608176793516
50.944962911490144,101.88992582298029
86.64655802236997,173.29311604473995
44.39726951914813,88.79453903829626
64.10280948351482,128.20561896702964
84.85693013434248,169.71386026868495
98.60746693087059,197.21493386174117
44.26863576613263,88.53727153226527
83.34063730464956,166.68127460929912
97.02396462557003,194.04792925114006
0.6929336210131809,1.3858672420263618
50.67084253915174,101.34168507830348
51.07392195506281,102.14784391012562
27.27436593543112,54.54873187086224
38.13573158620092,76.27146317240184
14.287600441623482,28.575200883246964
23.949390469060173,47.898780938120346
27.657794332974927,55.31558866594985
75.08265167235429,150.16530334470858
6.2221289205699915,12.444257841139983
1.6323038928255484,3.264607785651097
3.0548063400692937,6.1096126801385875
67.92118063936616,135.8423612787323
43.381847787452266,86.76369557490453
67.35641581457864,134.71283162915728
60.24701211512307,120.49402423024614
67.80396255789339,135.60792511578677
14.288312800067327,28.576625600134655
21.966403994789964,43.93280798957993
66.73742687458972,133.47485374917943
74.44932690786979,148.89865381573958
87.71065407554872,175.42130815109743
46.783472937556105,93.56694587511221
90.81598950140743,181.63197900281486
40.94652839901276,81.89305679802553
38.05311962425074,76.10623924850148
80.65067187211376,161.30134374422752
28.36288915065135,56.7257783013027
55.967068755175006,111.93413751035001
9.636161210854288,19.272322421708576
16.281747254809243,32.56349450961849
4.400826639476985,8.80165327895397
92.89856419290666,185.79712838581332
34.82868180026251,69.65736360052502
12.181855694610633,24.363711389221265
93.11867463595,186.2373492719
18.115451178252517,36.230902356505034
72.87144396914125,145.7428879382825
68.89559839331034,137.79119678662067
70.29175975678645,140.5835195135729
9.912100724336348,19.824201448672696
63.697175023774186,127.39435004754837
7.317697957468827,14.635395914937654
59.33318048645808,118.66636097291617
19.674563187668593,39.349126375337185
40.3314271008801,80.6628542017602
72.89986388451565,145.7997277690313
52.617188426783954,105.23437685356791
23.77570615308825,47.5514123061765
73.04062794021672,146.08125588043345
75.49386958351704,150.98773916703408
51.63261315796087,103.26522631592174
64.28417111548302,128.56834223096604
32.27667348247905,64.5533469649581
90.56189787760769,181.12379575521538
32.89772523281352,65.79545046562704
27.787898671088573,55.57579734217715
82.24578712464108,164.49157424928217
21.07279714177983,42.14559428355966
99.00852287865945,198.0170457573189
3.6766816896290244,7.353363379258049
26.715949883911104,53.43189976782221
39.08747386502655,78.1749477300531
35.34776076248516,70.69552152497032
10.111569011136833,20.223138022273666
14.13707784476399,28.27415568952798
33.55651400099514,67.11302800199029
88.6887691685718,177.3775383371436
39.44210358501065,78.8842071700213
26.477696056541266,52.95539211308253
69.24886055653141,138.49772111306282
74.80446253779928,149.60892507559856
83.61330115640092,167.22660231280184
14.181456088394972,28.362912176789944
82.23327334287583,164.46654668575167
53.50589857468883,107.01179714937766
91.7997509394877,183.5995018789754
25.180406782528486,50.36081356505697
8.791630425613405,17.58326085122681
39.634365261541724,79.26873052308345
86.6426767064061,173.2853534128122
80.29953123460227,160.59906246920454
38.82226717174609,77.64453434349218
12.230577686859812,24.461155373719624
63.66809988739348,127.33619977478696
4.914325963902999,9.828651927805998
19.47116299680878,38.94232599361756
13.16653887401772,26.33307774803544
74.71844244537267,149.43688489074535
50.03258457916294,100.06516915832589
22.155680350382568,44.311360700765135
70.56822320853283,141.13644641706566
62.666268098987935,125.33253619797587
89.22131687711828,178.44263375423657
68.92821704219443,137.85643408438887
40.6842074358144,81.3684148716288
65.56769051866203,131.13538103732407
15.163930031906602,30.327860063813205
17.724784402336844,35.44956880467369
39.46650875381731,78.93301750763462
49.053686253662065,98.10737250732413
32.337317200104245,64.67463440020849
62.44477941693006,124.88955883386012
96.73185787267326,193.46371574534652
23.659738845288526,47.31947769057705
8.863222029751416,17.726444059502832
61.57855095609291,123.15710191218582
41.910698779304134,83.82139755860827
36.83840624919837,73.67681249839674
91.22105731576302,182.44211463152604
99.45638892627773,198.91277785255545
7.70024734220085,15.4004946844017
55.950057473669965,111.90011494733993
52.43485762170161,104.86971524340322
82.88137357888037,165.76274715776074
88.69599889373598,177.39199778747195
73.62665250593288,147.25330501186576
81.03112092827175,162.0622418565435
81.23609272846305,162.4721854569261
51.86600915763794,103.73201831527588
84.41604666096063,168.83209332192126
9.619336927965616,19.238673855931232
62.99505341744841,125.99010683489682
25.86721241412244,51.73442482824488
63.06951614943753,126.13903229887507
17.610154152723013,35.220308305446025
43.67565887238679,87.35131774477358
2.347842325644378,4.695684651288756
57.992483106579165,115.98496621315833
11.171431786264407,22.342863572528813
4.1074384548182685,8.214876909636537
16.790485913243845,33.58097182648769
50.33942271522079,100.67884543044158
77.86122741868637,155.72245483737274
1.8248987794216576,3.649797558843315
16.920547673920627,33.841095347841254
28.851571577421076,57.70314315484215
34.91684826308528,69.83369652617056
42.5585820207411,85.1171640414822
96.75958512711591,193.51917025423182
35.04313143638961,70.08626287277922
23.9200286989237,47.8400573978474
59.19322119295123,118.38644238590246
35.034344783920126,70.06868956784025
29.32162759552256,58.64325519104512
47.89642651569908,95.79285303139817
35.2665937988774,70.5331875977548
34.15816866122545,68.3163373224509
28.547766952270337,57.09553390454067
59.63053129344536,119.26106258689072
67.14599915813982,134.29199831627963
46.49995351328572,92.99990702657144
9.399299215901259,18.798598431802517
25.285340422334713,50.570680844669425
74.65438313827299,149.30876627654598
27.329684737758498,54.659369475516996
49.59673664098179,99.19347328196358
58.67735092819555,117.3547018563911
68.69559419256184,137.39118838512368
70.47924816321563,140.95849632643126
40.84950709813261,81.69901419626522
77.93019150711567,155.86038301423133
54.90456878182859,109.80913756365717
26.75038289449383,53.50076578898766
9.669579842250931,19.339159684501862
39.32486955864463,78.64973911728926
54.817578959532064,109.63515791906413
96.95852664999133,193.91705329998265
69.74565836567483,139.49131673134966
46.22638130887001,92.45276261774002
0.29102591829571756,0.5820518365914351
71.39154697054494,142.78309394108987
55.91522516233839,111.83045032467678
72.3116140826131,144.6232281652262
45.6668179256987,91.3336358513974
76.60161234518665,153.2032246903733
94.43667863077921,188.87335726155843
72.794816765094,145.589633530188
8.947714662870098,17.895429325740196
41.539059832694626,83.07811966538925
89.52531904914306,179.05063809828613
32.552459170490955,65.10491834098191
70.88975983276322,141.77951966552644
75.29937448963214,150.5987489792643
72.75773232361212,145.51546464722423
83.97084135438381,167.94168270876762
11.590277719257768,23.180555438515537
10.315413596502976,20.630827193005953
10.741792293807261,21.483584587614523
12.914130941677925,25.82826188335585
90.80798299296887,181.61596598593775
77.49164704622473,154.98329409244946
47.86986505574276,95.73973011148551
88.15098580368472,176.30197160736944
83.34156333345875,166.6831266669175
48.51702267076855,97.0340453415371
23.56429956691246,47.12859913382492
10.366841431895956,20.733682863791913
54.93774275731621,109.87548551463242
71.32095968078839,142.64191936157678
77.71486084648996,155.4297216929799
67.59912956927072,135.19825913854143
93.52445074133968,187.04890148267936
33.538728696452345,67.07745739290469
73.52351583866928,147.04703167733857
20.586423449759206,41.17284689951841
65.15914618997479,130.31829237994958
68.45008188675735,136.9001637735147
55.93461270380835,111.8692254076167
96.73162875343195,193.4632575068639
70.6417454747038,141.2834909494076
53.95369594732213,107.90739189464426
40.3789701615351,80.7579403230702
63.55678265287897,127.11356530575794
44.16846181860492,88.33692363720984
69.47229606699332,138.94459213398665
62.70654445202757,125.41308890405514
89.66992730107174,179.33985460214348
21.814909686917005,43.62981937383401
97.03306610478978,194.06613220957956
66.39741665008927,132.79483330017854
22.79566172962899,45.59132345925798
17.628615431618243,35.25723086323649
9.090945640548886,18.181891281097773
49.81291402628308,99.62582805256616
63.64495203093511,127.28990406187022
81.44904341718386,162.89808683436772
57.27457212476139,114.54914424952278
27.31990097366467,54.63980194732934
3.6983998042620647,7.396799608524129
49.04219334684008,98.08438669368016
79.47613643645785,158.9522728729157
10.375451489124055,20.75090297824811
74.9259210040927,149.8518420081854
59.209392000548824,118.41878400109765
15.405106522660816,30.810213045321632
37.79361901612602,75.58723803225205
12.383887366980762,24.767774733961524
19.19223017294319,38.38446034588638
98.34442481603183,196.68884963206366
55.22683917429574,110.45367834859148
16.498114632003503,32.996229264007006
84.36305886495245,168.7261177299049
85.33027681709352,170.66055363418704
39.414507900505,78.82901580101
11.61656262878613,23.23312525757226
21.344788802493795,42.68957760498759
57.79894141253282,115.59788282506564
33.100592532258865,66.20118506451773
91.97546597828534,183.95093195657068
6.769172843808679,13.538345687617358
44.728354702462404,89.45670940492481
4.068585673219927,8.137171346439853
5.81547178064713,11.63094356129426
59.418937337704214,118.83787467540843
80.31662467997083,160.63324935994166
63.397022092885145,126.79404418577029
90.49702339874352,180.99404679748704
50.43753175306046,100.87506350612092
21.57571268564923,43.15142537129846
17.590082705710095,35.18016541142019
38.84028189433727,77.68056378867453
99.26948116564839,198.53896233129677
1.6671912183770843,3.3343824367541686
51.98035786667267,103.96071573334534
24.46294276211185,48.9258855242237
99.82604600285823,199.65209200571647
32.91797009256386,65.83594018512773
15.526644098838505,31.05328819767701
63.556475165364446,127.11295033072889
77.0927883697848,154.1855767395696
59.00466421285001,118.00932842570002
98.46301998957604,196.92603997915208
54.72752086023278,109.45504172046556
14.895123749468942,29.790247498937884
9.236012102758783,18.472024205517567
22.252414490862893,44.50482898172579
95.17484561219385,190.3496912243877
95.25239868312904,190.5047973662581
89.89151460298882,179.78302920597764
14.532328448645016,29.064656897290032
31.829550880652913,63.65910176130583
11.685929126983686,23.37185825396737
13.148032618934124,26.29606523786825
72.7409260028686,145.4818520057372
55.65933245857567,111.31866491715134
91.32677687105067,182.65355374210134
17.42006015430385,34.8401203086077
42.88568101516337,85.77136203032674
8.00135306776979,16.00270613553958
58.51883346856942,117.03766693713884
64.33910280120813,128.67820560241626
86.3247496048066,172.6494992096132
75.24411014635449,150.48822029270897
23.563374081164934,47.12674816232987
31.609677921280998,63.219355842561995
45.63255041550024,91.26510083100048
58.57939365780018,117.15878731560036
42.849081611923445,85.69816322384689
33.74265524607875,67.4853104921575
25.705465305580987,51.41093061116197
82.67551798488786,165.35103596977572
30.48316906435954,60.96633812871908
5.3515318908490705,10.703063781698141
80.06037363524597,160.12074727049193
48.90868944706476,97.81737889412952
23.89036075330251,47.78072150660502
3.486696987445115,6.97339397489023
4.091834528059768,8.183669056119536
73.74852986355722,147.49705972711445
33.73831340464775,67.4766268092955
49.13241692461314,98.26483384922628
37.221491023249065,74.44298204649813
30.543464082938577,61.086928165877154
46.88657418910971,93.77314837821942
7.671856601617444,15.343713203234888
97.40430017645656,194.80860035291312
69.12159148698144,138.2431829739629
18.69598541209452,37.39197082418904
81.52768188560549,163.05536377121098
3.5758102771842326,7.151620554368465
75.79997311361527,151.59994622723053
82.2491667621417,164.4983335242834
28.604199450993672,57.208398901987344
92.32258687061453,184.64517374122906
15.483712279925177,30.967424559850354
66.29075221068841,132.58150442137682
14.88438570241878,29.76877140483756
33.32906922193608,66.65813844387216
4.9856373974547346,9.971274794909469
3.727325953815752,7.454651907631504
81.64896826185254,163.2979365237051
24.707246945038143,49.41449389007629
36.68919414833002,73.37838829666003
62.954869821604035,125.90973964320807
86.7637370015226,173.5274740030452
76.02871332562687,152.05742665125373
79.16696839985165,158.3339367997033
8.646617623434027,17.293235246868054
88.61402102548094,177.22804205096188
75.39978352402173,150.79956704804346
66.07509496608456,132.15018993216913
23.33117764116829,46.66235528233658
65.07606588212353,130.15213176424706
82.07029245807557,164.14058491615114
68.39421453877303,136.78842907754606
52.415668287010384,104.83133657402077
14.06176954996885,28.1235390999377
55.191616651994316,110.38323330398863
95.53374951701284,191.06749903402567
2.82683789235757,5.65367578471514
35.161661674887554,70.32332334977511
35.11713718245852,70.23427436491704
19.21930507306978,38.43861014613956
72.52620849743914,145.05241699487829
57.61711491932447,115.23422983864894
13.860135521865768,27.720271043731536
82.37550899532572,164.75101799065143
13.2319746751549,26.4639493503098
70.31753256746364,140.6350651349273
12.224134903107153,24.448269806214306
14.442801555813546,28.88560311162709
48.51721806577544,97.03443613155088
59.27996969285173,118.55993938570346
12.685742232302932,25.371484464605864
99.24689024340064,198.49378048680128
18.25431241254921,36.50862482509842
23.54355769066845,47.0871153813369
11.645783246132858,23.291566492265716
16.861010345752582,33.722020691505165
12.123922886975025,24.24784577395005
56.35334940505603,112.70669881011206
82.20693621441342,164.41387242882683
47.01339093717358,94.02678187434717
52.145395466603084,104.29079093320617
11.343034081982395,22.68606816396479
63.05806873481884,126.11613746963768
4.9878640520120365,9.975728104024073
79.67816231349954,159.35632462699908
47.07326781404117,94.14653562808235
5.591797766396944,11.183595532793888
52.87159369424963,105.74318738849927
67.77352357392813,135.54704714785626
48.24549070765898,96.49098141531796
46.67388841181397,93.34777682362794
58.53423183366494,117.06846366732988
82.2115435348245,164.423087069649
57.24541828839489,114.49083657678977
93.08788872532035,186.1757774506407
62.64625402561427,125.29250805122854
76.46058141880832,152.92116283761663
18.043619560574133,36.087239121148265
6.592049558482893,13.184099116965786
56.855122696139006,113.71024539227801
59.43616915512828,118.87233831025657
91.36058060088939,182.72116120177878
83.10294360853905,166.2058872170781
65.29699888972648,130.59399777945296
30.70632709974165,61.4126541994833
27.31021756123041,54.62043512246082
0.9925988785397521,1.9851977570795043
0.5992208547868083,1.1984417095736166
75.41480584574131,150.82961169148263
99.29006426981425,198.5801285396285
31.27438442031124,62.54876884062248
2.058117310765595,4.11623462153119
88.2562326542245,176.512465308449
91.06741848454155,182.1348369690831
15.514381902478513,31.028763804957027
7.453660709762733,14.907321419525466
67.56394148720788,135.12788297441577
79.44171172414218,158.88342344828436
54.04143757472698,108.08287514945395
13.906314943897035,27.81262988779407
11.611954509639233,23.223909019278466
72.368769292283,144.737538584566
87.59570731885655,175.1914146377131
20.754470904920574,41.50894180984115
85.17040531885928,170.34081063771856
90.60375742803369,181.20751485606738
46.60545750584576,93.21091501169153
88.63999813751843,177.27999627503686
57.95492969983188,115.90985939966376
13.861783419282448,27.723566838564896
25.135241521245078,50.270483042490156
4.108852560843978,8.217705121687956
36.71328979222274,73.42657958444548
3.526437408934946,7.052874817869892
81.43766070081831,162.87532140163663
85.68492944986095,171.3698588997219
61.93342181483404,123.86684362966808
19.74945095463404,39.49890190926808
17.6133872477202,35.2267744954404
74.78350376873796,149.56700753747592
78.53354506201435,157.0670901240287
54.97577321158872,109.95154642317743
55.923710863675424,111.84742172735085
7.933693615371706,15.867387230743413
65.97282994075277,131.94565988150555
54.403333346001325,108.80666669200265
4.012344760361374,8.024689520722749
25.28642391826156,50.57284783652312
27.495681283919005,54.99136256783801
95.72953525722586,191.45907051445172
48.52274253008254,97.04548506016508
30.268505139030232,60.537010278060464
24.686098761183572,49.372197522367145
62.420106233932515,124.84021246786503
59.96901545203853,119.93803090407707
74.05691848854957,148.11383697709914
74.16850179110142,148.33700358220284
15.722959002439818,31.445918004879637
1.973361882557667,3.946723765115334
81.00669125387732,162.01338250775464
12.08534760450679,24.17069520901358
10.23715003070238,20.47430006140476
54.843090144524695,109.68618028904939
37.16466539116758,74.32933078233516
87.81154025789627,175.62308051579254
94.5296360268835,189.059272053767
51.57808874555903,103.15617749111806
62.22388882077442,124.44777764154884
12.081008925510961,24.162017851021922
20.6028066524089,41.2056133048178
55.352267262341606,110.70453452468321
43.026243931285066,86.05248786257013
33.717267007097654,67.43453401419531
7.004307472950256,14.008614945900511
95.62759031412726,191.25518062825452
28.09137685682208,56.18275371364416
75.18440795660034,150.36881591320068
12.899623539156313,25.799247078312625
54.85049513841786,109.70099027683573
36.20303208259955,72.4060641651991
70.422368458074,140.844736916148
11.881835633101778,23.763671266203556
69.36828034007624,138.73656068015248
1.9948975254037715,3.989795050807543
99.96778865134372,199.93557730268745
51.23139296862125,102.4627859372425
73.75626450308535,147.5125290061707
51.5964751589255,103.192950317851
24.585561961989665,49.17112392397933
31.782209260707972,63.564418521415945
79.98324468785695,159.9664893757139
87.99785355776764,175.99570711553528
58.452830475545056,116.90566095109011
72.58195455785254,145.16390911570508
75.35051391768232,150.70102783536464
38.18693572543091,76.37387145086181
61.8039265289002,123.6078530578004
68.40422381537898,136.80844763075797
90.52712848481534,181.05425696963067
97.998328284199,195.996656568398
35.600371575172105,71.20074315034421
8.999396119261071,17.998792238522142
51.42983489071503,102.85966978143006
58.95227009001749,117.90454018003499
0.42920143121906174,0.8584028624381235
4.993005713701571,9.986011427403142
38.746542198844104,77.49308439768821
11.937062587386604,23.87412517477321
33.2611609838492,66.5223219676984
42.74936328013145,85.4987265602629
81.28232323175473,162.56464646350946
30.532504409039795,61.06500881807959
52.4356525455962,104.8713050911924
44.29890837223596,88.59781674447191
97.97043997251245,195.9408799450249
76.5542433485362,153.1084866970724
34.72358700799564,69.44717401599128
69.2153497027731,138.4306994055462
7.899221496790332,15.798442993580665
28.359485061166755,56.71897012233351
76.81942551753338,153.63885103506675
22.324586842298476,44.64917368459695
42.334686543242505,84.66937308648501
26.471549419635853,52.943098839271705
91.4288719955293,182.8577439910586
26.53026551549058,53.06053103098116
78.55277178927396,157.10554357854792
98.45804157064141,196.91608314128283
92.34284866583387,184.68569733166774
83.52265136144182,167.04530272288363
2.5325869588129324,5.065173917625865
68.97093855105393,137.94187710210787
24.33845389523801,48.67690779047602
84.04898296700755,168.0979659340151
36.48756667562672,72.97513335125343
18.326662659550387,36.65332531910077
10.59752122952452,21.19504245904904
63.55337786151638,127.10675572303276
49.009050264382815,98.01810052876563
47.17530205354594,94.35060410709188
58.33206835930267,116.66413671860533
18.953386918265945,37.90677383653189
38.87131172343462,77.74262344686925
74.50645677580674,149.01291355161348
96.3136318514161,192.6272637028322
4.413720066647187,8.827440133294374
58.57005218026574,117.14010436053148
6.950747986555839,13.901495973111677
54.44225704796204,108.88451409592408
40.68548142861111,81.37096285722222
57.011054358650746,114.02210871730149
55.8070596257349,111.6141192514698
83.28298097468462,166.56596194936924
10.812661548379843,21.625323096759686
74.8649797848419,149.7299595696838
48.06582876329271,96.13165752658541
28.919503256268875,57.83900651253775
33.8703198564666,67.7406397129332
89.87572661259114,179.75145322518227
19.345081319591493,38.69016263918299
42.187214292101416,84.37442858420283
19.36917093980647,38.73834187961294
24.82630473644981,49.65260947289962
31.037756992695588,62.075513985391176
59.92530967388448,119.85061934776895
12.723373710219832,25.446747420439664
89.65274619313129,179.30549238626259
56.128552686443214,112.25710537288643
71.67624703380754,143.35249406761508
16.50352407895569,33.00704815791138
46.30658854316606,92.61317708633212
48.85107165064627,97.70214330129254
5.252453636848287,10.504907273696574
70.49056142020562,140.98112284041125
70.46883102331138,140.93766204662276
39.04935490419199,78.09870980838399
26.33006530102364,52.66013060204728
83.77468247024818,167.54936494049636
49.14059705193642,98.28119410387283
87.27534813506713,174.55069627013427
49.57391889621348,99.14783779242696
91.21488541618673,182.42977083237346
20.640221088652012,41.280442177304025
0.7300814923681731,1.4601629847363462
84.28952160655494,168.57904321310988
30.470561663613417,60.94112332722683
60.23498630105241,120.46997260210482
45.747062819904095,91.49412563980819
4.636571869691419,9.273143739382839
30.212146468596433,60.42429293719287
85.3902981117201,170.7805962234402
2.673557006946692,5.347114013893384
29.800824262500257,59.60164852500051
10.151158375211079,20.302316750422158
90.14073650739056,180.2814730147811
89.27817465237634,178.55634930475267
61.08749521010658,122.17499042021316
88.47344974712482,176.94689949424964
53.668838968918465,107.33767793783693
33.84490806668913,67.68981613337826
8.56737506652927,17.13475013305854
62.37439376527466,124.74878753054932
75.26722954406576,150.5344590881315
42.81755692903461,85.63511385806922
65.30221546520917,130.60443093041835
34.053878274270254,68.10775654854051
10.55441677913349,21.10883355826698
0.25358817041257753,0.5071763408251551
73.7975104117459,147.5950208234918
15.187450374842282,30.374900749684564
35.18287634602256,70.36575269204512
77.78455528345499,155.56911056690998
93.85004785149872,187.70009570299743
13.796829380804088,27.593658761608175
18.538790755048495,37.07758151009699
56.88395054938332,113.76790109876664
18.152488106062236,36.30497621212447
71.72894516906088,143.45789033812176
71.40906341278537,142.81812682557074
47.25640139151112,94.51280278302224
21.33814040149622,42.67628080299244
77.71895631207356,155.43791262414712
29.63866938256581,59.27733876513162
54.6190287145647,109.2380574291294
43.450370647693546,86.90074129538709
81.59005157904589,163.18010315809178
50.36849193843691,100.73698387687382
37.2088281053757,74.4176562107514
68.86744121426405,137.7348824285281
88.16343173116242,176.32686346232484
15.665552299673246,31.331104599346492
37.90245366443061,75.80490732886122
98.37158941513697,196.74317883027393
14.787927986091265,29.57585597218253
1.4614875002576078,2.9229750005152155
23.11115519827428,46.22231039654856
25.95428886339586,51.90857772679172
4.620601728069918,9.241203456139836
21.25118260258123,42.50236520516246
20.958111887021303,41.91622377404261
81.20235029128648,162.40470058257296
10.531983066281558,21.063966132563117
0.06481025939130136,0.12962051878260272
77.17364853700954,154.34729707401908
94.79585445338222,189.59170890676444
95.14706520394328,190.29413040788657
8.990878323070673,17.981756646141346
6.394394790496849,12.788789580993697
25.511071169860188,51.022142339720375
73.22797541021073,146.45595082042146
24.718691154564844,49.43738230912969
97.55710298095907,195.11420596191815
98.3242928838037,196.6485857676074
64.2525331617564,128.5050663235128
80.14048900173091,160.28097800346183
60.2142446863124,120.4284893726248
35.94399444212796,71.88798888425592
40.32977221205414,80.65954442410828
88.03624783226518,176.07249566453035
26.93195642436088,53.86391284872176
18.65896650898904,37.31793301797808
57.242469492090144,114.48493898418029
26.515592841054413,53.03118568210883
8.09701931757929,16.19403863515858
90.64356183933981,181.28712367867962
92.79008177389765,185.5801635477953
81.8284318948179,163.6568637896358
62.25010198630486,124.50020397260973
59.21855475882044,118.43710951764088
12.222599184395799,24.445198368791598
6.470624388961587,12.941248777923175
63.07119561106774,126.14239122213549
74.18320152529108,148.36640305058216
70.28217143553462,140.56434287106924
26.566478940757253,53.13295788151451
85.26090189084118,170.52180378168237
45.538319718422024,91.07663943684405
20.830513912654304,41.66102782530861
52.6658213107417,105.3316426214834
91.98815414377405,183.9763082875481
41.90973916978409,83.81947833956818
96.24868785029454,192.4973757005891
31.607249330664246,63.21449866132849
52.625235388122114,105.25047077624423
0.2853724179067152,0.5707448358134304
58.555827062324596,117.11165412464919
89.97183070321671,179.94366140643342
58.57839794149204,117.15679588298408
40.527123665354466,81.05424733070893
75.67640466482493,151.35280932964986
4.356876613010696,8.713753226021392
92.45370775538548,184.90741551077096
56.777263641026956,113.55452728205391
82.58069287228487,165.16138574456974
6.787251402242278,13.574502804484556
75.33480216998808,150.66960433997616
75.45727051554896,150.9145410310979
10.08103024754038,20.16206049508076
18.78919685172853,37.57839370345706
45.46741889267024,90.93483778534048
51.45660273907263,102.91320547814526
4.926889434959891,9.853778869919783
99.21936113427225,198.4387222685445
96.03514947600023,192.07029895200046
42.856687174840815,85.71337434968163
11.549890090214321,23.099780180428642
5.2807578335678285,10.561515667135657
35.73725653436849,71.47451306873698
73.85353863692356,147.70707727384712
49.81173798104979,99.62347596209958
9.076129810904943,18.152259621809886
68.67839842664712,137.35679685329424
96.01038269960111,192.02076539920222
24.812600046379796,49.62520009275959
63.11681666693012,126.23363333386024
21.27241659999921,42.54483319999842
28.607827945787136,57.21565589157427
40.864912051391286,81.72982410278257
57.880117724324506,115.76023544864901
15.462085644080826,30.924171288161652
20.964963276035853,41.929926552071706
25.532357454467903,51.064714908935805
4.659549584416601,9.319099168833201
94.41820692590656,188.83641385181312
29.16221365942846,58.32442731885692
26.049662796215088,52.099325592430176
33.224356901106844,66.44871380221369
27.754224071796852,55.508448143593704
88.23093167162183,176.46186334324366
73.58969687546985,147.1793937509397
27.26964673485629,54.53929346971258
15.791514894135572,31.583029788271144
33.417340440917044,66.83468088183409
93.10531103279598,186.21062206559196
63.91538515628875,127.8307703125775
25.018778301563604,50.03755660312721
89.87942756941058,179.75885513882116
86.87849723777994,173.75699447555988
96.20254827444987,192.40509654889973
92.42982311907228,184.85964623814456
0.48972365257765604,0.9794473051553121
10.699865379751628,21.399730759503257
85.1164793397175,170.232958679435
30.433906350850513,60.86781270170103
88.00169029785403,176.00338059570805
9.992554917214292,19.985109834428584
65.2510949364561,130.5021898729122
8.611200374461259,17.222400748922517
0.4158241232705584,0.8316482465411168
8.968795833738696,17.937591667477392
15.549803115526984,31.09960623105397
54.19810830883217,108.39621661766434
52.496965955127415,104.99393191025483
59.63152737572482,119.26305475144964
46.15844962723041,92.31689925446082
91.79551364400884,183.59102728801767
94.07518992186816,188.15037984373632
42.29882174977172,84.59764349954344
39.58500055604418,79.17000111208836
44.91846212771789,89.83692425543578
10.762471521268024,21.524943042536048
76.74232505786418,153.48465011572836
83.96894000588124,167.93788001176247
74.28802154863664,148.57604309727327
65.29662843760752,130.59325687521505
45.66805675844803,91.33611351689606
53.14047627499864,106.28095254999728
93.96374164696904,187.92748329393808
29.565173159596327,59.130346319192654
56.80451930998156,113.60903861996312
68.51633055015537,137.03266110031075
73.50345758944994,147.00691517889987
57.75827803786932,115.51655607573863
75.52145997177252,151.04291994354503
76.19820146763995,152.3964029352799
18.731225210569093,37.462450421138186
2.8606768477594247,5.721353695518849
46.761269390286884,93.52253878057377
41.29386804137262,82.58773608274524
5.597307899948478,11.194615799896956
64.84958540903561,129.69917081807122
13.274047827784685,26.54809565556937
59.722601305010706,119.44520261002141
20.55961185937195,41.1192237187439
65.51074322755738,131.02148645511477
70.11840179041799,140.23680358083598
38.589959980782396,77.17991996156479
40.326772644516936,80.65354528903387
11.656653741555456,23.31330748311091
94.69688747575223,189.39377495150447
13.19987151041463,26.39974302082926
97.81173597321381,195.62347194642763
66.32690430650206,132.65380861300412
62.66602927591391,125.33205855182781
9.969911954798683,19.939823909597365
57.06358298024852,114.12716596049704
40.634703260168436,81.26940652033687
91.56442545573039,183.12885091146077
60.431410876303346,120.86282175260669
92.08631932629632,184.17263865259264
11.424653580742394,22.849307161484788
85.30200171613609,170.60400343227218
67.95864090070408,135.91728180140817
74.52052894576256,149.04105789152513
28.068580180942014,56.13716036188403
74.735472979553,149.470945959106
13.060086115466273,26.120172230932546
62.6255296052422,125.2510592104844
79.83261213297071,159.66522426594142
64.95962075000091,129.91924150000182
78.11417560224078,156.22835120448156
10.228362577544836,20.45672515508967
4.1709867579907245,8.341973515981449
76.30874578408378,152.61749156816757
46.28042357300794,92.56084714601587
49.99046075625863,99.98092151251726
74.79244962490078,149.58489924980157
46.74185253232541,93.48370506465082
55.069068279697206,110.13813655939441
2.945646580729222,5.891293161458444
36.12603990429532,72.25207980859064
98.73293380783376,197.46586761566752
32.3003664739865,64.600732947973
49.082721540485316,98.16544308097063
57.339403805933934,114.67880761186787
17.709396355034535,35.41879271006907
88.69397006351059,177.38794012702118
12.281045589459493,24.562091178918987
84.95992433072831,169.91984866145663
79.81789811409371,159.63579622818742
76.65357065894925,153.3071413178985
86.13581478425867,172.27162956851734
54.63613102893371,109.27226205786742
41.00301985580958,82.00603971161917
33.78388949592457,67.56777899184914
16.28750089930072,32.57500179860144
9.272983322411498,18.545966644822997
33.306877676451805,66.61375535290361
19.849465589924897,39.698931179849794
97.38066302691323,194.76132605382645
93.55625859980864,187.1125171996173
62.1770455619613,124.3540911239226
49.93397431192717,99.86794862385435
93.83290539979274,187.66581079958547
95.53646225831545,191.0729245166309
79.51567479118117,159.03134958236234
58.1987348459856,116.3974696919712
10.657954145900916,21.315908291801833
46.06915522306334,92.13831044612668
60.889128486593336,121.77825697318667
29.707832201936558,59.415664403873116
63.845829239528896,127.69165847905779
54.99631318719628,109.99262637439256
57.62084451125516,115.24168902251031
34.23258317401417,68.46516634802833
66.09837720541785,132.1967544108357
28.22871287522606,56.45742575045212
39.16781602801771,78.33563205603542
57.967456241589076,115.93491248317815
3.1446858622395713,6.2893717244791425
87.98723328265206,175.9744665653041
94.52400784699267,189.04801569398535
79.92641503858046,159.85283007716092
41.94667689998032,83.89335379996064
37.2297062349024,74.4594124698048
38.705058194846195,77.41011638969239
16.835663010688663,33.671326021377325
31.643831526405553,63.287663052811105
90.11931589405064,180.2386317881013
37.56734412222558,75.13468824445116
87.05117431951439,174.10234863902878
42.512621330995195,85.02524266199039
29.365430788235603,58.730861576471206
1.266753978450741,2.533507956901482
53.43020174529318,106.86040349058636
61.93041664544482,123.86083329088964
38.38119988218847,76.76239976437694
63.27013206578397,126.54026413156794
83.77808125220253,167.55616250440505
22.493226551176924,44.98645310235385
28.889460662872434,57.77892132574487
75.23853568369361,150.47707136738723
36.639394404493565,73.27878880898713
84.54072422703149,169.08144845406298
33.056276924942,66.112553849884
59.187480573970454,118.37496114794091
39.66245629258112,79.32491258516224
49.96366642233349,99.92733284466698
44.85730976254948,89.71461952509895
17.39687411276418,34.79374822552836
29.624793046614585,59.24958609322917
37.33538441324386,74.67076882648772
51.70486882383568,103.40973764767136
37.63434557358699,75.26869114717398
6.061230006376883,12.122460012753766
51.618325095684234,103.23665019136847
37.77371874602233,75.54743749204466
6.349908341749899,12.699816683499797
23.766539059939497,47.533078119878994
23.062115807299467,46.12423161459893
42.86764286588696,85.73528573177391
37.06618628062913,74.13237256125826
68.13018819068516,136.26037638137032
64.07123353286401,128.14246706572803
94.2145672782102,188.4291345564204
79.14055621484056,158.28111242968112
54.20682665848188,108.41365331696376
13.819647286879366,27.639294573758733
78.42194366708833,156.84388733417666
52.0986661479379,104.1973322958758
27.3378568480779,54.6757136961558
15.937467659214978,31.874935318429955
14.439235248889737,28.878470497779475
9.841614803744358,19.683229607488716
68.46328834765715,136.9265766953143
88.49717368106695,176.9943473621339
27.548055556368755,55.09611111273751
23.919631260002838,47.839262520005676
98.736653540321,197.473307080642
1.165086903617829,2.330173807235658
71.98498290040443,143.96996580080886
14.063625073809327,28.127250147618653
89.68663106620876,179.37326213241752
5.876284301466129,11.752568602932257
86.68965019666966,173.37930039333932
92.13628419964971,184.27256839929942
1.8671082130643057,3.7342164261286115
84.80679328183574,169.61358656367148
27.346843285591415,54.69368657118283
22.169226859010905,44.33845371802181
65.11893427680617,130.23786855361234
92.89837896251446,185.7967579250289
61.02254430433519,122.04508860867038
21.672906274464676,43.34581254892935
88.61750997988138,177.23501995976275
72.60948157146512,145.21896314293025
83.62294361273855,167.2458872254771
88.11334708164331,176.22669416328662
86.38297817990694,172.76595635981388
62.20659152711856,124.41318305423712
54.525815748828585,109.05163149765717
97.90182653491999,195.80365306983998
15.460076590071449,30.920153180142897
36.93132890146059,73.86265780292118
48.76414852774391,97.52829705548783
9.271299203479499,18.542598406958998
5.358900442996939,10.717800885993878
19.37141124845234,38.74282249690468
36.48683102206758,72.97366204413515
25.8139526670791,51.6279053341582
98.48737412821434,196.97474825642868
67.63067797453611,135.26135594907223
65.67016687541538,131.34033375083075
15.135702224707458,30.271404449414916
12.42111653810033,24.84223307620066
80.89845073838555,161.7969014767711
78.04042924268015,156.0808584853603
48.62257498946101,97.24514997892202
55.2303653555405,110.460730711081
66.64076615353473,133.28153230706945
2.792444446866804,5.584888893733608
77.46319784788004,154.92639569576008
12.71737485813793,25.43474971627586
55.841349685686914,111.68269937137383
66.47552175485046,132.95104350970092
91.88170226869524,183.76340453739047
51.32058134145061,102.64116268290122
20.51136812173644,41.02273624347288
17.75210126099904,35.50420252199808
37.12929887165325,74.2585977433065
88.59705427971161,177.19410855942323
93.93364068228666,187.86728136457333
74.81160436004919,149.62320872009838
28.15816800480172,56.31633600960344
48.597360000633074,97.19472000126615
27.233222703402838,54.466445406805676
66.38849074464733,132.77698148929466
81.83716946384364,163.67433892768727
2.369316314034975,4.73863262806995
12.800053268762102,25.600106537524205
46.027067881357496,92.05413576271499
76.9725985677817,153.9451971355634
81.78702155534079,163.57404311068157
40.852048621110406,81.70409724222081
72.23507092410725,144.4701418482145
61.61440257406505,123.2288051481301
69.94683319177297,139.89366638354593
95.9131214730336,191.8262429460672
9.90247366989112,19.80494733978224
97.1899408046113,194.3798816092226
63.299524294833084,126.59904858966617
5.523250724270579,11.046501448541157
67.60915320903032,135.21830641806065
39.56372772251904,79.12745544503808
35.90148758782694,71.80297517565388
86.94135460520886,173.88270921041772
4.493229173193325,8.98645834638665
22.418053741859133,44.836107483718266
25.49214697600788,50.98429395201576
8.251138698699545,16.50227739739909
57.547148470882426,115.09429694176485
38.26248856600852,76.52497713201704
33.05440106085575,66.1088021217115
50.672856851801654,101.34571370360331
86.72557244388693,173.45114488777386
11.628921454622033,23.257842909244065
15.590955658675053,31.181911317350107
14.963717603437088,29.927435206874176
36.66677855785399,73.33355711570798
60.214156629873436,120.42831325974687
96.9976665426399,193.9953330852798
78.55009341241511,157.10018682483022
81.20315622167882,162.40631244335765
84.81509845286021,169.63019690572042
41.512238132999535,83.02447626599907
19.04730132074628,38.09460264149256
89.08631601607844,178.17263203215688
56.22182902536094,112.44365805072188
60.149774755076535,120.29954951015307
83.2359939423035,166.471987884607
75.27662681395468,150.55325362790936
61.831315378576775,123.66263075715355
13.080832800380016,26.16166560076003
55.52401334312705,111.0480266862541
31.13306515531813,62.26613031063626
71.84763097121484,143.69526194242968
53.62424475515147,107.24848951030295
51.37879548875913,102.75759097751826
34.810569361141184,69.62113872228237
73.3340647131319,146.6681294262638
3.340596649528471,6.681193299056942
31.866005013419297,63.732010026838594
64.4807768966186,128.9615537932372
30.605896695691946,61.21179339138389
22.924461912186132,45.848923824372264
20.35875008940884,40.71750017881768
55.487080568457856,110.97416113691571
62.44448032609142,124.88896065218285
17.542241539041402,35.084483078082805
49.261661156203786,98.52332231240757
0.3200182599296997,0.6400365198593994
6.332713150443514,12.665426300887027
48.738566880823186,97.47713376164637
55.26982166531417,110.53964333062834
17.841144809320575,35.68228961864115
21.264688582979694,42.52937716595939
42.15564296096554,84.31128592193107
4.277991132014048,8.555982264028096
24.06189299595206,48.12378599190412
26.871518790274397,53.743037580548794
57.5298140245157,115.0596280490314
81.0442753871045,162.088550774209
8.773548707562295,17.54709741512459
18.34632579030152,36.69265158060304
35.484589312145964,70.96917862429193
15.48915009758528,30.97830019517056
44.43827773673073,88.87655547346147
93.47579542404235,186.9515908480847
18.654383362385186,37.30876672477037
69.74976878610897,139.49953757221795
97.33481645586615,194.6696329117323
45.953395656589436,91.90679131317887
67.57905129363078,135.15810258726157
55.96916757611255,111.9383351522251
72.85039084783276,145.7007816956655
56.92592291606942,113.85184583213884
41.37573571443619,82.75147142887238
96.09928839667563,192.19857679335126
0.5344750232487372,1.0689500464974744
43.49524784741684,86.99049569483368
39.090807386244755,78.18161477248951
38.425520859900494,76.85104171980099
16.25596743613865,32.5119348722773
1.3424307729176466,2.684861545835293
26.495664945421183,52.991329890842366
27.338258834123952,54.676517668247904
90.88959959816417,181.77919919632834
67.09048420710255,134.1809684142051
81.2315895098895,162.463179019779
94.38845734779937,188.77691469559875
84.83296619176822,169.66593238353644
7.7788367253544095,15.557673450708819
9.809059361414752,19.618118722829504
10.463590236038334,20.927180472076667
62.49531043492445,124.9906208698489
3.048500589135239,6.097001178270478
34.44165605522067,68.88331211044134
72.01934608063306,144.0386921612661
67.51925591095235,135.0385118219047
53.210241666955085,106.42048333391017
76.40955396928209,152.81910793856417
81.92466675347941,163.84933350695883
86.57012858612381,173.14025717224763
41.67710316529784,83.35420633059567
64.58477930639663,129.16955861279325
61.484376093098824,122.96875218619765
25.023885428187487,50.047770856374974
25.369614160697886,50.73922832139577
97.88589919046228,195.77179838092457
79.69044023715485,159.3808804743097
90.45098169927263,180.90196339854526
22.513199949517027,45.026399899034054
38.016211739538754,76.03242347907751
10.21170362997782,20.42340725995564
21.530446066747764,43.06089213349553
71.15482276208466,142.30964552416933
66.45329345865036,132.90658691730073
52.32995582358881,104.65991164717762
13.999488406891924,27.998976813783848
95.36308758800575,190.7261751760115
5.685734914833285,11.37146982966657
29.029141484050324,58.05828296810065
39.57257470295947,79.14514940591894
57.39395180647355,114.7879036129471
96.39672767168345,192.7934553433669
35.651044312608406,71.30208862521681
31.4146352828213,62.8292705656426
29.776819203198823,59.553638406397646
78.63004913007116,157.2600982601423
15.833436706966964,31.666873413933928
66.53021199321586,133.06042398643172
31.241892276018156,62.48378455203631
89.50047072074186,179.00094144148372
32.93593331954396,65.87186663908793
36.69817465539531,73.39634931079063
37.34955569756352,74.69911139512703
96.46222389836015,192.9244477967203
69.45197849452998,138.90395698905996
26.848043900676032,53.696087801352064
89.85055848620696,179.70111697241393
13.483846201604244,26.96769240320849
22.41265666530079,44.82531333060158
12.312626374163893,24.625252748327785
79.44525453065472,158.89050906130944
65.25650853838172,130.51301707676345
1.7520511965381291,3.5041023930762583
11.011443532062248,22.022887064124497
37.145290213490135,74.29058042698027
82.26552410168712,164.53104820337424
37.6348583893481,75.2697167786962
32.88877557901992,65.77755115803984
98.98130016507058,197.96260033014116
92.65615486126757,185.31230972253513
10.185078764810706,20.370157529621412
27.427758548037872,54.855517096075744
26.146140448362477,52.292280896724954
19.853237993237826,39.70647598647565
20.81262894157325,41.6252578831465
45.083739328210015,90.16747865642003
91.70613857600264,183.4122771520053
25.75502381714374,51.51004763428748
23.081077901528634,46.16215580305727
55.41782569325525,110.8356513865105
63.151055346000426,126.30211069200085
40.36319641500735,80.7263928300147
29.060828562939346,58.12165712587869
2.2720686841586457,4.544137368317291
70.6502770563695,141.300554112739
67.14259393313743,134.28518786627487
3.0514534504618496,6.102906900923699
4.491114053579304,8.982228107158608
5.408156135030406,10.816312270060813
4.529578973578352,9.059157947156704
20.248251777046033,40.496503554092065
4.181398841077644,8.362797682155287
43.04792712701104,86.09585425402209
50.1278648291781,100.2557296583562
2.7209281486304193,5.441856297260839
21.932208338019233,43.864416676038466
21.723839579078064,43.44767915815613
10.991301678837583,21.982603357675167
82.6853674279046,165.3707348558092
69.93638395434242,139.87276790868484
64.22390109153051,128.44780218306101
53.7127389303922,107.4254778607844
11.05236857681231,22.10473715362462
39.53051563380063,79.06103126760127
37.443479612361905,74.88695922472381
60.03902577732142,120.07805155464284
99.59776041131474,199.19552082262948
31.627699540119902,63.255399080239805
74.92957346119384,149.85914692238768
86.28719531988335,172.5743906397667
25.17175450525079,50.34350901050158
58.24826133161372,116.49652266322744
73.72487093059061,147.44974186118122
85.1335300148962,170.2670600297924
68.21180967258377,136.42361934516754
50.091330248753486,100.18266049750697
74.57260791174059,149.14521582348118
6.564451132731741,13.128902265463482
15.715996404422993,31.431992808845987
90.47374780889226,180.9474956177845
55.32703801788189,110.65407603576378
52.436820879277825,104.87364175855565
60.577257608462965,121.15451521692593
99.98216054288795,199.9643210857759
70.59742618035087,141.19485236070173
21.44312198967555,42.8862439793511
97.12787816961337,194.25575633922674
43.76113627085704,87.52227254171407
99.34240982641249,198.68481965282498
67.98142854975944,135.96285709951889
69.80737141648817,139.61474283297633
70.40202441058621,140.80404882117242
16.449253275854335,32.89850655170867
19.488445859044756,38.97689171808951
72.7723643009787,145.5447286019574
67.66396395681072,135.32792791362144
32.014318420799114,64.02863684159823
94.17502173749872,188.35004347499745
62.46719504974543,124.93439009949086
45.32942607162747,90.65885214325495
21.36910514485234,42.73821028970468
8.848517710436942,17.697035420873885
23.23865941372335,46.4773188274467
96.66634154837368,193.33268309674736
45.94153525810645,91.8830705162129
28.851195403163942,57.702390806327884
51.081120179724756,102.16224035944951
90.62993149044138,181.25986298088276
74.81513981899464,149.63027963798928
36.13275927036747,72.26551854073494
9.472716414602921,18.945432829205842
18.23708470344112,36.47416940688224
51.22323096801068,102.44646193602136
84.46789718895879,168.93579437791757
77.02267979687834,154.04535959375667
43.16767134128953,86.33534268257905
74.82045620401799,149.64091240803597
49.57515863725099,99.15031727450199
93.76259574103236,187.5251914820647
10.920166929444319,21.840333858888638
43.255950902386076,86.51190180477215
30.01822686110881,60.03645372221762
69.87070079322434,139.7414015864487
65.20702081133501,130.41404162267003
26.25103946998002,52.50207893996004
6.128231666944705,12.25646333388941
15.703016517331736,31.406033034663473
63.87655842792051,127.75311685584101
47.89401102707763,95.78802205415526
34.31875684250868,68.63751368501735
77.82639988549509,155.65279977099019
77.97794414734915,155.9558882946983
20.769548544985415,41.53909708997083
98.29643339092065,196.5928667818413
84.60689186182385,169.2137837236477
17.06331653536095,34.1266330707219
21.774987193905638,43.549974387811275
97.04360018880516,194.08720037761032
81.49391895210354,162.98783790420708
90.51005988624043,181.02011977248085
67.27372680740547,134.54745361481093
51.498344969723455,102.99668993944691
26.592765896832272,53.185531793664545
68.77697358030233,137.55394716060465
18.03536575734317,36.07073151468634
82.33888181437024,164.67776362874048
59.38393356112163,118.76786712224326
51.968524629175384,103.93704925835077
83.01312381688051,166.02624763376102
89.23247540439046,178.4649508087809
16.528090219483783,33.056180438967566
3.5918933198122227,7.183786639624445
1.558887920435259,3.117775840870518
75.35571416322682,150.71142832645364
56.450388741040705,112.90077748208141
54.08054150858037,108.16108301716073
45.838721598228005,91.67744319645601
13.721432828755942,27.442865657511884
86.62774980920129,173.25549961840258
32.14835401261842,64.29670802523684
12.806699368948394,25.613398737896787
63.11520164062511,126.23040328125022
37.683126048108605,75.36625209621721
23.53590086487831,47.07180172975662
54.92988454721903,109.85976909443806
34.856567846365316,69.71313569273063
71.51015691102415,143.0203138220483
29.50874436772677,59.01748873545354
71.98106346646036,143.9621269329207
33.20609406527335,66.4121881305467
16.946139547249928,33.892279094499855
62.02293368970092,124.04586737940184
79.11143799724047,158.22287599448094
18.339926576865253,36.679853153730505
11.562977979236011,23.125955958472023
35.620069547576264,71.24013909515253
60.35311489504289,120.70622979008579
85.89041438816064,171.78082877632127
60.1333449760968,120.2666899521936
35.22686254584725,70.4537250916945
77.67990724734337,155.35981449468673
0.8141990261422927,1.6283980522845853
30.84518869893168,61.69037739786336
5.571913737621637,11.143827475243274
92.63889801200955,185.2777960240191
89.93349119110225,179.8669823822045
88.81274754598437,177.62549509196873
92.14014773073573,184.28029546147147
90.64453369517629,181.28906739035259
91.23886267441077,182.47772534882154
92.31357311912217,184.62714623824434
96.82623895150888,193.65247790301777
25.781646285111947,51.563292570223894
96.06048399467358,192.12096798934715
78.18705684853414,156.37411369706828
40.001180140330405,80.00236028066081
75.97491363227277,151.94982726454555
64.53428706627253,129.06857413254505
71.52266572053803,143.04533144107606
13.73462402765746,27.46924805531492
74.38637238441687,148.77274476883375
35.03073904248294,70.06147808496588
82.62065318357318,165.24130636714636
53.90252461013038,107.80504922026076
32.71085680036254,65.42171360072508
12.118695297776483,24.237390595552966
80.40119416194274,160.80238832388548
0.002232516288191988,0.004465032576383976
98.42566498854623,196.85132997709246
99.15062864662713,198.30125729325425
26.91691873249663,53.83383746499326
72.2400587829551,144.4801175659102
79.45489242333626,158.90978484667252
4.285755793682267,8.571511587364533
22.21705616951629,44.43411233903258
99.03092042850831,198.06184085701662
57.35437847188376,114.70875694376753
82.54439666241453,165.08879332482906
72.25148789885539,144.50297579771077
64.93256885196071,129.86513770392142
19.69979414715233,39.39958829430466
24.210111597777416,48.42022319555483
1.1747800655886986,2.3495601311773973
33.58241924687155,67.1648384937431
76.33183737201693,152.66367474403387
76.8996667254543,153.7993334509086
73.23029288715541,146.46058577431083
96.58070285160582,193.16140570321164
22.018714362780546,44.03742872556109
76.96292817966598,153.92585635933196
39.045486551614125,78.09097310322825
45.57026979502481,91.14053959004961
88.62055989567867,177.24111979135733
24.78477539382312,49.56955078764624
45.04193598547012,90.08387197094024
17.90317051265489,35.80634102530978
94.17419219236992,188.34838438473983
36.58101438510324,73.16202877020648
90.61620284393504,181.23240568787008
48.94795699805068,97.89591399610136
32.701191066745636,65.40238213349127
14.251641983262909,28.503283966525817
38.1697613276054,76.3395226552108
74.70956972611884,149.4191394522377
97.80589386313493,195.61178772626985
17.600349675876704,35.20069935175341
62.85521460613661,125.71042921227323
44.82330317238278,89.64660634476556
99.3778829958541,198.7557659917082
27.65276201147516,55.30552402295032
38.34550260817895,76.6910052163579
47.83825245900489,95.67650491800978
56.785135345002836,113.57027069000567
39.68908089142774,79.37816178285549
32.38571669241862,64.77143338483724
54.15286030793966,108.30572061587932
97.08371579703623,194.16743159407247
87.40167316966134,174.80334633932267
67.19601158331322,134.39202316662644
45.860704781132064,91.72140956226413
91.4947808906802,182.9895617813604
95.8098574823212,191.6197149646424
82.52175195927471,165.04350391854942
22.3364899762694,44.6729799525388
17.88449954079646,35.76899908159292
96.07127818636086,192.1425563727217
3.1934624910040954,6.386924982008191
75.48562007859553,150.97124015719106
18.19605081872607,36.39210163745214
62.37946046321127,124.75892092642253
18.284265406638244,36.56853081327649
58.63145578062529,117.26291156125058
71.80247126148414,143.6049425229683
58.67299087873755,117.3459817574751
4.463055314662578,8.926110629325157
7.014521194634726,14.029042389269453
82.58053118153526,165.16106236307053
34.66183133160088,69.32366266320176
99.19450951641721,198.38901903283443
31.403271797628797,62.806543595257594
98.56815519834447,197.13631039668894
39.554521464996995,79.10904292999399
97.82576896080253,195.65153792160507
98.50652862501221,197.01305725002442
4.446801447579163,8.893602895158326
81.47366896537818,162.94733793075636
84.34966650259965,168.6993330051993
27.905499292369985,55.81099858473997
58.21223763077102,116.42447526154204
9.111935617978684,18.22387123595737
54.093539720902065,108.18707944180413
66.99689741616737,133.99379483233474
31.985713789566628,63.971427579133255
0.9161034890188491,1.8322069780376982
36.962188393783265,73.92437678756653
52.423024667695536,104.84604933539107
84.66171602989118,169.32343205978236
81.29936375715924,162.59872751431848
1.8317856487273354,3.663571297454671
10.695068805359863,21.390137610719727
53.96527587336689,107.93055174673378
88.21519438871803,176.43038877743606
94.88346732516321,189.76693465032642
62.8510743313093,125.7021486626186
45.325805968608634,90.65161193721727
83.309648647107,166.619297294214
62.478220970780065,124.95644194156013
58.85811787921894,117.71623575843788
1.8056320827036343,3.6112641654072686
76.07311225350536,152.14622450701071
98.62105787349657,197.24211574699314
64.2983109943599,128.5966219887198
6.325466252319756,12.650932504639512
73.70965619787555,147.4193123957511
9.609007945252479,19.218015890504958
20.785283488475258,41.570566976950516
47.193477280602146,94.38695456120429
83.5009358888285,167.001871777657
87.32785293940348,174.65570587880697
48.207916114210114,96.41583222842023
81.35020231091133,162.70040462182266
56.73027267730368,113.46054535460736
52.89542829369373,105.79085658738747
23.64398538619257,47.28797077238514
34.249423069792215,68.49884613958443
93.95370069640188,187.90740139280376
16.813852484907333,33.627704969814666
68.10679947093024,136.21359894186048
82.14617906425698,164.29235812851397
9.51986648875016,19.03973297750032
82.61444668346421,165.22889336692842
91.5343335502554,183.0686671005108
35.0397624741227,70.0795249482454
41.06535119013437,82.13070238026874
54.54673822058863,109.09347644117726
78.63970037498193,157.27940074996386
60.76408552485803,121.52817104971606
89.7897056641376,179.5794113282752
45.304201509276595,90.60840301855319
89.70212078402801,179.40424156805602
60.477194716798444,120.95438943359689
75.19898829965031,150.39797659930062
97.04270762358314,194.08541524716628
85.72218604305738,171.44437208611475
3.320978565196242,6.641957130392484
98.92927193546298,197.85854387092596
16.6815483955123,33.3630967910246
12.153281150141481,24.306562300282962
1.706083852299134,3.412167704598268
75.00059968856247,150.00119937712495
53.77554476935534,107.55108953871068
42.587563094065985,85.17512618813197
56.86713927755371,113.73427855510742
99.09172924335736,198.18345848671473
98.02132294041166,196.04264588082333
34.516218586128375,69.03243717225675
78.53513876683536,157.07027753367072
54.99179727262644,109.98359454525288
14.524705669154459,29.049411338308918
56.50131977922981,113.00263955845962
44.575761607808474,89.15152321561695
99.9693030017686,199.9386060035372
98.39315007243974,196.78630014487948
41.222380999115174,82.44476199823035
56.579306508155646,113.15861301631129
1.7298381917748795,3.459676383549759
3.8195445244534443,7.639089048906889
2.8143061426600835,5.628612285320167
47.7178687278824,95.4357374557648
85.54807352960935,171.0961470592187
6.710108049827001,13.420216099654002
62.76754103498533,125.53508206997066
98.76127262030037,197.52254524060075
16.637014382179196,33.27402876435839
17.274632564745563,34.549265129491125
97.4316964643088,194.8633929286176
86.48519639290679,172.97039278581357
60.99607848815509,121.99215697631018
18.9419324727492,37.8838649454984
12.438497186788632,24.876994373577265
38.38617111108347,76.77234222216694
86.719589239964,173.439178479928
59.88999258829929,119.77998517659859
10.849078510197184,21.69815702039437
10.96533579512603,21.93067159025206
14.831268337732983,29.662536675465965
84.26091456758645,168.5218291351729
8.523337591498436,17.04667518299687
53.9247115631153,107.8494231262306
94.59173484118388,189.18346968236776
53.91043721448564,107.82087442897128
83.7914895317776,167.5829790635552
16.296299286083283,32.592598572166565
12.161543536387276,24.323087072774552
60.611435424246984,121.22287084849397
39.297061649122256,78.59412329824451
8.5371769758112,17.0743539516224
43.59440230602739,87.18880461205478
86.21161576375175,172.4232315275035
18.358239281513832,36.716478563027664
47.26140938159678,94.52281876319356
25.217044253281685,50.43408850656337
73.99750549026362,147.99501098052724
40.44180111228258,80.88360222456517
28.720578107888862,57.441156215777724
60.39980328168707,120.79960656337414
53.936207144662504,107.87241428932501
42.931698705896046,85.86339741179209
83.21131105546456,166.42262211092913
17.000206956676323,34.000413913352645
67.96542350808892,135.93084701617784
31.069706442710434,62.13941288542087
10.692752250341087,21.385504500682174
37.852118958463286,75.70423791692657
38.18821575399257,76.37643150798515
33.09910839542761,66.19821679085523
95.81060526900687,191.62121053801374
29.21537330579008,58.43074661158016
85.5375623782619,171.0751247565238
51.674223186352386,103.34844637270477
87.25390418750825,174.5078083750165
63.234835950292336,126.46967190058467
82.74640652076248,165.49281304152495
52.33234529206668,104.66469058413335
72.01227999269659,144.02455998539318
87.14020698325398,174.28041396650795
11.60413583799783,23.20827167599566
90.70341760705438,181.40683521410875
28.15725376803013,56.31450753606026
87.4422654381164,174.8845308762328
18.874171835386555,37.74834367077311
96.55188163881803,193.10376327763606
14.854515152588787,29.709030305177574
77.02247178852407,154.04494357704814
69.92753149534452,139.85506299068905
40.40763477984323,80.81526955968646
33.792233744611934,67.58446748922387
69.6323844204369,139.2647688408738
48.542835392342,97.085670784684
48.763743684485405,97.52748736897081
42.63526918196919,85.27053836393839
39.67182359547817,79.34364719095635
10.125942532174593,20.251885064349185
97.34172959739816,194.6834591947963
16.014810742297737,32.029621484595474
40.78040963491444,81.56081926982888
80.929032190654,161.858064381308
62.544607648866304,125.08921529773261
38.82705792761103,77.65411585522206
69.00731515130933,138.01463030261866
81.3457163648914,162.6914327297828
85.02994754916674,170.05989509833347
21.146686495658372,42.293372991316744
71.24620914199265,142.4924182839853
8.27262826768347,16.54525653536694
79.57773571964277,159.15547143928555
37.235428006761886,74.47085601352377
37.89151253380808,75.78302506761617
49.4509423665086,98.9018847330172
43.70988295553244,87.41976591106489
94.17800319130734,188.35600638261468
10.46285008688569,20.92570017377138
42.499131238096176,84.99826247619235
64.03717922987879,128.07435845975758
90.12507984903759,180.25015969807518
3.01240065061279,6.02480130122558
29.987271943521765,59.97454388704353
67.36213399393654,134.72426798787308
46.57860044896697,93.15720089793393
43.998093466773945,87.99618693354789
84.83031247526439,169.66062495052878
62.30862863531211,124.61725727062422
60.184027424933085,120.36805484986617
14.90272414194621,29.80544828389242
16.143755559930106,32.28751111986021
61.60688281833615,123.2137656366723
30.740104447058002,61.480208894116004
51.20723392354262,102.41446784708523
66.51718138982146,133.03436277964292
42.8724037367841,85.7448074735682
82.3450780430562,164.6901560861124
48.89186582162799,97.78373164325598
10.1407185945539,20.2814371891078
83.48528365210842,166.97056730421684
91.01862339996161,182.03724679992322
38.80442531622232,77.60885063244464
11.732224744686304,23.46444948937261
17.38247688794291,34.76495377588582
80.64663832523807,161.29327665047614
89.2570735795964,178.5141471591928
40.24949676648417,80.49899353296834
66.03789155722372,132.07578311444743
41.850770037763695,83.70154007552739
93.64946460496387,187.29892920992773
39.66336251225773,79.32672502451545
71.00130629228083,142.00261258456166
19.954505355039696,39.90901071007939
85.7709138109019,171.5418276218038
38.22663462049114,76.45326924098228
96.06657726774111,192.13315453548222
12.84773207304102,25.69546414608204
2.53187811830079,5.06375623660158
80.99393734859788,161.98787469719576
5.439152468868946,10.878304937737893
77.01043241936783,154.02086483873566
13.30306467091049,26.60612934182098
59.27988555233653,118.55977110467306
62.228395440063856,124.45679088012771
77.01018020738572,154.02036041477143
15.087345235168614,30.17469047033723
79.15176271435357,158.30352542870713
26.044746331988968,52.089492663977936
53.52659924739518,107.05319849479037
86.60170696761679,173.20341393523358
12.458704370467322,24.917408740934643
6.693458143272768,13.386916286545535
94.28993229030444,188.57986458060887
3.4689742527713174,6.937948505542635
91.80854099593267,183.61708199186535
14.064120911876266,28.128241823752532
80.1072337272463,160.2144674544926
96.34752862143999,192.69505724287998
51.54785628406224,103.09571256812448
6.933674912350918,13.867349824701837
53.1852797991553,106.3705595983106
96.340925297728,192.681850595456
87.85364743170825,175.7072948634165
60.613378178272825,121.22675635654565
31.171669529482138,62.343339058964276
52.17094253021123,104.34188506042246
77.36136743823626,154.72273487647251
88.3808121011564,176.7616242023128
35.8070776805381,71.6141553610762
84.94060464888761,169.88120929777523
21.782509864498778,43.565019728997555
59.345542466106075,118.69108493221215
88.85284763596262,177.70569527192524
73.02318301098961,146.04636602197922
45.936951588971866,91.87390317794373
37.59831230501437,75.19662461002873
87.55735092743156,175.1147018548631
33.12332244171444,66.24664488342889
50.551040433093554,101.10208086618711
23.517370393365244,47.03474078673049
84.0177472311482,168.0354944622964
7.817160908794863,15.634321817589726
55.67161355476098,111.34322710952196
81.17803402084405,162.3560680416881
33.17204533956658,66.34409067913316
44.81573827885824,89.63147655771648
21.285859131235096,42.57171826247019
53.04950594703719,106.09901189407438
6.522783538676835,13.04556707735367
29.9859375730003,59.9718751460006
82.9374821314521,165.8749642629042
0.1396023944632785,0.279204788926557
48.688105239661915,97.37621047932383
44.33092710793976,88.66185421587952
62.63539301970275,125.2707860394055
84.99406590629177,169.98813181258353
53.4890374685378,106.9780749370756
1.8488457308856066,3.697691461771213
39.608526619998926,79.21705323999785
50.29762956417279,100.59525912834557
51.99930009103754,103.99860018207508
15.537239441006069,31.074478882012137
61.48898143705883,122.97796287411767
82.99232638812323,165.98465277624646
70.88007237682584,141.76014475365167
1.3402855967573402,2.6805711935146803
75.2817271096766,150.5634542193532
95.91459405332272,191.82918810664543
0.9380557221322028,1.8761114442644056
33.74304708907131,67.48609417814262
22.087269303658175,44.17453860731635
78.23987866449535,156.4797573289907
16.674576492177316,33.34915298435463
92.95799542101355,185.9159908420271
52.57381888535103,105.14763777070206
99.39723767000208,198.79447534000417
91.20134137028325,182.4026827405665
63.33335823850443,126.66671647700886
98.9843140961941,197.9686281923882
41.95598181937936,83.91196363875872
27.383895409989144,54.76779081997829
8.616839916059782,17.233679832119563
51.701219485739756,103.40243897147951
76.3192736564859,152.6385473129718
18.263974155027984,36.52794831005597
50.983804542410105,101.96760908482021
71.98715660715482,143.97431321430963
31.07651353434555,62.1530270686911
18.587370446345687,37.174740892691375
91.46507143420787,182.93014286841574
76.45374722849827,152.90749445699655
84.2635966369659,168.5271932739318
21.725517981690523,43.451035963381045
16.99752364801659,33.99504729603318
29.052974186786017,58.10594837357203
63.673873949351155,127.34774789870231
17.750960267844405,35.50192053568881
54.42078798083762,108.84157596167525
28.196001346896704,56.39200269379341
68.19436836299045,136.3887367259809
4.767286855125574,9.534573710251149
59.72592965536173,119.45185931072346
70.94838244370585,141.8967648874117
88.13807797055344,176.27615594110688
65.19544886233528,130.39089772467057
37.71021506887537,75.42043013775074
32.13342187629392,64.26684375258785
72.17488312952254,144.34976625904508
42.040390451610754,84.08078090322151
0.38681555973333337,0.7736311194666667
96.63271029583392,193.26542059166783
14.551096847449418,29.102193694898837
43.612250101028195,87.22450020205639
53.87083710836569,107.74167421673138
84.52756121197305,169.0551224239461
79.16299516210373,158.32599032420745
32.90432950499967,65.80865900999935
75.97449540037944,151.94899080075888
64.12830131625603,128.25660263251206
25.416979544902986,50.83395908980597
8.973627624461677,17.947255248923355
9.855410015807987,19.710820031615974
45.03508061072197,90.07016122144394
59.986469188958914,119.97293837791783
39.27199024260876,78.54398048521752
8.497256819781585,16.99451363956317
39.69440701486734,79.38881402973468
83.39402250285252,166.78804500570504
23.066271609847234,46.13254321969447
61.2732107834821,122.5464215669642
62.840615091221544,125.68123018244309
16.540407878490747,33.080815756981494
96.25116729099827,192.50233458199654
63.66361082797391,127.32722165594782
13.668180217818183,27.336360435636365
25.615793403347155,51.23158680669431
77.1962771564403,154.3925543128806
35.25775751338004,70.51551502676008
38.94856648860947,77.89713297721894
26.815509807143222,53.631019614286444
50.267413025820176,100.53482605164035
30.80940851922923,61.61881703845846
53.36707069178341,106.73414138356682
87.5595735430937,175.1191470861874
42.90660437915989,85.81320875831977
93.11247404969635,186.2249480993927
37.622505771339675,75.24501154267935
9.069510491096311,18.139020982192623
51.09937918499885,102.1987583699977
71.49732872669085,142.9946574533817
1.5348038213821913,3.0696076427643826
82.39443799046138,164.78887598092277
41.127050343316796,82.25410068663359
5.301312435739058,10.602624871478117
80.92451519788817,161.84903039577634
43.61061161368755,87.2212232273751
39.214228886365085,78.42845777273017
92.28999956445787,184.57999912891574
23.11817280116687,46.23634560233374
28.14825920731847,56.29651841463694
79.11345540550077,158.22691081100155
91.27419875070501,182.54839750141002
82.88294738430235,165.7658947686047
69.60158839608425,139.2031767921685
69.42309063674293,138.84618127348585
10.408951723384307,20.817903446768614
35.481769187787414,70.96353837557483
63.101379203232376,126.20275840646475
54.60786119312754,109.21572238625508
84.134005577238,168.268011154476
10.012838710230321,20.025677420460642
5.531400324046098,11.062800648092196
68.40303956766314,136.80607913532629
54.163966861910396,108.32793372382079
95.80594616399924,191.61189232799848
8.326340233154673,16.652680466309345
10.48029969520149,20.96059939040298
37.55253301886066,75.10506603772131
88.0247465824898,176.0494931649796
59.354871651454864,118.70974330290973
7.478824442734622,14.957648885469244
47.35295606294403,94.70591212588806
8.856706744455733,17.713413488911467
14.57696256940395,29.1539251388079
0.1295461797611197,0.2590923595222394
27.16178023859953,54.32356047719906
3.555159039820066,7.110318079640132
72.82742412440274,145.65484824880548
80.32533503514695,160.6506700702939
47.71555709129321,95.43111418258643
90.33750262587311,180.67500525174623
71.20241550648018,142.40483101296036
11.266895805049327,22.533791610098653
43.63688649424638,87.27377298849277
85.31025429977542,170.62050859955085
36.2532966206838,72.5065932413676
24.600964303057193,49.201928606114386
51.02495491549962,102.04990983099924
38.012940034290374,76.02588006858075
36.847341678924984,73.69468335784997
12.465540340701564,24.931080681403127
98.7847864319287,197.5695728638574
50.63934264220781,101.27868528441562
27.273055931451896,54.54611186290379
90.96531627949668,181.93063255899335
77.17714822287722,154.35429644575444
91.25357465092146,182.50714930184293
45.17986381305994,90.35972762611988
75.45693551347881,150.91387102695762
71.64233929809328,143.28467859618655
23.35011407077082,46.70022814154164
2.5370522539469142,5.0741045078938285
46.54546429383707,93.09092858767414
74.76481303412812,149.52962606825625
50.21671291561951,100.43342583123902
0.2898640752706294,0.5797281505412588
7.221754027798156,14.443508055596311
92.56638990859413,185.13277981718826
1.8045286996296261,3.6090573992592523
11.112875054514692,22.225750109029384
83.50979981006128,167.01959962012256
22.247027484212467,44.49405496842493
46.712232921651434,93.42446584330287
78.24687761557915,156.4937552311583
82.90833174963547,165.81666349927093
32.54108829696892,65.08217659393785
38.62688429225304,77.25376858450608
94.36745933836157,188.73491867672314
33.40894362982014,66.81788725964029
2.7398587302259525,5.479717460451905
40.4435887164655,80.887177432931
23.916057704180048,47.832115408360096
87.31796817321592,174.63593634643183
33.528880245116,67.057760490232
26.933512436895935,53.86702487379187
58.851483252667514,117.70296650533503
61.390578886488754,122.78115777297751
59.283177831321474,118.56635566264295
16.15429121037506,32.30858242075012
87.72590737120403,175.45181474240806
90.98279477901502,181.96558955803005
5.810196999958761,11.620393999917521
60.20603290452834,120.41206580905668
37.8018548543247,75.6037097086494
29.976495802585703,59.952991605171405
26.085089553433207,52.170179106866414
60.56958169739515,121.1391633947903
99.40740896395398,198.81481792790797
51.129882595594125,102.25976519118825
97.97673135461578,195.95346270923156
18.18013226654056,36.36026453308112
72.45478755752941,144.90957511505883
24.320982689024596,48.64196537804919
73.42604178430716,146.85208356861432
5.686885578942524,11.373771157885049
8.313851670062999,16.627703340125997
6.443932798143481,12.887865596286963
46.164369079840284,92.32873815968057
18.895176940655745,37.79035388131149
7.863998658568294,15.727997317136587
79.29385523460071,158.58771046920143
60.80201320029103,121.60402640058206
19.469913527717296,38.93982705543459
76.49447934536789,152.98895869073579
99.53788849875606,199.07577699751212
75.4410000668146,150.8820001336292
69.43844702159,138.87689404318
45.15022930059159,90.30045860118318
26.95130025745245,53.9026005149049
25.217751440701274,50.43550288140255
63.64617932171952,127.29235864343904
79.57718890262791,159.15437780525582
96.75804368262436,193.51608736524872
10.361393786014572,20.722787572029144
55.46011407111761,110.92022814223522
59.133659260172976,118.26731852034595
69.82557675146664,139.65115350293328
52.91328027621201,105.82656055242401
7.409088697453914,14.818177394907828
97.895702571957,195.791405143914
67.42757611437848,134.85515222875696
61.16446459029638,122.32892918059277
34.59362476403024,69.18724952806048
66.21459560707478,132.42919121414957
40.56146393811147,81.12292787622295
53.23733044997828,106.47466089995656
1.3749886842828851,2.7499773685657702
30.00691600905041,60.01383201810082
71.09585149753265,142.1917029950653
40.34101168221626,80.68202336443252
29.364589025015995,58.72917805003199
17.697281452998848,35.394562905997695
23.399354369285387,46.798708738570774
54.78946963442661,109.57893926885322
62.604473907721484,125.20894781544297
50.89936037164091,101.79872074328182
19.45086406203107,38.90172812406214
77.1768057981707,154.3536115963414
77.14777432211929,154.29554864423858
49.56758695744325,99.1351739148865
81.51368134319507,163.02736268639015
39.69132510645396,79.38265021290792
2.754094161744247,5.508188323488494
19.764159965941086,39.52831993188217
41.468624183086675,82.93724836617335
35.00462799561868,70.00925599123735
28.592678302881815,57.18535660576363
25.79306401617777,51.58612803235554
68.55593621485458,137.11187242970917
70.2713076377833,140.5426152755666
20.941538962658047,41.883077925316094
16.07265821904431,32.14531643808862
63.18050396669239,126.36100793338478
93.32839310154847,186.65678620309694
48.56772467894606,97.13544935789211
90.38617566960593,180.77235133921187
15.547877844130841,31.095755688261683
83.45213833625087,166.90427667250174
8.450112374964093,16.900224749928185
97.16510455582184,194.33020911164368
67.14740358057149,134.29480716114298
41.03995689412145,82.0799137882429
34.763456286400995,69.52691257280199
65.76451804851393,131.52903609702787
30.259474288555744,60.51894857711149
14.633040488669591,29.266080977339183
23.815829467064354,47.63165893412871
61.97530686441053,123.95061372882105
26.531646356062012,53.063292712124024
67.13676278127,134.27352556254
47.95161787827924,95.90323575655847
16.1013268768206,32.2026537536412
79.71742086217527,159.43484172435055
22.139731659353156,44.27946331870631
86.51381802093961,173.02763604187922
7.86430275907467,15.72860551814934
92.11296408342055,184.2259281668411
8.91290456655689,17.82580913311378
48.495728470028155,96.99145694005631
71.21440969954196,142.42881939908392
77.10922279334275,154.2184455866855
16.65522300737825,33.3104460147565
55.88249684597998,111.76499369195996
2.2918786334743313,4.583757266948663
61.6769534875203,123.3539069750406
96.27013799149852,192.54027598299703
57.77199311196058,115.54398622392117
22.15878105849287,44.31756211698574
56.99763845171645,113.9952769034329
29.11658875459616,58.23317750919232
51.05025841845248,102.10051683690496
61.34168470585601,122.68336941171202
3.2279691015480005,6.455938203096001
0.4899380069180226,0.9798760138360452
21.64186303701848,43.28372607403696
32.53369761023056,65.06739522046112
84.40503884179981,168.81007768359962
35.72978918525849,71.45957837051698
86.4325170628947,172.8650341257894
32.47763882371601,64.95527764743203
45.27174690101059,90.54349380202117
42.36066034083278,84.72132068166556
83.94254194392926,167.8850838878585
73.09273786225033,146.18547572450066
73.86589514465813,147.73179028931625
15.859512123641917,31.719024247283834
38.99859015023522,77.99718030047045
94.51912528967092,189.03825057934185
91.29997019125611,182.59994038251222
37.158631006396035,74.31726201279207
94.26400406992724,188.52800813985448
47.73787639902961,95.47575279805922
57.60391276315564,115.20782552631128
90.40670428906189,180.81340857812378
27.966677125401073,55.93335425080215
6.398231442112479,12.796462884224958
95.91725789867314,191.83451579734628
17.73833080965036,35.47666161930072
32.01675133228591,64.03350266457181
21.350147525240004,42.70029505048001
79.17181937167027,158.34363874334053
28.664097391655694,57.32819478331139
31.888098633392815,63.77619726678563
73.6013822163657,147.2027644327314
63.92704088897524,127.85408177795048
92.64943227720896,185.29886455441792
9.67098957535476,19.34197915070952
80.36876592206632,160.73753184413263
30.286542398411818,60.573084796823636
36.52796534219702,73.05593068439404
73.42860091847976,146.85720183695952
27.944504077750054,55.88900815550011
93.97210425483668,187.94420850967336
58.69603742473591,117.39207484947183
4.336449752401883,8.672899504803766
56.06520547525692,112.13041095051383
13.629213053711965,27.25842610742393
40.20210169676742,80.40420339353484
25.025614145279075,50.05122829055815
23.06612421297781,46.13224842595562
32.772501973986515,65.54500394797303
86.23151072404202,172.46302144808405
91.49665429565076,182.9933085913015
15.916847843065018,31.833695686130035
65.0564946793899,130.1129893587798
15.63073799828718,31.26147599657436
82.7938342850971,165.5876685701942
75.54897776281395,151.0979555256279
41.68473196501451,83.36946393002901
36.464588204830974,72.92917640966195
21.206477625799668,42.412955251599335
92.43251751804391,184.86503503608782
79.19902581027827,158.39805162055654
27.263302696000135,54.52660539200027
83.49967743248926,166.99935486497853
83.5799276372791,167.1598552745582
78.3206737271293,156.6413474542586
46.3556521917994,92.7113043835988
11.310742330637513,22.621484661275026
31.413477655327103,62.826955310654206
2.0326990908016596,4.065398181603319
72.0956521689551,144.1913043379102
66.0999569660996,132.1999139321992
9.976626843947379,19.953253687894758
36.493556741403886,72.98711348280777
6.280581846949341,12.561163693898681
54.41920340937681,108.83840681875363
69.41003291887206,138.82006583774412
29.94992834590593,59.89985669181186
34.486844525882724,68.97368905176545
58.907649024615985,117.81529804923197
39.456844133951364,78.91368826790273
92.86898241950873,185.73796483901745
38.63608055839608,77.27216111679216
49.584455509091455,99.16891101818291
44.99916747750573,89.99833495501146
95.70354571794972,191.40709143589945
9.218174095161968,18.436348190323937
46.48590447760923,92.97180895521846
56.08563538668593,112.17127077337186
78.56709188994627,157.13418377989254
12.717474401019857,25.434948802039713
81.19365952475279,162.38731904950558
59.64205349463766,119.28410698927532
43.4237575264777,86.8475150529554
51.33660428011395,102.6732085602279
7.116263400322376,14.232526800644752
48.77898317271898,97.55796634543796
53.883148006188854,107.76629601237771
49.477152945349864,98.95430589069973
71.79907148599148,143.59814297198295
34.126359538283324,68.25271907656665
43.70460602816881,87.40921205633762
41.392866404578896,82.78573280915779
29.98774241805838,59.97548483611676
79.83101263339056,159.66202526678111
17.59259610042152,35.18519220084304
52.28272281253972,104.56544562507943
55.18767482104215,110.3753496420843
15.883037893830831,31.766075787661663
61.582711808409144,123.16542361681829
70.48282930629117,140.96565861258233
84.2919722633282,168.5839445266564
78.28058289770976,156.56116579541953
71.52414343720845,143.0482868744169
21.668165932241834,43.33633186448367
42.53251931483189,85.06503862966377
59.62858417912511,119.25716835825023
71.45638240071418,142.91276480142835
14.966392468815403,29.932784937630807
75.5182439044631,151.0364878089262
32.149066478518726,64.29813295703745
34.63347484570662,69.26694969141325
74.58592328457192,149.17184656914384
50.24537932877979,100.49075865755958
11.157439434786621,22.314878869573242
61.5132149937497,123.0264299874994
59.05498648387682,118.10997296775363
75.8790296130812,151.7580592261624
68.34924022925999,136.69848045851998
94.76101994302898,189.52203988605797
12.143822686743299,24.287645373486598
63.71153448031197,127.42306896062394
22.766821947830707,45.53364389566141
32.42529440198819,64.85058880397638
60.70179757772072,121.40359515544144
20.773100875486172,41.546201750972344
35.32707165039428,70.65414330078856
62.35813755791577,124.71627511583154
66.91073139578354,133.8214627915671
50.93441043649729,101.86882087299458
8.57211370440345,17.1442274088069
53.19103748442152,106.38207496884304
59.27303062388475,118.5460612477695
69.01735319658806,138.03470639317612
75.63329440496824,151.26658880993648
93.90034121891765,187.8006824378353
22.14187693144628,44.28375386289256
84.95185096881335,169.9037019376267
66.04569758404159,132.09139516808318
67.54599246842419,135.09198493684838
37.042269186493485,74.08453837298697
55.84683028649082,111.69366057298164
84.66130195714389,169.32260391428778
42.72103332090206,85.44206664180412
69.0737675688244,138.1475351376488
82.05050291848777,164.10100583697553
7.045641949383263,14.091283898766527
14.191004819120812,28.382009638241623
88.52395742160823,177.04791484321646
54.12226153751233,108.24452307502466
14.517065274346674,29.034130548693348
19.763024639907044,39.52604927981409
86.25972106593831,172.51944213187662
45.97954357794228,91.95908715588456
99.50756128526943,199.01512257053886
77.37401156236284,154.74802312472568
74.14425991999272,148.28851983998544
6.045172479584449,12.090344959168897
91.09979548721704,182.19959097443407
6.96371031400208,13.92742062800416
52.6637029587347,105.3274059174694
51.35286178564803,102.70572357129606
53.086793288693556,106.17358657738711
2.4818835565150965,4.963767113030193
74.26906802268375,148.5381360453675
47.7407475749011,95.4814951498022
35.91954159458616,71.83908318917231
90.34491044229546,180.68982088459092
31.297036177689485,62.59407235537897
87.27781880054226,174.55563760108453
39.429149192164346,78.85829838432869
28.92651200999864,57.85302401999728
88.4729261897873,176.9458523795746
95.23152496080925,190.4630499216185
19.449103991573292,38.898207983146584
26.91959858120445,53.8391971624089
97.41664478419206,194.83328956838412
5.821576406703677,11.643152813407355
42.839680073691376,85.67936014738275
62.0095763701923,124.0191527403846
89.80307059549911,179.60614119099822
4.079038303474791,8.158076606949582
18.174380082217677,36.348760164435355
68.95394921689785,137.9078984337957
53.157588650330965,106.31517730066193
60.27568131536658,120.55136263073317
16.475056156396462,32.950112312792925
51.84640201695287,103.69280403390574
30.345952444829337,60.69190488965867
70.93262824415376,141.86525648830752
84.77806634763255,169.5561326952651
77.34224299046703,154.68448598093406
35.06978074355003,70.13956148710005
49.64935514868356,99.29871029736712
14.510394059033215,29.02078811806643
49.56142417067993,99.12284834135986
11.412181236847152,22.824362473694304
60.471199136370366,120.94239827274073
66.26404456945353,132.52808913890706
52.80469994103514,105.60939988207028
71.39165003666051,142.78330007332102
88.90064966977457,177.80129933954913
93.48507088805405,186.9701417761081
38.232991951148286,76.46598390229657
79.34971161883905,158.6994232376781
23.305478498580435,46.61095699716087
27.73180397889108,55.46360795778216
35.0074980961606,70.0149961923212
35.85532249942261,71.71064499884523
89.5323753269363,179.0647506538726
40.94629954869632,81.89259909739263
99.49823124716383,198.99646249432766
14.50336305612614,29.00672611225228
77.94281595188187,155.88563190376374
13.240700698733377,26.481401397466755
79.24020151575581,158.48040303151163
77.55634191250327,155.11268382500654
61.16159728971002,122.32319457942005
88.29541697344118,176.59083394688236
95.60945656815692,191.21891313631383
93.66435577264693,187.32871154529386
58.68554842354187,117.37109684708373
47.957261201716385,95.91452240343277
89.02689739105043,178.05379478210085
4.984350986610764,9.968701973221528
43.65550227128846,87.31100454257692
39.298061426232486,78.59612285246497
14.63361896025377,29.26723792050754
28.212974621062724,56.42594924212545
95.66069802961809,191.32139605923618
19.358679525648746,38.71735905129749
41.23356320209951,82.46712640419902
0.5934954257521108,1.1869908515042216
11.671156701040076,23.34231340208015
40.34121360337443,80.68242720674886
33.136391740583925,66.27278348116785
35.87578958642251,71.75157917284503
64.84089905146668,129.68179810293336
47.76965595557224,95.53931191114448
89.21413202681691,178.42826405363382
18.787016044188785,37.57403208837757
20.07843357469328,40.15686714938656
54.640774299297,109.281548598594
2.3599603849049466,4.719920769809893
44.623723524237505,89.24744704847501
31.519587923924263,63.039175847848526
46.5107776626833,93.0215553253666
10.28013130619766,20.56026261239532
91.85515713543475,183.7103142708695
60.58808826129142,121.17617652258284
44.43287726764509,88.86575453529018
66.447353086861,132.894706173722
6.890182578841952,13.780365157683905
35.65346234287071,71.30692468574142
70.56829977824026,141.13659955648052
81.88388928713354,163.76777857426708
83.72719476621144,167.45438953242288
40.271593293492025,80.54318658698405
79.72967546453704,159.45935092907408
21.77833362400696,43.55666724801392
94.73890641419429,189.47781282838858
56.01394459269431,112.02788918538862
48.124993443454464,96.24998688690893
26.886107996876042,53.772215993752084
70.93094722731543,141.86189445463086
46.677117109008826,93.35423421801765
44.549254281908254,89.09850856381651
68.74327943006426,137.48655886012853
4.240645273284072,8.481290546568143
51.80667648701601,103.61335297403203
42.17923063186142,84.35846126372284
41.08326474702137,82.16652949404273
13.65441519181002,27.30883038362004
9.328609177460445,18.65721835492089
17.93555905374118,35.87111810748236
17.953085948371317,35.906171896742634
61.9254653584523,123.8509307169046
80.30182578244403,160.60365156488805
42.3590693881152,84.7181387762304
47.32900091888982,94.65800183777964
78.45817063147845,156.9163412629569
17.15675290989881,34.31350581979762
30.73298962837756,61.46597925675512
71.99659233118598,143.99318466237196
45.152192658930545,90.30438531786109
25.41010915321452,50.82021830642904
65.52259170981176,131.04518341962353
70.96633726914077,141.93267453828153
71.74779248375907,143.49558496751814
15.599124774332074,31.198249548664148
29.35077871641536,58.70155743283072
7.997826343366155,15.99565268673231
18.71888470727825,37.4377694145565
63.91407155860406,127.82814311720811
40.25615284421844,80.51230568843688
41.48612943391187,82.97225886782374
81.6725700040574,163.3451400081148
55.912049391481666,111.82409878296333
59.6777925410219,119.3555850820438
14.180733142165703,28.361466284331406
98.49871841155375,196.9974368231075
79.42370371956216,158.8474074391243
72.4485512348026,144.8971024696052
26.795408312647982,53.590816625295965
38.24869804489237,76.49739608978474
55.89706598608251,111.79413197216502
27.484093883804604,54.96818776760921
92.19242434163316,184.3848486832663
45.0031863360208,90.0063726720416
80.34358927274272,160.68717854548544
47.31791195153103,94.63582390306206
54.46968740466943,108.93937480933886
26.694202199421213,53.388404398842425
48.8735387605624,97.7470775211248
99.3268120556555,198.653624111311
17.606961068842608,35.213922137685216
33.49095067561342,66.98190135122684
52.619956346827415,105.23991269365483
21.071212552217787,42.142425104435574
21.11781875060751,42.23563750121502
27.934853664787163,55.869707329574325
21.848961726339866,43.69792345267973
80.44059529883604,160.8811905976721
67.89639675693348,135.79279351386697
0.8222723914994234,1.6445447829988469
55.58248844985128,111.16497689970257
67.86148565117485,135.7229713023497
59.56190234642727,119.12380469285453
72.26554187092728,144.53108374185456
70.23858418463057,140.47716836926114
27.09703984128837,54.19407968257674
87.98709345356099,175.97418690712198
1.9051935669960995,3.810387133992199
67.59174723928224,135.18349447856448
34.07690966323498,68.15381932646996
24.65697772194083,49.31395544388166
28.92323398579749,57.84646797159498
60.27750318781286,120.55500637562572
72.48686350797009,144.97372701594017
37.37541198428481,74.75082396856962
11.544633974955154,23.089267949910308
64.6355410218834,129.2710820437668
34.75760470875954,69.51520941751907
84.15339871763848,168.30679743527696
88.44586137538018,176.89172275076035
12.90667226767448,25.81334453534896
77.80467059420855,155.6093411884171
51.092635499599396,102.18527099919879
77.94992865370531,155.89985730741063
99.08190168169418,198.16380336338835
36.051483093802425,72.10296618760485
6.645300427438993,13.290600854877987
33.414762336422456,66.82952467284491
96.72774098558575,193.4554819711715
91.04705906063892,182.09411812127783
4.781594774064324,9.563189548128648
19.14458577436666,38.28917154873332
12.2429191612609,24.4858383225218
6.553890571576815,13.10778114315363
1.4477582147236379,2.8955164294472757
71.25673523852845,142.5134704770569
55.651017044313974,111.30203408862795
14.75773490711103,29.51546981422206
71.51437484092213,143.02874968184426
69.42319253775194,138.8463850755039
88.90184448048014,177.80368896096027
83.25674267324501,166.51348534649003
36.641908962425816,73.28381792485163
69.54870235106137,139.09740470212273
89.83235416262842,179.66470832525684
82.3637667694329,164.7275335388658
28.131702206704322,56.263404413408644
15.968596278842773,31.937192557685545
18.278814195227945,36.55762839045589
3.396008464005551,6.792016928011102
52.03847582237277,104.07695164474553
11.388950149868126,22.777900299736253
63.3338955890819,126.6677911781638
95.97412640733724,191.94825281467448
70.32180721215224,140.64361442430447
82.913993156928,165.827986313856
16.74449290707306,33.48898581414612
9.573154835371444,19.146309670742887
15.169070313945143,30.338140627890287
24.87261656442028,49.74523312884056
33.50139782516376,67.00279565032751
50.68640488684446,101.37280977368891
20.681597700535402,41.363195401070804
59.954967546601424,119.90993509320285
15.04212895058804,30.08425790117608
91.88402347236288,183.76804694472577
12.682732029666099,25.365464059332197
78.92549314951715,157.8509862990343
27.145103220445755,54.29020644089151
56.16939691938233,112.33879383876466
11.075939379077237,22.151878758154474
93.29910796278081,186.59821592556162
12.778739838008546,25.557479676017092
40.55878165897037,81.11756331794074
37.924598789629286,75.84919757925857
2.000199196473873,4.000398392947746
33.316192522440616,66.63238504488123
55.65028707175392,111.30057414350784
96.98021895067048,193.96043790134095
36.148233070623604,72.29646614124721
36.65910504497967,73.31821008995934
44.908082666815254,89.81616533363051
23.347027423615508,46.694054847231016
79.8572612036148,159.7145224072296
41.410720944700884,82.82144188940177
96.36225114066583,192.72450228133167
28.44160359598916,56.88320719197832
54.55048745046776,109.10097490093553
52.920403955747716,105.84080791149543
57.67493125652692,115.34986251305384
36.816575044840846,73.63315008968169
27.433326518404755,54.86665303680951
92.90897444287167,185.81794888574333
52.49139645756608,104.98279291513217
32.77478504590814,65.54957009181628
54.25408720239046,108.50817440478092
58.71494904331301,117.42989808662603
66.42234466427627,132.84468932855253
9.983931799389135,19.96786359877827
41.56650887426466,83.13301774852933
1.6619704138123748,3.3239408276247495
62.0262860854487,124.0525721708974
52.99434196287754,105.98868392575508
57.11803766508009,114.23607533016018
74.23116139194953,148.46232278389905
54.528849951823155,109.05769990364631
19.96771558178182,39.93543116356364
81.06887148821393,162.13774297642786
54.397089124453636,108.79417824890727
64.50054179000094,129.00108358000188
41.35895609264391,82.71791218528782
53.592498558837235,107.18499711767447
51.04461249837352,102.08922499674703
11.406757011562185,22.81351402312437
1.9365513811491986,3.873102762298397
72.56881162655459,145.13762325310918
61.26926195337714,122.53852390675428
6.891153953657902,13.782307907315804
38.376877658370965,76.75375531674193
21.96614738495004,43.93229476990008
19.067710655377613,38.13542131075523
6.654039711735072,13.308079423470144
36.680362762556165,73.36072552511233
5.671624317785473,11.343248635570946
53.89551633260551,107.79103266521102
73.75855783990428,147.51711567980857
17.127904674087436,34.25580934817487
18.40735112148676,36.81470224297352
17.848524189180658,35.697048378361316
7.415243522383053,14.830487044766105
74.71808440752928,149.43616881505855
70.62913447354414,141.25826894708828
48.87124538110207,97.74249076220414
82.09903501119994,164.1980700223999
39.01988182015849,78.03976364031698
76.76717828053152,153.53435656106305
65.15117497036277,130.30234994072555
49.28145353450131,98.56290706900262
82.02175967457818,164.04351934915636
23.638032836702973,47.276065673405945
57.07941357017522,114.15882714035044
48.65221839791387,97.30443679582774
74.91927694367486,149.83855388734972
62.473078057925576,124.94615611585115
51.56359065976619,103.12718131953238
59.84634582699282,119.69269165398563
12.714645705691618,25.429291411383236
56.31697332033268,112.63394664066536
96.88738282548617,193.77476565097234
19.278271714990204,38.55654342998041
39.46070195061152,78.92140390122304
54.4259440581206,108.8518881162412
89.87367693888088,179.74735387776175
5.348130286914032,10.696260573828065
79.51575053621198,159.03150107242396
6.282367399624256,12.564734799248512
28.794677800241086,57.58935560048217
21.55943841357112,43.11887682714224
20.870462862040284,41.74092572408057
80.90411891903167,161.80823783806335
75.19578270461083,150.39156540922167
86.60961026595172,173.21922053190343
6.500529014854283,13.001058029708567
16.484838278519387,32.969676557038774
13.080360063867447,26.160720127734894
84.21912921124508,168.43825842249015
27.971289294814728,55.942578589629456
98.85542552750724,197.71085105501447
44.90011671959875,89.8002334391975
99.30911404652602,198.61822809305204
0.9886858366848106,1.9773716733696212
38.984174781509395,77.96834956301879
8.595475349007764,17.190950698015527
69.07428065213657,138.14856130427313
37.832573768014555,75.66514753602911
98.69126628885377,197.38253257770754
78.99561679138827,157.99123358277654
69.23030663792211,138.46061327584422
86.8177090486774,173.6354180973548
21.152677847257984,42.30535569451597
30.579799455765244,61.15959891153049
78.02342027863973,156.04684055727947
43.5996792296235,87.199358459247
82.2647193009511,164.5294386019022
68.64535540842559,137.29071081685117
87.58267370837818,175.16534741675636
85.05263733682317,170.10527467364633
53.815843266901666,107.63168653380333
5.304967065758815,10.60993413151763
23.690728006028984,47.38145601205797
40.88415194648011,81.76830389296022
96.2563436003328,192.5126872006656
43.70139285525077,87.40278571050155
71.58165291799682,143.16330583599364
21.69505225694114,43.39010451388228
30.350543899199998,60.701087798399996
59.903128293595955,119.80625658719191
10.774349218941426,21.54869843788285
64.48208204725493,128.96416409450987
52.93675812859272,105.87351625718544
99.29070063587508,198.58140127175017
5.489340035058299,10.978680070116598
32.85313694605585,65.7062738921117
97.81766796922308,195.63533593844616
64.4310467947323,128.8620935894646
65.8725369482394,131.7450738964788
72.4375565173537,144.8751130347074
61.965828916444046,123.93165783288809
32.76118771093552,65.52237542187105
64.86350728665586,129.72701457331172
63.863309241569645,127.72661848313929
41.77094029481497,83.54188058962994
25.582007542989636,51.16401508597927
60.22027468095361,120.44054936190722
88.99684118327703,177.99368236655405
92.90097862965105,185.8019572593021
74.41242787712272,148.82485575424545
74.7082803879364,149.4165607758728
47.860724400169815,95.72144880033963
5.814316265838126,11.628632531676253
30.41149768726936,60.82299537453872
30.343724973183818,60.687449946367636
22.84105145395151,45.68210290790302
90.35342487104555,180.7068497420911
74.8104980861023,149.6209961722046
94.41878566705228,188.83757133410455
46.30129083581923,92.60258167163846
27.614457105171418,55.228914210342836
42.09838711384612,84.19677422769225
15.121562110041165,30.24312422008233
44.0661648564011,88.1323297128022
28.92836046836027,57.85672093672054
36.102470852040035,72.20494170408007
49.935704888671864,99.87140977734373
32.14021475763554,64.28042951527108
87.23122817108889,174.46245634217777
82.4404854094921,164.8809708189842
6.546078535766597,13.092157071533194
37.6101534045769,75.2203068091538
32.31123474218901,64.62246948437802
40.13516523537071,80.27033047074141
43.3353196773549,86.6706393547098
57.07953125657298,114.15906251314595
89.33657116543417,178.67314233086833
33.12353980449338,66.24707960898677
43.137890453337455,86.27578090667491
45.875174680923706,91.75034936184741
74.85988409723419,149.71976819446837
62.4596693951133,124.9193387902266
30.476153646143565,60.95230729228713
32.544011505511314,65.08802301102263
46.90280542087809,93.80561084175618
16.254658566144652,32.509317132289304
65.83500566981456,131.67001133962913
59.79502197684654,119.59004395369308
37.88547800457268,75.77095600914537
69.28562879182805,138.5712575836561
80.91657825445677,161.83315650891353
75.56807390933973,151.13614781867946
26.19043916307381,52.38087832614762
50.18047067428749,100.36094134857498
93.07496968842027,186.14993937684054
35.06171239779972,70.12342479559943
79.20269480699514,158.40538961399028
12.329413576878267,24.658827153756533
50.43123829324869,100.86247658649738
25.458858164031128,50.917716328062255
56.19942652337876,112.39885304675752
51.19850378028884,102.39700756057768
66.85736739836541,133.71473479673082
39.29610637896508,78.59221275793016
99.14009957128937,198.28019914257874
52.73095099086702,105.46190198173404
68.35328999202883,136.70657998405767
14.096321705350846,28.19264341070169
20.415091664606344,40.83018332921269
49.269521953684446,98.53904390736889
87.7325550199718,175.4651100399436
9.605945532850168,19.211891065700335
65.94468246398176,131.88936492796353
66.91560125281161,133.83120250562322
71.79173433032601,143.58346866065202
22.03540362348737,44.07080724697474
99.78380901047447,199.56761802094894
21.915679920887122,43.831359841774244
22.467930480720653,44.93586096144131
32.315792108156536,64.63158421631307
18.68460534845193,37.36921069690386
68.43708970492418,136.87417940984835
43.78914649705783,87.57829299411566
15.911080881273755,31.82216176254751
27.22640561915647,54.45281123831294
40.86072822894323,81.72145645788646
88.60680525191565,177.2136105038313
21.171629206781184,42.34325841356237
80.5773085166556,161.1546170333112
49.47885125455981,98.95770250911961
97.22756788012971,194.45513576025942
85.45006654219279,170.90013308438557
15.567877332365399,31.135754664730797
56.891461602407965,113.78292320481593
25.099811757126623,50.19962351425325
12.491972126193696,24.983944252387392
72.5249192597132,145.0498385194264
8.243618541557652,16.487237083115303
25.494386865199658,50.988773730399316
31.833659385050606,63.66731877010121
40.473601718445906,80.94720343689181
66.68701631322162,133.37403262644324
16.652656808916355,33.30531361783271
59.13694733172272,118.27389466344545
78.38907002280818,156.77814004561637
83.02799703999683,166.05599407999367
79.86529631314784,159.73059262629567
83.99510389936744,167.99020779873487
69.2800818514167,138.5601637028334
41.03607932302536,82.07215864605072
88.2723214440617,176.5446428881234
51.59460859764269,103.18921719528538
59.46136767090323,118.92273534180646
84.38928661595575,168.7785732319115
23.16373620895601,46.32747241791202
12.569790185578434,25.139580371156867
83.27118055344863,166.54236110689726
54.21111836910528,108.42223673821056
78.56489510197018,157.12979020394036
54.39960334578422,108.79920669156844
33.276976306880556,66.55395261376111
29.414508000047558,58.829016000095116
93.11751477302217,186.23502954604433
68.31840871872598,136.63681743745195
2.2388002383506245,4.477600476701249
27.89847577946115,55.7969515589223
38.96755874793565,77.9351174958713
57.103234188098284,114.20646837619657
27.862773907720996,55.72554781544199
14.85565895670261,29.71131791340522
7.1226559282690065,14.245311856538013
70.52729457785126,141.05458915570253
35.93771188161553,71.87542376323105
84.96195080360206,169.92390160720413
58.90923698725346,117.81847397450692
43.35894389368322,86.71788778736644
