input:a:0,output:b:0
69.19666594627417,138.39333189254833
45.71922448065667,91.43844896131334
8.724593490626365,17.44918698125273
66.59849155474427,133.19698310948854
57.227929885112026,114.45585977022405
88.0846509790392,176.1693019580784
69.85217353697522,139.70434707395043
52.27953613121999,104.55907226243998
19.025846317757058,38.051692635514115
58.23967213917766,116.47934427835531
38.37858127487558,76.75716254975116
60.34346518119644,120.68693036239289
77.86357600403036,155.72715200806073
32.427009854701275,64.85401970940255
8.904836655555936,17.809673311111872
71.80192012229176,143.60384024458352
24.60094578212708,49.20189156425416
99.82561138704015,199.6512227740803
46.29807195667694,92.59614391335388
6.372718298120638,12.745436596241277
69.3916511583389,138.7833023166778
41.93528661662154,83.87057323324308
84.05480120253497,168.10960240506995
91.05208811327961,182.10417622655922
69.8824737131335,139.764947426267
49.33193371762844,98.66386743525688
43.87154869188801,87.74309738377602
96.15846186004971,192.31692372009942
9.069736007256445,18.13947201451289
74.52616286825582,149.05232573651165
91.95505085253136,183.91010170506271
13.130492813234895,26.26098562646979
23.575576460130023,47.151152920260046
8.377637582815357,16.755275165630714
67.3842287080208,134.7684574160416
80.69119321544605,161.3823864308921
83.04551839810712,166.09103679621424
25.165072033902536,50.33014406780507
14.467451536486486,28.934903072972972
38.938286288465086,77.87657257693017
95.7726813392184,191.5453626784368
28.960582755884555,57.92116551176911
98.49763324483914,196.99526648967827
73.70376463497908,147.40752926995816
24.64266587076405,49.2853317415281
10.455990738265008,20.911981476530016
98.29913016685033,196.59826033370067
73.03363105258954,146.06726210517908
98.63966501598345,197.2793300319669
9.64852633071579,19.29705266143158
77.74747623451434,155.49495246902868
29.092985168704754,58.18597033740951
76.53643553211491,153.07287106422982
41.76750377402063,83.53500754804126
19.44655564838744,38.89311129677488
45.68278442711908,91.36556885423816
83.53418118928903,167.06836237857806
69.04904307573078,138.09808615146156
40.43265171057262,80.86530342114524
21.768516727365018,43.537033454730036
88.09602981789868,176.19205963579736
61.330874093574664,122.66174818714933
41.012840153220985,82.02568030644197
94.24539603960318,188.49079207920636
85.92271331223651,171.84542662447302
82.31289444908154,164.62578889816308
62.12553084811078,124.25106169622156
77.24567588048582,154.49135176097164
86.1121449797509,172.2242899595018
83.93515586259056,167.87031172518112
37.982242157442755,75.96448431488551
98.85514767366719,197.71029534733438
34.953377849451215,69.90675569890243
65.45587890015105,130.9117578003021
3.8938905563762782,7.7877811127525565
16.24384244073791,32.48768488147582
2.750566128877663,5.501132257755326
10.905700262345086,21.81140052469017
36.484538518518775,72.96907703703755
30.20892875413843,60.41785750827686
6.917566325083369,13.835132650166738
97.89321229267317,195.78642458534634
97.57445915458635,195.1489183091727
84.56165079660369,169.12330159320737
89.57605471623538,179.15210943247075
79.69320243563062,159.38640487126125
93.43937861445878,186.87875722891755
7.959247008919556,15.918494017839112
55.96594791234403,111.93189582468806
39.7424928829766,79.4849857659532
20.703016006985898,41.406032013971796
38.44924779308102,76.89849558616204
32.96455735967534,65.92911471935068
68.34617159098494,136.69234318196987
47.78656716069046,95.57313432138092
79.21746323714228,158.43492647428457
22.263100288468973,44.526200576937946
96.80953111534392,193.61906223068783
43.93985673157281,87.87971346314562
18.53021852699722,37.06043705399444
31.066255450732772,62.132510901465544
75.43176456521876,150.8635291304375
56.95021538942382,113.90043077884764
98.99713710434487,197.99427420868975
88.96480932969183,177.92961865938366
92.79327966549502,185.58655933099004
84.93079628601035,169.8615925720207
99.51074021769656,199.02148043539313
59.92385931964807,119.84771863929615
26.08547184579161,52.17094369158322
4.70124159632711,9.40248319265422
78.70416298641217,157.40832597282434
46.462214115644116,92.92442823128823
41.18838699373447,82.37677398746894
68.3850995099992,136.7701990199984
55.942821641376206,111.88564328275241
92.50925727546033,185.01851455092066
5.55849879371153,11.11699758742306
32.504362583882354,65.00872516776471
63.695403712769064,127.39080742553813
60.480794248309955,120.96158849661991
63.05842162672475,126.1168432534495
11.006426609287722,22.012853218575444
13.244225987649738,26.488451975299476
59.60914642211701,119.21829284423401
9.285486807346832,18.570973614693663
15.55126121335183,31.10252242670366
86.43487642372601,172.86975284745202
10.398443067269291,20.796886134538582
84.01108988722756,168.0221797744551
79.98196052201372,159.96392104402744
75.44593534693867,150.89187069387734
94.44391364789372,188.88782729578745
58.14879262885746,116.29758525771491
1.6766006525903765,3.353201305180753
75.57740672184315,151.1548134436863
74.16605228632613,148.33210457265227
18.708076787112336,37.41615357422467
70.70937026885336,141.41874053770673
20.395063005949776,40.79012601189955
38.65088017414179,77.30176034828358
57.70082537361958,115.40165074723916
61.84995965256409,123.69991930512818
77.86355594770873,155.72711189541747
8.46982057296416,16.93964114592832
77.56912438762355,155.1382487752471
17.46042511902108,34.92085023804216
14.738048909154887,29.476097818309775
42.16725768960734,84.33451537921468
90.91396260264409,181.82792520528818
60.345104285152175,120.69020857030435
36.004205734698516,72.00841146939703
66.92489271693266,133.84978543386532
0.10183040114450925,0.2036608022890185
71.64002088692348,143.28004177384696
60.87971644463778,121.75943288927556
57.63589821176114,115.27179642352228
66.85372760140866,133.70745520281733
3.415140033868236,6.830280067736472
42.381752994564046,84.76350598912809
9.295852391356352,18.591704782712704
7.577712441198836,15.155424882397671
82.61358869010795,165.2271773802159
43.600614397136226,87.20122879427245
38.51740355403632,77.03480710807264
70.30742678478312,140.61485356956624
63.003745926947786,126.00749185389557
68.06059439403917,136.12118878807834
48.8773773379427,97.7547546758854
59.45964375126038,118.91928750252076
81.45820204617142,162.91640409234284
67.06959705639858,134.13919411279716
25.235948239240123,50.47189647848025
86.20940017190225,172.4188003438045
58.82693943722354,117.65387887444707
80.32497223103815,160.6499444620763
79.00736960146031,158.01473920292062
51.59420804953746,103.18841609907491
80.5709806025132,161.1419612050264
34.34026135679113,68.68052271358226
38.84845589394506,77.69691178789012
3.8523036400529453,7.704607280105891
25.865364634811694,51.73072926962339
94.35473938864793,188.70947877729586
42.97020976216671,85.94041952433342
63.163772261463045,126.32754452292609
11.664208939696795,23.32841787939359
27.745758951670307,55.491517903340615
83.39032261924507,166.78064523849014
12.796321792554288,25.592643585108576
55.9174292017611,111.8348584035222
90.73778039591133,181.47556079182266
63.6545298308142,127.3090596616284
19.059767717950216,38.11953543590043
86.21207481012893,172.42414962025785
8.255030017625142,16.510060035250284
79.3073675254546,158.6147350509092
63.02805810500567,126.05611621001134
28.75386810406916,57.50773620813832
50.833789051197144,101.66757810239429
84.30372130269585,168.6074426053917
49.782488729864916,99.56497745972983
36.929294976454315,73.85858995290863
66.32705933298124,132.65411866596247
53.89431378783275,107.7886275756655
71.97578070041222,143.95156140082443
89.8705946164172,179.7411892328344
28.130975173010896,56.26195034602179
70.60213884987616,141.2042776997523
35.981938711198126,71.96387742239625
83.85636024198922,167.71272048397844
23.33770228045786,46.67540456091572
34.687093255258105,69.37418651051621
60.80865585764771,121.61731171529541
17.089405795336,34.178811590672
17.80869646860481,35.61739293720962
32.52830117608975,65.0566023521795
69.18571309339725,138.3714261867945
23.419846844113547,46.839693688227094
76.98266532218248,153.96533064436497
54.40316319824935,108.8063263964987
90.62491269443689,181.24982538887377
44.24473631074871,88.48947262149743
50.445721157972855,100.89144231594571
68.56883047476038,137.13766094952075
2.0779307093676036,4.155861418735207
28.43966249051989,56.87932498103978
46.62091387112205,93.2418277422441
39.32926683793212,78.65853367586423
1.1151416554239235,2.230283310847847
65.16325254311084,130.3265050862217
15.95140870966537,31.90281741933074
48.15841078216575,96.3168215643315
70.13901412465735,140.2780282493147
23.265632146252678,46.531264292505355
2.449464074136376,4.898928148272752
15.675286636270291,31.350573272540583
82.82680117402428,165.65360234804857
3.025245706898849,6.050491413797698
55.96771596073524,111.93543192147048
52.66329766768079,105.32659533536157
7.82838390432079,15.65676780864158
4.739219933352922,9.478439866705845
85.89873123201592,171.79746246403184
82.04263585610407,164.08527171220814
0.36407592099358954,0.7281518419871791
92.94815779147243,185.89631558294485
33.571383889043084,67.14276777808617
24.719673178512114,49.43934635702423
77.53523447453207,155.07046894906415
76.94388177139426,153.88776354278852
78.60091822888755,157.2018364577751
73.80260011594831,147.60520023189662
24.650283903545155,49.30056780709031
65.99098686452301,131.98197372904602
88.70134413610607,177.40268827221215
29.99118340421235,59.9823668084247
5.492740705725718,10.985481411451437
18.887634599847992,37.775269199695984
54.585967117269604,109.17193423453921
87.65062761182915,175.3012552236583
39.51214661639845,79.0242932327969
94.51061282001021,189.02122564002042
98.34056023965636,196.6811204793127
2.730201015683764,5.460402031367528
29.157162778601553,58.314325557203105
35.90998495426201,71.81996990852402
5.420026057495608,10.840052114991217
14.794944197699756,29.589888395399512
46.79266028817308,93.58532057634616
23.585674218393425,47.17134843678685
77.35353252588544,154.70706505177088
44.7305798050752,89.4611596101504
36.72265541995896,73.44531083991792
66.73082015820943,133.46164031641885
88.05495630534789,176.10991261069577
98.8363157988996,197.6726315977992
78.08433997310298,156.16867994620597
55.165534069260225,110.33106813852045
78.3955822655805,156.791164531161
44.28164329001662,88.56328658003324
21.31468594288065,42.6293718857613
1.3178213517010207,2.6356427034020413
8.345601821495707,16.691203642991415
59.40631286987673,118.81262573975346
1.7140021142830641,3.4280042285661283
14.93869733094182,29.87739466188364
2.9457949714005838,5.8915899428011675
80.3864167915722,160.7728335831444
11.991756590750391,23.983513181500783
23.39187464117313,46.78374928234626
6.869913755553769,13.739827511107539
26.94196048276445,53.8839209655289
21.750118723103974,43.50023744620795
75.52096463362724,151.0419292672545
57.80593530285502,115.61187060571004
1.3654764291009758,2.7309528582019515
96.10634047107627,192.21268094215253
86.77782555810431,173.55565111620862
64.33007077584311,128.66014155168622
13.7173367723475,27.434673544695
59.949210761023764,119.89842152204753
65.15149135469451,130.30298270938903
95.12556527800974,190.2511305560195
4.505361041876421,9.010722083752842
8.405036279311807,16.810072558623613
30.024352305407387,60.048704610814774
92.96752988519167,185.93505977038333
8.074175068595723,16.148350137191446
49.709862071090996,99.41972414218199
48.92200641372464,97.84401282744928
38.19825266294114,76.39650532588227
14.11558801933972,28.23117603867944
72.9117944525849,145.8235889051698
37.80387910204128,75.60775820408256
13.346363228183211,26.692726456366422
4.059627643940667,8.119255287881334
79.612264941963,159.224529883926
11.476922778733146,22.95384555746629
11.845908690629326,23.69181738125865
26.36232018656961,52.72464037313922
41.610590876307526,83.22118175261505
40.85718207774015,81.7143641554803
50.11831683450343,100.23663366900686
87.70868408932611,175.41736817865223
88.98794403608777,177.97588807217554
1.9953934328596157,3.9907868657192314
48.09743057935982,96.19486115871965
5.442260477870153,10.884520955740307
77.2655615922599,154.5311231845198
67.20929601506703,134.41859203013405
27.634703013113736,55.26940602622747
34.04541221195084,68.09082442390168
94.43577447994649,188.87154895989298
21.25820305326761,42.51640610653522
32.295610286102495,64.59122057220499
57.99399430543222,115.98798861086443
10.699036324119627,21.398072648239253
56.754975966232955,113.50995193246591
72.71311915322005,145.4262383064401
91.07774566004893,182.15549132009787
54.37449948847974,108.74899897695948
96.4086675639713,192.8173351279426
98.68886024254093,197.37772048508185
17.110856078120563,34.221712156241125
7.5765131678016795,15.153026335603359
74.05244616087109,148.10489232174217
37.72423009438789,75.44846018877578
74.66848786054346,149.33697572108693
34.113583887784024,68.22716777556805
6.739721604744197,13.479443209488394
34.540155091944555,69.08031018388911
89.70062625572429,179.40125251144858
91.17434481360436,182.34868962720873
41.98275058342428,83.96550116684855
15.357994538149299,30.715989076298598
47.6639025222737,95.3278050445474
9.345124461802845,18.69024892360569
65.27284719680942,130.54569439361885
7.581155443867171,15.162310887734343
71.27484143268083,142.54968286536166
10.949924353979357,21.899848707958714
95.0338545234409,190.0677090468818
95.84213466974714,191.68426933949428
46.577151954458394,93.15430390891679
70.0220663380798,140.0441326761596
92.79658787741471,185.59317575482942
43.293263507618796,86.58652701523759
68.58173764958234,137.16347529916467
95.07827103448989,190.15654206897977
30.38790987891834,60.77581975783668
72.58571546477911,145.17143092955823
14.458722009480807,28.917444018961614
26.87928719871652,53.75857439743304
86.77158061786314,173.54316123572627
13.109196102529197,26.218392205058393
47.64461661711542,95.28923323423084
50.17265428779615,100.3453085755923
6.247410741062365,12.49482148212473
55.45248051848044,110.90496103696088
49.33948866831051,98.67897733662102
82.52777996123058,165.05555992246116
58.4566572064668,116.9133144129336
94.48465815356556,188.96931630713112
70.40604637633443,140.81209275266886
3.17235199648489,6.34470399296978
10.01921494350535,20.0384298870107
50.235203386687274,100.47040677337455
94.45591119316681,188.91182238633363
47.04594561884626,94.09189123769252
2.692176427471149,5.384352854942298
89.45478812934938,178.90957625869876
49.8271125853357,99.6542251706714
90.39778096641638,180.79556193283275
30.763910941571126,61.52782188314225
16.9193701617965,33.838740323593
55.32413590408459,110.64827180816918
22.99353867844316,45.98707735688632
96.88442495562556,193.76884991125112
91.80862133718851,183.61724267437702
85.42372055830208,170.84744111660416
35.333429871353225,70.66685974270645
75.52928665882887,151.05857331765773
26.336630476046718,52.673260952093436
2.9715328263848595,5.943065652769719
94.50392990188882,189.00785980377765
33.77081480615375,67.5416296123075
32.28734316109768,64.57468632219536
93.8414385248923,187.6828770497846
94.33517094122378,188.67034188244756
17.051388471136665,34.10277694227333
92.17993849016504,184.35987698033009
40.437843194580545,80.87568638916109
33.65082421060771,67.30164842121542
14.939927831042098,29.879855662084196
1.8502754152261103,3.7005508304522206
5.556983304195184,11.113966608390369
23.335642093151463,46.67128418630293
30.46124036777457,60.92248073554914
51.117354973614326,102.23470994722865
2.0569813563251937,4.1139627126503875
77.08965195033629,154.17930390067258
67.71269582190409,135.42539164380818
69.02490818068362,138.04981636136725
91.98061855440497,183.96123710880994
68.42173238936294,136.8434647787259
73.16736503915429,146.33473007830858
70.70066762502492,141.40133525004984
58.353786424154755,116.70757284830951
9.171766127178527,18.343532254357054
78.55963801692447,157.11927603384893
70.58314400305464,141.16628800610928
32.14750218085217,64.29500436170434
82.69230804964381,165.38461609928763
63.69617201206887,127.39234402413774
77.36776944809478,154.73553889618955
36.648005465412815,73.29601093082563
0.3948869041055292,0.7897738082110584
33.767845221689676,67.53569044337935
73.46398083762632,146.92796167525265
67.65056708358388,135.30113416716776
86.09506991617377,172.19013983234754
43.10456167555199,86.20912335110398
84.8145572602516,169.6291145205032
49.84045756631536,99.68091513263072
88.36730221828381,176.73460443656762
62.71519065138011,125.43038130276022
20.95628634049005,41.9125726809801
77.64364136479901,155.28728272959802
33.964117381403995,67.92823476280799
38.44317020504504,76.88634041009009
62.27726646943243,124.55453293886487
91.12110233582978,182.24220467165955
43.24106107252842,86.48212214505683
81.29877308091383,162.59754616182767
50.10546428019846,100.21092856039692
71.83236230498053,143.66472460996107
47.349506564633174,94.69901312926635
83.03884188372278,166.07768376744556
30.28116378225055,60.5623275645011
31.79117463068809,63.58234926137618
99.37836314955283,198.75672629910565
60.44076754739379,120.88153509478758
68.52434545464256,137.0486909092851
62.754051974142456,125.50810394828491
75.14069675524082,150.28139351048165
39.03517079108201,78.07034158216402
73.80084210470315,147.6016842094063
57.1334983940292,114.2669967880584
71.11912284416833,142.23824568833666
62.79345768449889,125.58691536899778
33.368616242818305,66.73723248563661
67.78790967780456,135.57581935560913
60.36753754474813,120.73507508949626
67.83431621640665,135.6686324328133
57.33812488596596,114.67624977193192
76.58305689069999,153.16611378139999
61.6487726081684,123.2975452163368
94.77334875708846,189.5466975141769
6.131398163007429,12.262796326014858
45.52945090366589,91.05890180733178
21.911092306000757,43.822184612001514
26.984253596201203,53.968507192402406
29.327515828594052,58.655031657188104
69.00771661465932,138.01543322931863
46.86755767383596,93.73511534767192
55.39718749838324,110.79437499676648
95.12410649807437,190.24821299614874
92.09560560371234,184.1912112074247
11.504863410005782,23.009726820011565
23.93609792713226,47.87219585426452
45.59591847899799,91.19183695799597
29.48217332927088,58.96434665854176
84.08520110157866,168.17040220315732
86.54859777023576,173.09719554047152
42.60188278294619,85.20376556589238
73.29096939224493,146.58193878448986
74.37157489532132,148.74314979064263
50.4154535323703,100.8309070647406
35.63267801824963,71.26535603649926
5.642224588868894,11.284449177737788
7.3431430393313235,14.686286078662647
93.76687712713736,187.53375425427473
80.26315128517716,160.52630257035432
32.11392881108202,64.22785762216404
97.22207328716453,194.44414657432907
64.75649065319669,129.51298130639339
91.33045370362164,182.6609074072433
2.858790589961846,5.717581179923692
84.70507169053224,169.41014338106447
43.265033091382676,86.53006618276535
90.09951628138928,180.19903256277857
5.281981020197279,10.563962040394559
29.41865411854313,58.83730823708626
20.94368850887218,41.88737701774436
63.185122456063915,126.37024491212783
36.631400151552654,73.26280030310531
69.34548594259284,138.6909718851857
58.475629243251625,116.95125848650325
20.744679025039325,41.48935805007865
54.310748108621695,108.62149621724339
99.24378206263495,198.4875641252699
55.97906328404324,111.95812656808648
43.61280425583013,87.22560851166025
39.75935856890685,79.5187171378137
79.71558827755126,159.43117655510252
29.50392028984745,59.0078405796949
37.94670784587226,75.89341569174452
49.06650239119611,98.13300478239222
89.99944443826182,179.99888887652364
33.35995922816535,66.7199184563307
5.968747639010353,11.937495278020705
3.021221529180451,6.042443058360902
4.905445542283049,9.810891084566098
37.82301094316948,75.64602188633896
1.861347625130838,3.722695250261676
61.411879419162396,122.82375883832479
89.06729173723747,178.13458347447494
38.44914868428041,76.89829736856082
75.71952008930828,151.43904017861655
47.58077240182502,95.16154480365005
1.6442615497319846,3.288523099463969
23.980640605438875,47.96128121087775
14.180280129023659,28.360560258047318
38.71714571695394,77.43429143390787
85.63891245198695,171.2778249039739
96.28985421317905,192.5797084263581
30.054535510324975,60.10907102064995
87.82681152450762,175.65362304901524
60.35739003056532,120.71478006113064
7.705866520610572,15.411733041221144
65.29995279322148,130.59990558644296
99.28675865363492,198.57351730726984
0.3220067856051112,0.6440135712102224
56.110353783575775,112.22070756715155
0.40589330000697643,0.8117866000139529
5.848655823002202,11.697311646004405
35.09186066368245,70.1837213273649
41.39975768456716,82.79951536913433
99.3458627647367,198.6917255294734
53.18327574659343,106.36655149318686
80.12453308570304,160.24906617140607
14.204111578740331,28.408223157480663
30.655736736302142,61.311473472604284
41.094073455196536,82.18814691039307
22.499538026385945,44.99907605277189
68.22084906778184,136.44169813556368
50.41218608688097,100.82437217376194
30.803486982762017,61.606973965524034
29.586097120846865,59.17219424169373
6.459566027401031,12.919132054802063
93.66766710452042,187.33533420904084
58.5487733564843,117.0975467129686
31.494046138653566,62.98809227730713
41.250377442876825,82.50075488575365
73.26761138325284,146.53522276650568
76.19361020484698,152.38722040969395
60.94347455134439,121.88694910268877
83.45604190455145,166.9120838091029
62.23309505276191,124.46619010552382
19.15112242006539,38.30224484013078
52.313513911244,104.627027822488
40.3499930405276,80.6999860810552
71.47396299755377,142.94792599510754
19.38406886543762,38.76813773087524
95.36890331454204,190.73780662908408
98.74824506292437,197.49649012584874
27.704579864042213,55.409159728084425
68.85999501406536,137.71999002813072
50.04595746632289,100.09191493264578
9.926967056840386,19.853934113680772
65.6436876818415,131.287375363683
35.890066688495104,71.78013337699021
2.388989538558761,4.777979077117522
59.76436970753517,119.52873941507033
35.32770327064247,70.65540654128495
60.55079797173036,121.10159594346072
10.171388718266384,20.342777436532767
75.2535903721295,150.507180744259
43.744930415751824,87.48986083150365
77.28165905846801,154.56331811693602
45.24494273651246,90.48988547302493
76.78131611435184,153.56263222870368
8.77731441925096,17.55462883850192
47.50009080467138,95.00018160934276
2.8619394041651147,5.723878808330229
84.58330894080734,169.16661788161468
92.4318592356143,184.8637184712286
55.129647283765706,110.25929456753141
38.56543508955688,77.13087017911376
55.66450000993763,111.32900001987527
7.80236515218834,15.60473030437668
63.46967538603619,126.93935077207237
82.91492763537403,165.82985527074806
41.76097126349606,83.52194252699212
97.06220077871842,194.12440155743684
9.462063495955364,18.92412699191073
92.55071125503399,185.10142251006798
84.35791907198599,168.71583814397198
98.9277390137013,197.8554780274026
78.38498710630266,156.76997421260532
37.133403133580444,74.26680626716089
94.78612814493853,189.57225628987706
30.65755359282123,61.31510718564246
9.070182484737167,18.140364969474334
36.4340210934069,72.8680421868138
39.42672425353787,78.85344850707574
38.65750639074654,77.31501278149308
28.578608854411726,57.15721770882345
26.584910354077916,53.16982070815583
7.8728178498623125,15.745635699724625
13.891242813013827,27.782485626027654
31.99621707719764,63.99243415439528
1.8248230093335538,3.6496460186671076
41.00753490734766,82.01506981469532
40.511272132168486,81.02254426433697
2.667423417155612,5.334846834311224
52.76762352632885,105.5352470526577
68.035663199672,136.071326399344
59.315318619813496,118.63063723962699
83.49568927415197,166.99137854830394
49.557046450893715,99.11409290178743
36.430134442416474,72.86026888483295
21.461056212394436,42.92211242478887
18.675331778734172,37.350663557468344
36.131030298536594,72.26206059707319
26.774353956440223,53.548707912880445
24.824968895346654,49.64993779069331
25.64866189478736,51.29732378957472
17.893057863254246,35.78611572650849
23.48383435441974,46.96766870883948
68.63675516071275,137.2735103214255
45.753087588781995,91.50617517756399
7.492379644415658,14.984759288831317
39.270860543240914,78.54172108648183
69.18670356638401,138.37340713276802
92.3963918887374,184.7927837774748
42.00723040827027,84.01446081654053
49.27029257232128,98.54058514464256
58.84881952694262,117.69763905388524
45.78328353373852,91.56656706747704
24.17758768273356,48.35517536546712
57.41696887844267,114.83393775688533
27.816920193058937,55.633840386117875
67.71368524786138,135.42737049572276
92.115679177795,184.23135835559
71.04072719940343,142.08145439880687
48.763239855798744,97.52647971159749
41.82119774683076,83.64239549366152
48.44402592692898,96.88805185385796
23.02265640803247,46.04531281606494
73.50320970600141,147.00641941200283
15.680807394810802,31.361614789621605
49.112847605182175,98.22569521036435
57.03632628583365,114.0726525716673
73.56065131407865,147.1213026281573
53.49979738905305,106.9995947781061
87.77149409828567,175.54298819657134
41.40518469693495,82.8103693938699
99.0425272332762,198.0850544665524
38.1329914445034,76.2659828890068
48.09524695128573,96.19049390257146
94.86782634452766,189.7356526890553
97.81298449428836,195.62596898857672
56.898063220564644,113.79612644112929
90.5933553776118,181.1867107552236
6.255678081920957,12.511356163841914
25.654509157754845,51.30901831550969
98.29251917284219,196.58503834568438
78.0423658351894,156.0847316703788
19.281787206184966,38.56357441236993
85.6414574593006,171.2829149186012
22.190711530069795,44.38142306013959
17.979142737678487,35.95828547535697
22.35759285046016,44.71518570092032
53.459303479895524,106.91860695979105
45.517035593027835,91.03407118605567
94.59678562132294,189.19357124264587
5.763304532648183,11.526609065296366
2.2848822977240113,4.569764595448023
99.51629588815851,199.03259177631702
93.51780286893182,187.03560573786365
49.55687078484555,99.1137415696911
52.98875465869798,105.97750931739596
49.82497032096694,99.64994064193388
21.349735011162164,42.69947002232433
76.90463278572702,153.80926557145403
15.166159488074538,30.332318976149075
25.93728251386336,51.87456502772672
61.752375979380716,123.50475195876143
7.3864554127480275,14.772910825496055
53.94184674468762,107.88369348937525
27.122488079555897,54.24497615911179
84.49383867169298,168.98767734338597
87.57797512148512,175.15595024297025
75.56485193468485,151.1297038693697
49.17114280786271,98.34228561572542
34.70845196180582,69.41690392361164
80.54181712100382,161.08363424200763
63.07190239901176,126.14380479802352
3.140578830380236,6.281157660760472
77.97760732838998,155.95521465677996
31.148134175523033,62.296268351046066
97.55140776606456,195.1028155321291
34.39096285896718,68.78192571793436
99.8676257112367,199.7352514224734
32.898757326687814,65.79751465337563
72.42001568639171,144.84003137278341
24.863762152421675,49.72752430484335
14.476722494429872,28.953444988859744
97.90384123022557,195.80768246045113
65.50922647956625,131.0184529591325
97.96897910779388,195.93795821558777
38.639647495603455,77.27929499120691
66.41347167891635,132.8269433578327
77.74494941257079,155.48989882514158
60.55263354810562,121.10526709621124
44.53442827548773,89.06885655097545
8.256219955517274,16.512439911034548
83.47104169110362,166.94208338220724
34.07653828200975,68.1530765640195
88.17215841191002,176.34431682382004
3.9748536172539817,7.949707234507963
17.69061681853874,35.38123363707748
23.68897623418983,47.37795246837966
89.38725890757253,178.77451781514506
6.738469869277274,13.476939738554549
6.832027493957094,13.664054987914188
24.55611665389258,49.11223330778516
24.938862752759672,49.877725505519344
82.42113686255814,164.84227372511629
76.38799119893885,152.7759823978777
34.13274107885642,68.26548215771284
27.292273501291486,54.58454700258297
71.60398402051149,143.20796804102298
26.065484164830455,52.13096832966091
99.63580675903422,199.27161351806845
55.561082686834126,111.12216537366825
51.51032107045156,103.02064214090312
56.59639116608346,113.19278233216691
82.73277704630384,165.46555409260768
51.82435735626615,103.6487147125323
48.94879388279766,97.89758776559532
6.010909625897742,12.021819251795485
44.35150682053818,88.70301364107635
17.613558334271428,35.227116668542855
62.179139588805796,124.35827917761159
82.55580891400292,165.11161782800585
83.72246940944527,167.44493881889053
81.55057524490844,163.1011504898169
24.725116173147278,49.450232346294555
22.249378090005568,44.498756180011135
18.711364028080514,37.42272805616103
10.048013754822504,20.09602750964501
55.50738543948811,111.01477087897622
23.040986950492748,46.081973900985496
15.46413873197836,30.92827746395672
50.75019043339183,101.50038086678366
28.993246240466608,57.986492480933215
8.688659426185874,17.377318852371747
22.64750539663587,45.29501079327174
3.9677676095611014,7.935535219122203
74.75808193590836,149.51616387181673
38.15369593036066,76.30739186072132
90.90830922582698,181.81661845165397
18.750160015663276,37.50032003132655
62.41271972603194,124.82543945206388
51.03610334752726,102.07220669505452
56.73262830029574,113.46525660059147
3.83913847818409,7.67827695636818
16.167214924543327,32.33442984908665
8.886156647335564,17.77231329467113
81.26294016907534,162.52588033815067
63.90290195098876,127.80580390197753
93.46244248691306,186.92488497382612
35.718871431986855,71.43774286397371
56.69891090772323,113.39782181544646
63.29805988769078,126.59611977538157
96.21771245230147,192.43542490460294
20.020594731128217,40.04118946225643
41.89647593258492,83.79295186516984
94.34715913992069,188.69431827984138
19.69886638286198,39.39773276572396
90.5651779975939,181.1303559951878
36.817022721526236,73.63404544305247
79.33776232545135,158.6755246509027
19.862358417058545,39.72471683411709
82.9512541630677,165.9025083261354
34.27630108392362,68.55260216784724
32.04765510888949,64.09531021777897
36.008459817191806,72.01691963438361
63.95918942764076,127.91837885528152
91.07001389487893,182.14002778975785
73.39537998894944,146.7907599778989
67.10658699041865,134.2131739808373
52.43778873839142,104.87557747678284
93.34418076762945,186.6883615352589
76.49295349421499,152.98590698842997
71.8885472695147,143.7770945390294
68.2162556980061,136.4325113960122
20.949007843073087,41.898015686146174
68.58059735303667,137.16119470607333
1.9219240945019367,3.8438481890038734
98.79997433778385,197.5999486755677
80.99954923360568,161.99909846721135
66.0068930918092,132.0137861836184
63.85020544082948,127.70041088165895
28.858517465273348,57.717034930546696
31.74548647984211,63.49097295968422
95.70212178143693,191.40424356287386
5.492213807045177,10.984427614090354
94.75701549719125,189.5140309943825
76.7444577343869,153.4889154687738
69.87267882449892,139.74535764899784
62.05258891480111,124.10517782960223
10.801499409598492,21.602998819196984
83.48485947058138,166.96971894116277
90.33278346917545,180.6655669383509
83.0274814450615,166.054962890123
71.22008571967211,142.44017143934423
15.17017409390985,30.3403481878197
28.170374071185357,56.340748142370714
37.621867426953635,75.24373485390727
44.39006874843253,88.78013749686507
67.76160322629627,135.52320645259255
56.83762977136022,113.67525954272044
25.674681025582423,51.349362051164846
15.307398566861231,30.614797133722462
52.95665836884233,105.91331673768465
23.27116634739925,46.5423326947985
43.36623741488971,86.73247482977942
10.291802833951436,20.583605667902873
2.6239345747104403,5.247869149420881
70.05584264215486,140.11168528430971
88.68765752798308,177.37531505596615
76.91638318179625,153.8327663635925
79.80473382676865,159.6094676535373
53.676573849575824,107.35314769915165
82.8830471263272,165.7660942526544
75.87214798292729,151.74429596585458
45.67636894290544,91.35273788581088
53.34842497342974,106.69684994685949
34.52177477251871,69.04354954503742
30.682424875260995,61.36484975052199
87.01343486790793,174.02686973581586
40.45718076764735,80.9143615352947
38.7075550947992,77.4151101895984
94.56207210911394,189.12414421822788
80.59539679857268,161.19079359714536
59.246928978136005,118.49385795627201
91.51591525469665,183.0318305093933
1.420005500407795,2.84001100081559
86.32226154379815,172.6445230875963
10.392299427688767,20.784598855377535
15.167589374576075,30.33517874915215
37.93148588092862,75.86297176185724
97.45594267442314,194.91188534884628
50.43883747680034,100.87767495360067
50.97097416255119,101.94194832510237
41.14029092117951,82.28058184235903
20.726067552784365,41.45213510556873
92.63377178738624,185.26754357477247
56.10845451285012,112.21690902570025
97.20664751674522,194.41329503349044
8.844240349620925,17.68848069924185
73.26799563736877,146.53599127473754
35.017115669323694,70.03423133864739
83.08928486884082,166.17856973768164
20.30185364661038,40.60370729322076
15.555635622059027,31.111271244118054
11.344199838931868,22.688399677863735
44.23771285981869,88.47542571963739
94.07330195470001,188.14660390940003
47.7401227566666,95.4802455133332
98.31887154187855,196.6377430837571
86.66175737542913,173.32351475085827
32.49580845067187,64.99161690134375
8.424391164522916,16.848782329045832
64.95456710258462,129.90913420516924
40.59882359995487,81.19764719990974
30.115201703280814,60.23040340656163
17.074584479311618,34.149168958623235
52.360094305395045,104.72018861079009
16.032957225331558,32.065914450663115
39.08263606821929,78.16527213643857
22.113030673011448,44.226061346022895
87.67284209852733,175.34568419705465
50.574157804670975,101.14831560934195
38.152220932043654,76.30444186408731
38.92012227934695,77.8402445586939
52.5815048040876,105.1630096081752
61.26321820718377,122.52643641436754
92.91947803234171,185.83895606468343
89.53065095078962,179.06130190157924
79.81922781219872,159.63845562439744
77.42658653851406,154.85317307702812
38.46760786869762,76.93521573739524
76.80587745318309,153.61175490636617
19.30028439876901,38.60056879753802
76.26644687538467,152.53289375076935
5.493940187932034,10.987880375864068
84.33511262938113,168.67022525876226
83.83494649210905,167.6698929842181
65.72547410494398,131.45094820988797
3.807872780935362,7.615745561870724
5.221024874394653,10.442049748789305
51.037296234852434,102.07459246970487
54.65983115830908,109.31966231661816
13.28122308186489,26.56244616372978
32.67241494492008,65.34482988984016
72.5321650977383,145.0643301954766
27.960734146994458,55.921468293988916
13.021745983130629,26.043491966261257
91.84799550439648,183.69599100879296
61.3751164608764,122.7502329217528
90.11804347757088,180.23608695514176
90.51754770638745,181.0350954127749
34.21638315684275,68.4327663136855
99.9235290750611,199.8470581501222
28.74117754928941,57.48235509857882
71.32393420896763,142.64786841793526
5.926139048331103,11.852278096662205
19.84950589779626,39.69901179559252
79.64333466436595,159.2866693287319
0.9123640015638701,1.8247280031277402
64.0765752637011,128.1531505274022
52.87205042922506,105.74410085845012
72.99262708793512,145.98525417587024
17.40773337700573,34.81546675401146
38.9763595054337,77.9527190108674
69.75677911363941,139.51355822727882
87.45459771563905,174.9091954312781
28.22858564778222,56.45717129556444
40.13720092701535,80.2744018540307
94.28484474929064,188.56968949858128
92.69152114249974,185.38304228499948
99.17309441838775,198.3461888367755
60.82483185319223,121.64966370638446
44.070518913471865,88.14103782694373
5.078857404269521,10.157714808539042
58.03023636758087,116.06047273516174
72.92376933367811,145.84753866735622
91.57057489128061,183.14114978256123
56.09734804955357,112.19469609910713
0.7562692642434476,1.5125385284868953
78.27631400390162,156.55262800780324
91.45795575433574,182.91591150867148
78.35493300494402,156.70986600988803
72.18452115302397,144.36904230604793
18.437851945271078,36.875703890542155
44.33822856709602,88.67645713419203
7.827279118134644,15.654558236269288
17.013224135090034,34.02644827018007
29.09566367637967,58.19132735275934
43.98257969902291,87.96515939804581
37.72965710957566,75.45931421915132
48.39018439141282,96.78036878282563
3.899854166104333,7.799708332208666
49.48364985023181,98.96729970046361
34.86962074154489,69.73924148308978
63.30974298248842,126.61948596497685
80.19519727723662,160.39039455447323
81.43758631672621,162.87517263345242
69.13548454623721,138.27096909247442
13.440982238356602,26.881964476713204
68.90960591310832,137.81921182621664
17.052441574505693,34.104883149011386
80.73653809401749,161.47307618803498
78.1424987136166,156.2849974272332
50.658615182381425,101.31723036476285
10.154636352688328,20.309272705376657
39.72410140663829,79.44820281327658
15.082148522286476,30.16429704457295
20.701353620469753,41.402707240939506
71.31294019185022,142.62588038370043
8.207024953943787,16.414049907887573
0.8514202278846916,1.7028404557693833
73.78965133174174,147.57930266348347
64.67654257426682,129.35308514853364
82.9206218022649,165.8412436045298
27.202676768595147,54.405353537190294
80.36388629466323,160.72777258932646
7.535852082965954,15.071704165931909
99.99945554289683,199.99891108579365
16.190122599948065,32.38024519989613
17.22419709383878,34.44839418767756
52.61018925996716,105.22037851993431
47.133399387409135,94.26679877481827
68.70976614097334,137.4195322819467
72.56145630582694,145.12291261165387
35.3914866064013,70.7829732128026
72.37374198746409,144.74748397492817
97.51309128089464,195.02618256178928
25.72514006454112,51.45028012908224
25.370323161193088,50.740646322386176
91.2844216766677,182.5688433533354
66.12494826794796,132.2498965358959
65.16493408192105,130.3298681638421
80.76036066729984,161.52072133459967
18.156587757459818,36.313175514919635
34.60325470634024,69.20650941268048
73.3361210221081,146.6722420442162
93.7831151053956,187.5662302107912
75.3481851572951,150.6963703145902
82.9225061038425,165.845012207685
13.069066088829029,26.138132177658058
59.91015391125669,119.82030782251339
14.820173405034886,29.640346810069772
82.01920745134932,164.03841490269863
36.36210129427088,72.72420258854176
6.54116479280008,13.08232958560016
63.53068999390125,127.0613799878025
92.92417971280132,185.84835942560264
83.02410867871515,166.0482173574303
57.737333171582684,115.47466634316537
72.06224939734699,144.12449879469398
44.40460502654226,88.80921005308451
95.04266066992436,190.08532133984872
39.87398611641253,79.74797223282506
91.80607334386357,183.61214668772715
75.15177947173855,150.3035589434771
41.37362388335293,82.74724776670585
38.27249709520062,76.54499419040124
91.34079939856925,182.6815987971385
88.32508880793267,176.65017761586535
10.154479119047089,20.308958238094178
84.00672180692621,168.01344361385242
27.370038767559755,54.74007753511951
56.118404248373,112.236808496746
65.67537901987895,131.3507580397579
15.151465289095379,30.302930578190757
93.49694752943981,186.99389505887962
13.241973845141075,26.48394769028215
27.524370134041753,55.048740268083506
5.593466175463336,11.186932350926671
35.09319980617352,70.18639961234705
83.33479417741918,166.66958835483837
61.90407581472404,123.80815162944808
32.504263092408856,65.00852618481771
88.65096966013729,177.30193932027458
67.54896302036485,135.0979260407297
47.30097953929122,94.60195907858244
83.01428551071261,166.02857102142522
82.29589271630321,164.59178543260643
5.888500889476322,11.777001778952645
92.64513901903348,185.29027803806696
70.94092617413132,141.88185234826264
63.98367303365209,127.96734606730418
56.068049531251894,112.13609906250379
34.35981677241075,68.7196335448215
88.79953963464136,177.59907926928273
88.72574314482327,177.45148628964654
3.0301078562260386,6.060215712452077
49.39905233055145,98.7981046611029
33.61170093237713,67.22340186475427
68.54623009261866,137.09246018523731
81.33708113526798,162.67416227053596
73.01357920008618,146.02715840017237
68.76623855067959,137.53247710135918
36.21496033396324,72.42992066792648
83.60432900316108,167.20865800632217
96.83893724033553,193.67787448067105
92.22596954789219,184.45193909578438
22.66399117071526,45.32798234143052
39.41024042342421,78.82048084684843
41.287394820693756,82.57478964138751
44.73378740186868,89.46757480373736
13.073999916835078,26.147999833670156
0.6097394248832044,1.2194788497664089
64.86488526634042,129.72977053268085
75.55084161074144,151.1016832214829
14.106973419798774,28.213946839597547
45.13347444825276,90.26694889650553
67.5220598319954,135.0441196639908
32.1675819052182,64.3351638104364
99.67376052821304,199.34752105642607
91.15272297080215,182.3054459416043
44.98142415392007,89.96284830784013
65.39518701048911,130.79037402097822
81.69512936764339,163.39025873528678
30.5559487918746,61.1118975837492
1.826180352099105,3.65236070419821
31.764984707358536,63.52996941471707
89.67310916407808,179.34621832815617
9.09654515416718,18.19309030833436
42.35484529574241,84.70969059148482
98.57952977634368,197.15905955268735
23.3088752850366,46.6177505700732
53.082560850302606,106.16512170060521
13.273333525937947,26.546667051875893
51.839316685155445,103.67863337031089
27.337656162923764,54.67531232584753
54.56554158145382,109.13108316290764
20.280284700355455,40.56056940071091
99.09946192335418,198.19892384670837
85.17491320819,170.34982641638
60.663498113225685,121.32699622645137
50.96002691132012,101.92005382264024
55.07270096356527,110.14540192713054
31.757348126132644,63.51469625226529
15.602056423027522,31.204112846055043
77.25577203555146,154.51154407110292
3.987591890987474,7.975183781974948
57.30657205953287,114.61314411906574
17.236843762777475,34.47368752555495
77.38068575720345,154.7613715144069
18.91711080316989,37.83422160633978
59.644518243497004,119.28903648699401
23.704452305937473,47.408904611874945
53.23198756608718,106.46397513217435
12.563015659904963,25.126031319809925
78.22177463806354,156.44354927612707
61.50558725293025,123.0111745058605
24.88668002125327,49.77336004250654
35.67628681766391,71.35257363532781
98.91723601953453,197.83447203906906
18.097086804656215,36.19417360931243
74.98394123648949,149.96788247297897
28.225376033763595,56.45075206752719
4.922806654881207,9.845613309762413
51.814738835523656,103.62947767104731
67.71004503139204,135.42009006278408
13.003909195313357,26.007818390626714
91.52375714628894,183.0475142925779
48.56647221264914,97.13294442529828
52.490255597459026,104.98051119491805
69.19616717623546,138.39233435247093
99.53126195235733,199.06252390471465
30.075655360873743,60.151310721747485
32.20495103945788,64.40990207891576
29.088988640471815,58.17797728094363
37.03011895728826,74.06023791457652
4.608519437383729,9.217038874767457
60.82023210840407,121.64046421680814
4.024519436651475,8.04903887330295
54.955123850197296,109.91024770039459
70.77393147677557,141.54786295355115
83.1657952947398,166.3315905894796
85.91277025108374,171.82554050216748
72.02473267228629,144.04946534457258
14.459442811992174,28.918885623984348
34.1780781370279,68.3561562740558
66.27066195178526,132.54132390357051
15.149449152583315,30.29889830516663
77.22978044541806,154.45956089083612
37.66362474320898,75.32724948641795
63.948310695054055,127.89662139010811
10.925790729227957,21.851581458455914
71.93295769417504,143.8659153883501
89.562020939677,179.124041879354
97.37497687863609,194.74995375727218
34.839089137960066,69.67817827592013
34.34101530505929,68.68203061011857
77.03888513097914,154.07777026195828
89.53326811170795,179.0665362234159
85.02740511140045,170.0548102228009
85.88780403730212,171.77560807460424
65.79265055108088,131.58530110216176
22.520128532294848,45.040257064589696
24.46379500986142,48.92759001972284
5.900803778021002,11.801607556042004
59.15065501914969,118.30131003829938
99.01892571933976,198.03785143867952
70.58304104617963,141.16608209235926
88.73273685688025,177.4654737137605
71.64659007789973,143.29318015579946
15.972210672996933,31.944421345993867
34.81640465045375,69.6328093009075
73.80613685710736,147.61227371421472
49.116634764893654,98.23326952978731
37.61139143584191,75.22278287168382
19.832156129393407,39.664312258786815
13.278088666287891,26.556177332575782
45.79981730800151,91.59963461600302
64.50035004468951,129.00070008937902
37.817418532189585,75.63483706437917
63.58219837990453,127.16439675980907
2.097587885544383,4.195175771088766
60.700053024243125,121.40010604848625
48.11291127400092,96.22582254800184
66.13989002547392,132.27978005094783
43.927109442646795,87.85421888529359
97.61648423169625,195.2329684633925
42.55798450382879,85.11596900765758
81.08126364501233,162.16252729002466
7.136088151912034,14.272176303824068
77.85226795179312,155.70453590358625
98.70926812528997,197.41853625057993
63.49123078143948,126.98246156287895
17.40857335012428,34.81714670024856
93.23102537849628,186.46205075699257
27.868095560349136,55.73619112069827
57.47125203639727,114.94250407279453
84.9802909410765,169.960581882153
80.49573503555007,160.99147007110014
89.67597633466919,179.35195266933837
90.71712325686364,181.4342465137273
4.1762876678392065,8.352575335678413
89.39080098044757,178.78160196089513
47.02167376795357,94.04334753590715
32.35614895314713,64.71229790629425
34.988473933838684,69.97694786767737
71.18052467876763,142.36104935753525
6.309867072805265,12.61973414561053
1.633095672002438,3.266191344004876
75.43051601122971,150.86103202245943
18.7316387542091,37.4632775084182
20.783206109778007,41.566412219556014
3.903003063697108,7.806006127394216
37.567140993884095,75.13428198776819
7.164506219962274,14.329012439924549
43.310422993743515,86.62084598748703
80.93146418153971,161.86292836307942
52.65932608404383,105.31865216808767
57.369163236958975,114.73832647391795
8.89328616985926,17.78657233971852
97.62219727066275,195.2443945413255
18.478586854260048,36.957173708520095
3.4016612271630775,6.803322454326155
30.715641965004316,61.43128393000863
27.268802625347142,54.537605250694284
23.840891137896637,47.681782275793275
91.55457380847186,183.10914761694372
38.75887336005894,77.51774672011788
66.3781484468542,132.7562968937084
51.74912390716804,103.49824781433608
46.916491887602184,93.83298377520437
1.0426351141696544,2.0852702283393088
96.0491335198175,192.098267039635
23.973716871503857,47.947433743007714
43.22456152454976,86.44912304909953
18.149927196587047,36.299854393174094
92.39114189875788,184.78228379751576
87.80604494903717,175.61208989807434
59.900005346607884,119.80001069321577
74.1235659922998,148.2471319845996
46.20891804885975,92.4178360977195
80.00686379112886,160.01372758225773
91.1734600436851,182.3469200873702
87.06337135558283,174.12674271116566
36.75301225724782,73.50602451449564
8.532165429779948,17.064330859559895
39.21775237759504,78.43550475519008
32.047915263299465,64.09583052659893
28.811094188079178,57.622188376158356
77.42708838715423,154.85417677430846
7.725668590607782,15.451337181215564
88.74577585515748,177.49155171031495
63.852041424397285,127.70408284879457
91.90297061888512,183.80594123777024
47.02221323621002,94.04442647242004
55.4297726879458,110.8595453758916
78.38466867860423,156.76933735720846
66.11895855383658,132.23791710767316
36.94248008224492,73.88496016448984
58.741709882507266,117.48341976501453
28.149276881425067,56.29855376285013
13.179937122955288,26.359874245910575
71.58005798924432,143.16011597848865
29.304442244576922,58.608884489153844
53.560063290459624,107.12012658091925
82.30731862094247,164.61463724188494
54.724667748379666,109.44933549675933
18.388428578614867,36.776857157229735
63.523761727926676,127.04752345585335
90.37626532573013,180.75253065146026
51.636199424687035,103.27239884937407
60.058314504256735,120.11662900851347
52.291061030034214,104.58212206006843
41.0756858521021,82.1513717042042
38.96219330121872,77.92438660243744
12.628538494511321,25.257076989022643
28.95176835194262,57.90353670388524
2.0030963110577726,4.006192622115545
77.91223127958337,155.82446255916673
47.15958781292379,94.31917562584758
78.74530211338048,157.49060422676095
7.061815573621255,14.12363114724251
28.4291115598553,56.8582231197106
39.017771851868964,78.03554370373793
31.865811925946574,63.73162385189315
72.5664331538452,145.1328663076904
58.61946132598243,117.23892265196486
58.50966191138195,117.0193238227639
66.6494028116171,133.2988056232342
81.57174453561642,163.14348907123284
56.104817162152685,112.20963432430537
76.97563803852861,153.95127607705723
72.18326307486662,144.36652614973323
16.493206704294362,32.986413408588724
29.007619808921625,58.01523961784325
71.5204434961068,143.0408869922136
17.460493594369687,34.920987188739375
8.084144927637094,16.16828985527419
3.47985163287301,6.95970326574602
0.41536327101403536,0.8307265420280707
90.55583979743884,181.11167959487767
71.02270809653913,142.04541619307827
68.79127810114795,137.5825562022959
35.69698801313318,71.39397602626636
52.62364082339261,105.24728164678523
93.37383036537784,186.74766073075568
95.05255284842437,190.10510569684874
37.42656342602005,74.8531268520401
80.96125647716529,161.92251295433059
89.7851877577678,179.5703755155356
7.964639523487516,15.929279046975031
79.01233737597865,158.0246747519573
99.47102271905908,198.94204543811816
92.78172530053702,185.56345060107404
35.878890755990476,71.75778151198095
76.77104523558111,153.54209047116223
91.0709384086371,182.1418768172742
87.84251822011917,175.68503644023835
55.127393881575884,110.25478776315177
12.554462904255537,25.108925808511074
80.27580224932328,160.55160449864655
99.83405123815062,199.66810247630124
36.91918271927227,73.83836543854454
89.15670410478236,178.31340820956473
41.39445733797038,82.78891467594076
44.30973492732424,88.61946985464849
61.15843777963794,122.31687555927589
75.31919463738704,150.63838927477408
76.60097507445244,153.20195014890487
20.135266284411845,40.27053256882369
36.488301923489,72.976603846978
31.44178588732779,62.88357177465558
27.51874072233964,55.03748144467928
89.18386814112684,178.36773628225367
7.974757199411298,15.949514398822595
18.957768486506342,37.915536973012685
31.087981449362623,62.175962898725246
64.3321219540941,128.6642439081882
64.49413987573645,128.9882797514729
80.36677513892452,160.73355027784905
50.44400263076757,100.88800526153514
21.090906210623494,42.18181242124699
53.931213584038694,107.86242716807739
65.0911335613845,130.182267122769
99.63196691502255,199.2639338300451
76.32943301463732,152.65886602927463
16.970754244968944,33.94150848993789
76.91916964448322,153.83833928896644
95.54156448703478,191.08312897406955
56.07623885960768,112.15247771921536
59.875352565523684,119.75070513104737
96.31687186306708,192.63374372613416
3.675370612457962,7.350741224915924
17.999216418168984,35.99843283633797
51.85130764633173,103.70261529266347
13.515997724389106,27.03199544877821
82.12349558381146,164.24699116762292
34.74334733157646,69.48669466315292
1.0598039510495094,2.119607902099019
29.07888960888493,58.15777921776986
6.430493312347685,12.86098662469537
2.8569843058912636,5.713968611782527
59.537000677424764,119.07400135484953
26.487298087769638,52.974596175539276
48.12382530155005,96.2476506031001
45.847297243530186,91.69459448706037
98.97912176170733,197.95824352341467
53.788121455605385,107.57624291121077
74.54897606585693,149.09795213171387
43.39319731184544,86.78639462369088
12.462638784944602,24.925277569889204
40.745742972349554,81.49148594469911
51.47716313953642,102.95432627907284
55.63207873412356,111.26415746824712
51.976539360011934,103.95307872002387
72.67657919972652,145.35315839945304
77.44438924911252,154.88877849822504
20.120941211747933,40.241882423495866
58.39376653942442,116.78753307884884
14.60491328345218,29.20982656690436
63.39015754646533,126.78031509293066
84.58427787064204,169.16855574128408
39.78061992159287,79.56123984318575
1.0198407865318004,2.039681573063601
38.55811459585558,77.11622919171116
25.520994011451435,51.04198802290287
58.87689682484603,117.75379364969206
63.377962064860746,126.75592412972149
46.025392120024044,92.05078424004809
93.4466119132076,186.8932238264152
79.19343317199802,158.38686634399605
23.510124480514705,47.02024896102941
28.13532934449211,56.27065868898422
40.49237657515199,80.98475315030397
23.785393143601354,47.57078628720271
64.96199417045916,129.92398834091833
88.72872752359963,177.45745504719926
59.605602450126426,119.21120490025285
35.616194993869954,71.23238998773991
63.44804639412725,126.8960927882545
15.986417713861922,31.972835427723844
15.225219375468768,30.450438750937536
15.902436641259744,31.804873282519488
57.552386729573904,115.10477345914781
57.863187153940906,115.72637430788181
77.21632332426073,154.43264664852146
27.49508786796725,54.9901757359345
59.968911319759734,119.93782263951947
37.69673787524731,75.39347575049462
58.71324502703216,117.42649005406432
79.87107470047879,159.74214940095757
47.92748215548246,95.85496431096492
12.422762981235703,24.845525962471406
12.954660878385338,25.909321756770677
59.99991132195339,119.99982264390678
50.01321043050459,100.02642086100919
77.01679909769507,154.03359819539014
49.498011838717346,98.99602367743469
87.82468088448942,175.64936176897885
14.101041645699897,28.202083291399795
72.36366295709948,144.72732591419896
31.03814298077776,62.07628596155552
47.31911446872,94.63822893744
72.23366958519458,144.46733917038915
13.169590682195654,26.339181364391308
88.56408169998797,177.12816339997593
29.470418311644675,58.94083662328935
97.77187710708013,195.54375421416026
19.703296634781132,39.406593269562265
9.25363016640689,18.50726033281378
93.90835254088218,187.81670508176435
84.25707309139257,168.51414618278514
73.54838251721978,147.09676503443956
38.14594867530351,76.29189735060702
92.27179406362728,184.54358812725457
25.740781758060205,51.48156351612041
44.20908407449825,88.4181681489965
63.3941731835751,126.7883463671502
95.06969617775314,190.1393923555063
40.662491008588496,81.32498201717699
31.286593785594462,62.573187571188924
68.03566611643073,136.07133223286147
94.74824988881423,189.49649977762846
11.052607262400493,22.105214524800985
6.5825105399039625,13.165021079807925
20.886214471133236,41.77242894226647
64.18816339076538,128.37632678153076
56.756757948107186,113.51351589621437
86.6880544194596,173.3761088389192
56.15853796314134,112.31707592628268
12.858980013889887,25.717960027779775
98.64284457230535,197.2856891446107
30.71647586447448,61.43295172894896
49.46872600198156,98.93745200396312
3.366814637817739,6.733629275635478
50.667492658745594,101.33498531749119
46.904118711969886,93.80823742393977
30.780265197263525,61.56053039452705
93.50548173714203,187.01096347428407
37.30247980097023,74.60495960194046
48.976655010862146,97.95331002172429
76.27346814818196,152.54693629636392
49.510370802280065,99.02074160456013
23.0056469314462,46.0112938628924
59.95301591708254,119.90603183416508
26.95450769006721,53.90901538013442
9.204507512191373,18.409015024382747
67.84096266711849,135.68192533423698
10.970992475032437,21.941984950064874
24.375999905034785,48.75199981006957
45.152240519017305,90.30448103803461
56.514490764439444,113.02898152887889
93.14310266966739,186.28620533933477
90.88639634705712,181.77279269411423
4.313950723609583,8.627901447219166
74.70738554152516,149.4147710830503
50.38308475901724,100.76616951803447
80.87212753911382,161.74425507822764
12.068489366660762,24.136978733321524
25.14477063185996,50.28954126371992
82.89023861765065,165.7804772353013
52.59639326489264,105.19278652978528
3.686802996058558,7.373605992117116
59.200026564832775,118.40005312966555
46.41453848360694,92.82907696721388
63.97234243755118,127.94468487510235
11.038129280587683,22.076258561175365
50.10757566553985,100.2151513310797
3.7083911142471893,7.4167822284943785
53.90763901933223,107.81527803866446
25.648853318911733,51.29770663782347
66.49289830457442,132.98579660914885
66.59624133324539,133.19248266649078
6.42014076834273,12.84028153668546
16.831688242233678,33.663376484467356
0.21684577263921812,0.43369154527843623
95.57877176521738,191.15754353043476
70.58132820016614,141.16265640033228
87.0299206701762,174.0598413403524
73.66952203074906,147.33904406149813
70.90312111287327,141.80624222574653
44.87664626886579,89.75329253773158
15.941765830016386,31.883531660032773
28.30589403635022,56.61178807270044
9.564523702758798,19.129047405517596
20.38095812452663,40.76191624905326
56.86389855390587,113.72779710781174
53.39509766292569,106.79019532585139
91.97430620359653,183.94861240719305
50.081781182822304,100.16356236564461
68.92288013430623,137.84576026861245
65.59131668261693,131.18263336523387
51.09524554602607,102.19049109205214
37.663624927183704,75.32724985436741
15.395069528157512,30.790139056315024
81.10467733984356,162.20935467968712
53.16160932385646,106.32321864771292
97.61868274913193,195.23736549826387
71.35370297440014,142.70740594880027
86.95474711206327,173.90949422412655
26.155600040328487,52.311200080656974
23.509962545834494,47.01992509166899
37.1800061977578,74.3600123955156
56.33394871968187,112.66789743936374
25.0332735558224,50.0665471116448
1.4361449260705594,2.872289852141119
22.608749158243803,45.21749831648761
70.78942289463556,141.57884578927113
56.965021715765516,113.93004343153103
6.71634854713794,13.43269709427588
24.507210021809456,49.01442004361891
28.830964414327564,57.66192882865513
18.07575254596252,36.15150509192504
93.47038665879587,186.94077331759175
49.5712261866192,99.1424523732384
64.02086297096697,128.04172594193395
55.782474093858994,111.56494818771799
13.12112154272016,26.24224308544032
40.56041106663947,81.12082213327893
42.623198664386685,85.24639732877337
77.99002686412672,155.98005372825344
97.49004196321287,194.98008392642575
19.329808680825778,38.659617361651556
4.468209688707847,8.936419377415694
58.69441676947502,117.38883353895004
98.61096407192797,197.22192814385593
87.70475791479292,175.40951582958584
71.19207121853282,142.38414243706563
60.53544811310763,121.07089622621525
43.99598854969613,87.99197709939226
40.27563191411446,80.55126382822893
66.53188406871398,133.06376813742796
47.38554903858074,94.77109807716148
44.29799812635792,88.59599625271584
56.997965096265716,113.99593019253143
47.055898212289016,94.11179642457803
5.665877168186039,11.331754336372079
22.450762818537672,44.901525637075345
31.96525530249715,63.9305106049943
36.9194135860781,73.8388271721562
5.668190463998712,11.336380927997425
30.037280072832107,60.074560145664215
14.240845572260874,28.481691144521747
59.866223980764524,119.73244796152905
40.63736216061437,81.27472432122875
76.09771915834239,152.19543831668477
46.344769579373555,92.68953915874711
67.11517960820773,134.23035921641545
48.923085452060214,97.84617090412043
19.180412080873978,38.360824161747956
58.31730942689587,116.63461885379174
60.167295897771425,120.33459179554285
22.352412661378217,44.704825322756435
72.95904160428573,145.91808320857146
68.58913427338784,137.17826854677568
2.638052631698362,5.276105263396724
77.10053789523134,154.20107579046268
25.40392919059795,50.8078583811959
56.91508363057888,113.83016726115775
39.47495439763227,78.94990879526453
39.47028369965674,78.94056739931348
16.92305260634741,33.84610521269482
86.20873167750904,172.41746335501807
18.34244535904096,36.68489071808192
88.52643767610454,177.05287535220907
57.34081043636946,114.68162087273892
44.94467005298509,89.88934010597018
72.4606862320128,144.9213724640256
53.881082051638984,107.76216410327797
18.265064484167446,36.53012896833489
23.445562111776084,46.89112422355217
8.330253817402545,16.66050763480509
56.756887676361146,113.51377535272229
22.052851432826536,44.10570286565307
9.790312455553307,19.580624911106614
6.186687702914417,12.373375405828835
51.56783737875866,103.13567475751732
77.91944211623203,155.83888423246407
99.1992150921088,198.3984301842176
84.05955542176272,168.11911084352545
32.93353068942591,65.86706137885182
44.281944174569595,88.56388834913919
12.542875289996946,25.085750579993892
15.899113582163448,31.798227164326896
16.65896433207331,33.31792866414662
54.2808532298172,108.5617064596344
89.65592786759709,179.31185573519417
25.543668066133307,51.087336132266614
36.832555855919466,73.66511171183893
69.18444661711084,138.36889323422167
25.90094713659531,51.80189427319062
10.639398823319867,21.278797646639735
8.315272936062247,16.630545872124493
24.779204881722393,49.558409763444786
5.107117389179539,10.214234778359078
66.25205070116691,132.50410140233382
17.685611320508155,35.37122264101631
65.29423494885978,130.58846989771956
25.113192170408304,50.22638434081661
85.23023955530563,170.46047911061126
78.26413386871455,156.5282677374291
74.27744308539532,148.55488617079064
28.104794023778258,56.209588047556515
2.2861537967914347,4.572307593582869
19.03768058680044,38.07536117360088
86.54757718894098,173.09515437788195
76.0098532732055,152.019706546411
81.76402728775608,163.52805457551216
83.9465343330829,167.8930686661658
10.660409745991517,21.320819491983034
51.121190523623724,102.24238104724745
51.81651366567874,103.63302733135748
22.476818349941396,44.95363669988279
76.0333287291949,152.0666574583898
9.498486075437107,18.996972150874214
67.3799235894882,134.7598471789764
7.485165550564776,14.970331101129553
52.06245282955246,104.12490565910493
74.86380894083605,149.7276178816721
2.832107888075275,5.66421577615055
14.08467944829843,28.16935889659686
96.10577391029948,192.21154782059895
75.62334935633581,151.24669871267162
92.44721487101528,184.89442974203055
9.827179067575509,19.654358135151018
60.816169169121295,121.63233833824259
26.23724656785167,52.47449313570334
99.77354888637684,199.5470977727537
88.80838244376677,177.61676488753355
84.89797933267688,169.79595866535377
91.04205239954972,182.08410479909944
93.86564375942422,187.73128751884843
40.167322664036206,80.33464532807241
86.17014750568973,172.34029501137945
47.464257744256024,94.92851548851205
20.945168202683384,41.89033640536677
47.01027183044349,94.02054366088699
8.83140706625898,17.66281413251796
46.63810807159425,93.2762161431885
49.605736583663905,99.21147316732781
55.31455355694126,110.62910711388253
80.98953777862116,161.9790755572423
47.89403096274116,95.78806192548232
2.063042173375962,4.126084346751924
13.135485558716054,26.270971117432108
72.5983157808952,145.1966315617904
94.06838092677387,188.13676185354774
65.75580220597925,131.5116044119585
56.272256321356416,112.54451264271283
76.81722336906361,153.63444673812722
53.47802682800614,106.95605365601229
24.770600441424705,49.54120088284941
1.8131830485573541,3.6263660971147083
0.15006564641261155,0.3001312928252231
11.351622054121059,22.703244108242117
52.23695177725137,104.47390355450274
68.28205809332015,136.5641161866403
23.79521082628342,47.59042165256684
45.319250164885695,90.63850032977139
88.32070198407106,176.64140396814213
80.75858176800028,161.51716353600057
67.81233428397219,135.62466856794438
46.64391766838227,93.28783533676454
42.57520218014591,85.15040436029182
20.18350775790755,40.3670155158151
5.391403495697588,10.782806991395177
37.80846260133127,75.61692520266254
71.413466189425,142.82693237885
65.11319771889664,130.2263954377933
20.14782553810115,40.2956510762023
8.351016381116672,16.702032762233344
15.839035871827722,31.678071743655444
27.472598414926217,54.945196829852435
47.144511384724595,94.28902276944919
60.91326422634072,121.82652845268144
96.35769472600609,192.71538945201218
72.20538779103792,144.41077558207584
11.302606698095175,22.60521339619035
62.83726286730948,125.67452573461895
50.663351962188116,101.32670392437623
81.74364116899484,163.48728233798968
42.06037304203376,84.12074608406752
74.15449292307731,148.30898584615463
56.09089347584604,112.18178695169208
8.957155093173885,17.91431018634777
60.482431018252946,120.96486203650589
88.22699757069388,176.45399514138776
39.779779956534846,79.55955991306969
20.219933747226516,40.43986749445303
63.84120348337488,127.68240696674977
2.4669185026540474,4.933837005308095
77.72821051265622,155.45642102531244
40.97855669508089,81.95711339016178
43.92047399441722,87.84094798883444
63.76149988782718,127.52299977565436
56.31013992866215,112.6202798573243
4.228482120760013,8.456964241520026
52.35610963632807,104.71221927265614
92.96648635584562,185.93297271169124
39.17795190929869,78.35590381859738
32.607631345612575,65.21526269122515
56.964182673309175,113.92836534661835
95.8529769799741,191.7059539599482
5.021861028738006,10.043722057476012
31.02809970377133,62.05619940754266
30.96278809859151,61.92557619718302
82.53417577251271,165.06835154502542
77.51490579779916,155.02981159559832
96.4880119316853,192.9760238633706
79.99369267869292,159.98738535738585
90.20227027192409,180.40454054384819
55.73213594383055,111.4642718876611
94.54030109753162,189.08060219506325
42.3825109181798,84.7650218363596
94.00251553779698,188.00503107559396
10.405396562143176,20.810793124286352
17.795439932357816,35.59087986471563
27.511104839240897,55.022209678481794
15.902465691620293,31.804931383240586
69.15934393214756,138.31868786429513
44.018987033233145,88.03797406646629
39.081775214203,78.163550428406
36.174989368202596,72.34997873640519
26.847188397098243,53.69437679419649
44.893285389751924,89.78657077950385
23.671393213062974,47.34278642612595
77.44937413265554,154.89874826531107
79.30401008225056,158.6080201645011
25.345128846634747,50.690257693269494
88.83124811852858,177.66249623705716
19.293478172366306,38.58695634473261
92.46040014478451,184.92080028956903
18.631658448800525,37.26331689760105
54.48259050119001,108.96518100238002
46.40976893661433,92.81953787322865
91.72224609223461,183.44449218446923
53.872652548298014,107.74530509659603
1.8306592483324335,3.661318496664867
29.152577568253378,58.305155136506755
46.75439728664984,93.50879457329968
30.63876124695807,61.27752249391614
53.874161960481956,107.74832392096391
48.954457464846335,97.90891492969267
90.30577066383474,180.61154132766947
48.69298603681612,97.38597207363225
14.247551392206837,28.495102784413675
27.72995053154369,55.45990106308738
13.509186799172912,27.018373598345825
57.09672566562561,114.19345133125123
81.56251082041483,163.12502164082966
48.29345557460978,96.58691114921956
43.64369083717132,87.28738167434264
68.52591109102562,137.05182218205124
45.106977607879294,90.21395521575859
86.79690484463276,173.59380968926553
51.19742913727507,102.39485827455015
17.19662608332725,34.3932521666545
38.201078791065,76.40215758213
44.04508545599929,88.09017091199858
10.960374329880395,21.92074865976079
9.22909329996645,18.4581865999329
94.62448046535906,189.2489609307181
64.27651483077554,128.55302966155108
57.8416142947683,115.6832285895366
0.2764741378393887,0.5529482756787774
8.900862894803307,17.801725789606614
81.46342423042955,162.9268484608591
0.5770905716624086,1.1541811433248172
63.41471948973162,126.82943897946323
45.48208442547092,90.96416885094185
36.66126645598449,73.32253291196898
50.644808161252385,101.28961632250477
43.79809457720519,87.59618915441038
18.78611333560477,37.57222667120954
21.489313277238875,42.97862655447775
38.60492001096615,77.2098400219323
54.32801739255545,108.6560347851109
98.35513732979476,196.71027465958952
47.78529492575457,95.57058985150914
22.514088859667257,45.028177719334515
19.097289499992133,38.194578999984266
93.57702598817201,187.15405197634402
27.78148431349513,55.56296862699026
66.51007037979798,133.02014075959596
75.83343697305885,151.6668739461177
59.97596199799874,119.95192399599748
71.89707837464287,143.79415674928575
73.40361258598101,146.80722517196202
52.46896505229959,104.93793010459918
43.220699102019836,86.44139820403967
40.47599915883284,80.95199831766568
66.10969685177032,132.21939370354065
54.627936767189155,109.25587353437831
26.223968434549338,52.447936869098676
20.796418385247616,41.59283677049523
48.037762150714215,96.07552430142843
83.16595104182824,166.33190208365647
41.24893012772808,82.49786025545616
83.42415240230883,166.84830480461767
77.73580161460191,155.47160322920382
51.33379474887108,102.66758949774216
56.69009635299964,113.38019270599928
29.21567955922091,58.43135911844182
74.97482045966963,149.94964091933926
48.439110718016344,96.87822143603269
53.82065494304998,107.64130988609996
72.45754624105383,144.91509248210767
41.62899221507299,83.25798443014598
3.5669194178959307,7.133838835791861
71.9235247782937,143.8470495565874
20.16775483923192,40.33550967846384
2.6643648147490873,5.3287296294981745
30.89068599438446,61.78137198876892
79.74131169001363,159.48262338002726
81.21176613655368,162.42353227310736
90.45957666248763,180.91915332497527
79.73119875942916,159.46239751885832
44.59913172343942,89.19826344687884
63.409663926690705,126.81932785338141
84.28582260425061,168.57164520850122
73.50009249064664,147.00018498129327
60.81872160670182,121.63744321340364
56.987277892884414,113.97455578576883
67.96489776515646,135.92979553031293
97.13095547837474,194.2619109567495
95.77262698754001,191.54525397508002
92.31394288085933,184.62788576171866
2.6476848150560284,5.295369630112057
10.98108786985793,21.96217573971586
4.488163273579493,8.976326547158987
29.147856403972007,58.295712807944014
23.822269466394275,47.64453893278855
65.1257812393972,130.2515624787944
69.4958326677588,138.9916653355176
3.072286661515833,6.144573323031666
12.418598704759287,24.837197409518573
8.12134889554239,16.24269779108478
14.36398406542001,28.72796813084002
96.57252366219264,193.14504732438527
17.917494384296752,35.834988768593504
56.910485754703046,113.82097150940609
62.42951784424427,124.85903568848855
57.35127671093838,114.70255342187676
65.21277414226354,130.42554828452708
38.688373096129226,77.37674619225845
57.055570697866074,114.11114139573215
88.39242041608878,176.78484083217757
17.864344650023824,35.72868930004765
18.864032368010662,37.728064736021324
76.76690552846281,153.53381105692563
86.14505574456328,172.29011148912656
50.28888910384771,100.57777820769542
77.88099200047769,155.76198400095538
46.64895841386936,93.29791682773872
25.746428794430287,51.49285758886057
36.959085273246785,73.91817054649357
20.64666284359511,41.29332568719022
38.120648864839765,76.24129772967953
71.70074479122309,143.40148958244617
68.41500636803669,136.83001273607337
57.02032104901439,114.04064209802878
9.372353072890615,18.74470614578123
15.674650726429373,31.349301452858747
92.56157903072165,185.1231580614433
55.663002193333924,111.32600438666785
9.883873790370789,19.767747580741577
82.47108849585821,164.94217699171642
79.32392205549833,158.64784411099666
77.9498349086667,155.8996698173334
30.3071185171353,60.6142370342706
31.155477204688196,62.31095440937639
91.75549335895414,183.51098671790828
32.758718482146634,65.51743696429327
32.9929498184441,65.9858996368882
63.481587483514645,126.96317496702929
87.43520152043372,174.87040304086744
79.84037607687655,159.6807521537531
24.585952646016384,49.17190529203277
70.02918127517499,140.05836255034998
10.919484466802443,21.838968933604885
52.98273475405073,105.96546950810146
50.39007227441391,100.78014454882782
64.4255614095512,128.8511228191024
41.570760857577106,83.14152171515421
57.60540468635601,115.21080937271202
95.52244561608714,191.04489123217428
1.3406130609934452,2.6812261219868905
40.496717079843705,80.99343415968741
5.7248371343546545,11.449674268709309
75.2523186559132,150.5046373118264
29.32987599602249,58.65975199204498
77.67914032914544,155.35828065829088
66.65767844528025,133.3153568905605
48.380844811323,96.761689622646
95.23950954771472,190.47901909542944
28.750604920239553,57.501209840479106
45.61070875622442,91.22141751244884
66.35327481038696,132.70654962077393
12.244337043795394,24.488674087590788
34.23131305169077,68.46262610338154
85.91962220526165,171.8392444105233
43.3102959628125,86.620591925625
6.657530111606769,13.315060223213537
47.775375929382335,95.55075185876467
43.63411300304646,87.26822600609292
50.09891063117309,100.19782126234618
2.000110954806966,4.000221909613932
15.33307182267144,30.66614364534288
23.757433845890972,47.514867691781944
29.9414538809016,59.8829077618032
13.444797266671982,26.889594533343963
82.13226701217727,164.26453402435453
8.286756565874276,16.573513131748552
62.012613285962146,124.02522657192429
56.21379101262375,112.4275820252475
87.9878624839226,175.9757249678452
13.752760446192514,27.50552089238503
35.077668165771634,70.15533633154327
46.89590654776246,93.79181309552492
5.404261238408137,10.808522476816274
10.416646901121018,20.833293802242036
8.981502426400246,17.96300485280049
59.67691729169482,119.35383458338964
25.604686114697394,51.20937222939479
67.2078952645933,134.4157905291866
52.444196876393164,104.88839375278633
9.211857213116591,18.423714426233182
29.577519416721376,59.15503883344275
94.55212551195928,189.10425102391855
58.39970649215688,116.79941298431376
49.263976719546456,98.52795343909291
39.96932956644851,79.93865913289702
62.01137835756101,124.02275671512201
23.869102594239788,47.738205188479576
54.75431276242223,109.50862552484446
54.95807595765778,109.91615191531557
39.02187472634082,78.04374945268164
63.1025598297612,126.2051196595224
41.43364721308751,82.86729442617502
13.526069570176535,27.05213914035307
34.96963912987028,69.93927825974056
41.70295240820362,83.40590481640724
49.562233116264274,99.12446623252855
67.87283618555054,135.74567237110108
20.141930989608504,40.28386197921701
26.660217724411574,53.32043544882315
56.86805711400456,113.73611422800911
85.10558511468476,170.21117022936951
82.53521420880222,165.07042841760443
74.70729884990568,149.41459769981137
63.74872900784884,127.49745801569767
75.13922362202206,150.27844724404412
8.226394875723908,16.452789751447817
42.95804049963555,85.9160809992711
99.65429024578077,199.30858049156154
96.50452506024735,193.0090501204947
67.62705117587389,135.25410235174778
33.01410965811969,66.02821931623939
68.8300042966138,137.6600085932276
41.78223340424051,83.56446680848101
14.86411844674379,29.72823689348758
25.41460806502106,50.82921613004212
75.27163725572133,150.54327451144266
99.27701494738119,198.55402989476238
69.58673606846693,139.17347213693387
53.93033547865066,107.86067095730132
82.7433468184322,165.4866936368644
10.248012352385416,20.496024704770832
55.59139282140077,111.18278564280153
24.81218723844083,49.62437447688166
42.85554943751871,85.71109887503742
27.886037520929563,55.772075041859125
12.49128170997178,24.98256341994356
32.70554886682918,65.41109773365837
0.5534983273547067,1.1069966547094134
57.91540451380095,115.8308090276019
52.7882158145592,105.5764316291184
83.00548552320015,166.0109710464003
64.40426520394273,128.80853040788546
64.38881232617025,128.7776246523405
12.335703366767348,24.671406733534695
93.00856057027289,186.01712114054578
42.116949609369556,84.23389921873911
34.54763438062679,69.09526876125358
20.068576410025486,40.13715282005097
49.86166516727623,99.72333033455246
31.288845006516887,62.577690013033774
21.02953240652463,42.05906481304926
17.643626521150313,35.28725304230063
75.20405942425398,150.40811884850797
81.24930768376218,162.49861536752437
72.20589357772381,144.41178715544763
80.76274472771556,161.5254894554311
3.256853196786269,6.513706393572538
55.84481082457579,111.68962164915158
53.810525374036544,107.62105074807309
95.34164926735744,190.68329853471488
51.50759207586132,103.01518415172264
65.02321116071715,130.0464223214343
37.4467738201423,74.8935476402846
91.07746333900604,182.1549266780121
33.413665466718136,66.82733093343627
92.90611570901994,185.8122314180399
32.023542179119566,64.04708435823913
60.10305862637561,120.20611725275123
78.42577672741551,156.85155345483102
56.58151682054059,113.16303364108119
74.16342649516756,148.3268529903351
67.10354236430595,134.2070847286119
22.23473859448014,44.46947718896028
27.085386453524507,54.17077290704901
71.0834800150278,142.1669600300556
6.5318627003049246,13.063725400609849
24.078792355876445,48.15758471175289
1.6754447712730935,3.350889542546187
59.689066232063524,119.37813246412705
77.9858209920663,155.9716419841326
43.5247904547393,87.0495809094786
11.065972484689212,22.131944969378424
57.48067447048643,114.96134894097285
80.08967571923124,160.17935143846248
11.468544010463633,22.937088020927266
62.08492914243752,124.16985828487503
33.62350925915748,67.24701851831496
16.402638582429386,32.80527716485877
33.07328343345268,66.14656686690536
49.092966452056764,98.18593290411353
85.27247383741037,170.54494767482075
0.95794944065275,1.9158988813055
20.213171670977083,40.426343341954166
85.68852822831215,171.3770564566243
16.59498496194066,33.18996992388132
37.16704933265035,74.3340986653007
65.97708900302464,131.9541780060493
56.74704502788636,113.49409005577272
84.45285249182687,168.90570498365375
43.78535893839197,87.57071787678395
74.564753870555,149.12950774111
3.1106903030602817,6.221380606120563
49.66960757282614,99.33921514565228
44.339199230252255,88.67839846050451
48.623638354269985,97.24727670853997
28.307776319451527,56.615552638903054
49.89270362796899,99.78540725593798
9.63187416879434,19.26374833758868
95.32997561007767,190.65995122015534
41.48205903723101,82.96411807446202
30.42157826608072,60.84315653216144
21.773439521265892,43.546879042531785
7.999609362562088,15.999218725124177
52.593535949133866,105.18707189826773
7.357334036549634,14.714668073099268
59.993804236173695,119.98760847234739
44.36099180613976,88.72198361227952
99.02632181274001,198.05264362548002
39.37351596885663,78.74703193771326
38.64842516601401,77.29685033202801
38.968660702514015,77.93732140502803
11.620921054848644,23.241842109697288
31.745752319473187,63.491504638946374
99.8905987904835,199.781197580967
65.6524023844985,131.304804768997
79.93961540842763,159.87923081685526
48.690739006730134,97.38147801346027
67.96611024483494,135.93222048966987
62.81564239368047,125.63128478736094
32.3612754427028,64.7225508854056
99.97472078218173,199.94944156436347
65.71381039567561,131.42762079135122
27.68331469219697,55.36662938439394
63.100940494083844,126.20188098816769
28.790945376295195,57.58189075259039
44.75115714097129,89.50231428194257
47.47905377780201,94.95810755560402
61.21312011720803,122.42624023441606
86.78674948402825,173.5734989680565
49.90442906068855,99.8088581213771
24.90716302690662,49.81432605381324
79.61442849046414,159.22885698092827
20.860870839894417,41.721741679788835
99.80156353089238,199.60312706178476
70.61734816705516,141.2346963341103
46.04556978766134,92.09113957532269
86.43717800418726,172.87435600837452
43.36413967731351,86.72827935462702
69.68629591703393,139.37259183406786
84.86769163951153,169.73538327902307
11.74962607075557,23.49925214151114
37.56962561932151,75.13925123864303
56.87459464037412,113.74918928074824
7.9271726289385835,15.854345257877167
58.022794207448044,116.04558841489609
70.11284616937029,140.22569233874057
6.098535553562656,12.197071107125312
43.94069242047066,87.88138484094132
31.16858401497745,62.3371680299549
86.31261482000649,172.62522964001298
53.54136806414308,107.08273612828616
66.07966433641099,132.15932867282197
54.81460825233477,109.62921650466954
26.53674647998656,53.07349295997312
84.80245727690942,169.60491455381884
23.357748023530135,46.71549604706027
48.8606151578987,97.7212303157974
6.424572469411805,12.84914493882361
16.52188091840625,33.0437618368125
74.88555857432002,149.77111714864003
73.90797458640867,147.81594917281734
97.5995115387618,195.1990230775236
75.97914977881095,151.9582995576219
15.921046668809346,31.842093337618692
80.83772020336362,161.67544040672723
20.31901780247488,40.63803560494976
39.44634546268995,78.8926909253799
78.33043522319443,156.66087044638886
9.177303344290333,18.354606688580667
53.37070760103243,106.74141520206486
69.7693380646881,139.5386761293762
37.46125496611052,74.92250993222105
2.1355920685409147,4.271184137081829
7.066523378703771,14.133046757407541
74.39306240350837,148.78612480701673
38.59195064689606,77.18390129379212
83.16614050364618,166.33228100729235
26.447941041923016,52.89588208384603
8.748124432261516,17.496248864523032
44.29519256546074,88.59038513092148
27.545631737105236,55.09126347421047
14.021742166415086,28.04348433283017
35.51970656040101,71.03941312080202
31.846862516648166,63.69372503329633
96.65151124591482,193.30302249182964
20.13519578105821,40.27039156211642
76.34118127853289,152.68236255706577
53.20272662299138,106.40545324598276
65.12797281125148,130.25594562250296
60.435103638531054,120.87020727706211
79.36573177886429,158.73146355772857
62.826570669286156,125.65314133857231
77.4411039715063,154.8822079430126
71.15832075482275,142.3166415096455
63.341847993832204,126.68369598766441
0.9790989714222653,1.9581979428445306
88.07455991819837,176.14911983639675
48.81454423021204,97.62908846042409
32.18019684761521,64.36039369523041
40.58514583698369,81.17029167396738
68.18083708631043,136.36167417262087
61.16041794907293,122.32083589814586
63.830988701094896,127.66197740218979
75.51724844936044,151.03449689872087
37.736690775689716,75.47338155137943
68.28588052258729,136.57176104517458
53.21344636121671,106.42689272243342
99.42301425604454,198.84602851208908
44.57341149842485,89.1468229968497
21.657410997914194,43.31482199582839
10.435682084104226,20.87136416820845
50.395384425946155,100.79076885189231
33.39992743537606,66.79985487075211
68.93299309516465,137.8659861903293
42.98555146145866,85.97110292291732
24.752066840543108,49.504133681086216
45.654732884350956,91.30946576870191
6.089063343947454,12.178126687894908
13.909967563195092,27.819935126390185
85.87028356329742,171.74056712659484
22.40103831870427,44.80207663740854
38.60190387934102,77.20380775868205
23.092589722399204,46.18517944479841
84.18671120803548,168.37342241607095
52.34462164190129,104.68924328380258
37.0278588516297,74.0557177032594
55.66593936832505,111.3318787366501
36.111663591806796,72.22332718361359
27.87757855520755,55.7551571104151
24.493487600403807,48.98697520080761
77.39516688582653,154.79033377165305
78.6854329255979,157.3708658511958
68.85683408830344,137.7136681766069
7.575773721360779,15.151547442721558
6.096221937606671,12.192443875213343
86.87769810479202,173.75539620958403
3.447199275428603,6.894398550857206
11.300835785404583,22.601671570809167
27.027026715029635,54.05405343005927
28.907147878063675,57.81429575612735
7.856591412804592,15.713182825609184
36.11920429792384,72.23840859584767
85.48882013957567,170.97764027915133
53.46336839226422,106.92673678452844
85.49648872416978,170.99297744833956
78.9962833285476,157.9925666570952
62.866179652405116,125.73235930481023
32.787999028744544,65.57599805748909
27.207188839962313,54.41437767992463
85.14364969520032,170.28729939040065
54.478739885314035,108.95747977062807
70.81823244013184,141.63646488026367
11.911430182321435,23.82286036464287
85.16006907387235,170.3201381477447
10.946235596994146,21.892471193988293
81.2724295513201,162.5448591026402
90.959688361857,181.919376723714
40.389913261702844,80.77982652340569
39.2585959486619,78.5171918973238
24.310085273439174,48.62017054687835
13.857198687975703,27.714397375951407
25.948586024299658,51.897172048599316
41.46070163878319,82.92140327756638
99.99090760998158,199.98181521996315
16.823269816107178,33.646539632214356
60.39431433311287,120.78862866622573
77.76416686947776,155.52833373895552
37.01447593798808,74.02895187597616
64.25099551847029,128.50199103694058
84.12007336992198,168.24014673984396
62.91254905299141,125.82509810598282
42.18878972410407,84.37757944820814
16.145767372657303,32.29153474531461
93.23365477294179,186.46730954588358
53.69976595316746,107.39953190633491
22.720601276361872,45.441202552723745
97.80890159369801,195.61780318739602
37.662058757292705,75.32411751458541
72.169762962088,144.339525924176
35.1346256798015,70.269251359603
32.881206490607575,65.76241298121515
58.00880985092191,116.01761970184381
86.40682403049122,172.81364806098244
56.96971615238322,113.93943230476644
84.5644711370399,169.1289422740798
5.329344187793994,10.658688375587989
49.62707423110726,99.25414846221452
84.91050074137976,169.82100148275953
33.26089981477311,66.52179962954622
9.016224310636245,18.03244862127249
85.74941295399093,171.49882590798185
56.08564505744378,112.17129011488755
86.44651467517718,172.89302935035437
95.54375046230437,191.08750092460875
39.08796246131856,78.17592492263712
99.48290602924912,198.96581205849824
64.20439364192735,128.4087872838547
80.69262071721175,161.3852414344235
77.95326216073457,155.90652432146913
64.23534667306666,128.47069334613332
25.36993970783592,50.73987941567184
75.15662067363611,150.31324134727222
54.660540496826215,109.32108099365243
68.00209501960114,136.00419003920229
28.223798635353504,56.44759727070701
78.89513027661482,157.79026055322964
61.06553845103716,122.13107690207433
77.78708319900215,155.5741663980043
46.90406685323419,93.80813370646838
24.285392669446992,48.570785338893984
74.67392210458664,149.34784420917327
16.805021471563244,33.61004294312649
28.303442697296887,56.606885394593775
5.436957804207365,10.87391560841473
21.12147990728035,42.2429598145607
57.26733760064507,114.53467520129014
74.71580451982452,149.43160903964903
89.88768117494233,179.77536234988466
46.97226078669415,93.9445215733883
17.590524330957457,35.181048661914915
73.16513676051302,146.33027352102604
21.27024160747657,42.54048321495314
6.1149414976685135,12.229882995337027
63.94789740102876,127.89579480205752
68.52774275752627,137.05548551505254
74.99124929471921,149.98249858943842
54.34154850423006,108.68309700846012
32.33181537057265,64.6636307411453
41.67049150552453,83.34098301104906
92.98664748642136,185.97329497284272
43.91721406351412,87.83442812702825
29.554943871842642,59.109887743685285
21.708515709455178,43.417031418910355
31.846548817049214,63.69309763409843
20.4605869371292,40.9211738742584
6.014940904967558,12.029881809935116
7.269427587091892,14.538855174183784
19.897606801358602,39.795213602717205
54.70487790514106,109.40975581028212
26.549083392524373,53.09816678504875
52.761201652709886,105.52240330541977
40.673065551765795,81.34613110353159
36.523158932988665,73.04631786597733
90.74815698524797,181.49631397049595
36.08682035758927,72.17364071517854
16.378683855067024,32.75736771013405
37.544163835863365,75.08832767172673
33.125759388998034,66.25151877799607
24.510267145454524,49.02053429090905
3.8866263171423165,7.773252634284633
5.1245744928111625,10.249148985622325
75.3244653502522,150.6489307005044
20.513446641893406,41.02689328378681
50.27182706522038,100.54365413044076
12.030471395476127,24.060942790952254
25.096613426848556,50.19322685369711
35.112692083200784,70.22538416640157
95.70650719370504,191.41301438741007
6.285929918687582,12.571859837375165
67.26413788206357,134.52827576412713
54.68748861355773,109.37497722711547
95.31880355809783,190.63760711619565
19.416401766498314,38.83280353299663
53.35523750690068,106.71047501380136
83.01453768012622,166.02907536025245
23.746528568857027,47.493057137714054
39.442769410368086,78.88553882073617
75.20480558797541,150.40961117595083
62.97176314723909,125.94352629447818
25.94508571588088,51.89017143176176
8.440529711592326,16.881059423184652
78.6408818969443,157.2817637938886
73.05860187945379,146.11720375890758
80.94459603307473,161.88919206614946
95.95026536045361,191.90053072090723
36.41907817988482,72.83815635976964
3.80404007942452,7.60808015884904
54.61666895295516,109.23333790591032
99.25649050055961,198.51298100111921
87.89295726369072,175.78591452738144
85.59088022738405,171.1817604547681
95.28254542065915,190.5650908413183
8.770905164914566,17.541810329829133
56.24796773956761,112.49593547913523
55.706109972480576,111.41221994496115
92.53470066144143,185.06940132288287
29.154833785073265,58.30966757014653
45.91450016335836,91.82900032671672
29.114568588499367,58.229137176998734
86.44645674378498,172.89291348756996
43.629954442473576,87.25990888494715
32.52439203864385,65.0487840772877
56.783636034644914,113.56727206928983
35.91062305407464,71.82124610814928
29.181110294080003,58.36222058816001
7.520979298081776,15.041958596163552
5.899340353951454,11.798680707902909
28.170486141114072,56.340972282228144
35.76386204054429,71.52772408108858
56.73145945646066,113.46291891292132
94.00924895926013,188.01849791852027
60.850748089916365,121.70149617983273
3.9937813544572043,7.987562708914409
18.948797576387165,37.89759515277433
23.30015855260309,46.60031710520618
41.41120308181503,82.82240616363006
61.377710450285875,122.75542090057175
77.13815570218452,154.27631140436904
50.531635489435025,101.06327097887005
69.65441679114484,139.30883358228968
61.478815744868534,122.95763148973707
94.65993355920457,189.31986711840915
21.544930150223905,43.08986030044781
58.27460323492686,116.54920646985371
66.92236295782946,133.84472591565893
25.50562876551564,51.01125753103128
71.29744095195731,142.59488190391463
53.722807053621125,107.44561410724225
89.40884225661874,178.81768451323748
96.55364189793735,193.1072837958747
36.09574882643118,72.19149765286237
43.37785060476421,86.75570120952843
32.72234562481978,65.44469124963956
34.61442850655943,69.22885701311885
46.49987125394151,92.99974250788301
9.42061795307585,18.8412359061517
97.66722604991138,195.33445209982276
24.39204620144061,48.78409240288122
65.2332358257208,130.4664716514416
15.740836869464193,31.481673738928386
3.223486820210475,6.44697364042095
53.91975968742004,107.83951937484008
31.198289787852296,62.39657957570459
29.26531877312928,58.53063754625856
19.149013734055075,38.29802746811015
7.792352622276333,15.584705244552666
32.504879332849924,65.00975866569985
89.88167670273974,179.76335340547948
56.06771371540306,112.13542743080612
19.39451234951951,38.78902469903902
31.12085914730861,62.24171829461722
1.5587434306536307,3.1174868613072615
85.97235408352127,171.94470816704253
27.49606175421081,54.99212350842162
72.75992349147849,145.51984698295698
14.36468726419725,28.7293745283945
12.70304070012067,25.40608140024134
18.207317548033288,36.414635096066576
0.30557910149153766,0.6111582029830753
32.799645112358164,65.59929022471633
20.60224072648734,41.20448145297468
10.648693316616487,21.297386633232975
61.88722002075677,123.77444004151354
40.298854305427724,80.59770861085545
31.616234575774683,63.23246915154937
65.04669383033469,130.09338766066938
22.468564879457965,44.93712975891593
22.23768297547156,44.47536595094312
69.06915495309865,138.1383099061973
64.44627844687072,128.89255689374144
28.40043467790133,56.80086935580266
75.1056136132361,150.2112272264722
29.230637283366768,58.461274566733536
6.479659666069981,12.959319332139962
28.76600174429956,57.53200348859912
57.237399007285376,114.47479801457075
36.940837199332066,73.88167439866413
76.56886370884098,153.13772741768196
95.70927988788337,191.41855977576674
10.253577731046137,20.507155462092275
82.1538869106972,164.3077738213944
65.4638325239709,130.9276650479418
19.55262072447678,39.10524144895356
28.05315554135388,56.10631108270776
95.60886976875952,191.21773953751904
28.56359198842786,57.12718397685572
35.73396480483232,71.46792960966464
53.50524371795113,107.01048743590226
23.083088053462987,46.166176106925974
71.80665462839826,143.61330925679653
8.359426134845126,16.718852269690252
43.40871679953593,86.81743359907186
6.871379679639733,13.742759359279466
50.56986681082467,101.13973362164934
53.59946829277098,107.19893658554196
21.868329789516316,43.73665957903263
53.37324356421341,106.74648712842682
50.19432443134716,100.38864886269432
43.803525359227095,87.60705071845419
55.38379911318634,110.76759822637268
19.782292297677028,39.564584595354056
35.850072268633724,71.70014453726745
37.38293660628093,74.76587321256186
64.22086005536097,128.44172011072195
80.6555211560961,161.3110423121922
7.224688057571537,14.449376115143075
40.155436069188674,80.31087213837735
71.964411936799,143.928823873598
51.39268807397646,102.78537614795292
58.58141845009658,117.16283690019316
82.97340893882054,165.94681787764108
4.362816557818228,8.725633115636455
16.008031722297844,32.01606344459569
64.87091162392029,129.74182324784059
32.04848729274132,64.09697458548264
20.436861575495136,40.87372315099027
64.99055303171295,129.9811060634259
17.682748433286754,35.36549686657351
18.507666022294387,37.015332044588774
61.92162351693757,123.84324703387514
78.51930035350291,157.03860070700583
87.4305856263365,174.861171252673
48.29589732974764,96.59179465949528
63.33280472537394,126.66560945074788
47.333019568654464,94.66603913730893
28.014886945210073,56.029773890420145
24.718468025442842,49.436936050885684
73.05467200905245,146.1093440181049
5.786137676317615,11.57227535263523
87.39043788038,174.78087576076
96.78987859463923,193.57975718927847
51.55900283804399,103.11800567608798
51.52723473881806,103.05446947763612
52.15579605915844,104.31159211831688
53.97574023519491,107.95148047038982
12.055900554646637,24.111801109293275
84.0146037369233,168.0292074738466
5.678932673401416,11.357865346802832
75.14872377158612,150.29744754317224
26.878522656420134,53.75704531284027
86.84206466062018,173.68412932124036
2.8210010214444137,5.642002042888827
8.15187592890545,16.3037518578109
74.377928904241,148.755857808482
75.61629602891901,151.23259205783802
48.01788509873808,96.03577019747615
16.45751526451067,32.91503052902134
25.27157489560208,50.54314979120416
6.047358325508156,12.094716651016313
99.02969107521454,198.0593821504291
40.55884758494888,81.11769516989776
45.53829541518895,91.0765908303779
28.066371255190248,56.132742510380496
8.484233329429347,16.968466658858695
99.38439235131429,198.76878470262858
36.76564690154872,73.53129380309744
84.54103384422702,169.08206768845403
4.237449119487269,8.474898238974538
57.26987209245913,114.53974418491826
52.077535662144626,104.15507132428925
90.19350745425695,180.3870149085139
38.74674711978603,77.49349423957206
83.06198135583833,166.12396271167665
83.63873303608852,167.27746607217705
68.23098217609243,136.46196435218485
68.71540524819734,137.43081049639468
93.57468795229667,187.14937590459334
4.177018210580174,8.354036421160348
47.50453491211074,95.00906982422148
61.416224984996816,122.83244996999363
76.08920753275102,152.17841506550204
79.740681907371,159.481363814742
78.11926149061958,156.23852298123916
8.120705558807561,16.241411117615122
92.8716387531376,185.7432775062752
34.2598008230499,68.5196016460998
1.4638025896438256,2.927605179287651
55.572109104207826,111.14421820841565
63.57351279396687,127.14702558793374
15.932453061983132,31.864906123966264
98.90004354544206,197.80008709088412
72.61812113825108,145.23624227650217
53.651054959611756,107.30210991922351
68.19581517170032,136.39163034340064
53.15435953065979,106.30871906131958
72.26034786329883,144.52069572659767
87.15456637319978,174.30913274639957
85.0195736715988,170.0391473431976
74.33769376903821,148.67538753807642
42.98995136068699,85.97990272137397
27.10118415181909,54.20236830363818
40.21674000277071,80.43348000554143
19.16720842937322,38.33441685874644
0.9778876024802763,1.9557752049605526
1.2065268089109682,2.4130536178219364
60.945356926776874,121.89071385355375
33.68188157877522,67.36376315755044
73.95194782702438,147.90389565404877
1.0493539201127389,2.0987078402254777
84.49535447731004,168.9907089546201
48.03393657387207,96.06787314774414
13.655354584658419,27.310709169316837
64.51790895791386,129.03581791582772
14.159867665768056,28.319735331536112
82.64516067394807,165.29032134789614
80.92245744641514,161.84491489283027
2.6453730981501944,5.290746196300389
34.22623120489035,68.4524624097807
7.038147814375806,14.076295628751613
18.889317491499614,37.77863498299923
57.61506933762598,115.23013867525196
66.7946381603461,133.5892763206922
47.05660031838035,94.1132006367607
45.906045377304935,91.81209075460987
58.15006113595382,116.30012227190764
50.92889836365624,101.85779672731248
9.015437660479108,18.030875320958216
84.98054035404931,169.96108070809862
35.96397401189911,71.92794802379822
65.91156624336001,131.82313248672003
0.9437457883297862,1.8874915766595723
10.821049773394432,21.642099546788863
23.026969065728665,46.05393813145733
69.16305952870931,138.32611905741862
81.67999702632858,163.35999405265716
11.274103704270289,22.548207408540577
80.28476913638671,160.56953827277343
47.71806809464574,95.43613618929147
47.67480043591959,95.34960087183919
8.89131801897739,17.78263603795478
61.55742095352464,123.11484190704928
48.80850989005674,97.61701978011348
71.39210059408117,142.78420118816234
56.459802063777566,112.91960412755513
59.34325469972344,118.68650939944688
84.28016354020784,168.56032708041568
32.829261834063715,65.65852366812743
28.393744079947382,56.787488159894764
31.528541193793224,63.05708238758645
62.46047503325312,124.92095006650624
40.74297696813868,81.48595393627735
5.066532315633143,10.133064631266286
8.02911175009382,16.05822350018764
69.84894949293718,139.69789898587436
80.51230031285452,161.02460062570904
54.38151934183861,108.76303868367722
42.31011258865399,84.62022517730799
2.14127593846849,4.28255187693698
25.077328479566695,50.15465695913339
74.77396815993913,149.54793631987826
62.37685334454175,124.7537066890835
34.51405646008222,69.02811292016445
69.97569458138176,139.95138916276352
31.660095382537268,63.320190765074535
23.552150304843856,47.10430060968771
65.6784453257889,131.3568906515778
75.6199663408957,151.2399326817914
29.303178243928606,58.60635648785721
85.89348221839549,171.78696443679098
14.30789611585821,28.61579223171642
2.6054738313427084,5.210947662685417
64.03139449137815,128.0627889827563
15.912490554886327,31.824981109772654
40.728026475816236,81.45605295163247
38.032444658400685,76.06488931680137
81.23919874849094,162.47839749698187
9.668593366693212,19.337186733386424
51.1733526379356,102.3467052758712
80.79512237508627,161.59024475017253
99.02029762705533,198.04059525411066
1.083096797319938,2.166193594639876
44.7119073931756,89.4238147863512
80.76197655106155,161.5239531021231
62.55183929634133,125.10367859268266
27.54496279638625,55.0899255927725
18.61650696951057,37.23301393902114
83.98472722362223,167.96945444724446
27.559475411745627,55.118950823491254
10.303093364147742,20.606186728295484
88.09447857563474,176.18895715126948
68.01359984533082,136.02719969066163
12.685152782020593,25.370305564041185
79.46338947809349,158.92677895618698
6.250381959702711,12.500763919405422
71.26977540937384,142.53955081874767
30.839569427811153,61.679138855622305
95.3335717743483,190.6671435486966
27.377047539888512,54.754095079777024
60.051344052219534,120.10268810443907
46.43172226141235,92.8634445228247
51.42918387435317,102.85836774870634
88.96293135974688,177.92586271949375
96.79757595316313,193.59515190632627
92.60475723612471,185.20951447224942
70.18888124239567,140.37776248479133
67.50913328990114,135.0182665798023
47.2195451940685,94.439090388137
47.56012001458476,95.12024002916952
91.589467105024,183.178934210048
16.472306406523153,32.944612813046305
73.30358995999609,146.60717991999218
11.9768458948473,23.9536917896946
2.4587322487580887,4.917464497516177
6.338508869842341,12.677017739684683
15.394653624432742,30.789307248865484
25.057722626025235,50.11544525205047
44.491400089969936,88.98280017993987
56.01430015392138,112.02860030784277
22.53028923612652,45.06057847225304
38.141495440439414,76.28299088087883
38.30496089936567,76.60992179873134
80.98849256776992,161.97698513553985
34.114513564919726,68.22902712983945
25.854229380524963,51.708458761049926
31.048887800784676,62.09777560156935
78.57688151692497,157.15376303384994
26.211795311833143,52.423590623666286
54.89485302813688,109.78970605627376
68.83786922637664,137.67573845275328
27.170989144864986,54.34197828972997
97.28288256127536,194.56576512255072
32.37857771706234,64.75715543412468
30.174508953549505,60.34901790709901
70.43086680429755,140.8617336085951
15.184915286276778,30.369830572553557
47.227097752573954,94.45419550514791
29.199041221132717,58.398082442265434
80.865255910669,161.730511821338
0.6204220687489381,1.2408441374978763
91.08165738444039,182.16331476888078
30.267584903154432,60.535169806308865
0.4719436165920632,0.9438872331841264
24.933826537921245,49.86765307584249
60.38310975197461,120.76621950394922
20.104585306506294,40.20917061301259
58.4927470922182,116.9854941844364
26.169485365152635,52.33897073030527
31.85490845869183,63.70981691738366
66.71475572774408,133.42951145548815
67.55284440502699,135.10568881005398
20.91578322825882,41.83156645651764
68.8813666782022,137.7627333564044
8.838267879889317,17.676535759778634
74.60988837922228,149.21977675844457
17.251494055572504,34.50298811114501
78.17481236304035,156.3496247260807
44.83305118032899,89.66610236065797
26.67807445568553,53.35614891137106
93.99730291389213,187.99460582778426
70.32239147345057,140.64478294690113
28.436655430253865,56.87331086050773
76.52620026336119,153.05240052672238
42.00939388688767,84.01878777377534
17.367073578576097,34.734147157152194
8.31334866678013,16.62669733356026
69.15712930529229,138.31425861058457
36.19863230726429,72.39726461452858
88.33536028496272,176.67072056992544
49.249058750615724,98.49811750123145
92.3543102705257,184.7086205410514
99.50481406166487,199.00962812332975
83.43651719157059,166.87303438314117
23.5846979236231,47.1693958472462
45.85980138858775,91.7196027771755
23.50910752956873,47.01821505913746
76.69629830339488,153.39259660678977
14.543823434617575,29.08764686923515
87.01311833637621,174.02623667275242
62.753139432500184,125.50627886500037
0.2241686280491484,0.4483372560982968
67.86812505061393,135.73625010122785
40.34565274373062,80.69130548746124
78.22356530014586,156.44713060029173
92.58758195295358,185.17516390590717
11.659385628437802,23.318771256875603
98.08888000462831,196.17776000925662
41.18336547031285,82.3667309406257
95.44855252479351,190.89710504958703
47.58632739079643,95.17265478159285
13.064065013823,26.128130027646
37.55002745916467,75.10005491832933
4.64865558223827,9.29731116447654
30.69842147962082,61.39684295924164
88.07256649142985,176.1451329828597
68.7809888684452,137.5619777368904
75.62504380946223,151.25008761892445
91.41901866050407,182.83803732100813
15.111321291856427,30.222642583712855
66.64290513174737,133.28581026349474
81.06173343664447,162.12346687328895
27.43611582697837,54.87223165395674
17.424871246332263,34.849742492664525
86.15979213221956,172.31958426443913
51.62398091538483,103.24796183076965
53.24056819445757,106.48113638891515
99.36297690716725,198.7259538143345
83.3845176425434,166.7690352850868
80.64678171808457,161.29356343616914
78.54395427598806,157.0879085519761
3.7005522830954374,7.401104566190875
26.329890818995615,52.65978163799123
60.55793991900562,121.11587983801124
84.1796678815409,168.3593357630818
15.541482493335511,31.082964986671023
79.6415030400513,159.2830060801026
51.79480759983605,103.5896151996721
89.14646408962898,178.29292817925796
21.534115083584815,43.06823016716963
83.89430035236458,167.78860070472916
93.75821723056949,187.51643446113897
29.528092100508687,59.05618420101737
12.492415565385018,24.984831130770036
66.18385461801948,132.36770923603896
76.27571934517711,152.55143869035422
47.459864745902024,94.91972949180405
72.85909611336248,145.71819222672497
90.17758891109158,180.35517782218315
43.55602551653055,87.1120510330611
84.30127068552851,168.60254137105701
63.993705139538356,127.98741027907671
55.07281344001296,110.14562688002592
30.074148108171293,60.14829621634259
21.2348910647579,42.4697821295158
4.738288074438646,9.476576148877292
37.227379224791804,74.45475844958361
7.189564976110308,14.379129952220616
50.99754287926166,101.99508575852332
40.454332394972525,80.90866478994505
17.501168715669834,35.00233743133967
53.87515810748934,107.75031621497868
80.12226630232792,160.24453260465583
11.485728319070365,22.97145663814073
38.050590049488875,76.10118009897775
30.922706760981235,61.84541352196247
75.96002101465994,151.9200420293199
9.168274819377775,18.33654963875555
11.247592774476733,22.495185548953465
51.27003590965069,102.54007181930137
59.16163956004873,118.32327912009745
1.6653622013611757,3.3307244027223515
56.282292712644264,112.56458542528853
54.373992009618824,108.74798401923765
68.52230780731375,137.0446156146275
9.927927867888675,19.85585573577735
84.57496753147026,169.14993506294053
86.9027402010631,173.8054804021262
30.968276307172225,61.93655261434445
53.8315001485735,107.663000297147
3.9291954113371275,7.858390822674255
64.23535520338697,128.47071040677395
35.00282222309811,70.00564444619621
21.439647572705667,42.879295145411334
98.36658847746253,196.73317695492506
5.509034853803374,11.018069707606749
72.3429102967062,144.6858205934124
29.96878026554375,59.9375605310875
49.392567364273155,98.78513472854631
18.145853699661394,36.29170739932279
11.701684337418817,23.403368674837633
68.50325735949738,137.00651471899477
50.203262276163095,100.40652455232619
88.9355870292025,177.871174058405
11.096949656937305,22.19389931387461
19.923498699418264,39.84699739883653
2.3586896573223104,4.717379314644621
66.33985618138098,132.67971236276196
28.619855475710466,57.23971095142093
62.57504637293566,125.15009274587132
47.880407212312114,95.76081442462423
78.46417962318729,156.92835924637458
35.268444011454015,70.53688802290803
89.27348266563178,178.54696533126355
33.84051776158066,67.68103552316131
23.03493934241342,46.06987868482684
0.3739290021840258,0.7478580043680516
29.648647146385652,59.297294292771305
87.06968972405674,174.1393794481135
1.2193636719028622,2.4387273438057244
57.86556462189153,115.73112924378306
89.54916028607097,179.09832057214194
8.169416277159181,16.338832554318362
66.75899193050893,133.51798386101785
4.55338370777687,9.10676741555374
90.51673038894702,181.03346077789405
88.50061648065018,177.00123296130036
18.430814732511024,36.86162946502205
47.33923701852617,94.67847403705234
84.60636006769798,169.21272013539595
32.57727863486757,65.15455726973514
9.913474811329658,19.826949622659317
84.49910891501473,168.99821783002946
27.800799098535578,55.601598197071155
59.31975696080847,118.63951392161694
92.31762529346035,184.6352505869207
84.46822756813151,168.93645513626302
1.441506691192307,2.883013382384614
42.197804866967836,84.39560973393567
77.9764853902699,155.9529707805398
61.233151870353964,122.46630374070793
20.794878768246416,41.58975753649283
80.59592238436068,161.19184476872135
72.76133239621363,145.52266479242726
34.447392509938666,68.89478501987733
36.933564610848414,73.86712922169683
61.048484308754695,122.09696861750939
27.149466590328764,54.29893318065753
1.6858922925312103,3.3717845850624206
4.140798561309111,8.281597122618223
34.81149179203238,69.62298358406476
63.301810830683095,126.60362166136619
8.630173555106024,17.26034711021205
96.06031747506542,192.12063495013084
53.45350250848633,106.90700501697266
39.766642224571555,79.53328444914311
15.27702495446528,30.55404990893056
80.59820001656783,161.19640003313566
22.18561044480675,44.3712208896135
11.372881494569498,22.745762989138996
16.375723309308697,32.75144661861739
41.46090025666611,82.92180051333222
89.07588338897327,178.15176677794653
41.19142402289998,82.38284804579996
7.228966041407936,14.457932082815873
51.22005508361261,102.44011016722521
45.297714435762416,90.59542887152483
5.70801140287297,11.41602280574594
44.497213358317666,88.99442671663533
98.97439160143325,197.9487832028665
7.1840387966776165,14.368077593355233
63.91193769886382,127.82387539772763
32.39783894179321,64.79567788358642
43.7710020895063,87.5420041790126
23.250638590252002,46.501277180504005
65.0590194239282,130.1180388478564
30.732908170178174,61.46581634035635
59.76916905598538,119.53833811197076
52.133073921943826,104.26614784388765
83.21966745213439,166.43933490426878
7.474568367988532,14.949136735977063
79.44659695475096,158.89319390950192
19.650090304314315,39.30018060862863
27.193269670834784,54.38653934166957
38.34136829264286,76.68273658528572
37.19401722298258,74.38803444596516
27.93290138152946,55.86580276305892
64.48503564938503,128.97007129877005
6.899729781669805,13.79945956333961
91.45256939408688,182.90513878817376
5.561271277385938,11.122542554771876
60.17414564087208,120.34829128174415
36.24627445751489,72.49254891502979
82.72820484933402,165.45640969866804
34.69479440604194,69.38958881208389
77.1765762529425,154.353152505885
85.54074573468108,171.08149146936216
22.14334841217862,44.28669682435724
48.90459033544925,97.8091806708985
61.13403434075807,122.26806868151614
56.364754789918535,112.72950957983707
10.773713642443683,21.547427284887366
3.047816757313526,6.095633514627052
33.072542254225034,66.14508450845007
83.54631407462843,167.09262814925685
47.889105177881994,95.77821035576399
82.43791448036208,164.87582896072416
81.36525451398138,162.73050902796277
88.57198097022066,177.14396194044133
57.3207500121064,114.6415000242128
19.324294453517222,38.648588907034444
6.254792211089111,12.509584422178222
89.46398095326012,178.92796190652024
2.831574650951929,5.663149301903858
11.740641358435845,23.48128271687169
55.80223077247578,111.60446154495156
17.84058797724194,35.68117595448388
28.03284374885543,56.06568749771086
95.83365222876678,191.66730445753356
4.025306635081572,8.050613270163144
31.4345517170462,62.8691034340924
31.349042128281525,62.69808425656305
43.76094458490183,87.52188916980366
92.06441233396014,184.12882466792027
93.05854441870551,186.11708883741102
37.132524182520534,74.26504836504107
52.98426730922655,105.9685346184531
82.21475488550757,164.42950977101515
29.311569292869077,58.623138585738154
11.021903002403821,22.043806004807642
7.117556533816449,14.235113067632899
78.33804312522275,156.6760862504455
54.944707214154754,109.88941442830951
66.42900727653993,132.85801455307987
87.48188771442324,174.96377542884647
39.68171063282095,79.3634212656419
95.31850829283908,190.63701658567817
32.12808291278822,64.25616582557645
58.58940796677402,117.17881593354804
77.55211445310202,155.10422890620404
92.1480338241224,184.2960676482448
16.204066796112837,32.408133592225674
25.52911317646621,51.05822635293242
14.692466037947716,29.38493207589543
13.25483130267594,26.50966260535188
61.4835825925101,122.9671651850202
39.43612608171274,78.87225216342549
50.66946856194896,101.33893712389792
27.14282921693929,54.28565843387858
51.55042557134243,103.10085114268486
4.449767693925133,8.899535387850266
87.71625888031127,175.43251776062255
84.22480347501254,168.44960695002507
13.39014681537325,26.7802936307465
15.092428463850105,30.18485692770021
6.011996533579622,12.023993067159244
31.76999103559823,63.53998207119646
10.483005320944827,20.966010641889653
43.99356437898989,87.98712875797978
26.95300659473332,53.90601318946664
59.642454687842516,119.28490937568503
19.65090735908549,39.30181471817098
24.478660556222152,48.957321112444305
9.21499730055919,18.42999460111838
41.3380591850401,82.6761183700802
63.73667938135363,127.47335876270726
40.09976524043084,80.19953048086168
84.60677104444741,169.21354208889483
84.51432915567398,169.02865831134795
20.21565147386326,40.43130294772652
39.98414052966199,79.96828105932399
60.324302082521186,120.64860416504237
90.96350070616506,181.92700141233013
26.949187418244648,53.898374836489296
99.04231092569098,198.08462185138197
20.712852063036646,41.42570412607329
5.494313788497884,10.988627576995768
6.0944871137178165,12.188974227435633
10.36151443651333,20.72302887302666
92.14366872322958,184.28733744645916
64.14143882348704,128.28287764697407
95.45753483688988,190.91506967377975
97.63774419496643,195.27548838993286
42.03851202937242,84.07702405874484
49.148763271306464,98.29752654261293
30.53182293797897,61.06364587595794
46.35798444065521,92.71596888131042
65.6053174804927,131.2106349609854
27.767888870830493,55.535777741660986
68.41434413838024,136.8286882767605
44.49255372431129,88.98510744862259
56.60332291453361,113.20664582906721
51.5903935101377,103.1807870202754
15.804990530005913,31.609981060011826
77.48470848143386,154.9694169628677
77.01992778787337,154.03985557574674
23.906969079679385,47.81393815935877
95.84237838232784,191.68475676465567
78.13784415048495,156.2756883009699
82.94813844201664,165.89627688403328
2.7276992829304625,5.455398565860925
65.28205315268147,130.56410630536294
13.577870312732621,27.155740625465242
62.18934818128925,124.3786963625785
25.0219980601618,50.0439961203236
17.487497618389412,34.974995236778824
58.110698553469376,116.22139710693875
77.85893087490348,155.71786174980696
64.36097728836774,128.72195457673547
44.5527660115547,89.1055320231094
29.680429050682488,59.360858101364975
20.048007751170584,40.09601550234117
12.759776763868336,25.519553527736672
30.44370616125409,60.88741232250818
7.517616913557079,15.035233827114158
78.4224322291541,156.8448644583082
78.43360611303737,156.86721222607474
89.00687042520705,178.0137408504141
21.219704957758744,42.43940991551749
51.684796518368834,103.36959303673767
25.5712964908803,51.1425929817606
70.44070692032687,140.88141384065375
10.127986138328238,20.255972276656475
34.894320159292334,69.78864031858467
71.0548864638377,142.1097729276754
76.70592588451338,153.41185176902675
14.857390747872955,29.71478149574591
26.387164081636616,52.77432816327323
28.371674979293903,56.74334995858781
57.52062696842679,115.04125393685358
2.923935802598654,5.847871605197308
45.46707382408377,90.93414764816754
66.65434298501852,133.30868597003703
87.68836582704381,175.37673165408762
68.12791451482607,136.25582902965215
15.616822378173612,31.233644756347225
59.3039286021501,118.6078572043002
10.913495193761957,21.826990387523914
43.303067913971006,86.60613582794201
36.644155738989056,73.28831147797811
36.42043527021358,72.84087054042716
49.55954102674559,99.11908205349118
98.96825734874233,197.93651469748465
64.42366468683895,128.8473293736779
37.026956517364084,74.05391303472817
47.090623854750056,94.18124770950011
7.569549377507023,15.139098755014047
14.789460666320121,29.578921332640242
35.960269255866265,71.92053851173253
16.37557866193845,32.7511573238769
36.293190194230796,72.58638038846159
43.8807066033439,87.7614132066878
35.858116971307666,71.71623394261533
68.83349406401744,137.6669881280349
61.16849561962261,122.33699123924522
96.15522959027554,192.31045918055108
89.54252919955063,179.08505839910126
62.79326605487443,125.58653210974886
79.61175808484987,159.22351616969974
38.105866023749805,76.21173204749961
82.98625552829554,165.9725110565911
4.30377080109613,8.60754160219226
26.096216392961537,52.192432785923074
48.39704462075831,96.79408924151662
91.95420869414279,183.90841738828559
20.71223185622031,41.42446371244062
19.45938204891856,38.91876409783712
49.63093226278602,99.26186452557204
66.89438862332393,133.78877724664787
63.00170587309345,126.0034117461869
54.510393384727166,109.02078676945433
22.97850253368039,45.95700506736078
20.67068445502036,41.34136891004072
40.648508450278854,81.29701690055771
30.940671357840532,61.881342715681065
83.98318017793413,167.96636035586826
6.19267207055384,12.38534414110768
44.62819938554223,89.25639877108446
95.21117947502654,190.42235895005308
71.81760840707615,143.6352168141523
15.677401650562716,31.354803301125433
37.93137605379032,75.86275210758065
29.201529484247825,58.40305896849565
46.58527837413773,93.17055674827546
34.894598139494605,69.78919627898921
59.96155373787977,119.92310747575954
97.05557857274323,194.11115714548646
2.258177482847934,4.516354965695868
5.652526375015188,11.305052750030375
5.290063959024849,10.580127918049698
9.89578195069254,19.79156390138508
85.56619563640851,171.13239127281702
25.453843426182566,50.90768685236513
72.86017580788972,145.72035161577944
22.979367988893117,45.95873597778623
0.4222197996031851,0.8444395992063702
45.72611203802786,91.45222407605571
34.94770992961688,69.89541985923375
39.485227502933576,78.97045500586715
48.0686748243192,96.1373496486384
49.9983853209632,99.9967706419264
52.57199250278568,105.14398500557137
66.44129708469116,132.88259416938232
94.51173574401888,189.02347148803776
61.43924659663771,122.87849319327542
15.233152813718288,30.466305627436576
8.02728174643902,16.05456349287804
87.80392773902567,175.60785547805133
59.0985845498088,118.1971690996176
54.13583514647065,108.2716702929413
81.5106264242866,163.0212528485732
84.83308985370962,169.66617970741925
37.51233957247013,75.02467914494027
41.39338935735106,82.78677871470212
18.94956688828515,37.8991337765703
93.37327600050641,186.74655200101282
0.19050991331741596,0.3810198266348319
66.44881548793352,132.89763097586703
2.378492484471162,4.756984968942324
36.32298102923348,72.64596205846696
53.15346773621463,106.30693547242926
93.24535932831218,186.49071865662435
66.22343641887592,132.44687283775184
23.045531679405308,46.091063358810615
39.3321421741412,78.6642843482824
51.023370828697935,102.04674165739587
52.304114643767605,104.60822928753521
56.591956599478976,113.18391319895795
51.07961811910404,102.15923623820808
89.4442961886278,178.8885923772556
59.78590969509138,119.57181939018275
26.884134766003555,53.76826953200711
33.643805570090656,67.28761114018131
70.34449337695673,140.68898675391347
98.85963103687033,197.71926207374065
10.551199580378734,21.102399160757468
64.72561587051075,129.4512317410215
7.109150673226572,14.218301346453144
55.023004711672975,110.04600942334595
38.79622899936497,77.59245799872994
87.97214470285306,175.94428940570612
66.846409849842,133.692819699684
50.44165329408544,100.88330658817088
30.356962311888758,60.713924623777515
71.0418403757571,142.0836807515142
84.98883708290695,169.9776741658139
55.46255006127922,110.92510012255843
60.02179973451138,120.04359946902277
91.80099881277617,183.60199762555234
54.97291203461651,109.94582406923303
27.46517681852986,54.93035363705972
54.427981162249196,108.85596232449839
0.6693978333603079,1.3387956667206158
63.571489785237034,127.14297957047407
9.229050767593904,18.458101535187808
40.08358392047947,80.16716784095894
58.96598727363263,117.93197454726526
2.1500182230305254,4.300036446061051
99.72331195260361,199.44662390520722
68.36733523550417,136.73467047100834
48.994483172199324,97.98896634439865
24.800079804405616,49.60015960881123
56.452091190282886,112.90418238056577
0.8849490980453067,1.7698981960906135
47.37368498252632,94.74736996505264
61.17324892494285,122.3464978498857
77.47469287572875,154.9493857514575
74.44668114714621,148.89336229429242
25.630209732564936,51.26041946512987
89.39917733956463,178.79835467912926
60.30376091719967,120.60752183439934
32.54102492317824,65.08204984635648
12.984445100167353,25.968890200334705
82.17013854261198,164.34027708522396
27.268712723868394,54.53742544773679
50.42343454205134,100.84686908410268
63.69623390616187,127.39246781232374
66.82818968241322,133.65637936482645
40.79586619419058,81.59173238838116
44.75886344044636,89.51772688089272
63.29134688217919,126.58269376435838
44.60247519998071,89.20495039996142
93.52118703621782,187.04237407243565
41.232772546535124,82.46554509307025
56.7312720460752,113.4625440921504
32.84078821394646,65.68157642789292
62.4263661113173,124.8527322226346
79.48934161779236,158.97868323558473
30.175951781085253,60.351903562170506
60.568692219659226,121.13738443931845
88.46267720742911,176.92535441485822
31.266426973069628,62.532853946139255
19.27906681522832,38.55813363045664
41.95032478839288,83.90064957678575
85.91447658080699,171.82895316161398
57.187389249779905,114.37477849955981
21.324206943564196,42.64841388712839
41.05551308646922,82.11102617293844
71.9439033626044,143.8878067252088
32.32871964469839,64.65743928939678
58.15085572895161,116.30171145790322
20.205317451172313,40.410634902344626
71.54532401945033,143.09064803890067
90.96545974899261,181.93091949798523
87.40139039891174,174.8027807978235
10.044553190793993,20.089106381587985
57.544340199662216,115.08868039932443
99.33871474077391,198.67742948154782
37.803625969481914,75.60725193896383
92.32170674512484,184.64341349024969
95.75232674684857,191.50465349369713
19.08031019632357,38.16062039264714
33.522558748082595,67.04511749616519
40.70298163721792,81.40596327443583
41.293461568813385,82.58692313762677
46.87826231813157,93.75652463626314
31.16137605717939,62.32275211435878
24.475843840428567,48.951687680857134
88.33800451682092,176.67600903364183
49.01336891120551,98.02673782241102
70.44075167144607,140.88150334289213
8.286002330304354,16.57200466060871
11.516105728452642,23.032211456905284
31.18850614230906,62.37701228461812
12.349091655643951,24.698183311287902
32.51629886728371,65.03259773456742
19.8866174635838,39.7732349271676
5.299258463947243,10.598516927894487
46.446964932752834,92.89392986550567
69.08399904796946,138.1679980959389
52.70844075000537,105.41688150001075
33.943113721459284,67.88622744291857
92.92467640061459,185.84935280122917
41.977997105461164,83.95599421092233
48.82608165436005,97.6521633087201
68.54284399464228,137.08568798928457
47.11955331199974,94.23910662399948
16.30531502842181,32.61063005684362
0.10685497418054801,0.21370994836109602
53.936250792689165,107.87250158537833
73.62178333100879,147.24356666201757
56.49042157653543,112.98084315307086
48.731656650272,97.463313300544
83.28129031635115,166.5625806327023
17.51522707355131,35.03045414710262
54.58402019404761,109.16804038809522
67.51240079654953,135.02480159309906
96.22582063514163,192.45164127028326
54.407960554136366,108.81592110827273
28.092115856863742,56.184231713727485
86.41000459975132,172.82000919950264
35.940934424798286,71.88186884959657
24.426571917655792,48.853143835311585
4.08629142677005,8.1725828535401
77.67850596194774,155.35701192389547
16.412141127628832,32.824282255257664
30.533122085538842,61.066244171077685
12.000247569982946,24.000495139965892
25.90654412412965,51.8130882482593
18.163465969044257,36.326931938088514
77.06491586254826,154.12983172509652
46.447378990090485,92.89475798018097
85.28873009294294,170.57746018588588
1.4789711772503655,2.957942354500731
26.248258760344413,52.496517520688826
77.1422199401524,154.2844398803048
90.40737616907319,180.81475233814638
87.38078572118583,174.76157144237166
55.41296894379214,110.82593788758427
86.98017465897811,173.96034931795623
98.41818906721355,196.8363781344271
56.50557263225268,113.01114526450536
49.567020912972204,99.13404182594441
85.08212213415514,170.16424426831028
27.744641545974847,55.489283091949694
11.462414470367555,22.92482894073511
88.95636487049967,177.91272974099934
72.16856287720346,144.3371257544069
23.10412205193192,46.20824410386384
32.60527836627236,65.21055673254472
78.72006326099091,157.44012652198182
35.38745373002728,70.77490746005456
48.18885541197467,96.37771082394934
25.296825192647233,50.59365038529447
86.41678135506332,172.83356271012664
14.50674355774959,29.01348711549918
21.646763532577417,43.293527065154834
90.0357000682225,180.071400136445
88.8245282133934,177.6490564267868
39.05000907073018,78.10001814146035
46.44131602492379,92.88263204984759
96.62399259815338,193.24798519630676
59.96003156980317,119.92006313960634
80.73561749573835,161.4712349914767
10.394909934904295,20.78981986980859
77.7914437341974,155.5828874683948
44.11619802414418,88.23239604828836
4.294804827222764,8.589609654445528
72.9441803901516,145.8883607803032
59.06026310249383,118.12052620498766
90.9830424108291,181.9660848216582
15.493148101676734,30.98629620335347
77.17549578575296,154.35099157150592
61.05091504373424,122.10183008746849
52.5988320887271,105.1976641774542
23.37645218561959,46.75290437123918
79.72704020110804,159.45408040221608
55.784838346621314,111.56967669324263
58.94713072181794,117.89426144363588
35.44153449385051,70.88306898770102
1.5819675022372026,3.1639350044744052
97.14217832159171,194.28435664318343
74.67124191357942,149.34248382715884
74.17922053319069,148.35844106638137
60.51991356958914,121.03982713917829
70.31982270276409,140.63964540552817
56.28968117685281,112.57936235370562
58.92445118890639,117.84890237781278
95.57513553026165,191.1502710605233
76.13189482671072,152.26378965342144
30.857461442120226,61.71492288424045
0.5596194916480002,1.1192389832960004
70.66197693285577,141.32395386571153
5.333171047780693,10.666342095561387
64.0922327695415,128.184465539083
40.66826204061872,81.33652408123744
68.16917074978109,136.33834149956218
44.23246220897587,88.46492441795174
70.65503361912938,141.31006723825877
3.1199013634510164,6.239802726902033
94.90208983323282,189.80417966646564
80.5656456955976,161.1312913911952
32.643630969626614,65.28726193925323
74.43555610644275,148.8711122128855
20.236791595650992,40.473583191301984
72.13448345440095,144.2689669088019
47.36423783594829,94.72847567189658
53.75250946889567,107.50501893779133
61.84142260892456,123.68284521784912
90.85183758876032,181.70367517752064
0.9745631761469364,1.9491263522938729
21.826070129400943,43.652140258801886
81.24431654178456,162.4886330835691
59.15334610658771,118.30669221317542
35.99424600295489,71.98849200590978
37.5675043620719,75.1350087241438
3.792340788044102,7.584681576088204
39.281779001400054,78.56355800280011
68.16445695453805,136.3289139090761
45.28445449166399,90.56890898332799
24.993024672181264,49.98604934436253
46.21001499069774,92.42002998139549
67.94852607288348,135.89705214576696
82.95291302610318,165.90582605220635
24.643346741651396,49.28669348330279
23.5218168103706,47.0436336207412
27.885367558404116,55.77073511680823
59.482889412220544,118.96577882444109
85.94083377750172,171.88166755500345
22.498959859341994,44.99791971868399
9.56330811204208,19.12661622408416
4.587066767579239,9.174133535158479
40.31933731700526,80.63867463401051
17.256721901301532,34.513443802603064
61.477595173465616,122.95519034693123
75.65397967987337,151.30795935974675
59.01121594712977,118.02243189425954
73.0000023623109,146.0000047246218
1.4756080287573803,2.9512160575147606
27.01291715019608,54.02583430039216
11.521873776488423,23.043747552976846
83.75695224337998,167.51390448675997
96.26910476324397,192.53820952648795
18.203180599736555,36.40636119947311
30.2002037382898,60.4004074765796
33.04437951116296,66.08875902232592
55.74052208114053,111.48104416228107
50.12740533785877,100.25481067571754
35.4489077644257,70.8978155288514
45.77390609475091,91.54781218950183
74.0606037970856,148.1212075941712
29.604317036492844,59.20863407298569
25.504079391675393,51.00815878335079
17.343073872179403,34.686147744358806
69.41834577868563,138.83669155737127
33.088141408431056,66.17628281686211
74.51738631403694,149.03477262807388
14.654560600917488,29.309121201834976
49.460917421807885,98.92183484361577
69.0040511432571,138.0081022865142
12.301258225005585,24.60251645001117
71.85069021753688,143.70138043507376
75.82870889939099,151.65741779878198
24.096737337317254,48.19347467463451
28.164546077380216,56.32909215476043
33.68566869837183,67.37133739674366
33.18908681271836,66.37817362543672
40.09547601095851,80.19095202191701
60.13299333048736,120.26598666097472
48.35193611324083,96.70387222648166
2.076443273253148,4.152886546506296
49.00248345212182,98.00496690424364
7.505736862139411,15.011473724278822
55.855058727973386,111.71011745594677
63.78330243979949,127.56660487959898
17.83256450816435,35.6651290163287
29.356126019826068,58.712252039652135
18.121787446255432,36.243574892510864
14.700629751134752,29.401259502269504
10.317505836504392,20.635011673008783
48.80354373751621,97.60708747503242
63.2684780978339,126.5369561956678
38.27264121021137,76.54528242042274
78.22863625712503,156.45727251425006
34.77901015597895,69.5580203119579
15.42059832388658,30.84119664777316
14.749174391744047,29.498348783488094
4.4257249925855335,8.851449985171067
89.67121897741667,179.34243795483334
44.97264387068244,89.94528774136488
45.05746423560281,90.11492847120562
50.28008602231113,100.56017204462226
87.92613192580544,175.85226385161087
65.31334533751625,130.6266906750325
87.96504130651954,175.93008261303908
4.297779661264944,8.595559322529889
99.62864255148708,199.25728510297415
77.24147711465797,154.48295422931594
92.80340760312305,185.6068152062461
50.15542457522271,100.31084915044542
58.03840672658098,116.07681345316196
21.730573819097245,43.46114763819449
75.36728490031679,150.73456980063358
28.60454429103837,57.20908858207674
86.96790389152179,173.93580778304357
54.92201903559769,109.84403807119538
97.82176522336127,195.64353044672254
95.96108338727029,191.92216677454059
56.12994086929608,112.25988173859216
65.13059446737121,130.26118893474242
72.10276289232964,144.20552578465927
53.414599062359024,106.82919812471805
26.344589459572266,52.68917891914453
97.09427263815448,194.18854527630896
0.06958326906664203,0.13916653813328406
94.79840079438883,189.59680158877765
36.683625501448724,73.36725100289745
76.73394620114406,153.46789240228813
94.94628483708783,189.89256967417566
55.92369499723956,111.84738999447912
20.839458925533492,41.678917851066984
73.5548882824763,147.1097765649526
89.8386656154377,179.6773312308754
53.89399266485236,107.78798532970472
27.554499480726,55.108998961452
56.40348576183244,112.80697152366488
21.270251058895596,42.54050211779119
7.19952654191065,14.3990530838213
50.81689735790425,101.6337947158085
41.667892152423846,83.33578430484769
82.34351889348817,164.68703778697633
43.084099204784586,86.16819840956917
4.1007968254715195,8.201593650943039
25.865794573598333,51.731589147196665
54.44789786674953,108.89579573349906
11.306925519400801,22.613851038801602
78.66977692605943,157.33955385211885
27.016760707585654,54.03352141517131
88.31007161248672,176.62014322497345
42.588671490607354,85.17734298121471
97.37285578181564,194.7457115636313
10.399245977760751,20.798491955521502
79.37672023486019,158.75344046972037
21.20018626413833,42.40037252827666
29.198357342663762,58.396714685327524
59.160151899065625,118.32030379813125
88.06804906795857,176.13609813591714
77.88348688957743,155.76697377915485
36.562507474885464,73.12501494977093
34.14536822011212,68.29073644022424
86.74804277508352,173.49608555016704
88.58303021026357,177.16606042052715
71.61397852015871,143.22795704031742
82.78791209289223,165.57582418578446
6.441615510607246,12.883231021214492
43.73541075143482,87.47082150286964
39.28732311491635,78.5746462298327
61.50275302195449,123.00550604390898
2.940744627754599,5.881489255509198
12.256963833510081,24.513927667020162
70.37510985821481,140.75021971642963
55.84114785111629,111.68229570223258
62.89796226069883,125.79592452139767
63.221242206686654,126.44248441337331
31.623415788873654,63.24683157774731
10.391029020159536,20.782058040319072
93.14981147394592,186.29962294789183
75.14451193380249,150.28902386760498
67.9869382390767,135.9738764781534
89.59710396246871,179.19420792493742
42.54353464169505,85.0870692833901
42.56875223507956,85.13750447015912
34.83953659149933,69.67907318299866
60.90095846236142,121.80191692472285
62.884876986647434,125.76975397329487
52.50860702272029,105.01721404544058
59.379618940154764,118.75923788030953
84.69578134157952,169.39156268315904
74.58609144930386,149.17218289860773
54.97269186563868,109.94538373127736
90.84059798044368,181.68119596088735
93.90431583325814,187.80863166651628
25.715082014315826,51.43016402863165
61.80872095833081,123.61744191666162
26.153996473776896,52.30799294755379
97.93407372157898,195.86814744315797
54.008940544184995,108.01788108836999
88.97033833928919,177.94067667857837
91.3584876142246,182.7169752284492
68.77375899577991,137.54751799155983
6.548164620360075,13.09632924072015
48.2138742694963,96.4277485389926
0.840720395053951,1.681440790107902
20.374202732988913,40.748405465977825
45.23513170607561,90.47026341215123
33.86083672446743,67.72167344893487
37.03512693485308,74.07025386970616
88.4132827739591,176.8265655479182
50.66844750424237,101.33689500848475
49.76990837176288,99.53981674352576
20.897416254122092,41.794832508244184
11.232949695001103,22.465899390002207
95.91088774187463,191.82177548374926
22.480148962784853,44.960297925569705
78.62649979870656,157.25299959741312
43.426470783819795,86.85294156763959
60.33500377196413,120.67000754392826
67.37962179173856,134.75924358347712
26.99930945135166,53.99861890270332
59.34341918978989,118.68683837957978
68.62631323459664,137.25262646919327
76.57196548299709,153.14393096599417
40.85606812572847,81.71213625145694
32.79697271825211,65.59394543650421
69.55917693800745,139.1183538760149
15.822064768022138,31.644129536044275
79.21524507640044,158.43049015280087
45.3381017482595,90.676203496519
55.266774990958176,110.53354998191635
0.4045265016219157,0.8090530032438314
16.512606438408074,33.02521287681615
26.740861638538817,53.481723277077634
26.28031625023507,52.56063250047014
15.692295283371195,31.38459056674239
54.35673057023127,108.71346114046254
77.88855275261567,155.77710550523133
29.10021358563304,58.20042717126608
95.09709245081737,190.19418490163474
23.360237942556562,46.720475885113125
45.7240700054621,91.4481400109242
84.394978953198,168.789957906396
25.21285010127614,50.42570020255228
33.911216127937,67.822432255874
99.74269365497149,199.48538730994298
26.29511420759989,52.59022841519978
20.322389798452612,40.644779596905224
51.69383106821264,103.38766213642528
63.23951977029827,126.47903954059655
46.171727111092565,92.34345422218513
58.685994932940424,117.37198986588085
45.65921566148131,91.31843132296262
65.27523906689977,130.55047813379954
78.59051302443187,157.18102604886374
99.65310662491937,199.30621324983875
72.32051997936914,144.64103995873828
45.781731919441036,91.56346383888207
26.31663219392394,52.63326438784788
50.185703021348395,100.37140604269679
76.07923042276138,152.15846084552277
15.346071709126807,30.692143418253615
76.74565816682993,153.49131633365985
41.715196543547876,83.43039308709575
82.73701504430296,165.47403008860593
10.298425460600235,20.59685092120047
51.62722556597343,103.25445113194687
13.401202251846488,26.802404503692976
33.9400861214737,67.8801722429474
79.6955629427425,159.391125885485
4.447139409983669,8.894278819967338
84.71470879072214,169.42941758144428
45.77673250024513,91.55346500049026
47.24092985264641,94.48185970529282
93.26543855133663,186.53087710267326
10.676034999943107,21.352069999886215
34.91547010522644,69.83094021045288
12.065377461447502,24.130754922895004
33.324399089320146,66.64879817864029
40.180061907140164,80.36012381428033
42.49649282468594,84.99298564937187
59.25919335267867,118.51838670535734
28.657836113705105,57.31567222741021
62.758382000320935,125.51676400064187
10.632907505475453,21.265815010950906
90.0255916976484,180.0511833952968
81.04587471408205,162.0917494281641
99.6278392818001,199.2556785636002
46.856544894743266,93.71308978948653
44.71537630525815,89.4307526105163
71.87772134305477,143.75544268610955
36.92209910546092,73.84419821092185
26.575352406457608,53.150704812915215
27.81338507250065,55.6267701450013
90.05012524861755,180.1002504972351
92.35954997273673,184.71909994547346
95.62152936769954,191.24305873539907
92.07156684555262,184.14313369110525
46.08260528304372,92.16521056608744
4.387851421611478,8.775702843222955
23.115665461579283,46.231330923158566
70.17048720774794,140.34097441549588
57.70835829230815,115.4167165846163
94.55386421336289,189.10772842672577
92.72574216278088,185.45148432556175
50.87324879269913,101.74649758539826
63.22716352373645,126.4543270474729
42.44116956363671,84.88233912727343
82.7458764671289,165.4917529342578
11.349546405699174,22.699092811398348
47.864727011951736,95.72945402390347
70.79329751787834,141.5865950357567
70.03987345278227,140.07974690556455
46.72320411108891,93.44640822217782
39.08070910178101,78.16141820356202
42.255783997558815,84.51156799511763
55.156421968046786,110.31284393609357
96.77558833498345,193.5511766699669
45.35307206885611,90.70614413771222
70.89830276514618,141.79660553029237
45.0000454812939,90.0000909625878
41.31712572144206,82.63425144288412
60.78730287485462,121.57460574970924
29.669924906391376,59.33984981278275
24.71391992141223,49.42783984282446
77.98329433723204,155.96658867446408
85.41719654953144,170.83439309906288
73.37745762157707,146.75491524315413
74.89012540858391,149.78025081716783
49.608164587730656,99.21632917546131
46.33156782980986,92.66313565961973
30.35327418104754,60.70654836209508
82.6164543827896,165.2329087655792
39.93768721729513,79.87537443459026
34.47786207736907,68.95572415473814
51.02370459052806,102.04740918105612
55.693696470881385,111.38739294176277
73.15997417759621,146.31994835519242
27.091112191221566,54.18222438244313
10.445289081057773,20.890578162115546
44.76232448748419,89.52464897496839
65.55213131703118,131.10426263406237
43.308694422341176,86.61738884468235
42.82022709245204,85.64045418490409
25.99031192312046,51.98062384624092
58.09277307019365,116.1855461403873
36.09613367167414,72.19226734334828
89.34386782355223,178.68773564710446
72.20427560818253,144.40855121636505
85.28593728940591,170.57187457881182
35.358682264149444,70.71736452829889
56.92439904432574,113.84879808865148
72.65042952495898,145.30085904991796
16.045348454770057,32.090696909540114
20.92669876916092,41.85339753832184
4.4943795171403345,8.988759034280669
68.58357892904428,137.16715785808856
27.60734365488735,55.2146873097747
70.1383323118946,140.2766646237892
63.99824274291211,127.99648548582422
55.65400418449637,111.30800836899274
36.460697233268505,72.92139446653701
87.58416562680793,175.16833125361586
29.96791587376756,59.93583174753512
95.3075711314952,190.6151422629904
88.47377260382866,176.94754520765733
37.0116171678499,74.0232343356998
44.22098191798831,88.44196383597662
57.09883312893997,114.19766625787994
58.77978110480456,117.55956220960913
0.4538136978523566,0.9076273957047132
64.18599251100446,128.37198502200891
67.52223042033503,135.04446084067007
25.147949155786275,50.29589831157255
59.35682628801572,118.71365257603144
11.524283407220114,23.04856681444023
69.57560195634436,139.15120391268871
61.22936994036955,122.4587398807391
28.747846924044453,57.495693848088905
89.19151306227803,178.38302612455607
95.60780417838737,191.21560835677474
16.14174585000586,32.28349170001172
64.47908622407623,128.95817244815245
32.175947853021704,64.35189570604341
21.435952340282903,42.871904680565805
71.43611086433232,142.87222172866464
49.514312118357275,99.02862423671455
33.80226342126588,67.60452684253175
32.745446352003846,65.49089270400769
21.456076430490935,42.91215286098187
37.19553935444681,74.39107870889362
98.66478357252059,197.32956714504118
76.62091808480513,153.24183616961025
53.73101974628217,107.46203949256434
70.03389396371975,140.0677879274395
74.76294149594305,149.5258829918861
36.36466896152777,72.72933792305554
69.69155593971207,139.38311187942415
7.776004508634548,15.552009017269096
77.58585266515574,155.17170533031148
66.49625621390511,132.99251242781023
50.285894649966586,100.57178929993317
82.93835673395749,165.87671346791498
63.82499330551098,127.64998661102196
22.31446713069546,44.62893426139092
57.2579367409744,114.5158734819488
41.284027282921585,82.56805456584317
28.047548122612575,56.09509624522515
74.05220478748372,148.10440957496743
28.62880473768311,57.25760947536622
83.08251953342774,166.16503906685548
21.799210459055583,43.59842091811117
79.8775330496514,159.7550660993028
6.537507368255701,13.075014736511402
38.7763747258558,77.5527494517116
41.513540289343545,83.02708057868709
73.60906366616187,147.21812733232375
90.12017300762012,180.24034601524025
47.38714031518146,94.77428063036292
13.939710370758618,27.879420741517237
8.965799497224648,17.931598994449296
51.941552969615145,103.88310593923029
23.344753923178075,46.68950784635615
60.41909252436153,120.83818504872306
60.88256505919687,121.76513011839374
24.819185215895324,49.63837043179065
26.397978746055482,52.795957492110965
35.62698381792417,71.25396763584834
51.641487731511106,103.28297546302221
75.77012496849893,151.54024993699787
0.24046668311342723,0.48093336622685445
80.51047509574319,161.02095019148638
12.667294156159791,25.334588312319582
69.25790756429896,138.51581512859792
94.90082981820296,189.80165963640593
7.075179790249297,14.150359580498595
47.417972585790565,94.83594517158113
39.25760834364769,78.51521668729538
69.97589444220696,139.95178888441393
68.15643669072661,136.31287338145322
2.2748718463357798,4.5497436926715595
43.040427647560186,86.08085529512037
58.43874839494983,116.87749678989967
95.58882256598761,191.17764513197523
76.81738045127545,153.6347609025509
44.656936251321774,89.31387250264355
34.570784762072016,69.14156952414403
96.03155288083744,192.06310576167488
65.59745037721505,131.1949007544301
57.180972599220624,114.36194519844125
8.856262721528196,17.712525443056393
5.259874388470321,10.519748776940641
73.75223629958313,147.50447259916626
41.04692444506094,82.09384889012188
57.17629270996388,114.35258541992776
39.15065246384105,78.3013049276821
64.88278359301091,129.76556718602183
44.300819909802215,88.60163981960443
42.237615212806354,84.47523042561271
75.23203910754435,150.4640782150887
98.90528960548978,197.81057921097957
63.18568277818271,126.37136555636542
35.028869059666434,70.05773811933287
14.160419758237264,28.32083951647453
69.60580537455476,139.21161074910952
34.02376911907692,68.04753823815383
17.47333713762369,34.94667427524738
23.10457308668321,46.20914617336642
63.635247682494246,127.27049536498849
46.006022939640445,92.01204587928089
7.818995349190061,15.637990698380122
42.592975188205784,85.18595037641157
67.28947487047915,134.5789497409583
27.66198608795145,55.3239721759029
64.92077538981935,129.8415507796387
70.05995493005341,140.11990986010682
79.3722660328637,158.7445320657274
76.13510369947903,152.27020739895806
89.97369273118231,179.94738546236462
56.706533970141614,113.41306794028323
86.68012889439235,173.3602577887847
19.175127148966887,38.35025429793377
33.67487365179068,67.34974730358137
57.525702981358506,115.05140596271701
51.1927920892714,102.3855841785428
5.954560476843495,11.90912095368699
22.593617251394903,45.187234502789806
20.89787014715124,41.79574029430248
13.861336540300751,27.722673080601503
9.880417202586422,19.760834405172844
72.97361942889064,145.9472388577813
48.18232270778176,96.36464541556352
36.41046547002833,72.82093094005666
25.935761228348063,51.87152245669613
42.46337640045553,84.92675280091106
50.96463845275338,101.92927690550675
94.40985324635464,188.8197064927093
68.80261470107828,137.60522940215657
48.10285581691864,96.20571163383728
4.158420755799163,8.316841511598327
51.949565912687554,103.89913182537511
55.457166103831135,110.91433220766227
59.72407280878345,119.4481456175669
71.69309228824703,143.38618457649406
37.36382039796658,74.72764079593316
48.918539218223,97.837078436446
90.57638492422622,181.15276984845244
56.73838801823668,113.47677603647335
6.321316010244904,12.642632020489808
55.79849916071454,111.59699832142908
48.03445878334944,96.06891756669889
77.89894464971734,155.79788929943467
81.45835535087062,162.91671070174124
39.926015309866344,79.85203061973269
69.0154402090653,138.0308804181306
96.19792703093411,192.39585406186822
21.407235206265142,42.814470412530284
13.914716173257657,27.829432346515315
59.341320790813576,118.68264158162715
98.92923781704239,197.85847563408478
5.445877589679804,10.891755179359608
6.8462540349427,13.6925080698854
52.032157367212136,104.06431473442427
11.328486323919073,22.656972647838145
97.41292053763804,194.8258410752761
30.00980524400131,60.01961048800262
66.48359197508263,132.96718395016526
74.81800627686518,149.63601255373035
40.294177165663434,80.58835433132687
22.32897668973547,44.65795337947094
36.79624087895314,73.59248175790628
9.043825291463502,18.087650582927004
94.7039557089856,189.4079114179712
37.088627778678315,74.17725555735663
78.41787469282306,156.83574938564612
77.32322722801742,154.64645445603483
85.7999220184253,171.5998440368506
81.85427086328254,163.70854172656507
7.141951931399637,14.283903862799274
23.63752186586927,47.27504373173854
64.0349808966086,128.0699617932172
60.26043666483226,120.52087332966452
13.971235043309383,27.942470086618766
31.662600618029014,63.32520123605803
89.47936704370939,178.95873408741878
92.46607228185847,184.93214456371695
41.38091826345147,82.76183652690294
25.359492807459162,50.718985614918324
40.93147235221224,81.86294470442448
26.60880976143557,53.21761952287114
75.24998232317475,150.4999646463495
24.54020177771714,49.08040355543428
11.881159203747249,23.762318407494497
34.775702575187395,69.55140515037479
38.500268273918394,77.00053654783679
12.340090888022836,24.68018177604567
48.46936773243844,96.93873546487688
13.499581983415144,26.999163966830288
48.32719131811122,96.65438263622244
34.27085453398019,68.54170906796038
54.145877904775965,108.29175580955193
91.60886341659254,183.21772683318508
2.132890545957866,4.265781091915732
55.900567238943175,111.80113447788635
66.53503402370153,133.07006804740305
61.13450817816995,122.2690163563399
97.51390297456543,195.02780594913085
21.573426333983036,43.14685266796607
17.258473643862626,34.51694728772525
49.841714003312546,99.68342800662509
87.04177394614251,174.08354789228503
62.07264069766347,124.14528139532695
28.229861333105223,56.459722666210446
50.09398458397365,100.1879691679473
2.912165294780966,5.824330589561932
21.021191200966882,42.042382401933764
8.860932289897471,17.721864579794943
49.361785800691415,98.72357160138283
95.78053676759394,191.5610735351879
25.05246516734594,50.10493033469188
81.09748675502746,162.19497351005492
26.133061167283767,52.266122334567534
38.09875266813084,76.19750533626168
10.128599493676106,20.25719898735221
82.62560856502972,165.25121713005944
44.155892783128216,88.31178556625643
97.56334804007241,195.12669608014482
94.72338564797633,189.44677129595266
8.212412039718409,16.424824079436817
12.786538668461544,25.573077336923088
7.651596480307066,15.303192960614131
6.957546869863451,13.915093739726903
2.1998845278697443,4.399769055739489
42.09283481777983,84.18566963555966
6.837165978599691,13.674331957199382
51.55635111295559,103.11270222591118
12.762141584636566,25.524283169273133
96.7472785272044,193.4945570544088
34.93409474747953,69.86818949495905
33.02709517479487,66.05419034958975
97.93563219536281,195.87126439072563
88.05961406800648,176.11922813601296
79.2580055951573,158.5160111903146
64.47256482147964,128.94512964295927
18.055483313841712,36.110966627683425
90.22469238865153,180.44938477730307
15.53319915381165,31.0663983076233
55.596118030721875,111.19223606144375
94.3509807262982,188.7019614525964
69.11905740896974,138.23811481793948
98.5760672139439,197.1521344278878
89.52032801400112,179.04065602800225
2.6499072989753625,5.299814597950725
12.370867515184747,24.741735030369494
35.97765882359438,71.95531764718876
19.99610463149981,39.99220926299962
78.87321458355487,157.74642916710974
10.505078997392047,21.010157994784095
50.33754933691602,100.67509867383204
49.256109204518836,98.51221840903767
28.317070729006446,56.63414145801289
85.57657852748947,171.15315705497895
45.211640171474876,90.42328034294975
92.59427687579017,185.18855375158034
15.381381360553824,30.76276272110765
0.20326413538479526,0.4065282707695905
65.97182888297324,131.94365776594648
94.27752195092559,188.55504390185118
23.113985380803502,46.227970761607004
95.81710139924112,191.63420279848225
48.05588217142157,96.11176434284314
43.1419975181302,86.2839950362604
28.937875113628976,57.87575022725795
94.50234196175859,189.00468392351718
98.76856938356605,197.5371387671321
99.38409494775794,198.7681898955159
33.383354332415195,66.76670866483039
97.76148611998343,195.52297223996686
68.51303258321973,137.02606516643945
55.7626076813473,111.5252153626946
31.6139114561505,63.227822912301
24.615198279877703,49.230396559755405
94.5578657597376,189.1157315194752
34.60482272003308,69.20964544006615
42.13097269579593,84.26194539159187
88.56270276956074,177.1254055391215
46.03257906182502,92.06515812365004
38.42206026667219,76.84412053334438
69.82354969298437,139.64709938596874
84.5898081281427,169.1796162562854
80.01905215675818,160.03810431351636
77.15370421822594,154.30740843645188
49.29615439611492,98.59230879222984
49.89122226484557,99.78244452969113
46.02836728605546,92.05673457211093
56.837510531587775,113.67502106317555
58.95599742398447,117.91199484796894
11.226547935090903,22.453095870181805
31.40092035402603,62.80184070805206
70.1091880478191,140.2183760956382
34.2677648891864,68.5355297783728
76.49460496206297,152.98920992412593
75.27849004590283,150.55698009180566
6.38126328057429,12.76252656114858
11.464508729592172,22.929017459184344
82.72993733426244,165.4598746685249
67.70989995937619,135.41979991875237
67.72087515670451,135.44175031340902
32.57092737688292,65.14185475376584
46.81456914307037,93.62913828614074
73.54309597939847,147.08619195879695
64.27942514629126,128.55885029258252
19.929885935130866,39.85977187026173
80.52137805542134,161.04275611084267
37.93342859728516,75.86685719457031
28.74676234156357,57.49352468312714
45.320522240908026,90.64104448181605
17.010094201827698,34.020188403655396
44.41367977884694,88.82735955769388
23.352353599961162,46.704707199922325
47.30444183934315,94.6088836786863
22.129040899012264,44.25808179802453
61.83198138815547,123.66396277631094
15.423970795964703,30.847941591929406
46.61358350517798,93.22716701035596
8.067787078152922,16.135574156305843
2.434744410596268,4.869488821192536
74.26738598963482,148.53477197926964
95.58597502036656,191.17195004073312
12.10459286486223,24.20918572972446
16.67571732368399,33.35143464736798
85.57465687881329,171.14931375762657
20.515107968261624,41.03021593652325
2.234567548688038,4.469135097376076
20.32175749279582,40.64351498559164
44.011192170159106,88.02238434031821
91.70561941604622,183.41123883209244
4.523225041104084,9.046450082208167
11.274327493209135,22.54865498641827
39.59924714370223,79.19849428740446
47.31456723525059,94.62913447050119
76.63587582949052,153.27175165898103
35.4942312986585,70.988462597317
26.477733746072396,52.95546749214479
45.83766611342182,91.67533222684364
88.41407135699532,176.82814271399064
33.22880499832692,66.45760999665384
62.02411582400899,124.04823164801797
96.52590916759323,193.05181833518645
27.2040054017622,54.4080108035244
95.4496766453793,190.8993532907586
87.03960172804096,174.07920345608193
1.5871721738161093,3.1743443476322186
31.161065698824906,62.32213139764981
9.623039893122698,19.246079786245396
11.368566869741969,22.737133739483937
70.42157910098359,140.84315820196719
47.991618156904124,95.98323631380825
74.40689117749069,148.81378235498138
65.39901477226344,130.79802954452688
16.332633567621922,32.665267135243845
0.7806090005857858,1.5612180011715715
67.5852719673388,135.1705439346776
27.546909589090816,55.09381917818163
86.39367462781843,172.78734925563685
6.411134565299026,12.822269130598052
98.3059083736324,196.6118167472648
29.480394416297994,58.96078883259599
85.8991502196282,171.7983004392564
37.24718503525126,74.49437007050253
6.644235753433769,13.288471506867538
64.80981971560558,129.61963943121117
93.1473720522819,186.2947441045638
33.25004359317997,66.50008718635993
7.980857655274598,15.961715310549195
10.836346590129775,21.67269318025955
39.53700514645114,79.07401029290229
0.5998675251698726,1.1997350503397453
8.745535688848804,17.491071377697608
25.063277359442548,50.126554718885096
29.417990524852655,58.83598104970531
86.49698425543238,172.99396851086476
30.539553195334747,61.079106390669494
58.496588736504904,116.99317747300981
61.66175577048971,123.32351154097942
95.59322414146216,191.18644828292432
80.87483050310922,161.74966100621845
55.26298972458176,110.52597944916351
66.31547316888225,132.6309463377645
19.458019248504456,38.91603849700891
98.57453082356369,197.14906164712738
48.99576643728699,97.99153287457398
23.286047858469527,46.57209571693905
74.52013474731153,149.04026949462306
57.98745549417942,115.97491098835884
38.263317202482895,76.52663440496579
13.050826155738104,26.101652311476208
20.350917777576917,40.701835555153835
84.51408671321528,169.02817342643056
41.13406864590835,82.2681372918167
93.73954388651222,187.47908777302445
60.265059391033596,120.53011878206719
62.22880451887119,124.45760903774239
38.46078494623851,76.92156989247702
3.3229489767033105,6.645897953406621
1.3694264211811413,2.7388528423622827
88.34396920478227,176.68793840956454
25.499518977898827,50.999037955797654
60.228424828715745,120.45684965743149
63.15330894348137,126.30661788696274
5.445801458233179,10.891602916466358
64.39495940807338,128.78991881614675
22.310378151671163,44.620756303342326
27.01429302487285,54.0285860497457
20.688910356509847,41.377820713019695
89.17494945256801,178.34989890513603
48.167552450617954,96.33510490123591
51.774765588650986,103.54953117730197
36.04477960574255,72.0895592114851
36.48671213317534,72.97342426635068
58.03370722999195,116.0674144599839
97.33645070693099,194.67290141386198
73.60985598494038,147.21971196988076
56.64846585998564,113.29693171997128
16.10029099647903,32.20058199295806
52.07483904020018,104.14967808040036
66.5916301644867,133.1832603289734
98.84743530654696,197.6948706130939
34.31482975300341,68.62965950600682
13.810313299467747,27.620626598935495
96.23105217382705,192.4621043476541
26.94752537780888,53.89505075561776
48.735355579394266,97.47071115878853
1.8417823309120007,3.6835646618240014
0.2899060904181794,0.5798121808363588
29.524798812799315,59.04959762559863
72.6519184670176,145.3038369340352
67.14828902234166,134.29657804468332
97.54875984461722,195.09751968923445
0.41931914528609004,0.8386382905721801
61.146010295108645,122.29202059021729
81.95053825098404,163.90107650196808
5.812257556831934,11.624515113663868
12.306205569871032,24.612411139742065
75.62491372416915,151.2498274483383
18.96102689897984,37.92205379795968
38.561713576586065,77.12342715317213
48.0922290751697,96.1844581503394
13.002550472214036,26.005100944428072
7.844405427780632,15.688810855561265
41.186405654236104,82.37281130847221
9.700237926529843,19.400475853059685
34.89352026251302,69.78704052502604
47.144462409377596,94.28892481875519
32.20811980068267,64.41623960136533
70.68551442495892,141.37102884991785
80.01583062128277,160.03166124256555
62.47114621113688,124.94229242227377
45.56597882999972,91.13195765999944
34.81046032997476,69.62092065994952
87.80257243603997,175.60514487207993
27.12338527216215,54.2467705443243
88.86838587146968,177.73677174293937
35.158072282269934,70.31614456453987
79.0159715557292,158.0319431114584
34.54043817439844,69.08087634879688
34.113658256238445,68.22731651247689
96.7411007644657,193.4822015289314
59.628524897705034,119.25704979541007
97.79261981249975,195.5852396249995
73.32793745244129,146.65587490488258
8.756817004082674,17.513634008165347
88.63223685100897,177.26447370201794
1.3708011762572414,2.741602352514483
66.76700820987551,133.53401641975103
80.57672606229191,161.15345212458382
81.0191348908267,162.0382697816534
53.23804609832818,106.47609219665635
63.16400031079783,126.32800062159566
41.49177122756711,82.98354245513421
24.24832622268186,48.49665244536372
35.449011955223696,70.89802391044739
98.38598784657205,196.7719756931441
8.098924184056767,16.197848368113533
90.31638323636825,180.6327664727365
39.1169979051015,78.233995810203
62.49506444474514,124.99012888949028
96.65530026085496,193.31060052170992
22.99600228529726,45.99200457059452
87.49214036857428,174.98428073714857
29.188089086132905,58.37617817226581
99.20971577675837,198.41943155351674
81.27996799163219,162.55993598326438
10.405865567080374,20.81173113416075
18.184335363394368,36.368670726788736
36.52084788146356,73.04169576292712
31.758367358375693,63.51673471675139
39.674310327235595,79.34862065447119
35.375688521332805,70.75137704266561
74.3607425731385,148.721485146277
3.0402412192551465,6.080482438510293
7.812892595115962,15.625785190231923
0.8404496556389973,1.6808993112779946
32.62486589510497,65.24973179020994
49.93919789037091,99.87839578074183
37.133089652682706,74.26617930536541
91.9968949238656,183.9937898477312
1.6130600342844081,3.2261200685688163
11.082914582954484,22.165829165908967
68.7783588747195,137.556717749439
93.46423671835107,186.92847343670215
19.844784886724543,39.68956977344909
68.69507520950815,137.3901504190163
92.47247077754567,184.94494155509133
78.12138454292449,156.24276908584898
91.15732019517185,182.3146403903437
26.41946899938572,52.83893799877144
1.0944286322202679,2.1888572644405357
89.0099605703639,178.0199211407278
36.183203585274185,72.36640717054837
12.45631115649708,24.91262231299416
8.963913384116973,17.927826768233945
29.773872539249492,59.547745078498984
75.05870436977614,150.11740873955227
72.42441238352599,144.84882476705198
7.33178749708665,14.6635749941733
55.59845729070939,111.19691458141878
85.15956828049583,170.31913656099167
32.78955843479101,65.57911686958202
76.73389009098157,153.46778018196315
37.047795018033284,74.09559003606657
73.1249137783603,146.2498275567206
51.09745693629672,102.19491387259345
43.85701497044651,87.71402994089301
58.80995889950806,117.61991779901612
4.890310491712602,9.780620983425203
78.45189092466114,156.90378184932229
61.326035811801695,122.65207162360339
76.5773957215937,153.1547914431874
66.72459557504394,133.44919115008787
79.70040653858678,159.40081307717355
15.693456234737601,31.386912469475202
33.09779105594926,66.19558211189852
91.16524385221877,182.33048770443753
91.266403060261,182.532806120522
59.92508964171396,119.85017928342792
17.768462618799454,35.53692523759891
8.695584181591464,17.391168363182928
45.33689705166889,90.67379410333778
44.3631660301895,88.726332060379
97.4874796033737,194.9749592067474
50.0044811928437,100.0089623856874
56.07303465643596,112.14606931287192
96.06360184193517,192.12720368387033
2.1105101148202743,4.221020229640549
6.5687003907629276,13.137400781525855
61.02115715788251,122.04231431576503
87.07142277528438,174.14284555056875
35.25950787865592,70.51901575731183
26.005762210552387,52.011524421104774
99.16893888411022,198.33787776822044
91.32476357808862,182.64952715617724
47.055110413597234,94.11022082719447
2.450706742002473,4.901413484004946
19.2359761295247,38.4719522590494
93.20180990307314,186.40361980614628
64.5146386657112,129.0292773314224
29.243848829986486,58.48769765997297
77.67156195455405,155.3431239091081
37.67967692232362,75.35935384464725
20.983490676690575,41.96698135338115
40.7352282519004,81.4704565038008
17.92394662888158,35.84789325776316
4.198730766742143,8.397461533484286
12.14890243426453,24.29780486852906
16.40246937875981,32.80493875751962
3.9621307944059714,7.924261588811943
60.57369809058586,121.14739618117171
24.41447110659406,48.82894221318812
30.637994894837384,61.27598978967477
23.826715577581204,47.65343115516241
56.397631035071306,112.79526207014261
94.03170415745248,188.06340831490496
5.920554684428514,11.841109368857028
72.57843724146798,145.15687448293596
85.0478613592962,170.0957227185924
65.71986187227535,131.4397237445507
39.80216818986828,79.60433637973657
37.16021490563587,74.32042981127174
24.827379838305184,49.65475967661037
61.62986084228251,123.25972168456502
67.91057008259492,135.82114016518983
35.17889344111278,70.35778688222555
28.500931653076556,57.00186330615311
61.766396129483304,123.53279225896661
32.10910403994033,64.21820807988065
21.135316895130295,42.27063379026059
62.49805364341867,124.99610728683734
0.6009558067758491,1.2019116135516983
89.42685749430616,178.85371498861232
7.134826955467821,14.269653910935642
35.6835942203242,71.3671884406484
55.8537103534223,111.7074207068446
87.33450567356942,174.66901134713885
51.556579537113755,103.11315907422751
30.71403630994566,61.42807261989132
80.81356032576615,161.6271206515323
83.44025987117017,166.88051974234034
20.874778047087784,41.74955609417557
16.799607287274032,33.599214574548064
69.61143495596187,139.22286991192374
96.36468934953328,192.72937869906656
34.35810321141525,68.7162064228305
44.31438890204629,88.62877780409258
87.65871840424259,175.31743680848518
71.73009069755753,143.46018139511506
58.456736112272864,116.91347222454573
5.142640090987793,10.285280181975587
48.11382140169045,96.2276428033809
72.77330263926962,145.54660527853923
18.412853704548393,36.825707409096786
71.31238891815362,142.62477783630723
87.90737280088287,175.81474560176574
7.873748972408167,15.747497944816335
69.41781880120239,138.83563760240477
80.73104770406397,161.46209540812794
68.46626880066547,136.93253760133095
85.30731625173952,170.61463250347904
48.61061170121261,97.22122340242522
99.86057693675804,199.72115387351607
46.055761361345205,92.11152272269041
78.43332848458276,156.86665696916552
67.8183375022176,135.6366750044352
44.93560450124057,89.87120900248114
70.48610215597635,140.9722043119527
85.38247767404279,170.76495534808558
17.169865238900428,34.339730477800856
2.5556754015079397,5.111350803015879
80.4744937441581,160.9489874883162
56.92098455840247,113.84196911680495
47.26371872166734,94.52743744333468
29.26133663533995,58.5226732706799
24.766030026796958,49.532060053593916
27.987177633078588,55.974355266157175
57.74381976077263,115.48763952154526
51.62298929084482,103.24597858168964
49.478652216834554,98.95730443366911
61.11671805018801,122.23343610037603
2.9396436000902693,5.8792872001805385
88.6620173466546,177.3240346933092
6.17903687141631,12.35807374283262
66.6410022147322,133.2820044294644
90.73616235413147,181.47232470826293
24.941784342771978,49.883568685543956
78.41735466732767,156.83470933465534
62.54843496720399,125.09686993440798
99.82149183580154,199.64298367160308
13.839754673604798,27.679509347209596
6.560063362970647,13.120126725941294
26.49579409575947,52.99158819151894
12.384838931576736,24.769677863153472
14.771519710045144,29.543039420090288
75.39878496082557,150.79756992165113
1.8045980330768874,3.6091960661537748
83.81859702702623,167.63719405405246
13.877778871911717,27.755557743823434
49.3019312286541,98.6038624573082
96.8443157588705,193.688631517741
2.89170934767512,5.78341869535024
45.7553730448833,91.5107460897666
7.74186629247422,15.48373258494844
38.97252519924233,77.94505039848465
30.906099201299064,61.81219840259813
63.367100132606616,126.73420026521323
0.3837351608881323,0.7674703217762646
72.16272819733264,144.32545639466528
12.17790983933693,24.35581967867386
95.37936065032135,190.7587213006427
72.38431816748677,144.76863633497354
67.97776772109881,135.95553544219763
43.8313587014849,87.6627174029698
52.542344797140004,105.08468959428001
24.683737737292066,49.36747547458413
97.58988073252512,195.17976146505023
96.99252159718385,193.9850431943677
8.672437286421609,17.344874572843217
25.65412762965269,51.30825525930538
91.92991296111994,183.85982592223988
53.42493147763597,106.84986295527194
8.452434411137999,16.904868822275997
34.36286792509657,68.72573585019315
31.522304027592874,63.04460805518575
12.63747856310613,25.27495712621226
4.744405359719228,9.488810719438456
47.940491217023926,95.88098243404785
76.04187951673337,152.08375903346675
63.807245368309914,127.61449073661983
11.975945139964384,23.95189027992877
41.06011782519566,82.12023565039132
88.46761522576449,176.93523045152898
42.775244937003876,85.55048987400775
99.16723440411195,198.3344688082239
10.251083688321538,20.502167376643076
91.56776125273639,183.13552250547278
38.59723667215176,77.19447334430352
71.22688055822037,142.45376111644075
87.77946848299248,175.55893696598497
82.73710191355254,165.47420382710507
82.5586321195208,165.1172642390416
92.33120163498282,184.66240326996564
21.53549103246739,43.07098206493478
2.3565781395801677,4.713156279160335
94.44331261034789,188.88662522069578
5.300772229910667,10.601544459821334
41.702252275919626,83.40450455183925
48.052495745782096,96.10499149156419
63.308544593909865,126.61708918781973
96.25642877051088,192.51285754102176
64.49948552937306,128.99897105874612
49.439841946836914,98.87968389367383
85.63898659733499,171.27797319466998
5.3076911215751865,10.615382243150373
77.34828513441754,154.69657026883507
53.224068895995636,106.44813779199127
30.88678657124886,61.77357314249772
71.98726447668076,143.97452895336153
33.19537021626468,66.39074043252936
5.785529965732616,11.571059931465232
97.87989103847434,195.75978207694868
46.566435290032636,93.13287058006527
12.31441509671727,24.62883019343454
64.34656907596109,128.69313815192217
26.33347897986318,52.66695795972636
98.51006099933035,197.0201219986607
19.474141006600686,38.94828201320137
82.31737573055904,164.63475146111807
90.13656344505395,180.2731268901079
56.39907662926296,112.79815325852591
38.1109242093482,76.2218484186964
62.387242942297384,124.77448588459477
91.73123012543091,183.46246025086182
10.345495579777975,20.69099115955595
54.130688005500595,108.26137601100119
32.640320402861015,65.28064080572203
30.762278350274986,61.52455670054997
28.615892278838906,57.23178455767781
79.98414576182023,159.96829152364046
46.46893825286037,92.93787650572074
88.20952645048413,176.41905290096827
45.84455576412327,91.68911152824654
80.72444863262803,161.44889726525605
41.0474789230777,82.0949578461554
20.813620055426398,41.627240110852796
14.92506843464544,29.85013686929088
59.23129671503518,118.46259343007036
64.00933580475802,128.01867160951605
63.8562295468478,127.7124590936956
96.48228037688946,192.96456075377893
71.45716905339692,142.91433810679385
49.12540941405044,98.25081882810088
57.21871390695207,114.43742781390414
58.5792570886096,117.1585141772192
88.7504594711379,177.5009189422758
23.329002601859816,46.65800520371963
38.53012595544052,77.06025191088104
90.44176106700142,180.88352213400285
34.221879266239796,68.44375853247959
29.449806335386175,58.89961267077235
67.90611321666657,135.81222643333314
20.711380839790607,41.422761679581214
1.5093767076181042,3.0187534152362083
19.089664108236303,38.179328216472605
92.97312944904913,185.94625889809825
27.466355225333505,54.93271045066701
14.99071651799736,29.98143303599472
87.38278563894679,174.76557127789357
61.86221845164032,123.72443690328063
0.2250132106754954,0.4500264213509908
58.76715050163761,117.53430100327522
76.03614144367548,152.07228288735095
74.66810927263407,149.33621854526814
7.082404783568741,14.164809567137482
95.55847994055088,191.11695988110176
2.451157318661923,4.902314637323846
3.6764760724309453,7.352952144861891
53.76265408348282,107.52530816696564
39.060497346806486,78.12099469361297
39.29714402860473,78.59428805720945
53.868970749079146,107.73794149815829
18.66862465123338,37.33724930246676
9.961288844621796,19.922577689243592
0.0639193077199729,0.1278386154399458
86.59563405192942,173.19126810385885
92.1802252989529,184.3604505979058
34.99991417625387,69.99982835250773
79.71508474522551,159.43016949045102
10.36312638092861,20.72625276185722
62.169187901073684,124.33837580214737
33.05135976131787,66.10271952263574
66.13421163191138,132.26842326382277
7.392727849814995,14.78545569962999
98.47589793337463,196.95179586674925
2.923313967268293,5.846627934536586
83.6969315888187,167.3938631776374
37.80237110486804,75.60474220973607
2.602419775582754,5.204839551165508
15.64236880712433,31.28473761424866
87.59451545542541,175.18903091085082
80.91264436933686,161.82528873867372
17.2754490688942,34.5508981377884
10.46851586719898,20.93703173439796
40.69830913349368,81.39661826698736
41.88772972340904,83.77545944681808
63.58544833382792,127.17089666765584
45.63223295021618,91.26446590043236
8.348869086162692,16.697738172325383
83.33363359303681,166.66726718607362
77.55395676318658,155.10791352637315
48.57505817385781,97.15011634771562
43.339775432528015,86.67955086505603
23.596216740673903,47.192433481347805
87.87780186043761,175.75560372087523
33.69060373252801,67.38120746505602
59.42812532134264,118.85625064268528
61.78823779689224,123.57647559378448
80.40671727831705,160.8134345566341
24.93075064176483,49.86150128352966
97.86229407738625,195.7245881547725
61.30928817767662,122.61857635535324
19.174238685792833,38.348477371585666
4.796909179102871,9.593818358205741
98.76743885645678,197.53487771291356
24.40419777692978,48.80839555385956
70.67914531352612,141.35829062705224
71.76871590326449,143.53743180652899
71.18982595051256,142.3796519010251
0.12845628312153634,0.2569125662430727
41.41319370984996,82.82638741969993
34.855873189685695,69.71174637937139
48.89673538573193,97.79347077146386
34.69354179018139,69.38708358036278
59.57902470194061,119.15804940388122
86.22107719408665,172.4421543881733
97.89912852697748,195.79825705395496
75.85541455371036,151.71082910742072
34.34116785146247,68.68233570292495
47.772135193769415,95.54427038753883
89.29765999263027,178.59531998526055
5.144067118064532,10.288134236129064
49.85861506591179,99.71723013182358
33.22835494088192,66.45670988176384
0.28395793418130033,0.5679158683626007
69.16319727853487,138.32639455706973
8.717436716921355,17.43487343384271
77.33076625873242,154.66153251746485
26.18081935215246,52.36163870430492
59.601221244257715,119.20244248851543
54.284813453877454,108.56962690775491
6.067014819595162,12.134029639190324
75.23692051098895,150.4738410219779
75.5742623893613,151.1485247787226
1.3476715294686636,2.6953430589373273
81.27233412473807,162.54466824947613
22.415018101424632,44.830036202849264
49.6158986115906,99.2317972231812
8.424018231793962,16.848036463587924
4.919666766826181,9.839333533652361
21.22408857032316,42.44817714064632
86.22506094672171,172.45012189344342
0.900386637515671,1.800773275031342
85.49082571036995,170.9816514207399
94.87933420759116,189.7586684151823
39.42974005174891,78.85948010349782
17.560069108704234,35.12013821740847
77.77555900819343,155.55111801638685
1.713385243682719,3.426770487365438
47.4250492592453,94.8500985184906
69.63845328264605,139.2769065652921
11.725724678864303,23.451449357728606
72.7257637112508,145.4515274225016
49.93626521840066,99.87253043680133
84.45600056811526,168.91200113623051
73.7661493970776,147.5322987941552
96.27989829040663,192.55979658081327
5.9040431590086655,11.808086318017331
18.79858259628817,37.59716519257634
23.32145365337317,46.64290730674634
62.464831645471705,124.92966329094341
83.59032572543428,167.18065145086857
92.59014059155797,185.18028118311594
19.891165221114303,39.782330442228606
78.95119882492824,157.90239764985648
71.21686094379427,142.43372188758855
65.98325162374235,131.9665032474847
55.51966490180805,111.0393298036161
55.30586454852927,110.61172909705854
18.925680144975054,37.85136028995011
32.34226742484844,64.68453484969687
3.3383505281980086,6.676701056396017
41.74042424185822,83.48084848371644
81.89119247117115,163.7823849423423
73.26991604935648,146.53983209871296
24.901607462387055,49.80321492477411
53.478407057247004,106.95681411449401
0.27245208018376044,0.5449041603675209
76.96161487166417,153.92322974332833
61.044042290165216,122.08808458033043
42.94771327581511,85.89542655163022
13.862721066601358,27.725442133202716
69.95226352553271,139.90452705106543
9.445016343564172,18.890032687128343
47.59638297254973,95.19276594509947
32.501526377755965,65.00305275551193
53.741116535240565,107.48223307048113
63.436764882197,126.873529764394
72.2655676822326,144.5311353644652
6.911536166520616,13.823072333041232
19.797650157205826,39.59530031441165
90.31237810065227,180.62475620130454
80.92727008145026,161.85454016290052
42.936050747617706,85.87210149523541
34.341344305182965,68.68268861036593
61.86704368004767,123.73408736009534
64.40317753991735,128.8063550798347
14.939701203807342,29.879402407614684
44.697195224344476,89.39439044868895
15.72766974483536,31.45533948967072
64.72744050456483,129.45488100912965
7.184203276668832,14.368406553337664
68.7168968346536,137.4337936693072
83.85871210391187,167.71742420782374
55.505905353207815,111.01181070641563
11.605903001730034,23.21180600346007
92.66810412297065,185.3362082459413
12.208024986562005,24.41604997312401
66.10446502456993,132.20893004913987
0.7347609248616438,1.4695218497232876
52.53425439179017,105.06850878358034
73.9197930407626,147.8395860815252
14.141832659423326,28.28366531884665
83.18519151263189,166.37038302526378
15.442440324026697,30.884880648053393
96.34488323215729,192.68976646431457
89.55139296084161,179.10278592168322
75.04471509173423,150.08943018346847
34.716917935604954,69.43383587120991
3.2267639586199603,6.453527917239921
23.79040781083002,47.58081562166004
71.78993932505709,143.57987865011418
91.29754417633713,182.59508835267425
68.24616788077674,136.49233576155348
64.48335305233574,128.9667061046715
91.70760800087801,183.41521600175602
62.002050622593075,124.00410124518615
61.29863175101175,122.5972635020235
1.7083360945769788,3.4166721891539575
20.631143769826377,41.26228753965275
92.60833735332751,185.21667470665503
37.48787881409788,74.97575762819577
42.09774655107801,84.19549310215602
70.94431731957133,141.88863463914265
94.81011445889256,189.6202289177851
79.02853544105189,158.05707088210377
21.395914747692014,42.79182949538403
7.669466919653467,15.338933839306934
76.26156022686146,152.52312045372292
7.326331551166221,14.652663102332442
40.87345831005732,81.74691662011465
15.024665121627379,30.049330243254758
27.756272667976912,55.512545335953824
94.97505119735726,189.95010239471452
16.196993453540852,32.393986907081704
6.522597640765781,13.045195281531562
85.87243508006556,171.74487016013111
25.41794312572173,50.83588625144346
84.3852000017821,168.7704000035642
38.758124554586836,77.51624910917367
33.77930887004238,67.55861774008476
38.2825329302334,76.5650658604668
60.50240328843435,121.0048065768687
44.45379157957009,88.90758315914017
24.08213438577348,48.16426877154696
67.95205655491495,135.9041131098299
58.35909273010769,116.71818546021538
15.570059044200068,31.140118088400136
71.32495058275524,142.64990116551047
78.8161189316872,157.6322378633744
20.73762206068527,41.47524412137054
80.62767119719446,161.25534239438892
98.51567556071463,197.03135112142925
75.45282833660977,150.90565667321954
5.063213396199062,10.126426792398124
54.17806032691297,108.35612065382594
95.99425936220652,191.98851872441304
29.082890287782014,58.16578057556403
14.886195195379504,29.772390390759007
12.89263349612817,25.78526699225634
52.71913904182656,105.43827808365312
59.35139913886624,118.70279827773248
48.70644371814647,97.41288743629293
74.02592601688922,148.05185203377843
65.59633185401813,131.19266370803626
94.3923147235929,188.7846294471858
92.07844559814926,184.15689119629852
15.423586140366574,30.847172280733147
18.94463203070681,37.88926406141362
75.50737694610467,151.01475389220934
75.08859075903348,150.17718151806696
77.29050159277121,154.58100318554241
95.62491489727238,191.24982979454475
6.1510190351547696,12.302038070309539
82.91836547726155,165.8367309545231
73.77379608263844,147.54759216527688
93.39511732126945,186.7902346425389
43.455827080212295,86.91165416042459
62.29089344886265,124.5817868977253
53.7432366978,107.4864733956
97.66574843154451,195.33149686308903
53.522919605063144,107.04583921012629
2.838981164529719,5.677962329059438
14.390947452998503,28.781894905997007
84.23076130050407,168.46152260100814
32.663860826850474,65.32772165370095
11.752800494015947,23.505600988031894
9.030950838431695,18.06190167686339
18.37934169738168,36.75868339476336
79.43971103190383,158.87942206380765
54.38954170651491,108.77908341302982
86.40897586374165,172.8179517274833
11.758610251786871,23.517220503573743
97.79247418893866,195.5849483778773
59.44877660996983,118.89755321993967
29.41675046849025,58.8335009369805
3.782408153523087,7.564816307046174
9.746804436723245,19.49360887344649
98.71786700194079,197.43573400388158
82.32733234172672,164.65466468345343
24.116926999953026,48.23385399990605
86.8729305981399,173.7458611962798
44.362343937850845,88.72468787570169
51.38055615292583,102.76111230585165
57.64691866741369,115.29383733482739
64.9258166554681,129.8516333109362
98.43854173490705,196.8770834698141
79.46335183960048,158.92670367920095
80.67046704988266,161.34093409976532
50.5509070289747,101.1018140579494
22.29210489523823,44.58420979047646
69.75437880413415,139.5087576082683
14.99739670741177,29.99479341482354
48.18205690525497,96.36411381050993
32.6470139958543,65.2940279917086
69.70510563685545,139.4102112737109
45.70274112075713,91.40548224151426
65.9860029910562,131.9720059821124
34.016457858801054,68.03291571760211
80.47710166527308,160.95420333054616
69.26797320933468,138.53594641866937
27.21140803125315,54.4228160625063
87.18096320932361,174.36192641864722
85.88686059346678,171.77372118693356
31.359118737116486,62.71823747423297
74.71204234853485,149.4240846970697
71.46830769477496,142.93661538954993
66.99554979586739,133.99109959173478
6.761542844129675,13.52308568825935
54.05724267335456,108.11448534670912
0.6365573554989457,1.2731147109978913
87.90989588683671,175.81979177367342
29.945787957592295,59.89157591518459
8.341837877494173,16.683675754988347
14.560655068205408,29.121310136410816
34.64576350464943,69.29152700929886
59.66447804996676,119.32895609993352
62.452871515211015,124.90574303042203
91.65406253644478,183.30812507288957
90.19095647443166,180.38191294886332
43.42480851629678,86.84961703259356
57.38936320781662,114.77872641563324
24.744994195782656,49.48998839156531
14.34643503582027,28.69287007164054
68.30583899628321,136.61167799256643
46.748814756905944,93.49762951381189
8.68064424102809,17.36128848205618
99.4560232706226,198.9120465412452
67.18345719302846,134.36691438605692
14.92488991449833,29.84977982899666
22.513366011121406,45.02673202224281
61.926428501398355,123.85285700279671
24.20983262621299,48.41966525242598
1.1442897040486621,2.2885794080973243
69.66168110746771,139.32336221493543
48.805399946944306,97.61079989388861
65.5031070023932,131.0062140047864
15.725451159273495,31.45090231854699
70.25365039974683,140.50730079949366
87.65283607625558,175.30567215251116
17.055364262754647,34.110728525509295
33.54536433492833,67.09072866985666
77.6331366465848,155.2662732931696
87.76298662454334,175.5259732490867
79.13499857842021,158.26999715684042
91.56690250365857,183.13380500731714
83.855237036935,167.71047407387
10.38589870108596,20.77179740217192
93.81240528750212,187.62481057500423
7.703044063511422,15.406088127022844
64.25431955132288,128.50863910264576
44.07591319837878,88.15182639675756
41.84400667653042,83.68801335306084
18.157245766992546,36.31449153398509
44.04090697539147,88.08181395078294
24.27974705194995,48.5594941038999
92.07606285290517,184.15212570581033
82.97576176164073,165.95152352328145
44.078079564799545,88.15615912959909
31.714394555578085,63.42878911115617
22.999728412010413,45.999456824020825
37.08818166861392,74.17636333722784
66.1238687769589,132.2477375539178
45.61698003343692,91.23396006687383
66.01926502204113,132.03853004408225
31.172465606769084,62.34493121353817
54.739447484641744,109.47889496928349
49.754043963323355,99.50808792664671
17.056508004352256,34.11301600870451
76.4689405300758,152.9378810601516
59.3870779573192,118.7741559146384
17.315951326607127,34.631902653214254
38.124233863247944,76.24846772649589
4.507436362408502,9.014872724817003
17.989123747153645,35.97824749430729
11.444888816587639,22.889777633175278
79.38789721119991,158.77579442239983
7.022411831486042,14.044823662972084
85.81732410197121,171.63464820394242
39.21039362253816,78.42078724507633
43.72040694087058,87.44081388174116
79.07538562758837,158.15077125517675
68.70437115207453,137.40874230414906
30.615133575029716,61.23026715005943
30.037135900138367,60.07427180027673
56.22848384171357,112.45696768342714
59.36569169086734,118.73138338173467
70.36252242443203,140.72504484886406
52.28149405210144,104.56298810420289
45.312136274469985,90.62427254893997
68.0976173377205,136.195234675441
30.803784186227332,61.607568372454665
39.62949188458141,79.25898376916282
19.866026129334667,39.732052258669334
37.17279469180394,74.34558938360787
2.359886496195329,4.719772992390658
60.665164807115225,121.33032961423045
34.14643446947259,68.29286893894518
91.67560267400864,183.3512053480173
0.21079771784793255,0.4215954356958651
82.69004885024785,165.3800977004957
74.40219743590652,148.80439487181303
1.6133085139894865,3.226617027978973
1.5776396562476869,3.1552793124953737
14.73009505795132,29.46019011590264
9.587368643047379,19.174737286094757
70.02057743393344,140.04115486786688
33.61747778644535,67.2349555728907
76.19050913260122,152.38101826520244
83.51151350688572,167.02302701377144
2.740536483542999,5.481072967085998
49.84499166037105,99.6899833207421
86.59652542525194,173.19305085050388
32.28026190099508,64.56052380199016
96.60371354782272,193.20742709564544
50.79504970719933,101.59009941439867
81.19330840843145,162.3866168168629
66.8079929676228,133.6159859352456
2.5042149431924843,5.0084298863849686
24.822818259099712,49.645636518199424
50.29947469236106,100.59894938472212
48.00007404124448,96.00014808248896
52.138644660745456,104.27728932149091
86.99256536953706,173.98513073907412
90.12810595377336,180.2562119075467
34.81525450785825,69.6305090157165
30.85572554685877,61.71145109371754
78.67618344466565,157.3523668893313
57.05716543327246,114.11433086654492
35.50781514038304,71.01563028076608
91.94032249925054,183.88064499850108
77.05516861998329,154.11033723996658
78.48537907022532,156.97075814045064
70.51869398997087,141.03738797994174
83.89910601759428,167.79821203518856
3.5020388173397254,7.004077634679451
68.52291591281092,137.04583182562183
16.69133198242403,33.38266396484806
73.07287185350665,146.1457437070133
4.6645641442884305,9.329128288576861
61.64615467606056,123.29230935212112
68.28275856423868,136.56551712847735
38.2134093911778,76.4268187823556
52.40994749970709,104.81989499941417
56.70022523138829,113.40045046277658
97.23329206914134,194.46658413828268
26.82093356477111,53.64186712954222
29.510873571814077,59.021747143628154
48.929046042895585,97.85809208579117
77.02914595841911,154.05829191683821
3.47785638716136,6.95571277432272
76.00741216363465,152.0148243272693
80.91294262957285,161.8258852591457
83.63891988455654,167.2778397691131
80.91280177598338,161.82560355196676
93.5366822539975,187.073364507995
87.35742173561329,174.71484347122657
83.5685996888924,167.1371993777848
44.90917872071083,89.81835744142165
22.495048200083247,44.99009640016649
99.29966377881262,198.59932755762523
41.8897963172149,83.7795926344298
89.34545151803174,178.69090303606347
43.56667065785227,87.13334131570454
32.47935249996017,64.95870499992034
8.909963725237958,17.819927450475916
12.486527660814728,24.973055321629456
47.95918371019931,95.91836742039862
83.54352257915399,167.08704515830797
0.9338265175541371,1.8676530351082743
22.023160192570913,44.046320385141826
57.47581708339734,114.95163416679468
45.624815482544356,91.24963096508871
95.47243111651802,190.94486223303605
84.66679812785918,169.33359625571836
47.05602677889902,94.11205355779803
52.0789145128201,104.1578290256402
11.35639182387812,22.71278364775624
65.87664184553113,131.75328369106225
10.612448843704136,21.224897687408273
15.836578375294586,31.673156750589172
45.743326005304375,91.48665201060875
54.34108928851386,108.68217857702771
25.24499131197112,50.48998262394224
43.16908316914323,86.33816633828646
63.258147971955424,126.51629594391085
77.09301931980767,154.18603863961533
97.1674903073467,194.3349806146934
97.54549649025707,195.09099298051413
95.56536653400717,191.13073306801434
74.9276881947841,149.8553763895682
52.891672990021235,105.78334598004247
16.98464412668075,33.9692882533615
48.28269428080083,96.56538856160167
28.03394663301321,56.06789326602642
24.692110233364417,49.384220466728834
94.9204767692255,189.840953538451
40.656331759231094,81.31266351846219
88.9506127425638,177.9012254851276
16.606064778525464,33.21212955705093
24.76631184106085,49.5326236821217
88.9820817876857,177.9641635753714
84.89361330331093,169.78722660662186
87.72252255331303,175.44504510662605
52.11370331293163,104.22740662586325
19.792797912024817,39.58559582404963
61.38187311915346,122.76374623830692
21.400004884382994,42.80000976876599
94.0531488477194,188.1062976954388
46.460987410291665,92.92197482058333
17.032694519962156,34.06538903992431
3.767325507682906,7.534651015365812
95.76082076403772,191.52164152807543
27.489631735340893,54.979263470681786
53.61846642736331,107.23693285472662
56.36106466726824,112.72212933453648
86.89431428244752,173.78862856489505
5.678925861465989,11.357851722931978
46.211621171569604,92.42324234313921
80.4899502449082,160.9799004898164
65.08989803059005,130.1797960611801
58.84713257092579,117.69426514185157
68.68394542717411,137.36789085434822
12.914917850274998,25.829835700549996
43.71718154317856,87.43436308635712
11.378115482120332,22.756230964240665
25.97575906503049,51.95151813006098
12.845495196145551,25.690990392291102
89.31267601934293,178.62535203868586
22.185470382643835,44.37094076528767
6.458237551985546,12.916475103971091
39.04709590786766,78.09419181573531
48.139216144112766,96.27843228822553
50.05309660058449,100.10619320116898
10.321467910992022,20.642935821984043
12.729619553309213,25.459239106618426
18.653339753254926,37.30667950650985
24.27130381218544,48.54260762437088
16.297029181475033,32.594058362950065
98.12074523333335,196.2414904666667
91.80455621420474,183.60911242840947
60.41440672450504,120.82881344901008
42.22613941535458,84.45227883070916
29.021731227642654,58.04346245528531
59.514999343811716,119.02999868762343
0.49741252112769363,0.9948250422553873
75.73172441978167,151.46344883956334
16.41183912768317,32.82367825536634
31.824832101297595,63.64966420259519
39.78202977502983,79.56405955005965
75.65715425766423,151.31430851532846
40.53565250415873,81.07130500831747
1.3713403933232282,2.7426807866464564
30.556095411892294,61.11219082378459
31.319009277265398,62.638018554530795
49.89504354678478,99.79008709356955
72.42897467139169,144.85794934278337
6.014686258447444,12.029372516894888
70.23330986034478,140.46661972068955
75.73359810638543,151.46719621277086
86.77107521795993,173.54215043591987
6.029374920850539,12.058749841701077
83.67624219134547,167.35248438269093
51.25713789042119,102.51427578084238
15.25013521766726,30.50027043533452
89.36995833294532,178.73991666589063
94.31832280141967,188.63664560283934
95.75976635313815,191.5195327062763
76.23779675921482,152.47559351842963
27.844143361128438,55.688286722256876
33.32933130901572,66.65866261803144
3.1383898690154233,6.2767797380308465
55.79644744363337,111.59289488726674
74.05316239915201,148.10632479830403
48.47167669521439,96.94335339042878
25.438820584991028,50.877641169982056
14.511269012355466,29.022538024710933
47.52808355841467,95.05616711682934
49.15785240815512,98.31570481631024
62.8639139537827,125.7278279075654
73.83432323771385,147.6686464754277
34.7523989809283,69.5047979618566
34.99837687118061,69.99675374236122
88.121475779497,176.242951558994
18.137034696302912,36.274069392605824
36.99856349839986,73.99712699679972
93.94140254701078,187.88280509402156
57.607538542510206,115.21507708502041
70.38437790656943,140.76875581313885
38.94415002450224,77.88830004900449
73.0416239810047,146.0832479620094
28.9003422987684,57.8006845975368
55.27784025676451,110.55568051352903
67.65085347905313,135.30170695810625
13.65653085203099,27.31306170406198
28.262385320620698,56.524770641241396
90.85195870153404,181.7039174030681
24.545289067619503,49.09057813523901
99.50208961649535,199.0041792329907
40.0081006717532,80.0162013435064
86.80112303236494,173.60224606472988
32.30588747846803,64.61177495693606
27.933348059496176,55.86669611899235
13.092689005927793,26.185378011855587
85.22989249878638,170.45978499757277
86.74608513299322,173.49217026598643
17.14973576301153,34.29947152602306
19.382859620617076,38.76571924123415
70.09854613691353,140.19709227382705
82.12635160155028,164.25270320310057
39.1753003305109,78.3506006610218
73.87843683031424,147.7568736606285
61.69580509777859,123.39161019555718
21.922603131918528,43.845206263837056
43.40832820566841,86.81665641133682
71.73017824107274,143.46035648214547
9.218963686692206,18.43792737338441
21.897859613771963,43.79571922754393
23.58833849084956,47.17667698169912
11.812367417273684,23.624734834547368
52.48707043416506,104.97414086833012
78.73599724954462,157.47199449908925
97.67588743504476,195.3517748700895
22.548398966296922,45.096797932593844
96.98606849483487,193.97213698966974
55.27834383724728,110.55668767449455
27.99993146902522,55.99986293805044
95.2857445516485,190.571489103297
39.0124694651219,78.0249389302438
18.462675570006184,36.92535114001237
51.64311128029795,103.2862225605959
61.25756084434902,122.51512168869804
11.730737921991906,23.461475843983813
64.84593463062669,129.69186926125337
46.679607532558755,93.35921506511751
45.596837653280595,91.19367530656119
55.12473266805314,110.24946533610628
24.5608638772033,49.1217277544066
10.699652526712667,21.399305053425334
90.3243581096635,180.648716219327
38.957902850484395,77.91580570096879
10.965761810531438,21.931523621062876
40.95186246510279,81.90372493020558
41.72436112020578,83.44872224041156
67.97621922433281,135.95243844866562
53.31540357093424,106.63080714186847
43.48482573707735,86.9696514741547
22.09752708365016,44.19505416730032
6.101675263616302,12.203350527232605
55.085882542789776,110.17176508557955
82.81542794625078,165.63085589250156
96.28865695414537,192.57731390829073
15.297574754558664,30.595149509117327
9.063665481121896,18.127330962243793
11.826527516805974,23.65305503361195
97.64791222533854,195.2958244506771
85.42444931252246,170.8488986250449
75.84330580837698,151.68661161675396
74.7455394176375,149.491078835275
48.775875138497874,97.55175027699575
56.082198842801404,112.16439768560281
79.29083682395952,158.58167364791905
2.696982459983377,5.393964919966754
72.51004828181517,145.02009656363035
92.90787661928044,185.8157532385609
31.28598950534259,62.57197901068518
21.14418164516315,42.2883632903263
6.616707450572812,13.233414901145624
26.880291725897898,53.760583451795796
25.92504208770714,51.85008417541428
96.56705970761654,193.13411941523307
17.02851937518891,34.05703875037782
41.250463038053766,82.50092607610753
85.27002890975808,170.54005781951616
98.41105459039777,196.82210918079554
10.376149070680441,20.752298141360882
47.970669899567966,95.94133979913593
1.8182870845030563,3.6365741690061126
31.79760646054105,63.5952129210821
92.70821815320195,185.4164363064039
66.72505404792402,133.45010809584804
86.20299143011562,172.40598286023123
67.70599557223318,135.41199114446636
61.78737968544421,123.57475937088842
4.414623217029046,8.829246434058092
46.208143413651214,92.41628682730243
83.3743363485732,166.7486726971464
89.83141694738556,179.66283389477113
32.98250268916006,65.96500537832011
52.33972643291979,104.67945286583958
37.82417630563837,75.64835261127674
59.7447376493802,119.4894752987604
46.56528897692054,93.13057795384108
59.5884158381923,119.1768316763846
10.31172901279711,20.62345802559422
44.19390979659353,88.38781959318706
43.603301536918735,87.20660307383747
35.91741297887059,71.83482595774117
32.30481386074601,64.60962772149202
25.426748706410308,50.853497412820616
15.875934121852087,31.751868243704173
46.36914814469365,92.7382962893873
64.03124707362193,128.06249414724385
19.337768029545643,38.675536059091286
76.34039356824724,152.68078713649447
48.085248382592496,96.17049676518499
76.203884581401,152.407769162802
28.773892948473456,57.54778589694691
68.08028307017608,136.16056614035216
83.57834423657692,167.15668847315385
10.049659602264892,20.099319204529785
9.157158572458801,18.314317144917602
45.85170525435138,91.70341050870276
19.19524734965008,38.39049469930016
12.797945309471014,25.59589061894203
21.770525711341783,43.541051422683566
43.20442727691073,86.40885455382146
32.54154624126719,65.08309248253438
7.609240238224002,15.218480476448004
45.27676899313728,90.55353798627456
26.48659146213769,52.97318292427538
59.84308140664142,119.68616281328283
84.14246715372494,168.28493430744987
84.7752049998428,169.5504099996856
23.56118606142893,47.12237212285786
80.32643161744886,160.65286323489772
87.6320091793232,175.2640183586464
86.97544927270044,173.9508985454009
58.66350964228073,117.32701928456146
19.51440575551454,39.02881151102908
77.5021121128117,155.0042242256234
55.786984798460914,111.57396959692183
15.256339337747871,30.512678675495742
46.38801955182915,92.7760391036583
29.33080015751083,58.66160031502166
71.38701695114554,142.77403390229108
57.41849306291653,114.83698612583306
16.41784252018156,32.83568504036312
38.529610015964536,77.05922003192907
28.06647982219882,56.13295964439764
72.71933749458897,145.43867498917794
1.75093625329098,3.50187250658196
21.023455925826628,42.046911851653256
80.81212304216892,161.62424608433784
63.173974630349804,126.34794926069961
89.4293975901481,178.8587951802962
27.698598914421304,55.39719782884261
96.04851307405707,192.09702614811414
15.697842833528009,31.395685667056018
47.14226744274068,94.28453488548136
27.507303227403746,55.01460645480749
47.40457474243199,94.80914948486398
30.934130815783423,61.868261631566845
41.129349576371,82.258699152742
57.243955309916274,114.48791061983255
34.68049052485417,69.36098104970834
17.89905545165007,35.79811090330014
13.48066570627281,26.96133141254562
26.856325458410456,53.71265091682091
18.716271528998618,37.432543057997236
50.308018605467595,100.61603721093519
2.1736892140539754,4.347378428107951
27.3444248654785,54.688849730957
52.233798504046725,104.46759700809345
28.071724885022263,56.143449770044526
83.4290689009989,166.8581378019978
49.74523105961265,99.4904621192253
38.136666032471524,76.27333206494305
19.191229963903556,38.38245992780711
64.06824153936702,128.13648307873405
6.16004329295099,12.32008658590198
90.65061613727336,181.30123227454672
1.0857075398793992,2.1714150797587983
38.39108970738007,76.78217941476014
32.28095387366563,64.56190774733126
77.79800939865747,155.59601879731494
0.7785397640145852,1.5570795280291705
80.05005254279216,160.10010508558432
17.95947389209275,35.9189477841855
40.94555785010584,81.89111570021169
51.41357467022781,102.82714934045562
66.85471156302505,133.7094231260501
82.73150675893068,165.46301351786136
94.49673162247981,188.99346324495963
48.37009627635284,96.74019255270568
29.295554527803258,58.591109055606516
77.33712955110079,154.67425910220157
65.32581324643581,130.65162649287163
49.373981945834835,98.74796389166967
5.500727481245182,11.001454962490364
26.193452511489102,52.386905022978205
40.08551421393767,80.17102842787534
5.127495521949077,10.254991043898155
98.91283427484686,197.82566854969372
39.4687029850472,78.9374059700944
96.43541765154589,192.87083530309178
87.84513720298204,175.6902744059641
21.044834990019524,42.08966998003905
34.4952255664636,68.9904511329272
55.87568758667925,111.7513751733585
34.232585891574374,68.46517178314875
90.40646690143144,180.8129338028629
7.508367043916597,15.016734087833195
58.752114860066165,117.50422972013233
33.463710917039094,66.92742183407819
66.41773717664312,132.83547435328623
18.94539865854278,37.89079731708556
64.75223618748312,129.50447237496624
92.43283805747372,184.86567611494743
55.83381079347443,111.66762158694885
95.60184454736498,191.20368909472995
87.26307172802444,174.52614345604889
95.82008097525082,191.64016195050164
82.68385999983406,165.3677199996681
81.55013695244139,163.10027390488278
57.215316260275294,114.43063252055059
25.160670710900913,50.321341421801826
97.87321570809175,195.7464314161835
29.944220048329086,59.88844009665817
66.03971856511367,132.07943713022735
58.37981280856746,116.75962561713492
0.9751542578101069,1.9503085156202138
22.239241595736836,44.47848319147367
76.39902839430542,152.79805678861084
45.57892378724555,91.1578475744911
3.1861897765527503,6.3723795531055005
48.64959660878905,97.2991932175781
67.00910607316541,134.01821214633082
97.3347038032391,194.6694076064782
77.47881762668393,154.95763525336787
9.335306065612547,18.670612131225095
84.40536798194681,168.81073596389362
6.259283361967471,12.518566723934942
68.91031058549852,137.82062117099704
96.11329052098141,192.22658104196282
26.106642995322282,52.213285990644565
22.16547201789799,44.33094403579598
35.94183595363552,71.88367190727104
50.77755309196787,101.55510618393573
25.06524028802657,50.13048057605314
33.20771900697821,66.41543801395642
77.6722887834189,155.3445775668378
58.3436980063811,116.6873960127622
76.16843538029975,152.3368707605995
53.80806110086894,107.61612220173788
19.956050155355165,39.91210031071033
15.637697283712438,31.275394567424875
83.49952223201997,166.99904446403994
2.9647865404857865,5.929573080971573
65.97023034649332,131.94046069298665
84.93287417919692,169.86574835839383
12.479401501055287,24.958803002110574
87.11936691424151,174.23873382848302
32.026928593535864,64.05385718707173
9.846229475007606,19.69245895001521
7.387036215931586,14.774072431863171
57.079665150577476,114.15933030115495
7.44658909483883,14.89317818967766
39.319600429925785,78.63920085985157
92.13456705574681,184.26913411149363
17.409777914741976,34.81955582948395
11.794390905696595,23.58878181139319
41.688989657511264,83.37797931502253
32.32601807426747,64.65203614853495
33.966178524759684,67.93235704951937
71.25431852718842,142.50863705437683
62.56872880230476,125.13745760460952
82.8175425020574,165.6350850041148
7.599089867407038,15.198179734814076
98.41072134962147,196.82144269924294
56.440000559401696,112.88000111880339
97.78711846612481,195.57423693224962
1.5362318194123037,3.0724636388246074
92.80167023470341,185.60334046940682
1.193673816905172,2.387347633810344
15.214874233582808,30.429748467165616
72.37751469349625,144.7550293869925
20.032944067737933,40.065888135475866
75.94871302176175,151.8974260435235
20.830851595541944,41.66170319108389
43.728595634609505,87.45719126921901
3.056817454109584,6.113634908219168
89.56196869249044,179.12393738498088
31.406395209352056,62.81279041870411
40.65166090455744,81.30332180911488
39.21888395610409,78.43776791220817
50.728424778258166,101.45684955651633
35.39577289659507,70.79154579319014
19.342182150047428,38.684364300094856
21.506734120624905,43.01346824124981
71.611106812617,143.222213625234
49.081324352663394,98.16264870532679
4.690803851214332,9.381607702428663
15.202612016339012,30.405224032678024
21.70865648439947,43.41731296879894
67.49303128051729,134.98606256103457
42.27674356424814,84.55348712849629
31.970710668935254,63.94142133787051
8.069449052716793,16.138898105433586
76.27544490874233,152.55088981748466
54.7935138166603,109.5870276333206
31.838504936755896,63.67700987351179
10.624796823230742,21.249593646461484
23.14003357852126,46.28006715704252
54.95950237019195,109.9190047403839
85.51190193730746,171.0238038746149
57.58695781579423,115.17391563158846
6.140706143012576,12.281412286025152
32.2326606492383,64.4653212984766
99.73090914467507,199.46181828935013
78.57551053572497,157.15102107144995
14.931376348078507,29.862752696157013
92.37022604194607,184.74045208389214
79.53140507180619,159.06281014361238
26.81051210036972,53.62102420073944
62.574348918476694,125.14869783695339
54.525235185216495,109.05047037043299
12.923549223815133,25.847098447630266
98.43934631177306,196.87869262354613
4.82316412519852,9.64632825039704
75.25511072572617,150.51022145145234
34.44510859481474,68.89021718962948
31.00465253050081,62.00930506100162
50.866315804640635,101.73263160928127
34.84963530340745,69.6992706068149
37.5757719281531,75.1515438563062
31.38091406545135,62.7618281309027
80.63389564587904,161.26779129175807
49.40634764289275,98.8126952857855
32.350497648411256,64.70099529682251
61.5830118673306,123.1660237346612
86.52107797921383,173.04215595842766
4.73031113591682,9.46062227183364
37.54815983929147,75.09631967858294
19.160052906248737,38.320105812497474
62.22203762191708,124.44407524383416
27.23421793654466,54.46843587308932
60.423399165031476,120.84679833006295
85.26161831590173,170.52323663180346
80.70580827553061,161.41161655106123
72.39598052414455,144.7919610482891
61.58818246269284,123.17636492538568
63.33581083190924,126.67162166381848
50.279116532693116,100.55823306538623
63.786637759847466,127.57327551969493
29.09301745242726,58.18603490485452
27.8149144923434,55.6298289846868
73.06449973751084,146.1289994750217
20.88736941016036,41.77473882032072
1.3311216456472375,2.662243291294475
4.182327672345165,8.36465534469033
97.57495709311989,195.14991418623978
55.935243433138396,111.87048686627679
87.61116529469474,175.2223305893895
72.51613915963662,145.03227831927325
4.515241437543938,9.030482875087875
19.959784843959348,39.919569687918695
14.838780475093738,29.677560950187477
69.46423240985796,138.9284648197159
47.12638843564938,94.25277687129876
65.79110036125708,131.58220072251416
9.489803202368396,18.979606404736792
49.42873495790053,98.85746991580106
54.46907323639779,108.93814647279558
82.79672610099237,165.59345220198475
34.6110472491024,69.2220944982048
90.9549723283818,181.9099446567636
64.39436241620555,128.7887248324111
8.058850648750882,16.117701297501764
42.209218486613764,84.41843697322753
68.99282469723926,137.98564939447851
93.74824939855522,187.49649879711043
63.06799530620516,126.13599061241032
98.78024794880318,197.56049589760636
42.828486950419716,85.65697390083943
84.94665625700522,169.89331251401043
54.236190933260666,108.47238186652133
72.6293810709135,145.258762141827
23.928725479602285,47.85745095920457
63.99677075219532,127.99354150439063
11.339114765797287,22.678229531594575
96.92747542308437,193.85495084616875
18.82429883843395,37.6485976768679
92.55319097381073,185.10638194762146
44.54291203516857,89.08582407033714
21.850956909648133,43.701913819296266
27.26453519064389,54.52907038128778
1.017274622975961,2.034549245951922
18.38080394484134,36.76160788968268
23.416763392296037,46.833526784592074
5.1242644846161145,10.248528969232229
62.998432896765834,125.99686579353167
4.648684640892952,9.297369281785905
69.58178823245765,139.1635764649153
22.476408688926874,44.95281737785375
96.07977847889319,192.15955695778638
41.681039398900666,83.36207879780133
35.097176052658185,70.19435210531637
23.377400149388762,46.754800298777525
23.82617410801373,47.65234821602746
30.202446225665526,60.40489245133105
59.90030228890294,119.80060457780588
92.53968632558788,185.07937265117576
24.79484745481766,49.58969490963532
4.307619440813015,8.61523888162603
58.53047276742234,117.06094553484468
80.44893706430494,160.89787412860989
96.23738775342964,192.4747755068593
62.674095564067386,125.34819112813477
12.522496443966924,25.044992887933848
22.46652606780134,44.93305213560268
77.26818743063897,154.53637486127795
2.67340236435325,5.3468047287065
84.64413326109621,169.28826652219243
3.681472743809011,7.362945487618022
38.45033649644131,76.90067299288262
31.884357826991838,63.768715653983676
63.4394707681253,126.8789415362506
64.23670620332925,128.4734124066585
13.764527565773887,27.529055131547775
21.53462313053329,43.06924626106658
59.209743530123724,118.41948706024745
48.363508926109574,96.72701785221915
86.45568987044192,172.91137974088383
28.079455252971673,56.158910505943346
16.214397635289114,32.42879527057823
18.655589349601588,37.311178699203175
91.61821931645801,183.23643863291602
21.3820943092395,42.764188618479
17.560282194105792,35.120564388211584
64.02570139945672,128.05140279891344
78.34813061456472,156.69626122912945
14.929852795350495,29.85970559070099
69.2415964931566,138.4831929863132
55.32695096397614,110.65390192795228
18.31297801235823,36.62595602471646
55.04566623482812,110.09133246965624
60.183011666149625,120.36602333229925
85.07574079630862,170.15148159261724
46.915801700039275,93.83160340007855
24.6654894891013,49.3309789782026
96.95616160226604,193.91232320453207
10.000048507459812,20.000097014919625
48.135450141206206,96.27090028241241
29.088234467390862,58.176468934781724
66.28136396844098,132.56272793688197
76.44209590536963,152.88419181073925
96.24416700256313,192.48833400512626
73.39181044569644,146.78362089139287
0.32884643444246464,0.6576928688849293
19.61163405639916,39.22326811279832
7.588861687410075,15.17772337482015
61.24184565267412,122.48369130534824
48.16955502302391,96.33911004604782
67.8428041843109,135.6856083686218
58.22995214057113,116.45990428114226
67.57061199702869,135.14122399405738
61.717625777422214,123.43525155484443
15.764406320260393,31.528812640520787
96.61439547687955,193.2287909537591
60.955727633187365,121.91145526637473
5.925578483709981,11.851156967419962
11.481099310815246,22.962198621630492
84.9368494347502,169.8736988695004
27.103645108964603,54.207290217929206
58.74052959925166,117.48105919850332
48.8256245432925,97.651249086585
23.432728013349468,46.865456026698936
64.33059296201013,128.66118592402026
84.54471577920538,169.08943155841075
99.09473271279165,198.1894654255833
32.27276028311511,64.54552056623022
63.16511053502604,126.33022107005208
1.313472370588764,2.626944741177528
22.008632511743677,44.017265023487354
23.444543181424937,46.88908636284987
55.08450910912348,110.16901821824696
95.94008169242136,191.88016338484272
11.186740581272236,22.373481162544472
10.905486938455,21.81097387691
24.087943237038868,48.175886474077735
37.35918514732766,74.71837029465532
76.04992262378082,152.09984524756163
59.412339800921885,118.82467960184377
69.00703366517207,138.01406733034415
93.55478789711165,187.1095757942233
15.987484794310824,31.974969588621647
80.74488590891956,161.4897718178391
77.69342530125397,155.38685060250793
8.714319058820685,17.42863811764137
30.77789542343815,61.5557908468763
13.703220531864702,27.406441063729403
84.41970194047089,168.83940388094177
9.2622863829668,18.5245727659336
35.20109815924574,70.40219631849148
55.56593564666492,111.13187129332984
55.451609156158966,110.90321831231793
4.7922175192024135,9.584435038404827
68.45992722477799,136.91985444955597
22.887186244803548,45.774372489607096
3.157433092948092,6.314866185896184
30.338165835334653,60.676331670669306
84.16207057481002,168.32414114962003
2.059709408472843,4.119418816945686
96.08980213245549,192.17960426491098
90.14129885498842,180.28259770997684
28.866275618341486,57.73255123668297
2.6347779958400652,5.2695559916801304
10.824195563838689,21.648391127677378
98.43396159995265,196.8679231999053
56.425781735682655,112.85156347136531
29.807120188282845,59.61424037656569
56.539346672211636,113.07869334442327
0.8356148062934943,1.6712296125869885
96.01789821530772,192.03579643061545
34.44032065458813,68.88064130917626
37.77251312616235,75.5450262523247
35.41930829831226,70.83861659662452
89.37037744199328,178.74075488398657
57.131381997098885,114.26276399419777
64.98596348913804,129.9719269782761
74.97929572399528,149.95859144799056
27.25930728192448,54.51861456384896
98.20317027884099,196.40634055768197
24.163174859038882,48.326349718077765
18.40673057714306,36.81346115428612
29.83814779826797,59.67629559653594
99.13616241102369,198.27232482204738
77.12866875794771,154.25733751589541
61.12393555479145,122.2478711095829
46.759674620503844,93.51934924100769
85.51544165308977,171.03088330617953
31.12797779206693,62.25595558413386
31.570716949738266,63.14143389947653
4.734623389457415,9.46924677891483
21.81169451495528,43.62338902991056
0.1810298235132235,0.362059647026447
75.779304860006,151.558609720012
48.780895101595114,97.56179020319023
0.5400918139440991,1.0801836278881982
15.69975060220077,31.39950120440154
43.61881873878289,87.23763747756578
67.48924725153117,134.97849450306234
13.852109014070813,27.704218028141625
60.40226443982202,120.80452887964404
22.212556772612125,44.42511354522425
66.0886942500722,132.1773885001444
47.137888056389556,94.27577611277911
41.623432484982835,83.24686496996567
32.20008620059902,64.40017240119803
8.81158531362447,17.62317062724894
88.56143668568997,177.12287337137994
7.327948450686361,14.655896901372722
64.44993462451384,128.8998692490277
65.7499167941093,131.4998335882186
61.98529732591016,123.97059465182032
63.99611035662126,127.99222071324252
4.801089885500998,9.602179771001996
51.951085303165236,103.90217060633047
47.0817041982043,94.1634083964086
72.41165221714184,144.82330443428367
54.546744365137926,109.09348873027585
49.8472307829003,99.6944615658006
0.24474125363652677,0.48948250727305354
15.078235010070218,30.156470020140436
75.11377012538439,150.22754025076878
75.45235836312972,150.90471672625944
61.305403243231574,122.61080648646315
59.93547811084885,119.8709562216977
79.6176655726478,159.2353311452956
70.5800738832474,141.1601477664948
72.94553578972197,145.89107157944395
73.6884951432707,147.3769902865414
46.822561831652344,93.64512366330469
14.209733471287356,28.41946694257471
7.934727867342128,15.869455734684257
91.73806832062638,183.47613664125277
11.268504149015701,22.537008298031402
86.12844852992032,172.25689705984064
55.81383277635975,111.6276655527195
94.20376087208993,188.40752174417986
86.89569576894407,173.79139153788813
49.037453162147294,98.07490632429459
68.26771328892164,136.53542657784328
15.5657253528228,31.1314507056456
72.41301112107433,144.82602224214867
82.01624865286018,164.03249730572037
61.70516471104944,123.41032942209888
37.95463718681715,75.9092743736343
37.798357839637006,75.59671567927401
32.014389144697375,64.02877828939475
21.569540520388575,43.13908104077715
29.879502944868243,59.759005889736486
4.091706454933841,8.183412909867682
42.63334674148385,85.2666934829677
44.841561495735405,89.68312299147081
33.016800404744295,66.03360080948859
11.856087355540945,23.71217471108189
18.346959648638638,36.693919297277276
66.43666946135812,132.87333892271624
76.18950196094302,152.37900392188604
57.249798619031644,114.49959723806329
0.04466706317325375,0.0893341263465075
65.64365191767226,131.28730383534452
64.82149434979225,129.6429886995845
1.4542174729339163,2.9084349458678327
91.05932337745077,182.11864675490153
78.21900045955843,156.43800091911686
94.56317384644032,189.12634769288064
27.512204903489167,55.02440980697833
66.56205191009904,133.1241038201981
64.29950144292759,128.59900288585519
69.34855356174077,138.69710712348154
36.28903032421715,72.5780606484343
63.766536222348414,127.53307244469683
91.95979805430116,183.91959610860232
83.83164058553366,167.66328117106733
99.67269432301855,199.3453886460371
44.98825798538084,89.97651597076168
47.11569102985628,94.23138205971256
24.65858093004426,49.31716186008852
27.85234681496467,55.70469362992934
65.54297911229892,131.08595822459785
30.757468586575875,61.51493717315175
54.32514901085811,108.65029802171622
98.81284469361265,197.6256893872253
80.27591660570265,160.5518332114053
86.84205234341398,173.68410468682796
11.841970477591623,23.683940955183246
55.0076067550459,110.0152135100918
6.338013604107962,12.676027208215924
43.497694443301306,86.99538888660261
2.077053241037685,4.15410648207537
29.662378552707146,59.32475710541429
41.49574573258539,82.99149146517078
59.47681531506568,118.95363063013136
94.86051354933313,189.72102709866627
54.930947077516436,109.86189415503287
94.7134851002554,189.4269702005108
53.67106458557811,107.34212917115622
9.076628081466009,18.153256162932017
91.93572574178211,183.87145148356421
87.7513022264754,175.5026044529508
88.57253363172522,177.14506726345044
27.993041700175382,55.986083400350765
7.932582117326636,15.865164234653273
47.58365496635246,95.16730993270492
33.52558260136279,67.05116520272558
37.12856145916963,74.25712291833926
58.08174283404583,116.16348566809167
14.140221626349037,28.280443252698074
82.07821647680912,164.15643295361824
5.844473089229563,11.688946178459126
80.37642589843792,160.75285179687583
2.767808933891913,5.535617867783826
4.788229758342277,9.576459516684555
68.1284509020983,136.2569018041966
30.535071078325004,61.07014215665001
5.631799015074579,11.263598030149158
46.60688684140778,93.21377368281556
93.66330356913457,187.32660713826914
95.00972171760932,190.01944343521865
33.17015160999597,66.34030321999194
71.20846582734278,142.41693165468556
60.1362534507522,120.2725069015044
36.66848584425592,73.33697168851184
19.41026001121523,38.82052002243046
69.83162855911357,139.66325711822714
86.94276274158568,173.88552548317136
26.657701181039883,53.315402362079766
92.0942288047777,184.1884576095554
52.992793722395916,105.98558744479183
68.72167807901934,137.44335615803868
24.13946389479601,48.27892778959202
56.883499508812065,113.76699901762413
87.05414743613642,174.10829487227284
27.95857981117117,55.91715962234234
70.89308713237513,141.78617426475026
28.679278792432683,57.358557584865366
13.316199673289908,26.632399346579817
39.844687278162205,79.68937455632441
13.77237469127448,27.54474938254896
80.17567749525129,160.35135499050259
90.06137456065944,180.1227491213189
66.79505216918825,133.5901043383765
50.45610040843215,100.9122008168643
73.90975246338357,147.81950492676714
28.091582669157965,56.18316533831593
65.64355064529362,131.28710129058723
15.297322476518783,30.594644953037566
40.86457276487943,81.72914552975887
94.6019991964963,189.2039983929926
85.4438661375454,170.8877322750908
2.1847969307403403,4.369593861480681
79.46364788464567,158.92729576929133
84.12021587207526,168.24043174415053
55.44406821878106,110.88813643756212
83.80782734463791,167.61565468927583
38.65478678917525,77.3095735783505
88.89116488016715,177.7823297603343
29.02521083750641,58.05042167501282
74.5537013938972,149.1074027877944
59.94064494311415,119.8812898862283
89.7960907834412,179.5921815668824
53.880605353841915,107.76121070768383
32.48969010400761,64.97938020801521
68.52655927455953,137.05311854911906
94.76926676156677,189.53853352313354
51.38393803559589,102.76787607119178
96.4699818886781,192.9399637773562
42.481611991219495,84.96322398243899
14.423864039194534,28.847728078389068
66.22737516585832,132.45475033171664
92.60661544856126,185.21323089712251
30.906433054587758,61.812866109175516
31.026080401466494,62.05216080293299
39.08538533504932,78.17077067009863
65.74035078372177,131.48070156744353
53.83768709943645,107.6753741988729
97.57144353344063,195.14288706688126
37.210624388811006,74.42124877762201
43.05717338890438,86.11434677780876
13.249105474711397,26.498210949422795
18.216231847069054,36.43246369413811
73.12020027339692,146.24040054679384
30.69603886736092,61.39207773472184
41.226268551033165,82.45253710206633
68.64084621670844,137.28169243341688
10.929332598217844,21.858665196435688
86.33020321022185,172.6604064204437
61.59996583324823,123.19993166649645
29.2942736644771,58.5885473289542
86.26246627237765,172.5249325447553
3.435219264179634,6.870438528359268
3.957946874020979,7.915893748041958
73.92931560432663,147.85863120865326
76.11590686314047,152.23181372628093
94.54377195563397,189.08754391126794
22.82959919841352,45.65919839682704
48.08662438822166,96.17324877644332
56.95655373542973,113.91310747085946
70.71188601676141,141.42377203352282
4.2258596485647,8.4517192971294
42.785718774965744,85.57143754993149
87.12767944854538,174.25535889709076
50.651112273942786,101.30222454788557
20.677445095376157,41.354890190752315
51.532716353275,103.06543270655
68.04941431545328,136.09882863090655
29.708546303587667,59.417092607175334
7.224283308430957,14.448566616861914
4.976641358786837,9.953282717573675
59.169841848794334,118.33968369758867
83.42930967615756,166.85861935231512
23.05438948801499,46.10877897602998
85.63919465187523,171.27838930375046
58.23329598014856,116.46659196029712
28.633082117327035,57.26616423465407
53.509344895630825,107.01868979126165
13.093854835293294,26.18770967058659
56.706892191222316,113.41378438244463
49.38740143065692,98.77480286131384
92.59163458071224,185.18326916142448
28.08373261638185,56.1674652327637
74.22848515277761,148.45697030555522
52.44871031117866,104.89742062235732
41.40386116492968,82.80772232985936
36.052389334625886,72.10477866925177
8.710282145291648,17.420564290583297
93.02197188235478,186.04394376470955
26.584741549641777,53.16948309928355
17.616994081930425,35.23398816386085
67.63171408009636,135.26342816019272
69.47389436268678,138.94778872537356
70.53055749549495,141.0611149909899
58.48749791158359,116.97499582316718
34.130610829449935,68.26122165889987
45.37968060837444,90.75936121674889
47.72413674416956,95.44827348833913
76.35013318849943,152.70026637699885
75.21266079088686,150.42532158177372
86.07938782783293,172.15877565566586
79.1424704676099,158.2849409352198
51.45504141615175,102.9100828323035
15.785341258366437,31.570682516732873
11.192827006036355,22.38565401207271
26.994854554622748,53.989709109245496
42.47786131244523,84.95572262489046
94.62257905008931,189.24515810017863
62.26429681541337,124.52859363082673
62.724092839025026,125.44818567805005
56.64791456142837,113.29582912285674
74.08778473479488,148.17556946958976
64.23031788907771,128.46063577815542
42.74598129672873,85.49196259345746
96.67610200097329,193.35220400194657
72.56557104364111,145.13114208728223
63.429635911143954,126.85927182228791
89.9623612139675,179.924722427935
83.96936134970191,167.93872269940383
1.2124755157295386,2.424951031459077
21.286149451051173,42.57229890210235
60.00156573719417,120.00313147438834
81.27166653646528,162.54333307293055
74.66877116950683,149.33754233901365
6.150762573965329,12.301525147930658
59.41005578793139,118.82011157586278
45.69116563856587,91.38233127713174
60.591800130055894,121.18360026011179
22.61748266228122,45.23496532456244
76.7324303504217,153.4648607008434
85.9156024464372,171.8312048928744
35.937612334211565,71.87522466842313
17.687611771151456,35.37522354230291
63.079466427409294,126.15893285481859
47.97651133449198,95.95302266898396
64.34261831784822,128.68523663569644
64.55707479448998,129.11414958897996
97.24740787257052,194.49481574514104
42.33517281617913,84.67034563235826
83.82576018771113,167.65152037542225
70.78040768288749,141.56081536577497
93.11381457357626,186.22762914715253
81.17866223457851,162.35732446915702
73.25531196715859,146.51062393431718
13.398701364024523,26.797402728049047
64.56696878536724,129.13393757073447
7.737488651475555,15.47497730295111
95.49799771169802,190.99599542339604
22.048637205748378,44.097274411496755
75.34362336645967,150.68724673291933
51.09752887173836,102.19505774347672
33.102577492024835,66.20515498404967
76.93603174972651,153.87206349945302
12.140352879958005,24.28070575991601
48.136081557100454,96.27216311420091
28.04644806364085,56.0928961272817
85.31684499109879,170.63368998219758
15.183705362952205,30.36741072590441
96.68512107157026,193.37024214314053
3.3590495408688303,6.718099081737661
81.34325832716685,162.6865166543337
54.14153833872698,108.28307667745396
44.80383245567884,89.60766491135767
60.792485929675834,121.58497185935167
67.84148972521248,135.68297945042497
90.20214349123091,180.40428698246183
46.686305359630175,93.37261071926035
25.981673192239295,51.96334638447859
18.07237766399047,36.14475532798094
76.49777007993552,152.99554015987104
32.453508171928966,64.90701634385793
76.1329909028961,152.2659818057922
61.53630896075447,123.07261792150894
41.401673055993506,82.80334611198701
45.61473459235865,91.2294691847173
79.22213191077928,158.44426382155856
25.35761059079067,50.71522118158134
43.91122607161356,87.82245214322712
4.719371823128848,9.438743646257697
70.05659314171517,140.11318628343034
47.361880858957505,94.72376171791501
86.88359477146776,173.7671895429355
62.57642914964412,125.15285829928824
11.129376530938284,22.25875306187657
79.73666710631794,159.47333421263588
67.78827480839561,135.57654961679123
14.638595079684237,29.277190159368473
69.5258352355186,139.0516704710372
18.943064581724666,37.88612916344933
67.9812906595209,135.9625813190418
61.95014931134286,123.90029862268572
34.641543425888045,69.28308685177609
66.94327872977847,133.88655745955694
13.221243192716914,26.442486385433828
85.41951924215375,170.8390384843075
79.74776936945432,159.49553873890864
24.43357194645427,48.86714389290854
90.8830081806369,181.7660163612738
34.45558607757261,68.91117215514522
48.500924911546704,97.00184982309341
2.314750741956717,4.629501483913434
82.88026943239394,165.7605388647879
96.59208557254027,193.18417114508054
97.09425978787982,194.18851957575964
96.34423676604959,192.68847353209918
81.47488927265873,162.94977854531746
90.78740228637886,181.57480457275773
26.288039140992314,52.57607828198463
31.618044855172144,63.23608971034429
31.369818562050977,62.739637124101954
86.36995337073924,172.73990674147848
98.58891744780057,197.17783489560114
90.26937723191374,180.53875446382747
62.12838364116088,124.25676728232176
78.21453189415845,156.4290637883169
39.46206245790916,78.92412491581833
95.20193801750217,190.40387603500434
65.87526837317147,131.75053674634293
33.51216536004939,67.02433072009877
12.447199814500253,24.894399629000507
55.39368540670559,110.78737081341119
83.3003650570873,166.6007301141746
72.29408942269622,144.58817884539243
97.66459993691363,195.32919987382726
37.842659097822576,75.68531819564515
46.761624307739794,93.52324861547959
34.31560453169317,68.63120906338634
8.38069727074895,16.7613945414979
84.41265783757646,168.82531567515292
31.760973463309426,63.52194692661885
18.03231834227318,36.06463668454636
41.46412481800018,82.92824963600036
1.0709393191234429,2.1418786382468857
6.8804490924172175,13.760898184834435
74.48485241521361,148.96970483042722
74.58180797081003,149.16361594162007
10.170956450369351,20.341912900738702
42.729041197082076,85.45808239416415
48.1682614194815,96.336522838963
10.313182195814875,20.62636439162975
22.088837516967942,44.177675033935884
57.64385791238378,115.28771582476756
78.83164797318982,157.66329594637963
8.064457787366464,16.12891557473293
50.04309410895187,100.08618821790374
41.01639096192065,82.0327819238413
68.92260930015951,137.84521860031901
13.33600006833352,26.67200013666704
38.88705605116895,77.7741121023379
43.5884889445835,87.176977889167
24.237733170046816,48.47546634009363
21.37199660103235,42.7439932020647
57.20755267552606,114.41510535105212
91.57975870804562,183.15951741609123
9.208128448507358,18.416256897014716
57.120809430549045,114.24161886109809
5.869374055639298,11.738748111278596
73.5519760276613,147.1039520553226
75.28290710626241,150.56581421252483
5.675452307637297,11.350904615274594
84.44204612989769,168.88409225979538
19.02986256281779,38.05972512563558
24.997949596518467,49.995899193036934
79.34910896066317,158.69821792132635
8.255753015196099,16.511506030392198
63.17648134822632,126.35296269645264
97.51529744008954,195.03059488017908
10.27159514751138,20.54319029502276
53.416281069012896,106.83256213802579
75.46434955774046,150.92869911548092
50.08381540317256,100.16763080634512
0.6484426999154302,1.2968853998308605
47.18102660361314,94.36205320722628
2.4060569367060913,4.812113873412183
88.88298791733857,177.76597583467714
44.4351617637122,88.8703235274244
6.684355214758753,13.368710429517506
58.40646012080697,116.81292024161394
69.64598081180088,139.29196162360176
84.12508544647123,168.25017089294246
13.168188664006763,26.336377328013526
50.916387497827465,101.83277499565493
27.94871726766467,55.89743453532934
18.21026115288077,36.42052230576154
40.93966766417159,81.87933532834317
85.19706811225204,170.39413622450408
1.7436379984082206,3.4872759968164413
52.103353750967784,104.20670750193557
93.86886719772075,187.7377343954415
3.3091299088239823,6.618259817647965
16.201711216473292,32.403422432946584
30.59275437296719,61.18550874593438
84.45388354675404,168.90776709350808
25.0845503197046,50.1691006394092
92.16906224814684,184.3381244962937
92.90519462034868,185.81038924069736
60.09899071239805,120.1979814247961
16.879139041136394,33.75827808227279
75.50995632267309,151.01991264534618
36.22623252075462,72.45246504150924
53.25711787284667,106.51423574569334
78.10474987068388,156.20949974136775
57.68428503508636,115.36857007017272
32.90656545810323,65.81313091620646
69.95443063082531,139.90886126165063
66.88900836574724,133.7780167314945
49.49595123571336,98.99190247142673
68.93663452010664,137.87326904021327
46.848630685371674,93.69726137074335
43.673925231657726,87.34785046331545
83.97468119267852,167.94936238535703
56.57429560911073,113.14859121822145
22.575262595634747,45.150525191269494
45.67357703397942,91.34715406795884
7.548650837552917,15.097301675105834
44.10317189425567,88.20634378851133
72.02220521479094,144.0444104295819
85.39957512217458,170.79915024434916
67.13917791592765,134.2783558318553
73.72540704951135,147.4508140990227
91.7523072878127,183.5046145756254
37.615250743574315,75.23050148714863
84.86692364636053,169.73384729272107
42.67769092588311,85.35538185176623
66.94250643931764,133.88501287863528
44.63700193521126,89.27400387042252
21.772158969856502,43.544317939713004
58.96030219831534,117.92060439663068
29.635188262831626,59.27037652566325
28.37496265725261,56.74992531450522
8.117797505985969,16.235595011971938
71.38778394077703,142.77556788155405
59.79000468536819,119.58000937073638
57.17088959719132,114.34177919438264
16.07406662863651,32.14813325727302
53.80212793807968,107.60425587615936
49.15384599173434,98.30769198346869
6.108241369160227,12.216482738320455
48.809064020965266,97.61812804193053
61.26577733195161,122.53155466390322
28.799759299168947,57.599518598337895
58.27105824784794,116.54211649569588
57.39988436476987,114.79976872953974
10.578979025535261,21.157958051070523
20.703036353364766,41.40607270672953
70.32589598169574,140.65179196339147
1.588454911742232,3.176909823484464
43.66186176439996,87.32372352879992
36.41209357106134,72.82418714212268
73.04910880054776,146.0982176010955
27.611208617118454,55.22241723423691
9.116016881912447,18.232033763824894
68.22717257949682,136.45434515899365
12.58114221784169,25.16228443568338
11.065407025446717,22.130814050893434
66.020958429669,132.041916859338
59.048700093685,118.09740018737
5.050985215009152,10.101970430018303
53.6205526937079,107.2411053874158
62.55854981608262,125.11709963216524
37.76053363600359,75.52106727200719
14.448938621040474,28.89787724208095
62.24245126011536,124.48490252023072
69.97602378975486,139.95204757950972
22.466411936922825,44.93282387384565
28.48243188383197,56.96486376766394
94.08855424471936,188.17710848943872
34.49914035172075,68.9982807034415
80.37235705656826,160.74471411313652
81.2204288064497,162.4408576128994
46.68007464103358,93.36014928206716
40.03240313897233,80.06480627794465
55.084051451209085,110.16810290241817
22.391192096024515,44.78238419204903
39.26680019096822,78.53360038193644
27.680733311366488,55.361466622732976
63.33387055179558,126.66774110359115
37.41419215418985,74.8283843083797
80.52116090544988,161.04232181089975
23.34646305586048,46.69292611172096
13.78758523438368,27.57517046876736
97.1251533832485,194.250306766497
37.02085918421422,74.04171836842843
31.183019526088685,62.36603905217737
24.67636878812688,49.35273757625376
0.82924650409818,1.65849300819636
87.18994202202856,174.37988404405712
16.103299530666348,32.206599061332696
47.45181741411422,94.90363482822843
3.4950375238603226,6.990075047720645
78.75887824843201,157.51775649686402
94.80241366964648,189.60482733929297
8.475441495842661,16.950882991685322
7.006607202569759,14.013214405139518
98.02888487667629,196.05776975335257
71.3448061374514,142.6896122749028
46.00436778470169,92.00873556940338
11.493868768418935,22.98773753683787
25.48026982881786,50.96053965763572
24.526278825010095,49.05255765002019
58.935142826296925,117.87028565259385
13.404649276541658,26.809298553083316
28.329204861910075,56.65840972382015
41.98125725037494,83.96251450074988
76.47870321484568,152.95740642969136
9.716649096063723,19.433298192127445
11.96798934127019,23.93597868254038
6.245588448578032,12.491176897156064
19.20351484826557,38.40702969653114
72.29117375465188,144.58234750930376
21.432522123547127,42.865044247094254
81.71793284548151,163.43586569096303
28.561302585033822,57.122605170067644
48.54942096874226,97.09884193748452
18.96357190826198,37.92714381652396
64.9735008984976,129.9470017969952
51.19033982320863,102.38067964641726
29.702695914577305,59.40539182915461
52.14433403301987,104.28866806603973
65.61696409833418,131.23392819666836
60.173555789311465,120.34711157862293
77.48123814013533,154.96247628027066
72.54203459799588,145.08406919599176
99.67439678638787,199.34879357277575
2.0983382406086992,4.1966764812173984
67.06607349535237,134.13214699070474
16.73830882871514,33.47661765743028
35.277142856225765,70.55428571245153
12.58526885198188,25.17053770396376
88.48759780432036,176.97519560864072
43.977109491032586,87.95421898206517
22.211204480693013,44.422408961386026
70.7318563278374,141.4637126556748
57.33877095446611,114.67754190893223
16.49322505693166,32.98645011386332
63.416314440489444,126.83262888097889
3.558482132729013,7.116964265458026
12.303417658639603,24.606835317279206
75.09202559727434,150.1840511945487
37.25834379672192,74.51668759344383
34.23673467615011,68.47346935230021
30.859888595281582,61.719777190563164
41.726488325499666,83.45297665099933
9.869273713338023,19.738547426676046
70.87954586315394,141.75909172630787
0.2485937528608595,0.497187505721719
45.944453654247056,91.88890730849411
30.85044346939383,61.70088693878766
99.32788118733744,198.65576237467488
51.46526022024111,102.93052044048223
98.0153037045471,196.0306074090942
15.017613047382506,30.03522609476501
58.83674977140174,117.67349954280348
7.94567375741615,15.8913475148323
82.07333508626756,164.14667017253512
59.10621099483815,118.2124219896763
39.62605111209566,79.25210222419132
10.420266544143653,20.840533088287305
31.467452574928245,62.93490514985649
30.524077861711795,61.04815572342359
24.494663571855945,48.98932714371189
24.632560723256912,49.265121446513824
44.24416055598902,88.48832111197804
95.2843700068032,190.5687400136064
19.726242183143604,39.45248436628721
22.3141782796054,44.6283565592108
55.6985392767339,111.3970785534678
12.19963628045485,24.3992725609097
2.2372682976333103,4.4745365952666205
79.66755976094562,159.33511952189124
18.589209248813443,37.178418497626886
31.684984141004414,63.36996828200883
97.04921306153726,194.09842612307452
84.07107538303642,168.14215076607283
85.7818654056696,171.5637308113392
2.8039813214066567,5.607962642813313
79.85912597434282,159.71825194868563
18.452848785486843,36.905697570973686
66.6532065894542,133.3064131789084
56.0210822960345,112.042164592069
22.61179201923895,45.2235840384779
68.60990901793464,137.21981803586928
27.064417737712134,54.12883547542427
57.24735452606109,114.49470905212218
13.789756006165444,27.579512012330888
92.17440826108334,184.3488165221667
45.38950124339084,90.77900248678168
52.151014755220274,104.30202951044055
77.64190790062808,155.28381580125617
47.866326392556005,95.73265278511201
99.20790935624046,198.41581871248093
69.10053668293072,138.20107336586145
54.60378784796445,109.2075756959289
90.8149847088327,181.6299694176654
84.30783563555656,168.61567127111311
19.80572883302968,39.61145766605936
59.34666365353587,118.69332730707174
58.238791473667476,116.47758294733495
84.58039193317427,169.16078386634854
40.89179936133471,81.78359872266942
51.812441619068096,103.62488323813619
77.92566322444115,155.8513264488823
31.782397047152067,63.56479409430413
71.08791510948575,142.1758302189715
32.793434042185766,65.58686808437153
16.88812897116693,33.77625794233386
51.66178982710281,103.32357965420562
1.3451370189334955,2.690274037866991
22.136658358088248,44.273316716176495
71.25026636474341,142.50053272948682
67.51614913775722,135.03229827551445
80.82294013246083,161.64588026492166
84.39833810624948,168.79667621249897
23.279736500460203,46.559473000920406
55.34122032698434,110.68244065396868
77.08821644583088,154.17643289166176
10.40290042197145,20.8058008439429
21.795221694171516,43.59044338834303
0.5669784784381404,1.1339569568762808
31.6511788402141,63.3023576804282
5.963394762946484,11.926789525892968
1.0297614405803346,2.059522881160669
95.48766256806141,190.97532513612282
98.36963908985761,196.73927817971523
37.77536409413981,75.55072818827962
23.7929774807219,47.5859549614438
26.5097488808404,53.0194977616808
54.55737131546626,109.11474263093253
27.52920669621355,55.0584133924271
33.75682505950298,67.51365011900596
96.68880178193866,193.37760356387733
15.349702588442016,30.69940517688403
12.990401755415093,25.980803510830185
60.022575211285535,120.04515042257107
60.27815926584408,120.55631853168816
90.53793528366427,181.07587056732854
96.38980598320843,192.77961196641687
22.295525412604544,44.59105082520909
57.55681974609044,115.11363949218088
9.962690810940057,19.925381621880113
74.07248199340253,148.14496398680507
39.40996111346703,78.81992222693405
70.17782041990165,140.3556408398033
72.90675451044648,145.81350902089295
0.7031599420965096,1.4063198841930191
46.0655120355274,92.1310240710548
64.83796809107757,129.67593618215514
1.9892767659763222,3.9785535319526444
26.444233023357366,52.88846604671473
54.60444136163688,109.20888272327376
3.6059969038357287,7.211993807671457
18.757673235948737,37.51534647189747
71.32338829873336,142.64677659746673
39.91448981298322,79.82897962596644
74.06921382033921,148.13842764067843
87.60657336070652,175.21314672141304
29.819190280531217,59.638380561062434
22.083546170614497,44.167092341228994
46.59138922820084,93.18277845640168
66.50147396179338,133.00294792358676
50.94790464475298,101.89580928950596
22.941483678733388,45.882967357466775
68.17988288435983,136.35976576871965
85.14951045420155,170.2990209084031
96.53582884765693,193.07165769531386
57.03872879956972,114.07745759913944
1.038696241259085,2.07739248251817
46.77661200748726,93.55322401497452
7.879414735391633,15.758829470783265
58.08396195314188,116.16792390628376
19.84238897342455,39.6847779468491
40.179924188550565,80.35984837710113
52.74006606759627,105.48013213519253
51.33910941046352,102.67821882092704
15.734436122664519,31.468872245329038
89.6099317868232,179.2198635736464
78.17355644094468,156.34711288188936
63.19973542372259,126.39947084744519
9.41296612011724,18.82593224023448
24.184076322421156,48.36815264484231
76.41909118645039,152.83818237290077
77.7370524954452,155.4741049908904
47.46132284622369,94.92264569244738
43.23570238020793,86.47140476041587
53.56397282191017,107.12794564382034
6.407334336507153,12.814668673014307
9.950383496708737,19.900766993417474
54.91282139267124,109.82564278534248
71.10431751444565,142.2086350288913
7.927734034671108,15.855468069342216
87.39934750678097,174.79869501356194
6.978645716648579,13.957291433297158
23.186127816990076,46.37225563398015
90.30783635516411,180.61567271032823
12.85253447245438,25.70506894490876
27.041946998964438,54.083893997928875
54.39588748151982,108.79177496303964
20.658170349305337,41.316340698610674
2.5536872491899065,5.107374498379813
41.571581836630635,83.14316367326127
68.58803676210822,137.17607352421643
83.03654559579702,166.07309119159405
70.66976174918065,141.3395234983613
25.477539835265183,50.95507967053037
74.43160943215275,148.8632188643055
5.157449808949554,10.314899617899108
48.785735206471756,97.57147041294351
54.085358605180545,108.17071721036109
36.222672326010596,72.44534465202119
36.47207533677652,72.94415067355304
78.20330317866797,156.40660635733593
76.11322909282698,152.22645818565397
38.23441394111964,76.46882788223928
39.038082497249896,78.07616499449979
47.28756413508931,94.57512827017862
11.621535906501634,23.24307181300327
39.94613140693593,79.89226281387187
4.90911474268051,9.81822948536102
34.17081163818293,68.34162327636587
27.69688861102062,55.39377722204124
13.872538344286667,27.745076688573334
45.87777873360363,91.75555746720725
46.806345397107165,93.61269079421433
90.27391512701996,180.54783025403992
97.85631382133265,195.7126276426653
69.14773859055808,138.29547718111615
3.2660707924172527,6.5321415848345055
4.076301518811154,8.152603037622308
16.013756618239217,32.027513236478434
12.02551648975253,24.05103297950506
26.982146059427592,53.964292118855184
37.734572805904996,75.46914561180999
53.435683399397924,106.87136679879585
4.9583866746473415,9.916773349294683
60.480062607757056,120.96012521551411
13.440509956952019,26.881019913904037
67.71116418262592,135.42232836525184
19.518383605173316,39.03676721034663
85.40700578878126,170.81401157756252
29.52446912390807,59.04893824781614
80.4638841187348,160.9277682374696
59.26658879039755,118.5331775807951
14.492485860479631,28.984971720959262
39.06183849227457,78.12367698454914
98.35235730958858,196.70471461917717
73.33016511658536,146.66033023317073
13.074149868781005,26.14829973756201
66.17978651955816,132.35957303911633
37.89537325660807,75.79074651321613
47.520354412225615,95.04070882445123
70.09411844133126,140.18823688266252
24.590011658982156,49.18002331796431
20.390665821305575,40.78133164261115
28.141635896259963,56.283271792519926
66.24335306722784,132.4867061344557
39.417406999946216,78.83481399989243
91.72866011586626,183.45732023173252
75.71751682894308,151.43503365788615
86.19660491993065,172.3932098398613
54.52565917808335,109.0513183561667
85.7720140020641,171.5440280041282
33.04966686560413,66.09933373120826
15.971707927048717,31.943415854097434
56.0693485323883,112.1386970647766
83.47924277507863,166.95848555015726
57.92251954066763,115.84503908133526
61.26679568587734,122.53359137175468
34.104161188761836,68.20832237752367
72.8313011678469,145.6626023356938
52.241747039641936,104.48349407928387
60.3533929891788,120.7067859783576
27.340215616840613,54.680431233681226
31.989899332178428,63.979798664356856
44.65395105285296,89.30790210570592
61.71678806929866,123.43357613859732
25.485432931548235,50.97086586309647
67.76151322484168,135.52302644968336
89.56235720624173,179.12471441248346
75.46741398019614,150.93482796039228
94.10261885357286,188.20523770714573
90.3969880765128,180.7939761530256
18.00907970365091,36.01815940730182
8.254239973430998,16.508479946861996
29.195733946817683,58.391467893635365
82.69417146690736,165.38834293381473
41.52494684979446,83.04989369958892
40.262167268741145,80.52433453748229
69.78500973823834,139.5700194764767
73.48411563625437,146.96823127250875
81.85980628093132,163.71961256186265
22.615104140910358,45.230208281820715
55.08581497504198,110.17162995008395
3.885894791816258,7.771789583632516
3.7874923109343372,7.5749846218686745
47.401513417273065,94.80302683454613
77.91308485095055,155.8261697019011
44.41028578980447,88.82057157960894
32.821624825434995,65.64324965086999
91.5242982932103,183.0485965864206
3.793318209255281,7.586636418510562
62.57959779450593,125.15919558901186
24.072617228445846,48.14523445689169
89.60628916591756,179.21257833183512
0.8296325940485794,1.6592651880971587
23.443214872382047,46.886429744764094
93.42069849927697,186.84139699855393
58.85615573250836,117.71231146501673
17.538281531679157,35.076563063358314
97.7519733253492,195.5039466506984
64.4227384306736,128.8454768613472
8.408140325467961,16.816280650935923
74.41752359859504,148.83504719719008
88.4296923588998,176.8593847177996
76.48860540940218,152.97721081880437
82.2683868849332,164.5367737698664
35.618007885146106,71.23601577029221
12.302053821514248,24.604107643028495
86.61992864272054,173.23985728544108
1.2916539912752656,2.583307982550531
95.2867513462149,190.5735026924298
25.96230884901206,51.92461769802412
48.935566246924566,97.87113249384913
89.19946776218005,178.3989355243601
59.50437555461857,119.00875110923714
51.072184910266806,102.14436982053361
88.30891086343979,176.61782172687958
73.86205330500549,147.72410661001098
4.339188457628995,8.67837691525799
82.90111957168912,165.80223914337824
62.284858127608544,124.56971625521709
30.369794694964813,60.73958938992963
65.93488900265217,131.86977800530434
90.82719691582639,181.65439383165278
23.66832292295229,47.33664584590458
17.994800323543437,35.989600647086874
46.489768985521266,92.97953797104253
4.9464711932391765,9.892942386478353
28.273310258235863,56.54662051647173
22.946933915331048,45.893867830662096
49.547501812922754,99.09500362584551
60.3710861928529,120.7421723857058
18.08893637922191,36.17787275844382
13.558325723947018,27.116651447894036
7.830786254465538,15.661572508931076
32.731760516562666,65.46352103312533
72.86021267978427,145.72042535956854
98.54147577452875,197.0829515490575
62.21724612356624,124.43449224713248
26.187096961367175,52.37419392273435
87.56797814360748,175.13595628721495
2.6965533316449353,5.3931066632898705
25.256421825574183,50.512843651148366
92.50007960258365,185.0001592051673
95.11678271549823,190.23356543099646
14.304462796762586,28.60892559352517
28.688403676554774,57.37680735310955
13.260095083495905,26.52019016699181
99.04376167550517,198.08752335101033
38.72054313925023,77.44108627850046
3.6846139791507526,7.369227958301505
2.073422427248006,4.146844854496012
60.13724720278215,120.2744944055643
54.469932430251966,108.93986486050393
35.59990076793138,71.19980153586276
42.28572496064692,84.57144992129383
98.40953951014535,196.8190790202907
90.54025048272513,181.08050096545026
7.9767798749658,15.9535597499316
34.382337396504866,68.76467479300973
51.433214315272224,102.86642863054445
47.05950490520549,94.11900981041099
62.08197831605546,124.16395663211092
25.984552763980094,51.96910552796019
48.98277810896504,97.96555621793009
86.77652907363668,173.55305814727336
83.87251055054442,167.74502110108884
48.538077205161414,97.07615441032283
72.41715644756864,144.8343128951373
12.338853262116857,24.677706524233713
18.837385128562488,37.674770257124976
94.6691445810967,189.3382891621934
0.4264733481031735,0.852946696206347
63.580739412175625,127.16147882435125
86.86252885723977,173.72505771447953
45.244910726089394,90.48982145217879
48.599755367206264,97.19951073441253
71.6519966266677,143.3039932533354
53.43869450259919,106.87738900519838
3.390906792049009,6.781813584098018
35.59104016818493,71.18208033636986
75.11674939243358,150.23349878486715
23.01596882879704,46.03193765759408
72.93362731923546,145.8672546384709
26.176199980899618,52.352399961799236
38.55852836670216,77.11705673340433
2.3961486111663266,4.792297222332653
18.091222512239845,36.18244502447969
95.92865833700166,191.85731667400333
47.95350585961112,95.90701171922224
49.556094332317954,99.11218866463591
33.785649718768695,67.57129943753739
39.04284316688364,78.08568633376728
91.30982017233453,182.61964034466905
85.54917621644611,171.09835243289223
59.95790746038049,119.91581492076098
49.71192957209807,99.42385914419614
55.23432707349711,110.46865414699423
32.235247491911046,64.47049498382209
67.58001577429161,135.16003154858322
55.45742080505065,110.9148416101013
27.21316927289632,54.42633854579264
7.3706151501907735,14.741230300381547
37.780863782458916,75.56172756491783
74.59193121220368,149.18386242440735
71.74649424998557,143.49298849997115
18.82923920865165,37.6584784173033
0.02615850169137568,0.05231700338275136
69.40229014793755,138.8045802958751
83.33155508442923,166.66311016885845
77.96060773991505,155.9212154798301
60.67388912799371,121.34777825598742
35.29955628911849,70.59911257823698
30.011516038813248,60.023032077626496
51.59041802631145,103.1808360526229
46.79567623722518,93.59135247445036
44.66548907001836,89.33097814003672
34.13501494835099,68.27002989670198
21.655867889785608,43.311735779571215
21.72048002035334,43.44096004070668
79.22087878611308,158.44175757222615
49.76574514279645,99.5314902855929
15.787617357766692,31.575234715533384
25.1495934200621,50.2991868401242
63.06572070443388,126.13144140886776
94.32243919730394,188.64487839460787
16.704648754398132,33.409297508796264
78.2053686440164,156.4107372880328
52.15339068176371,104.30678136352742
93.49243585778063,186.98487171556127
24.806862657494776,49.61372531498955
64.93041032580413,129.86082065160826
79.17237216369337,158.34474432738673
85.40487140697161,170.80974281394322
61.21830706740668,122.43661413481335
37.48332382823948,74.96664765647895
94.74548672155025,189.4909734431005
73.79317903910922,147.58635807821844
22.865284782776698,45.730569565553395
76.6143630503198,153.2287261006396
45.6524004071186,91.3048008142372
85.31988821750124,170.6397764350025
36.14940496396326,72.29880992792653
8.903865523530808,17.807731047061615
86.2001521971144,172.4003043942288
45.56362399479501,91.12724798959002
87.76825926938562,175.53651853877125
95.70004660851336,191.40009321702672
43.72791945808987,87.45583891617974
94.09427880857871,188.18855761715741
48.552109023794245,97.10421804758849
64.91862254831902,129.83724509663804
25.044851959432556,50.08970391886511
97.06935571799082,194.13871143598163
19.412711527532544,38.82542305506509
47.32094214937905,94.6418842987581
65.74288685103508,131.48577370207016
82.57235079648424,165.1447015929685
54.91151094844636,109.82302189689273
43.63059670236421,87.26119340472842
94.99461072189696,189.98922144379392
31.64202137812491,63.28404275624982
41.888905791112705,83.77781158222541
38.457972877736545,76.91594575547309
14.32851162455141,28.65702324910282
20.8239194376712,41.6478388753424
12.999222880239003,25.998445760478006
4.966432405790055,9.93286481158011
56.473927752882226,112.94785550576445
72.6013709693721,145.2027419387442
15.211671841721108,30.423343683442216
72.39663754702765,144.7932750940553
17.72197528017896,35.44395056035792
40.03949924106084,80.07899848212168
78.73789006343206,157.47578012686412
31.133661092023722,62.267322184047444
88.4868404103479,176.9736808206958
60.9214587785577,121.8429175571154
3.2099387859402473,6.419877571880495
23.804699394521677,47.609398789043354
91.05824651368364,182.11649302736728
12.221620893653206,24.443241787306413
65.36071649535293,130.72143299070586
56.19778553422506,112.39557106845012
55.45263159863821,110.90526319727643
62.352894053163,124.705788106326
97.80274072461339,195.60548144922677
38.74814729906966,77.49629459813931
66.09068620889137,132.18137241778274
57.87319823486838,115.74639646973677
43.81267142327021,87.62534284654042
66.75813334901936,133.51626669803872
9.49031507271444,18.98063014542888
19.709010438350905,39.41802087670181
78.48093143619562,156.96186287239124
30.158785794346688,60.317571588693376
5.728810221965719,11.457620443931438
26.16996204146521,52.33992408293042
73.10144756689554,146.2028951337911
59.75677712051532,119.51355424103065
22.346209605749003,44.692419211498006
82.72364430970626,165.44728861941252
74.39234821321044,148.78469642642088
93.07647121904708,186.15294243809416
53.34851878043724,106.69703756087448
67.51566610101689,135.03133220203378
98.72701750668466,197.45403501336932
8.943277491890534,17.886554983781068
45.270128472061565,90.54025694412313
82.43452663831674,164.86905327663348
76.66029102369049,153.32058204738098
97.82100762831945,195.6420152566389
23.41777889827361,46.83555779654722
75.85728465825694,151.7145693165139
7.986591758857164,15.973183517714329
49.949376921424616,99.89875384284923
59.15788424704154,118.31576849408307
47.19634736188926,94.39269472377852
14.69766532048956,29.39533064097912
79.78334276858511,159.56668553717023
42.891203561632075,85.78240712326415
25.543793138802506,51.08758627760501
19.55085558918914,39.10171117837828
49.09797320494744,98.19594640989489
4.872851839109615,9.74570367821923
39.74389790427939,79.48779580855879
68.13370935836089,136.26741871672178
82.79831205284724,165.59662410569447
61.168543974117874,122.33708794823575
11.960546434965835,23.92109286993167
83.77650149932438,167.55300299864876
50.159099138048504,100.31819827609701
89.79984328324704,179.59968656649409
93.19884753075365,186.3976950615073
8.872174939831535,17.74434987966307
24.32735648798524,48.65471297597048
78.5404304999231,157.0808609998462
93.08698887810594,186.17397775621188
15.50100178242515,31.0020035648503
37.99154013570436,75.98308027140872
4.719996130686665,9.43999226137333
16.68567803720905,33.3713560744181
81.1222686337068,162.2445372674136
40.41785529088763,80.83571058177526
68.29401216128873,136.58802432257747
98.10138965216152,196.20277930432303
52.85979547525963,105.71959095051926
79.62332024088828,159.24664048177655
80.95903375240123,161.91806750480245
97.33615833520317,194.67231667040633
58.564412719026,117.128825438052
35.923931019644264,71.84786203928853
82.84991287191423,165.69982574382846
40.544598781089434,81.08919756217887
31.477732273891966,62.95546454778393
26.012554582743675,52.02510916548735
69.34483069927221,138.68966139854442
71.7437806963319,143.4875613926638
99.1160668154007,198.2321336308014
41.39425899647365,82.7885179929473
65.16415993877935,130.3283198775587
74.04601709004301,148.09203418008602
45.33018690768461,90.66037381536923
19.15934265834257,38.31868531668514
77.09258099607902,154.18516199215804
68.27083713770278,136.54167427540557
25.389318949450125,50.77863789890025
85.71325129409928,171.42650258819856
14.071824361862484,28.14364872372497
9.382784409088963,18.765568818177925
28.177883205717936,56.35576641143587
91.41346609957122,182.82693219914245
97.32138416250946,194.64276832501892
81.16122672216142,162.32245344432283
1.4286892989771038,2.8573785979542077
23.8181955801933,47.6363911603866
4.938836053370254,9.877672106740508
37.70859128038294,75.41718256076588
6.207912196704857,12.415824393409714
63.52546429934155,127.0509285986831
89.59089133640646,179.18178267281291
46.12085799900496,92.24171599800992
25.234812374484296,50.46962474896859
6.166015864567975,12.33203172913595
60.27182038200532,120.54364076401065
36.27931570447514,72.55863140895028
72.66543991504626,145.33087983009253
93.42774418819896,186.85548837639791
9.255759850572097,18.511519701144195
85.06079220609546,170.1215844121909
48.79175736712485,97.5835147342497
40.174773136008504,80.34954627201701
14.729272872353928,29.458545744707855
0.3972154512110637,0.7944309024221274
83.85031154170798,167.70062308341596
58.50178516327933,117.00357032655866
24.84360829093495,49.6872165818699
65.98722124984377,131.97444249968754
65.74845754876671,131.49691509753342
17.103482068822117,34.206964137644235
7.637498473036475,15.27499694607295
60.94036820957495,121.8807364191499
85.53215790144523,171.06431580289046
82.2587142402,164.5174284804
11.166679597624052,22.333359195248104
72.29111573051243,144.58223146102486
14.282620053541118,28.565240107082236
31.641447020991166,63.28289404198233
18.038502586304126,36.07700517260825
58.06834317669735,116.1366863533947
17.149220693798917,34.29844138759783
38.54937224455418,77.09874448910836
23.64547228305357,47.29094456610714
68.31409792704804,136.62819585409608
38.93796277293745,77.8759255458749
84.89630758601831,169.79261517203662
19.165368101845104,38.33073620369021
42.20423119511617,84.40846239023234
88.91242417169826,177.82484834339652
24.92094826911495,49.8418965382299
92.68502420987174,185.37004841974348
47.21890350686373,94.43780701372746
87.82736030807403,175.65472061614807
22.21083310666877,44.42166621333754
31.312930802825946,62.62586160565189
68.63235529760787,137.26471059521575
35.02030190021222,70.04060380042444
12.821185139559754,25.642370279119508
47.57059667559383,95.14119335118767
24.74059639538535,49.4811927907707
79.5646377094221,159.1292754188442
2.539925209314964,5.079850418629928
29.15034801532145,58.3006960306429
55.16763501368938,110.33527002737875
73.24993639434368,146.49987278868736
73.37298044916103,146.74596089832207
91.87157038583976,183.74314077167952
35.04266601693219,70.08533203386438
96.6478539205121,193.2957078410242
95.63272848176311,191.26545696352622
10.646046853993473,21.292093707986947
19.913753709365377,39.827507418730754
8.535965413394365,17.07193082678873
86.60052385792672,173.20104771585343
24.95325322017905,49.9065064403581
2.008328706663154,4.016657413326308
61.12202577794892,122.24405155589784
88.25764169360973,176.51528338721945
92.86221838899897,185.72443677799794
53.75040988306906,107.50081976613812
48.085867098930144,96.17173419786029
76.54231543781566,153.08463087563132
71.72036179596026,143.44072359192052
20.87591167601851,41.75182335203702
88.38259916295681,176.76519832591362
31.93448650070547,63.86897300141094
1.115621065843997,2.231242131687994
81.77669348847503,163.55338697695007
80.15516467409776,160.31032934819552
89.5454507597307,179.0909015194614
60.830155682510245,121.66031136502049
68.10007585944146,136.20015171888292
43.83839724183828,87.67679448367656
75.65191838107872,151.30383676215743
52.4430027274946,104.8860054549892
87.52430272240963,175.04860544481926
27.40420222584611,54.80840445169222
73.55721163249196,147.1144232649839
35.94811829753479,71.89623659506958
6.627901038827277,13.255802077654554
68.88964896368243,137.77929792736487
4.209595858477511,8.419191716955021
89.81176389582679,179.62352779165357
18.597274993703117,37.19454998740623
41.34018116779532,82.68036233559064
62.23127034814193,124.46254069628387
68.47964169787056,136.95928339574112
78.9028263950911,157.8056527901822
27.41368227000992,54.82736454001984
36.84959914806518,73.69919829613036
77.06321500770292,154.12643001540584
74.02911556193591,148.05823112387182
18.885107061637317,37.770214123274634
71.08602686678148,142.17205373356296
12.171276763446281,24.342553526892562
48.317245180588245,96.63449036117649
51.848359613152674,103.69671922630535
91.58974337455417,183.17948674910835
92.18157014779479,184.36314029558957
85.97272974217101,171.94545948434202
18.70656474680098,37.41312949360196
18.993526274706028,37.987052549412056
96.43425666215461,192.86851332430922
10.443233187293622,20.886466374587243
75.6665999930852,151.3331999861704
52.16611726179758,104.33223452359516
1.1399508719785123,2.2799017439570246
6.127496342772387,12.254992685544774
75.51317853783569,151.02635707567137
85.03331730817459,170.06663461634918
49.41994068812156,98.83988137624311
76.13694215869778,152.27388431739556
21.390218609969292,42.780437219938584
76.26661768120368,152.53323536240737
68.89508689040579,137.79017378081159
5.342945731401616,10.685891462803232
97.74559618389443,195.49119236778887
71.62439522744224,143.24879045488447
86.92946453271605,173.8589290654321
90.05074563047872,180.10149126095743
15.712271301686487,31.424542603372974
2.9313204426285266,5.862640885257053
51.4891598340419,102.9783196680838
51.42245833796315,102.8449166759263
36.1863956292231,72.3727912584462
36.16501410305316,72.33002820610632
42.17928099044125,84.3585619808825
76.07367530717866,152.14735061435732
3.471428631668938,6.942857263337876
80.93619447934184,161.87238895868367
6.009655914545242,12.019311829090483
67.58565502592852,135.17131005185703
36.74105814913371,73.48211629826741
44.79273112290269,89.58546224580537
50.843857058317624,101.68771411663525
61.59454974238421,123.18909948476842
12.996745339517513,25.993490679035027
60.55230233883956,121.10460467767912
69.11176745379828,138.22353490759656
70.13433308086469,140.26866616172939
43.97591462596486,87.95182925192972
0.13000089867379883,0.26000179734759765
72.26141271081136,144.5228254216227
81.03080337604729,162.06160675209458
65.18574749922938,130.37149499845876
44.25011559822132,88.50023119644264
95.6447590583483,191.2895181166966
95.98302348415017,191.96604696830033
95.99706514122931,191.99413028245863
9.539016778448783,19.078033556897566
46.89696244746608,93.79392489493216
88.17980056081775,176.3596011216355
92.905924009626,185.811848019252
83.71856243155507,167.43712486311014
67.34508765942593,134.69017531885186
36.935746942298195,73.87149388459639
56.29784889600433,112.59569779200866
43.9844849578982,87.9689699157964
88.09689022954214,176.19378045908428
17.838868128221662,35.677736256443325
13.75588861063034,27.51177722126068
29.396217994788575,58.79243598957715
37.682078477938816,75.36415695587763
26.40670816994727,52.81341633989454
72.15258780085384,144.30517560170767
61.62200539673651,123.24401079347302
21.3296516258324,42.6593032516648
89.86438113148981,179.72876226297961
99.45522651942123,198.91045303884246
4.12415754991372,8.24831509982744
54.2211201214658,108.4422402429316
51.80624398647994,103.61248797295988
93.56773769937512,187.13547539875023
72.84766778001416,145.69533556002833
78.78373050858985,157.5674610171797
39.54693984315563,79.09387968631125
58.09826198104524,116.19652396209048
17.78609195821721,35.57218391643442
6.479008283535192,12.958016567070384
68.89707734476264,137.79415468952527
21.13745770994718,42.27491541989436
0.29246169405295896,0.5849233881059179
5.397595336032978,10.795190672065957
22.883354580861692,45.766709161723384
8.366904174019062,16.733808348038124
18.015416715003063,36.030833430006126
61.86507859445657,123.73015718891314
88.87085426357379,177.74170852714758
1.4471998793436525,2.894399758687305
47.711678063830796,95.42335612766159
44.50025570641193,89.00051141282385
15.255385300445168,30.510770600890336
27.973752080920367,55.94750416184073
37.5122410729547,75.0244821459094
89.82425868375648,179.64851736751297
16.410511018994267,32.821022037988534
42.75742738012938,85.51485476025876
76.15978886350247,152.31957772700494
20.478186855797485,40.95637371159497
63.320220010543736,126.64044002108747
68.0443632832102,136.0887265664204
36.85971832160448,73.71943664320897
14.967315970908423,29.934631941816846
16.69650018753953,33.39300037507906
30.672426177666335,61.34485235533267
46.59113911720617,93.18227823441234
35.878036000529114,71.75607200105823
49.65495295465509,99.30990590931017
33.234597947669066,66.46919589533813
6.527593346215744,13.055186692431487
28.574345098835852,57.148690197671705
35.29774696101528,70.59549392203056
33.180705449871795,66.36141089974359
66.4297693397267,132.8595386794534
5.41992141886799,10.83984283773598
77.04845559311487,154.09691118622973
51.22044825382945,102.4408965076589
33.21674302761012,66.43348605522024
79.71554116730111,159.43108233460222
14.306096258580702,28.612192517161404
73.413073552124,146.826147104248
45.28336041290214,90.56672082580428
64.8866117482094,129.7732234964188
25.553428758727225,51.10685751745445
44.238444748611606,88.47688949722321
14.043770805480404,28.08754161096081
6.598046458699846,13.196092917399692
63.848488995498755,127.69697799099751
71.96393013593365,143.9278602718673
75.63345924202196,151.2669184840439
45.11660937151763,90.23321874303527
98.4767206503687,196.9534413007374
57.099648573249794,114.19929714649959
97.89806133671996,195.79612267343992
4.785606893827188,9.571213787654376
46.09597956814594,92.19195913629189
20.47069657628532,40.94139315257064
36.768955540305925,73.53791108061185
69.38588297793942,138.77176595587883
33.403323295843855,66.80664659168771
17.799334463474437,35.598668926948875
83.02206885418195,166.0441377083639
34.08333734484144,68.16667468968288
63.90333474472196,127.80666948944392
5.434779481965912,10.869558963931825
92.65750205025365,185.3150041005073
59.02131468166309,118.04262936332618
89.72161186039604,179.44322372079208
81.92831058660815,163.8566211732163
6.560089485495347,13.120178970990693
35.80003515842326,71.60007031684653
59.616630857587246,119.23326171517449
5.580792792784095,11.16158558556819
1.8035205418151623,3.6070410836303246
26.008957148368815,52.01791429673763
45.32877810690691,90.65755621381382
56.97549200387021,113.95098400774042
21.512314204659834,43.02462840931967
52.23045864416479,104.46091728832958
85.15597207635092,170.31194415270184
21.675293485744184,43.35058697148837
73.64534810235394,147.29069620470787
89.99897590039247,179.99795180078493
84.36588030659718,168.73176061319435
83.39804722159906,166.79609444319811
36.733963617538656,73.46792723507731
96.67041037478378,193.34082074956757
85.8833799327272,171.7667598654544
51.31133054650342,102.62266109300684
31.522484861965815,63.04496972393163
79.21553809986764,158.4310761997353
42.176451303018524,84.35290260603705
95.72778566174564,191.45557132349128
36.53433823840402,73.06867647680804
0.34101929670457,0.68203859340914
83.42506989265138,166.85013978530276
45.468509770090314,90.93701954018063
32.59623848818089,65.19247697636177
91.59564567065318,183.19129134130637
58.95646993979754,117.91293987959509
12.113168110087125,24.22633622017425
14.732893671658754,29.46578734331751
79.12960787215505,158.2592157443101
33.69404654786919,67.38809309573838
59.48398191574845,118.9679638314969
27.55625135546762,55.11250271093524
50.91748917911356,101.83497835822712
34.45045934830573,68.90091869661146
78.8168699557638,157.6337399115276
19.28182219621808,38.56364439243616
60.41012974634165,120.8202594926833
24.735459541895455,49.47091908379091
13.06909061976439,26.13818123952878
46.51442790568447,93.02885581136894
88.13348049478458,176.26696098956916
53.78621179745243,107.57242359490486
93.71711738399243,187.43423476798486
2.870992121676008,5.741984243352016
37.99335495731893,75.98670991463786
98.7507682590652,197.5015365181304
48.412729501348096,96.82545900269619
80.08369561172641,160.16739122345282
34.65089192045134,69.30178384090269
60.21076576360471,120.42153152720942
11.276175882851657,22.552351765703314
44.548280067710124,89.09656013542025
59.583425219535314,119.16685043907063
15.179850427187635,30.35970085437527
88.71489206870984,177.4297841374197
41.45625593812583,82.91251187625166
85.21238641986149,170.42477283972298
26.638004280288065,53.27600856057613
77.20610806333572,154.41221612667144
5.387548333827552,10.775096667655104
78.86479177290285,157.7295835458057
29.669623833671167,59.339247667342335
35.249205130295216,70.49841026059043
78.39997901899838,156.79995803799676
15.747851530734048,31.495703061468095
23.01345791694652,46.02691583389304
19.840067996605004,39.68013599321001
2.581716414211077,5.163432828422154
70.49384437195928,140.98768874391857
31.724208883796567,63.448417767593135
60.80938963630397,121.61877927260794
69.9158811581203,139.8317623162406
82.99713587715331,165.99427175430662
73.16292051860503,146.32584103721007
42.86984440162287,85.73968880324574
6.317703977258516,12.635407954517031
11.619054835044928,23.238109670089855
97.60269780322596,195.20539560645193
99.04738485880493,198.09476971760986
73.11810037091487,146.23620074182975
5.3404805338112205,10.680961067622441
43.64621402388645,87.2924280477729
35.86429791852787,71.72859583705574
61.08403004639561,122.16806009279122
49.92931965346155,99.8586393069231
13.285782433930027,26.571564867860054
32.12735506954738,64.25471013909475
71.13624500825348,142.27249001650696
43.99155443591341,87.98310887182681
83.91852482606849,167.83704965213698
11.201645510127832,22.403291020255665
47.75143883577637,95.50287767155274
10.711268735899292,21.422537471798584
34.24202856848901,68.48405713697802
99.39744124071915,198.7948824814383
76.20342841196134,152.40685682392268
51.89806025813651,103.79612051627302
41.966105243244236,83.93221048648847
47.4091477957798,94.8182955915596
83.11756988750913,166.23513977501827
32.26670971819031,64.53341943638063
16.238795855182943,32.477591710365886
51.80243522466088,103.60487044932177
50.7011615121283,101.4023230242566
93.74383709072703,187.48767418145405
34.550791524857274,69.10158304971455
51.90557230570485,103.8111446114097
36.70484258118385,73.4096851623677
81.79352278647401,163.58704557294803
92.74138718280875,185.4827743656175
45.30297719544163,90.60595439088326
73.50684351869054,147.0136870373811
16.020420809058123,32.04084161811625
21.75552872452017,43.51105744904034
1.9843129822049055,3.968625964409811
29.59196461213476,59.18392922426952
29.898070477027915,59.79614095405583
98.6759683877194,197.3519367754388
10.231299791986615,20.46259958397323
21.061666809678638,42.123333619357275
61.334579651178835,122.66915930235767
79.54087112460954,159.08174224921908
23.275501376359443,46.55100275271889
3.884212579328661,7.768425158657322
82.0540504408142,164.1081008816284
27.29669811710391,54.59339623420782
28.608532252464848,57.217064504929695
17.136981154574894,34.27396230914979
17.364955460958587,34.729910921917174
53.136440934085,106.27288186817
82.89711382855066,165.79422765710132
81.7525041107417,163.5050082214834
9.323743863870348,18.647487727740696
54.80391786724385,109.6078357344877
97.19566190651892,194.39132381303784
5.8547332428079635,11.709466485615927
18.806444600101656,37.61288920020331
53.75183091438506,107.50366182877012
4.055073567562594,8.110147135125189
39.38460903890195,78.7692180778039
93.42023130535787,186.84046261071575
10.436055060842286,20.87211012168457
68.22807916326055,136.4561583265211
53.26962886099547,106.53925772199094
77.66426554792422,155.32853109584843
98.30689219802733,196.61378439605465
78.14565085641303,156.29130171282605
51.37861972454096,102.75723944908192
65.92108005892042,131.84216011784085
8.906485480093341,17.812970960186682
75.02249832571492,150.04499665142984
7.270549795584658,14.541099591169315
30.685484569766864,61.37096913953373
3.1848870649499927,6.3697741298999855
72.99188786121454,145.98377572242907
21.5202396819556,43.0404793639112
42.50208693117333,85.00417386234666
56.40081593820968,112.80163187641936
35.42530853521026,70.85061707042053
70.31418152770999,140.62836305541998
87.98871015117027,175.97742030234053
86.75991897438814,173.51983794877628
37.89197504672644,75.78395009345287
25.02107126883557,50.04214253767114
30.29735362539212,60.59470725078424
70.65103526740471,141.30207053480942
71.13488579424666,142.2697715884933
83.46218282029531,166.92436564059062
50.16944864180445,100.3388972836089
97.2228978320897,194.4457956641794
47.66708358376949,95.33416716753898
25.22929140292328,50.45858280584656
65.70041565139253,131.40083130278506
1.8612529466508931,3.7225058933017863
18.73009543577967,37.46019087155934
93.35567966059536,186.7113593211907
94.11319423878149,188.22638847756298
46.97314687791009,93.94629375582018
75.91493932100495,151.8298786420099
7.686207721767191,15.372415443534383
54.33120003179741,108.66240006359482
27.816765738890748,55.633531477781496
18.728850811149055,37.45770162229811
0.1125773612347114,0.2251547224694228
20.787504764471255,41.57500952894251
68.21256012129741,136.42512024259483
26.75454318368019,53.50908636736038
56.717801450118685,113.43560290023737
3.1087183744804903,6.2174367489609805
11.81813707229965,23.6362741445993
35.87568732687313,71.75137465374625
50.45328022493693,100.90656044987387
69.12732552424883,138.25465104849766
6.204390547601446,12.408781095202892
9.128544387990845,18.25708877598169
8.027665909340808,16.055331818681616
87.23251778185784,174.46503556371567
4.903482094501732,9.806964189003464
7.436074007496407,14.872148014992813
4.03942524753631,8.07885049507262
62.7666398706958,125.5332797413916
61.627828843944535,123.25565768788907
35.36498420449274,70.72996840898548
73.08098381717029,146.16196763434058
86.79106019686466,173.58212039372933
7.257118428314802,14.514236856629603
26.176714544385426,52.35342908877085
52.77706808733368,105.55413617466736
2.3696113605650826,4.739222721130165
85.75982962540121,171.51965925080242
66.01314620229171,132.02629240458342
38.39607846272264,76.79215692544528
95.13462353465333,190.26924706930666
55.7465335666199,111.4930671332398
74.74137404922897,149.48274809845793
35.653438394274595,71.30687678854919
44.302483055776584,88.60496611155317
80.75892106208,161.51784212416
67.33344893239392,134.66689786478784
78.85407825348292,157.70815650696585
17.119008342444776,34.23801668488955
94.27626666195734,188.55253332391467
11.40893273855913,22.81786547711826
19.026086917645777,38.052173835291555
46.82359107669862,93.64718215339724
33.9559483942033,67.9118967884066
97.7893445011203,195.5786890022406
38.038400070278136,76.07680014055627
60.659608621764185,121.31921724352837
71.60071794863211,143.20143589726422
88.77636652830272,177.55273305660543
0.4294016191585093,0.8588032383170185
72.32523019710634,144.65046039421267
0.3910325829003636,0.7820651658007272
68.05723251818644,136.11446503637288
47.8199601729508,95.6399203459016
81.10991399685032,162.21982799370065
44.85988921865211,89.71977843730421
93.59358004201138,187.18716008402276
28.039906820877114,56.07981364175423
13.186438797843547,26.372877595687093
91.19930546478301,182.39861092956602
95.8642851418148,191.7285702836296
53.55793641787714,107.11587283575427
63.46493850918594,126.92987701837188
15.845619202591221,31.691238405182443
23.554371785518093,47.108743571036186
70.6043111670256,141.2086223340512
84.15513275854738,168.31026551709476
70.59038771649374,141.18077543298747
74.10706732967522,148.21413465935044
0.5679806896175199,1.1359613792350398
29.68980508050818,59.37961016101636
80.10122543885045,160.2024508777009
93.93172620103431,187.86345240206862
97.70667575683629,195.41335151367258
8.470458527494218,16.940917054988436
59.35451195742942,118.70902391485885
55.57786022918535,111.1557204583707
74.21019431724851,148.42038863449702
38.741349832729256,77.48269966545851
68.7359776329725,137.471955265945
3.011250019044298,6.022500038088596
5.674053287618374,11.348106575236748
87.28055779912106,174.5611155982421
18.441969318246255,36.88393863649251
56.04267293856451,112.08534587712901
59.59617403388351,119.19234806776701
10.046885711138243,20.093771422276486
2.257718359148808,4.515436718297616
3.4499946996203956,6.899989399240791
21.293599357951255,42.58719871590251
75.79731469158911,151.59462938317822
49.97113253293751,99.94226506587502
56.57440939210129,113.14881878420258
0.6012878328796822,1.2025756657593645
51.31049838847033,102.62099677694066
67.8366527291331,135.6733054582662
8.893898127881794,17.78779625576359
26.466553822409722,52.933107644819444
32.503502548287024,65.00700509657405
15.253030108097686,30.506060216195372
51.224301328802625,102.44860265760525
66.75773520071417,133.51547040142833
93.15038807417709,186.30077614835417
39.81986348575808,79.63972697151615
23.358242983189815,46.71648596637963
81.8554122040794,163.7108244081588
60.526847863376844,121.05369572675369
60.578268315839104,121.15653663167821
61.82980751461751,123.65961502923501
63.016109287200926,126.03221857440185
19.03378235879336,38.06756471758672
95.36712631145276,190.73425262290553
78.03148170859589,156.06296341719178
80.34395191068678,160.68790382137357
18.76319328841212,37.52638657682424
61.21380500243714,122.42761000487428
85.27401500513669,170.54803001027338
1.9725128674342396,3.945025734868479
3.4701047130692997,6.940209426138599
91.08641044450737,182.17282088901473
53.33525192485228,106.67050384970456
69.55270935275726,139.10541870551452
70.78556165639147,141.57112331278293
77.1041645397934,154.2083290795868
56.33586361008629,112.67172722017258
74.3297883099213,148.6595766198426
94.06402454516392,188.12804909032783
75.50219526569015,151.0043905313803
30.78560056927798,61.57120113855596
7.0567580189848655,14.113516037969731
37.21315859292127,74.42631718584254
1.6520025602319022,3.3040051204638043
10.083222208019615,20.16644441603923
88.71379324422477,177.42758648844955
21.6960745150807,43.3921490301614
60.301012583787575,120.60202516757515
2.9768536260489697,5.9537072520979395
40.879433952914724,81.75886790582945
73.83140695231818,147.66281390463635
85.3843908944018,170.7687817888036
12.385209331126667,24.770418662253334
21.06874894781654,42.13749789563308
8.909226736077558,17.818453472155117
79.38711813235606,158.77423626471213
88.25269345041093,176.50538690082186
15.97297797128009,31.94595594256018
4.155795814353258,8.311591628706516
88.64870391747776,177.29740783495552
1.5178081429544132,3.0356162859088265
31.45020951347587,62.90041902695174
44.57815206992283,89.15630413984566
78.25179963545811,156.50359927091623
64.84550299873395,129.6910059974679
88.56443424506864,177.12886849013728
13.878345546610538,27.756691093221075
53.59540754503856,107.19081509007712
77.45202010310362,154.90404020620724
93.59914977446307,187.19829954892614
7.433768369591364,14.867536739182729
3.202924373868876,6.405848747737752
64.94222596323162,129.88445192646324
6.778195604605052,13.556391209210105
10.742594260128646,21.485188520257292
36.669405530077206,73.33881106015441
71.1499475975168,142.2998951950336
0.5517645708502106,1.1035291417004212
69.78974913663627,139.57949827327255
72.64138920873097,145.28277841746194
14.935918695857053,29.871837391714106
56.66970338969403,113.33940677938806
59.558347471154875,119.11669494230975
18.3367163256992,36.6734326513984
5.682615624390519,11.365231248781038
8.465790240970161,16.931580481940323
34.34970942857739,68.69941885715478
23.263238358407268,46.526476716814535
60.65181007094349,121.30362014188698
48.17996610097395,96.3599322019479
26.049123575594603,52.098247151189206
65.04333745874168,130.08667491748335
12.96211912649744,25.92423825299488
57.734919517600844,115.46983903520169
11.02787157107551,22.05574314215102
93.67893748187447,187.35787496374894
65.74760093848113,131.49520187696226
49.02372794794334,98.04745589588669
34.902983578871414,69.80596715774283
33.358804853182946,66.71760970636589
2.9244064099917866,5.848812819983573
14.698846928125842,29.397693856251685
13.515517936529886,27.03103587305977
66.08402964831846,132.16805929663693
92.6682784820231,185.3365569640462
76.85691292919705,153.7138258583941
3.384733494419323,6.769466988838646
23.445041272979083,46.890082545958165
90.09173585260842,180.18347170521685
92.9728093121977,185.9456186243954
99.51620265548023,199.03240531096046
42.75406605507286,85.50813211014572
26.20430503905764,52.40861007811528
55.672171170192605,111.34434234038521
50.52671168472739,101.05342336945478
93.51233403315932,187.02466806631864
53.64748165120413,107.29496330240826
83.13437513823078,166.26875027646156
22.830548787386164,45.66109757477233
3.4409896434791643,6.8819792869583285
12.426737801679955,24.85347560335991
61.7505150885966,123.5010301771932
59.755507393549514,119.51101478709903
21.550039100197683,43.100078200395366
43.65006133598236,87.30012267196471
99.22236028573519,198.44472057147038
40.65235910163467,81.30471820326935
34.555765844719986,69.11153168943997
89.46294655300191,178.92589310600383
27.617649681200383,55.23529936240077
92.77439398484778,185.54878796969555
73.20924141528037,146.41848283056075
17.058378525454977,34.11675705090995
27.221261688349518,54.442523376699036
59.20380691464307,118.40761382928613
84.12009499660701,168.24018999321402
13.47426135274371,26.94852270548742
85.25632606529527,170.51265213059054
97.89799214663084,195.79598429326168
6.3522118681108575,12.704423736221715
68.45171613656927,136.90343227313855
99.47482662762066,198.94965325524132
64.42322225528817,128.84644451057633
46.549761410913945,93.09952282182789
57.234030344910394,114.46806068982079
49.750853494068394,99.50170698813679
28.42729825295729,56.85459650591458
53.124702420765416,106.24940484153083
57.31879519838824,114.63759039677647
2.5277798034400445,5.055559606880089
42.18096809265843,84.36193618531686
17.84247804800777,35.68495609601554
11.699613990523815,23.39922798104763
89.38356437352019,178.76712874704037
39.20379781805222,78.40759563610445
64.27896666827222,128.55793333654444
59.064484170365205,118.12896834073041
29.554494860670133,59.108989721340265
51.209665578881506,102.41933115776301
38.681241726230894,77.36248345246179
67.08439770955324,134.1687954191065
29.909881971633233,59.819763943266466
45.123708254902425,90.24741650980485
88.51211458691554,177.0242291738311
97.5197431264664,195.0394862529328
43.87726123868596,87.75452247737192
92.93635070017994,185.8727014003599
63.73999227846596,127.47998455693192
35.4983301827427,70.9966603654854
28.35419692656831,56.70839385313662
99.81860970840236,199.63721941680473
15.559529762809564,31.11905952561913
88.90631084162281,177.81262168324562
65.48368916948077,130.96737833896154
54.79166417383302,109.58332834766604
8.159924400960294,16.31984880192059
12.179847940325972,24.359695880651945
78.39434511772575,156.7886902354515
42.14463284573492,84.28926569146984
49.71522254327899,99.43044508655798
23.248088239468945,46.49617647893789
24.45116929146961,48.90233858293922
58.10332313025401,116.20664626050802
26.6566387503243,53.3132775006486
70.86303059491803,141.72606118983606
10.888537692931976,21.777075385863952
32.33127786743708,64.66255573487416
65.89863852078301,131.79727704156602
61.154908744301316,122.30981748860263
95.65167130992447,191.30334261984893
78.61421240533414,157.2284248106683
66.03335663670472,132.06671327340945
3.165400732661694,6.330801465323388
66.84930067070638,133.69860134141277
24.888817436535305,49.77763487307061
61.61103172977593,123.22206345955186
18.837635277704823,37.67527055540965
34.43117745653412,68.86235491306824
38.198952380713095,76.39790476142619
21.93031939353096,43.86063878706192
18.430995602161993,36.861991204323985
64.1746286931687,128.3492573863374
5.123304695366904,10.246609390733807
65.37791457560645,130.7558291512129
10.891665851914734,21.783331703829468
71.99778599552612,143.99557199105223
12.16102948427068,24.32205896854136
5.105494114725295,10.21098822945059
7.209313919498694,14.418627838997388
44.156170883912694,88.31234176782539
51.31753891168269,102.63507782336538
20.21778579609238,40.43557159218476
70.7455936457921,141.4911872915842
28.961430058777747,57.922860117555494
40.36829264288472,80.73658528576944
91.3501441998469,182.7002883996938
60.07996384097948,120.15992768195896
38.67951950856536,77.35903901713073
31.57349653692858,63.14699307385716
91.38843308700876,182.77686617401753
24.37534234277119,48.75068468554238
59.79552655748811,119.59105311497622
50.013897592566124,100.02779518513225
89.57083018013773,179.14166036027547
76.71111559229958,153.42223118459916
81.2066228609146,162.4132457218292
44.63293935754973,89.26587871509946
65.09297055982856,130.18594111965712
24.68434412028887,49.36868824057774
63.77570740807648,127.55141481615296
74.73962008823585,149.4792401764717
51.26378707501803,102.52757415003606
28.95943947421289,57.91887894842578
83.86897061747453,167.73794123494906
70.15933359949085,140.3186671989817
60.11028743674073,120.22057487348145
94.00498271294136,188.0099654258827
95.6761299266847,191.3522598533694
22.823145131591904,45.64629026318381
90.64183174253236,181.28366348506472
57.30451536728044,114.60903073456087
66.86177055838671,133.72354111677342
20.054636232574573,40.10927246514915
54.47866226221139,108.95732452442277
39.79011212206207,79.58022424412414
12.033737575702597,24.067475151405194
70.64636065127021,141.29272130254043
94.6978530637372,189.3957061274744
1.649503470078284,3.299006940156568
27.544594804240873,55.089189608481746
95.06817991411859,190.13635982823718
37.74171159876345,75.4834231975269
12.02528518793079,24.05057037586158
81.20284716355415,162.4056943271083
24.072222630076844,48.14444526015369
2.319523392757128,4.639046785514256
38.130311707993826,76.26062341598765
53.081154715524804,106.16230943104961
96.95291947894066,193.90583895788131
85.18428250327284,170.36856500654568
4.910112187409155,9.82022437481831
99.40569760054106,198.81139520108212
14.455349234914417,28.910698469828834
12.351610524901623,24.703221049803247
94.57921785341425,189.1584357068285
37.54540757348187,75.09081514696373
14.548560149610024,29.097120299220048
71.01781652433661,142.03563304867322
56.51991407345947,113.03982814691894
83.86293505163566,167.72587010327132
97.52410063288136,195.0482012657627
19.45959853824294,38.91919707648588
61.12999451840738,122.25998903681476
3.798356696576244,7.596713393152488
96.82398056774313,193.64796113548627
83.73990703670633,167.47981407341265
80.34788465609958,160.69576931219916
10.361147887631915,20.72229577526383
66.46087971656662,132.92175943313325
5.921009791500797,11.842019583001594
98.07183960516883,196.14367921033767
61.76595396226836,123.53190792453672
53.57756243901078,107.15512487802155
87.61689883337684,175.23379766675367
75.80318191321832,151.60636382643665
9.261548047652123,18.523096095304247
90.91196455116707,181.82392910233415
12.13744125246824,24.27488250493648
92.58960491953468,185.17920983906936
25.884412768997766,51.76882553799553
47.67848178030915,95.3569635606183
37.48270076141426,74.96540152282851
84.40138640726089,168.80277281452177
71.77616772838186,143.55233545676373
3.7301359727275885,7.460271945455177
66.4132292592521,132.8264585185042
42.91469446039861,85.82938892079721
95.49499247510217,190.98998495020433
73.40630412827626,146.81260825655252
24.42339643055782,48.84679286111564
73.44745644354663,146.89491288709326
63.77006449811403,127.54012899622806
44.51707582525187,89.03415165050374
90.43288039471202,180.86576078942403
22.138867793757065,44.27773558751413
81.99879413556877,163.99758827113754
87.54194458161497,175.08388916322994
54.36580657170277,108.73161314340554
19.96972681558946,39.93945363117892
32.09854164701995,64.1970832940399
36.75509647120372,73.51019294240744
21.87867800487442,43.75735600974884
83.32985944356062,166.65971888712124
65.79662129487355,131.5932425897471
76.94701919968605,153.8940383993721
7.8926170119546395,15.785234023909279
61.16898005207375,122.3379601041475
82.9726360057968,165.9452720115936
18.711568723493766,37.42313744698753
46.167191075344384,92.33438215068877
47.75952453126424,95.51904906252848
62.26591867275325,124.5318373455065
25.400751223210616,50.80150244642123
8.637589000912193,17.275178001824386
79.62862005185193,159.25724010370385
82.47712353969825,164.9542470793965
48.69217221258244,97.38434442516488
93.85091184270988,187.70182368541975
56.25524332327995,112.5104866465599
97.26491587641216,194.52983175282432
66.74000557885911,133.48001115771822
11.903540112379718,23.807080224759435
68.8284367290804,137.6568734581608
20.844137224587868,41.688274449175736
72.64606634587156,145.29213269174312
68.13733742163711,136.27467484327423
89.74121948729615,179.4824389745923
61.37291322833477,122.74582645666953
39.31582543006357,78.63165086012714
57.14879209092043,114.29758418184086
34.57285848753057,69.14571697506113
50.32136700941923,100.64273401883845
12.448750580340128,24.897501160680257
47.68545112156365,95.3709022431273
42.95049679643617,85.90099359287234
56.420659751296654,112.84131950259331
95.08065309476336,190.16130618952673
32.99004981734968,65.98009963469936
50.94795553033396,101.89591106066791
96.11737044399166,192.23474088798332
20.89921436430805,41.7984287286161
49.94894164846039,99.89788329692078
11.770336170389717,23.540672340779434
94.48478998465406,188.9695799693081
29.271751811113546,58.54350362222709
18.811563522473318,37.623127044946635
50.63534371850559,101.27068743701118
46.37336106118566,92.74672212237132
66.27288622616263,132.54577245232525
76.08310707905216,152.1662141581043
1.6013793100753348,3.2027586201506697
77.51829483547128,155.03658967094256
76.35143082843685,152.7028616568737
83.37537607755698,166.75075215511396
51.70246677003586,103.40493354007172
97.47886779777883,194.95773559555766
62.431333782562604,124.86266756512521
37.37929345931158,74.75858691862317
75.86389303938462,151.72778607876924
41.58699798496407,83.17399596992814
30.958384660002647,61.916769320005294
42.588991309403454,85.17798261880691
77.21381972940648,154.42763945881296
94.16715219702688,188.33430439405376
93.42963038831698,186.85926077663396
21.256691235471425,42.51338247094285
48.21108990604374,96.42217981208748
51.165496426938425,102.33099285387685
76.30952605265445,152.6190521053089
89.95145308646944,179.90290617293888
64.21529664894877,128.43059329789753
48.602031895239364,97.20406379047873
96.95545556620255,193.9109111324051
64.9761709995482,129.9523419990964
70.55236546388225,141.1047309277645
79.55781083447617,159.11562166895234
70.37468180195033,140.74936360390066
45.120253258251275,90.24050651650255
3.58545361055157,7.17090722110314
56.64281495175334,113.28562990350667
23.268988275294756,46.53797655058951
83.90922246644399,167.81844493288799
36.070354782272,72.140709564544
61.50632609872545,123.0126521974509
87.8532290914324,175.7064581828648
56.56211402008636,113.12422804017272
48.85759162992452,97.71518325984904
35.42632778747375,70.8526555749475
95.07704374352856,190.15408748705713
97.5468343628003,195.0936687256006
90.49873894234946,180.99747788469892
81.33947222501958,162.67894445003915
69.48729036759079,138.97458073518158
65.12816632027862,130.25633264055725
71.31516215504514,142.6303243100903
17.006837000976383,34.013674001952765
81.26320731352831,162.52641462705662
39.99804664314098,79.99609328628196
73.14954094472233,146.29908188944466
64.3516445721698,128.7032891443396
87.93081290125654,175.8616258025131
5.073704811923651,10.147409623847302
7.475799757427137,14.951599514854275
46.15176652068725,92.3035330413745
76.66793676166779,153.33587352333558
37.589236366295765,75.17847273259153
44.55901789127865,89.1180357825573
17.521463666739646,35.04292733347929
94.14420412945132,188.28840825890265
60.55690231831768,121.11380463663536
17.14788352806439,34.29576705612878
94.41866591711667,188.83733183423334
8.259950064050003,16.519900128100005
13.609894128708843,27.219788257417687
90.14349665875953,180.28699331751906
13.680351174369164,27.36070234873833
2.799397127082859,5.598794254165718
3.7039084116663568,7.4078168233327135
42.76620889096385,85.5324177819277
35.8736721860113,71.7473443720226
84.70334413821617,169.40668827643233
44.531268251712575,89.06253650342515
44.75281033422043,89.50562066844086
29.307148287021324,58.61429657404265
41.41060902544149,82.82121805088298
61.973267472058865,123.94653494411773
7.572527572501975,15.14505514500395
8.898541974876984,17.79708394975397
78.0032417528502,156.0064835057004
14.878183376482001,29.756366752964002
52.39816440791094,104.79632881582188
57.64106865753704,115.28213731507408
58.31876495877,116.63752991754
24.5185357450452,49.0370714900904
96.8534548830667,193.7069097661334
30.772307290636736,61.54461458127347
66.64870372616525,133.2974074523305
97.21251188387934,194.4250237677587
8.261928191405987,16.523856382811974
9.994283558995132,19.988567117990264
81.02653776816247,162.05307553632494
25.22431515296776,50.44863030593552
89.93601153407141,179.87202306814282
50.75047851462821,101.50095702925643
88.46639761204929,176.93279522409858
0.8899531856380039,1.7799063712760077
0.4882917519339336,0.9765835038678672
70.049965200071,140.099930400142
19.949870845474216,39.89974169094843
18.524778094546946,37.04955618909389
78.53455697267022,157.06911394534043
80.33879321675086,160.67758643350172
36.42300394239043,72.84600788478086
43.079107861101484,86.15821572220297
55.181231606849835,110.36246321369967
13.394509147070666,26.789018294141332
52.10823768818983,104.21647537637966
23.05482137086894,46.10964274173788
56.20174068281396,112.40348136562793
58.77818092406961,117.55636184813922
78.78032325478912,157.56064650957825
13.805142248082502,27.610284496165004
38.089760380059225,76.17952076011845
5.568692803186936,11.137385606373872
78.40057096085631,156.80114192171263
4.668798126462114,9.337596252924229
73.47093075561028,146.94186151122057
81.16573307230057,162.33146614460114
51.158954981752544,102.31790996350509
66.60411659882521,133.20823319765043
99.19797522839147,198.39595045678294
92.67735390878057,185.35470781756115
15.675474563808256,31.350949127616513
97.76913795063307,195.53827590126613
74.49502846891015,148.9900569378203
83.61641603670323,167.23283207340646
52.46317555026896,104.92635110053791
30.099347589726754,60.19869517945351
87.0077775469944,174.0155550939888
75.61517088284607,151.23034176569215
8.845875078896793,17.691750157793585
89.64164194884036,179.28328389768072
52.019019586142925,104.03803917228585
80.4977785846985,160.995557169397
77.44251132526124,154.88502265052247
11.474447183015535,22.94889436603107
63.406125875581566,126.81225175116313
80.32480225055403,160.64960450110806
79.13113432839938,158.26226865679877
42.91669545977126,85.83339091954252
54.080078318892824,108.16015663778565
13.67450262382186,27.34900524764372
59.54194301531942,119.08388603063884
51.856041591466564,103.71208318293313
94.80368777377798,189.60737554755596
17.009203235192103,34.01840647038421
59.384285716274256,118.76857143254851
88.26771638053937,176.53543276107874
92.88106891449847,185.76213782899694
71.55737041053307,143.11474082106614
5.7911754009108645,11.582350801821729
97.43818343781653,194.87636687563307
41.69268250800853,83.38536501601706
37.92523160291882,75.85046320583764
57.48051600343877,114.96103200687755
3.201831598868188,6.403663197736376
67.8958924307413,135.7917848614826
48.94203084190371,97.88406168380742
25.433453806289364,50.86690761257873
94.51367394766311,189.02734789532622
50.07976898689526,100.15953797379052
28.33378551091417,56.66757102182834
39.175467294252876,78.35093458850575
40.11580490178649,80.23160980357298
24.42207111007105,48.8441422201421
85.23271741852777,170.46543483705554
65.4587783139512,130.9175566279024
92.70427790384606,185.40855580769212
95.5847925300864,191.1695850601728
57.624141491411976,115.24828298282395
4.025510532981702,8.051021065963404
93.5275138836922,187.0550277673844
56.59370200988094,113.18740401976189
26.594174226398913,53.188348452797825
0.8094422795194678,1.6188845590389356
11.326274948641634,22.65254989728327
13.188900020258787,26.377800040517574
5.180105374276767,10.360210748553534
64.51143964002765,129.0228792800553
87.98698980358398,175.97397960716796
12.507217077432365,25.01443415486473
2.4693985047418487,4.9387970094836975
96.92862187278098,193.85724374556196
50.014447078549615,100.02889415709923
67.86025037872277,135.72050075744554
5.642833487920673,11.285666975841346
69.46610608346721,138.93221216693442
6.969332515642169,13.938665031284337
32.25462497339995,64.5092499467999
67.21416480620307,134.42832961240615
84.62477711362494,169.2495542272499
34.75537682405131,69.51075364810262
86.45999046709136,172.91998093418272
21.95822346920382,43.91644693840764
52.891042453663886,105.78208490732777
54.73562827548456,109.47125655096912
43.32869521850989,86.65739043701979
11.453031684130345,22.90606336826069
64.70174238720844,129.40348477441688
19.228808718991132,38.457617437982265
67.63109891637146,135.2621978327429
87.15508006632984,174.3101601326597
82.12700895764931,164.25401791529862
19.207294640520345,38.41458928104069
5.865082969904001,11.730165939808002
80.5213425932364,161.0426851864728
49.84126551597707,99.68253103195414
55.07650020016677,110.15300040033354
99.18654117057788,198.37308234115577
11.88760651829892,23.77521303659784
29.582506204868007,59.165012409736015
33.927402242728064,67.85480448545613
60.976670626977125,121.95334125395425
37.96980023330578,75.93960046661157
51.571395895576025,103.14279179115205
15.671688810630592,31.343377621261183
39.09629897355511,78.19259794711022
64.48362664520843,128.96725329041686
86.21467709155507,172.42935418311015
24.35474144444013,48.70948288888026
53.02041000937765,106.0408200187553
24.90374591343858,49.80749182687716
63.36698443521317,126.73396887042634
30.568767457005062,61.137534914010125
70.01840292193803,140.03680584387607
13.430302061583355,26.86060412316671
76.22771563250652,152.45543126501303
57.57469096938217,115.14938193876434
90.44557065676288,180.89114131352576
17.190302304045378,34.380604608090756
90.7072421244979,181.4144842489958
64.08176475459535,128.1635295091907
91.81023571993427,183.62047143986854
54.211547169705966,108.42309433941193
30.580025207375073,61.160050414750145
78.890743150802,157.781486301604
46.44897969550477,92.89795939100954
60.137587163977926,120.27517432795585
48.46877274568827,96.93754549137654
47.679951657391925,95.35990331478385
51.37553934852927,102.75107869705855
49.82682675842355,99.6536535168471
47.813568058466835,95.62713611693367
78.98680398006461,157.97360796012921
14.932601106370836,29.86520221274167
48.87832472284753,97.75664944569506
35.15395756087016,70.30791512174032
24.73000860020791,49.46001720041582
95.62249927504504,191.2449985500901
45.02769058444749,90.05538116889498
9.532643586639677,19.065287173279355
43.41800805749788,86.83601611499576
96.94983175102465,193.8996635020493
78.44029338750694,156.88058677501388
50.37929391428747,100.75858782857495
98.3592548848089,196.7185097696178
94.06013866602049,188.12027733204098
59.80935453528227,119.61870907056453
91.0769918235872,182.1539836471744
17.916607889316083,35.833215778632166
20.530828035990666,41.06165607198133
58.9376601281102,117.8753202562204
67.56309750041267,135.12619500082533
62.13663052945668,124.27326105891336
74.48406983749436,148.96813967498872
66.54744381256396,133.0948876251279
5.672771205408578,11.345542410817156
35.53666863415891,71.07333726831781
94.32627761235122,188.65255522470244
71.68167889382713,143.36335778765425
5.851035704545316,11.702071409090632
73.6570562208626,147.3141124417252
88.52450276677656,177.04900553355313
59.81122089998446,119.62244179996893
17.14593051279931,34.29186102559862
31.02366062728372,62.04732125456744
56.66332509007205,113.3266501801441
66.48386335614326,132.96772671228652
17.455794623231924,34.91158924646385
64.62575455577864,129.25150911155728
34.13611674430689,68.27223348861378
62.51626757783735,125.0325351556747
58.18392797067874,116.36785594135748
55.47633736308798,110.95267472617596
59.69029491790512,119.38058983581024
83.91675361055027,167.83350722110055
56.68966199519245,113.3793239903849
21.025667156077198,42.051334312154395
9.818051277374229,19.636102554748458
2.3876504453939074,4.775300890787815
59.526947139302344,119.05389427860469
66.09649557305542,132.19299114611084
91.54477570113673,183.08955140227346
56.84043348074492,113.68086696148984
79.01268007086252,158.02536014172503
95.71887573006562,191.43775146013124
85.69658829216095,171.3931765843219
19.317691208176456,38.63538241635291
94.09565757221124,188.19131514442248
83.97382909361266,167.94765818722533
41.891906277358814,83.78381255471763
4.7171279239180075,9.434255847836015
34.44324937594294,68.88649875188588
59.802959587479464,119.60591917495893
83.26283498889788,166.52566997779576
13.571342534623899,27.142685069247797
88.22071339049769,176.44142678099539
40.429704839376924,80.85940967875385
59.07232736074904,118.14465472149809
58.04746460877458,116.09492921754916
72.91856969094859,145.83713938189717
27.86808627142766,55.73617254285532
9.808482524411044,19.616965048822088
88.41892595112849,176.83785190225697
40.10228252203849,80.20456504407699
72.2134735700214,144.4269471400428
18.46792872834604,36.93585745669208
12.775918985678668,25.551837971357337
11.039797886925529,22.079595773851057
82.5212825692839,165.0425651385678
39.98408155671483,79.96816311342965
1.9013690217718704,3.802738043543741
3.929578426050362,7.859156852100724
38.686569818850636,77.37313963770127
56.62864511171952,113.25729022343904
3.032169472181423,6.064338944362846
34.628525070734305,69.25705014146861
25.9820764135398,51.9641528270796
89.75025400739179,179.50050801478358
78.71478085508986,157.4295617101797
75.09608133728393,150.19216267456787
56.736988470966644,113.47397694193329
56.919663658424646,113.83932731684929
42.28046668007291,84.56093336014582
50.819955195095844,101.63991039019169
89.80366292240564,179.60732584481127
81.90998846363792,163.81997692727583
96.28827787467635,192.5765557493527
61.885926268831426,123.77185253766285
0.5743325172942959,1.1486650345885918
87.26911147435749,174.53822294871497
94.51449779328887,189.02899558657774
5.437715767421669,10.875431534843338
73.06930860157033,146.13861720314065
12.217642989743926,24.43528597948785
11.67637400346553,23.35274800693106
19.454273671060772,38.908547342121544
74.55654368298774,149.11308736597547
83.10433133812106,166.2086626762421
6.971764668456714,13.943529336913429
14.620202340227383,29.240404680454766
51.17558263668086,102.35116527336172
36.42615829256511,72.85231658513023
76.28350660485484,152.56701320970967
82.23149745535112,164.46299491070224
83.53702500362552,167.07405000725103
66.90619866009597,133.81239732019193
98.32166877016641,196.64333754033282
50.24647227267056,100.49294454534112
43.37709798196677,86.75419596393354
47.287941588113036,94.57588317622607
40.668118277984576,81.33623655596915
26.285888095124744,52.57177619024949
35.990249931790366,71.98049986358073
70.91891938670541,141.83783877341082
96.03857840583568,192.07715681167136
42.54123460867575,85.0824692173515
42.29211773677384,84.58423547354768
31.36864141455463,62.73728282910926
91.72284280085263,183.44568560170526
39.500728970916676,79.00145794183335
88.62377732271518,177.24755464543037
78.4621926619736,156.9243853239472
82.63123488192473,165.26246976384945
60.533514963000236,121.06702992600047
86.77341580670162,173.54683161340324
52.89540807454942,105.79081614909884
98.80509703361898,197.61019406723796
84.31223835579004,168.6244767115801
37.8043378067773,75.6086756135546
3.7705562018366945,7.541112403673389
10.224927911956772,20.449855823913545
83.85072761513884,167.70145523027767
70.04186016470652,140.08372032941304
60.466325677228284,120.93265135445657
83.00467692543766,166.00935385087533
46.691640940627124,93.38328188125425
54.47683262426428,108.95366524852857
7.141258308976028,14.282516617952057
96.133594217094,192.267188434188
95.34131723280511,190.68263446561022
55.841623627610474,111.68324725522095
86.69529788200117,173.39059576400234
95.26508329716286,190.53016659432572
19.517182584062432,39.034365168124864
66.04485959854117,132.08971919708233
81.10114103589096,162.20228207178192
24.912683976085958,49.825367952171916
63.60211230916482,127.20422461832965
73.93608020911918,147.87216041823837
87.35442053750162,174.70884107500325
11.989139062148347,23.978278124296693
27.02390523551457,54.04781047102914
27.2927410404594,54.5854820809188
9.854104186996416,19.708208373992832
43.50600852626181,87.01201705252362
93.74634458368828,187.49268916737657
75.21655051051096,150.4331010210219
85.58710929388481,171.17421858776962
34.38950826740462,68.77901653480924
57.6809458978957,115.3618917957914
94.68572998633336,189.3714599726667
27.40243441497604,54.80486882995208
16.149522286230354,32.29904457246071
56.14372925607687,112.28745851215373
51.06901778253822,102.13803556507644
96.93593360331138,193.87186720662277
66.155633230674,132.311266461348
31.72601968488791,63.45203936977582
57.28656033277842,114.57312066555684
20.08663779816946,40.17327559633892
77.54217718543397,155.08435437086794
30.041052633537902,60.082105267075804
75.15346972822044,150.3069394564409
1.5841850622558495,3.168370124511699
13.016656100764157,26.033312201528314
63.00315453170262,126.00630906340524
69.20705462319819,138.41410924639638
25.715767872872732,51.431535745745464
8.447352366044292,16.894704732088584
64.30233012397099,128.60466024794198
8.045525023859623,16.091050047719246
61.37984611785541,122.75969223571082
91.46399577096795,182.9279915419359
62.83214950521692,125.66429901043384
19.973235083544328,39.946470167088656
88.94007612732055,177.8801522546411
69.60108271294388,139.20216542588776
66.5767241080777,133.1534482161554
71.39879015227486,142.7975803045497
25.976238773716076,51.95247754743215
2.045858535040679,4.091717070081358
49.026157494181874,98.05231498836375
62.49150483922317,124.98300967844634
42.18530091548273,84.37060183096546
44.50372998346961,89.00745996693922
43.679710966145294,87.35942193229059
51.673134528396616,103.34626905679323
68.60917743152345,137.2183548630469
3.3324963384693707,6.664992676938741
89.52440541620278,179.04881083240556
39.83876035761097,79.67752071522195
84.15680240531462,168.31360481062924
83.95710707783363,167.91421415566725
87.53980113359083,175.07960226718166
99.21492319536463,198.42984639072927
5.125121504853047,10.250243009706095
14.582615274929866,29.165230549859732
88.89153441445205,177.7830688289041
92.96127389298174,185.92254778596347
34.681754502276306,69.36350900455261
73.80756763791973,147.61513527583946
94.60764904735514,189.21529809471028
80.00183675579785,160.0036735115957
16.31149216955272,32.62298433910544
14.703082988840944,29.406165977681887
14.851034868107005,29.70206973621401
64.46197447243883,128.92394894487765
35.58635590696942,71.17271181393885
6.719143380213044,13.438286760426088
46.63967552343969,93.27935104687938
41.85573495028385,83.7114699005677
25.459874654903558,50.919749309807116
27.264741697774753,54.529483395549505
31.663331647603222,63.326663295206444
30.725452795137286,61.45090559027457
19.244946869129354,38.48989373825871
99.69830291697306,199.39660583394613
77.31596632997723,154.63193265995446
96.70349603530697,193.40699207061394
44.40847943681076,88.81695887362152
29.74349208999255,59.4869841799851
45.08553487783564,90.17106975567128
9.867541083975095,19.73508216795019
99.79712350855922,199.59424701711845
19.1762358170362,38.3524716340724
43.116516841627,86.233033683254
74.30528138170857,148.61056276341714
63.28669534821664,126.57339069643328
20.144853581639666,40.28970716327933
87.68277926715422,175.36555853430843
3.7865382855496676,7.573076571099335
99.13255525480074,198.26511050960147
21.906531207533973,43.81306241506795
20.569337131220866,41.13867426244173
1.4009806341879982,2.8019612683759965
92.95745279611143,185.91490559222285
51.85513471591657,103.71026943183314
1.7942939758868404,3.5885879517736807
74.85112106213575,149.7022421242715
60.171758099173346,120.34351619834669
2.011538629761278,4.023077259522556
46.310264590548066,92.62052918109613
32.86602001293089,65.73204002586178
99.8164476758663,199.6328953517326
13.04475160361095,26.0895032072219
9.26286842568812,18.52573685137624
77.18108622064568,154.36217244129136
73.96832346459948,147.93664692919896
31.94227200286891,63.88454400573782
50.79497125641169,101.58994251282338
78.11383536048756,156.2276707209751
25.379095044125688,50.758190088251375
97.22113836919087,194.44227673838174
22.835144261185803,45.67028852237161
6.732118309746848,13.464236619493697
14.345340213407454,28.690680426814907
28.256414542584018,56.512829085168036
92.77214322399573,185.54428644799145
94.80744157104313,189.61488314208626
92.8183970673592,185.6367941347184
12.94960468952626,25.89920937905252
47.440975776453676,94.88195155290735
68.22453659106932,136.44907318213865
0.1101098906436393,0.2202197812872786
63.75160761125633,127.50321522251267
93.97526018644558,187.95052037289116
50.02815332271891,100.05630664543781
23.849295813893,47.698591627786
26.517660456696447,53.035320913392894
72.27169153899972,144.54338307799944
90.9005186140446,181.8010372280892
50.58552855419077,101.17105710838155
76.57891935883151,153.15783871766303
13.906896684563142,27.813793369126284
48.35091943020928,96.70183886041856
66.27537143982002,132.55074287964004
33.506594152678524,67.01318830535705
10.850565067273044,21.701130134546087
90.44495102888355,180.8899020577671
1.160847448877056,2.321694897754112
99.52162418282616,199.04324836565232
18.58972709836508,37.17945419673016
49.938445610973694,99.87689122194739
78.96469434576045,157.9293886915209
98.16821747589177,196.33643495178353
30.386341361702218,60.772682723404436
88.4225222246397,176.8450444492794
88.91336965703368,177.82673931406737
54.630623793792054,109.26124758758411
30.31614725962548,60.63229451925096
93.55444610281786,187.10889220563573
25.54449698035308,51.08899396070616
27.73742934032084,55.47485868064168
35.93286127087805,71.8657225417561
77.70877070022848,155.41754140045697
1.0782899925895206,2.1565799851790413
83.09457288516053,166.18914577032106
68.40571453166362,136.81142906332724
22.58690277203077,45.17380554406154
56.285365113283305,112.57073022656661
46.44435187833699,92.88870375667398
27.036819782500345,54.07363956500069
98.0802800603126,196.1605601206252
54.29062152743074,108.58124305486147
94.007870125946,188.015740251892
7.1932254670927005,14.386450934185401
55.16206657137543,110.32413314275087
36.76988822970648,73.53977645941296
27.55308767293205,55.1061753458641
60.108522436435344,120.21704487287069
72.34006378158186,144.68012756316372
10.072666945793774,20.145333891587548
6.5051398119921,13.0102796239842
24.32683110632936,48.65366221265872
67.43779006700218,134.87558013400437
98.33601815035199,196.67203630070398
69.5506180085186,139.1012360170372
43.7583197557158,87.5166395114316
29.26723497015047,58.53446994030094
0.6941282094549694,1.388256418909939
3.340105269384941,6.680210538769882
14.0361511390934,28.0723022781868
17.817981097575174,35.63596219515035
51.66814734470642,103.33629468941284
91.16198474045456,182.3239694809091
29.750033399209485,59.50006679841897
12.982760512334012,25.965521024668025
73.17347544121789,146.34695088243578
89.10550801080987,178.21101602161974
65.99489629519854,131.9897925903971
82.18904614180738,164.37809228361476
19.25937963573714,38.51875927147428
58.80831030373279,117.61662060746558
56.68062534694391,113.36125069388783
91.85814455797033,183.71628911594067
10.67092085776119,21.34184171552238
89.36323776185353,178.72647552370705
73.976333983704,147.952667967408
72.46598195655133,144.93196391310266
72.34229764982344,144.68459529964687
44.02669202833764,88.05338405667528
85.51178312300095,171.0235662460019
36.75350944017366,73.50701888034732
5.455328646417923,10.910657292835847
33.09507557110317,66.19015114220635
24.717317071053667,49.434634142107335
25.598948885735506,51.19789777147101
26.594381688696455,53.18876337739291
36.254185796265425,72.50837159253085
48.17517945365384,96.35035890730768
69.57548742372379,139.15097484744757
13.529275665444507,27.058551330889014
29.59401351083382,59.18802702166764
98.06187926681254,196.12375853362508
6.46615344513255,12.9323068902651
70.03208489792682,140.06416979585364
78.48910691279919,156.97821382559837
8.093989227091669,16.187978454183337
51.87133037327713,103.74266074655426
53.581437157402235,107.16287431480447
18.40508143127999,36.81016286255998
94.58590545455883,189.17181090911765
93.15211535002726,186.30423070005452
60.4243733241021,120.8487466482042
12.588503432840714,25.177006865681427
30.86040831975867,61.72081663951734
1.012109596794808,2.024219193589616
49.48463522861177,98.96927045722354
80.16154842974399,160.32309685948798
24.96909363363904,49.93818726727808
7.084478317504339,14.168956635008678
41.33385821380272,82.66771642760544
82.08235339944477,164.16470679888954
87.86652342156478,175.73304684312956
95.61865001629761,191.23730003259521
82.91661272464988,165.83322544929976
48.489609674586816,96.97921934917363
20.340271643043152,40.680543286086305
50.42976978693348,100.85953957386695
28.314514462737673,56.629028925475346
34.88802572104527,69.77605144209053
72.01650913401333,144.03301826802667
84.46907066928992,168.93814133857984
1.4573802970633487,2.9147605941266974
85.08518448270847,170.17036896541694
6.636928288723398,13.273856577446796
58.15251785759358,116.30503571518716
55.858618590210675,111.71723718042135
25.444153333058562,50.888306666117124
0.48064454531127065,0.9612890906225413
48.921344649609956,97.84268929921991
18.182938086738098,36.365876173476195
64.54430360362471,129.08860720724942
12.337246195947117,24.674492391894233
2.634154905363617,5.268309810727234
42.617713704099955,85.23542740819991
99.99106077553948,199.98212155107896
27.52626508912971,55.05253017825942
29.873065670161047,59.746131340322094
58.25111322524476,116.50222645048952
74.65709500178771,149.31419000357542
54.01878357440106,108.03756714880213
61.77842857853142,123.55685715706284
51.518233355743895,103.03646671148779
71.10424710115232,142.20849420230465
72.66992752559486,145.33985505118972
69.78106411442764,139.56212822885527
26.57455077839813,53.14910155679626
99.3722626472299,198.7445252944598
98.01096371866207,196.02192743732414
62.18017344770153,124.36034689540305
74.33749318097837,148.67498636195674
43.974215497888615,87.94843099577723
34.25277788190312,68.50555576380624
34.11487812525996,68.22975625051993
43.6870022362093,87.3740044724186
52.799104318779776,105.59820863755955
70.41817311786298,140.83634623572596
46.4091109593826,92.8182219187652
24.67912582863214,49.35825165726428
39.91413459971592,79.82826919943184
59.80303507454969,119.60607014909938
73.79674691066737,147.59349382133473
92.47342819208477,184.94685638416954
7.916331112091434,15.832662224182869
84.48157830906543,168.96315661813085
31.37094487937755,62.7418897587551
32.10611761996888,64.21223523993775
57.70563775668346,115.41127551336692
83.96041125521812,167.92082251043624
77.36401089094622,154.72802178189244
19.203600610772785,38.40720122154557
62.95809671608041,125.91619343216082
73.06671354928741,146.13342709857483
25.28505840303019,50.57011680606038
72.1244494522584,144.2488989045168
74.28099869155282,148.56199738310565
9.738856889777825,19.47771377955565
25.493317618124646,50.98663523624929
42.77043323586456,85.54086647172912
43.200964751511236,86.40192950302247
14.563793022532234,29.12758604506447
46.795477280747434,93.59095456149487
2.266812443793653,4.533624887587306
61.122888992829324,122.24577798565865
39.10213274980124,78.20426549960249
78.92195384127727,157.84390768255454
95.8296523894523,191.6593047789046
49.8625323711829,99.7250647423658
28.512370943625598,57.024741887251196
23.706891477528778,47.413782955057556
47.623320444333864,95.24664088866773
21.77488371691434,43.54976743382868
86.84500164565085,173.6900032913017
34.02168580384127,68.04337160768254
31.12604587836604,62.25209175673208
67.65374575537047,135.30749151074093
38.29203584714984,76.58407169429968
32.21243700001796,64.42487400003591
25.716146218216206,51.43229243643241
99.51389605901336,199.02779211802672
84.94574076772173,169.89148153544346
72.73536286189528,145.47072572379057
81.29065936604843,162.58131873209686
0.6704785474745512,1.3409570949491023
88.56314441170827,177.12628882341653
29.02665104133144,58.05330208266288
41.91748245535509,83.83496491071018
11.219456105117153,22.438912210234307
0.9735663898076119,1.9471327796152238
71.66813906264322,143.33627812528644
51.535126593310146,103.07025318662029
77.81935137142831,155.63870274285662
76.23894022981179,152.47788045962358
8.096264208649428,16.192528417298856
50.29492466793945,100.5898493358789
88.49114087048515,176.9822817409703
26.011624446296032,52.023248892592065
24.88906267496653,49.77812534993306
52.14680540731457,104.29361081462913
9.44957130425691,18.89914260851382
35.681711172535415,71.36342234507083
0.8934783714460215,1.786956742892043
78.4674157633186,156.9348315266372
97.31508474595755,194.6301694919151
5.054561246203548,10.109122492407096
20.444920861403094,40.88984172280619
68.76178709131896,137.52357418263793
57.32935174674051,114.65870349348101
45.84799424775346,91.69598849550692
68.95872221384242,137.91744442768484
78.1368717767834,156.2737435535668
1.8383504983101817,3.6767009966203634
57.960204037199745,115.92040807439949
9.39643969668854,18.79287939337708
81.65127841447912,163.30255682895825
13.75954053104258,27.51908106208516
7.244263075837464,14.488526151674929
66.29755070566061,132.59510141132122
51.829115460633055,103.65823092126611
37.67445362241649,75.34890724483299
79.78022590832651,159.56045181665303
89.49433930208494,178.98867860416988
65.72595281379591,131.45190562759183
3.9764764688442478,7.9529529376884955
81.61364156238183,163.22728312476366
11.940977757544024,23.88195551508805
98.09514162734258,196.19028325468517
45.859038078048854,91.71807615609771
4.997501665471427,9.995003330942854
93.82012271961352,187.64024543922704
29.859318372155474,59.71863674431095
4.758055121314719,9.516110242629438
75.01732482498078,150.03464964996155
11.522320228163663,23.044640456327325
25.416040273272756,50.83208054654551
97.84439371401128,195.68878742802255
82.98087791659329,165.96175583318657
46.13808363253094,92.27616726506189
81.48319146978807,162.96638293957614
11.402493644382083,22.804987288764167
6.959198369823493,13.918396739646987
31.407019457766694,62.81403891553339
52.48336689593128,104.96673379186257
59.688350159783376,119.37670031956675
37.57722236511923,75.15444473023847
33.260896828209866,66.52179365641973
87.7680230719595,175.536046143919
18.700882611230508,37.401765222461016
15.029852647217346,30.059705294434693
86.92773660390829,173.85547320781657
93.59973241767999,187.19946483535998
50.84703701073211,101.69407402146422
7.6963674622057106,15.392734924411421
97.72180029669161,195.44360059338322
3.954842177384288,7.909684354768576
20.697421241732926,41.39484248346585
75.79680591632413,151.59361183264826
30.271770145846244,60.54354029169249
94.01730732528193,188.03461465056387
0.31401086059147376,0.6280217211829475
52.504419593430754,105.00883918686151
56.87945913336135,113.7589182667227
85.5284414534358,171.0568829068716
80.9205571923269,161.8411143846538
67.35750474365932,134.71500948731864
80.68458499087448,161.36916998174897
38.80755101914923,77.61510203829846
40.27747183326831,80.55494366653662
6.262463526520612,12.524927053041225
32.88308327527007,65.76616655054013
94.71309801040067,189.42619602080134
51.14928456596388,102.29856913192776
60.84912048538334,121.69824097076668
25.800426325048008,51.600852650096016
58.46257285435953,116.92514570871906
78.8540858058382,157.7081716116764
12.649020150456092,25.298040300912184
32.75899292649429,65.51798585298857
99.2082871835906,198.4165743671812
47.54637661423563,95.09275322847127
14.908468976376499,29.816937952752998
7.111570846252924,14.223141692505848
86.7182798840276,173.4365597680552
95.54190747704418,191.08381495408835
4.082889902525277,8.165779805050555
56.03642114652436,112.07284229304872
1.1640291169871642,2.3280582339743283
46.585954267333676,93.17190853466735
69.92925525373225,139.8585105074645
70.83951331847132,141.67902663694264
63.516977537432794,127.03395507486559
36.72474857207953,73.44949714415905
39.18102449147883,78.36204898295766
13.618187927402037,27.236375854804074
23.663673884402048,47.327347768804096
35.2508141641426,70.5016283282852
77.20958999751704,154.41917999503409
39.19576776723164,78.39153553446327
4.627711146142987,9.255422292285974
90.78160269454682,181.56320538909364
20.942289816132963,41.884579632265925
70.42497679914628,140.84995359829256
86.27884632268862,172.55769264537724
95.47776239951382,190.95552479902764
71.399387441205,142.79877488241
75.78226972237903,151.56453944475805
89.52976564278704,179.05953128557408
5.352509905027869,10.705019810055738
8.068095526915231,16.136191053830462
72.39288402710086,144.78576805420172
66.89351719355253,133.78703438710505
76.96292672575201,153.92585345150403
32.81394571218426,65.62789142436851
75.36359737908907,150.72719475817814
10.525987656853331,21.051975313706663
85.36365680253256,170.72731360506512
16.63521487322851,33.27042974645702
90.01815991676358,180.03631983352716
80.17132596832231,160.34265193664461
62.55592598545828,125.11185197091656
33.87174263633057,67.74348527266115
63.52637256724021,127.05274513448042
39.11943856489339,78.23887712978679
96.34873788488841,192.69747576977682
63.07989112591256,126.15978225182512
21.757087860214675,43.51417572042935
1.3578271059529912,2.7156542119059823
37.85291898228127,75.70583796456253
66.75830330826315,133.5166066165263
25.78481617483065,51.5696323496613
4.982874146877747,9.965748293755494
87.31417444641694,174.62834889283388
89.06762534083511,178.13525068167021
12.919525263410137,25.839050526820273
95.46820792082978,190.93641584165957
98.79743769386269,197.59487538772538
79.06647359471236,158.13294718942473
96.96498458603523,193.92996917207046
64.88941769553327,129.77883539106654
10.010651498043643,20.021302996087286
15.718288255895363,31.436576511790726
43.32387258297037,86.64774516594073
28.514984508343776,57.02996901668755
33.112082616005225,66.22416523201045
57.29410556166636,114.58821112333273
65.85938667310279,131.71877334620558
49.04295372661514,98.08590745323028
1.7510701683061014,3.502140336612203
51.452771401347654,102.90554280269531
58.44500643997597,116.89001287995194
82.80163200203421,165.60326400406842
53.07480762057701,106.14961524115402
22.572707972371187,45.145415944742375
45.30410154355607,90.60820308711214
53.43472824795955,106.8694564959191
58.64988953740165,117.2997790748033
87.21136331860399,174.42272663720797
43.9313820690574,87.8627641381148
93.04542071845313,186.09084143690626
21.619594104736994,43.23918820947399
25.155782765634616,50.31156553126923
79.47443502053261,158.94887004106522
18.571666966799004,37.14333393359801
56.35193452972883,112.70386905945766
45.82292438285916,91.64584876571833
46.18885437489767,92.37770874979535
70.51568860343542,141.03137720687084
8.90107713388164,17.80215426776328
73.71312917354062,147.42625834708124
44.63970131530893,89.27940263061787
54.18933947846861,108.37867895693722
11.639473228018648,23.278946456037296
56.96390142530059,113.92780285060118
57.0924585759299,114.1849171518598
29.737446373606357,59.474892747212714
80.47088006031173,160.94176012062346
24.074503757962685,48.14900751592537
77.2964476963843,154.5928953927686
91.72095298133127,183.44190596266253
41.149987602666805,82.29997520533361
14.08705284742451,28.17410569484902
4.47320168514257,8.94640337028514
23.746871202986174,47.49374240597235
98.05905866292802,196.11811732585605
49.10329890384525,98.2065978076905
67.18519791486398,134.37039582972795
65.63927986969259,131.27855973938517
12.067090835449424,24.134181670898847
5.579345516853651,11.158691033707303
69.58251224565866,139.16502449131733
63.83418687794917,127.66837375589834
62.80815711728119,125.61631423456238
21.321238112752184,42.64247622550437
41.81077551359225,83.6215510271845
22.68900037738213,45.37800075476426
80.78339761090353,161.56679522180707
90.23257328694349,180.46514657388698
73.81136745759018,147.62273491518036
48.0797415449591,96.1594830899182
30.310602397939167,60.621204795878334
62.77812516782536,125.55625033565072
28.367189902811575,56.73437980562315
55.69397390949688,111.38794781899377
6.551550858826172,13.103101717652343
97.64087742599096,195.28175485198193
51.98121301415013,103.96242602830026
13.994700186544085,27.98940037308817
38.18777249699444,76.37554499398888
91.15290698936896,182.30581397873792
92.80291839316294,185.60583678632588
64.64376167540684,129.28752335081367
77.66353251069158,155.32706502138316
13.359359796137326,26.718719592274653
12.121037453827377,24.242074907654754
79.61090601302797,159.22181202605594
6.330226197166445,12.66045239433289
49.74021084419869,99.48042168839739
7.294567318300372,14.589134636600743
32.2296630568427,64.4593261136854
77.88213597491762,155.76427194983523
29.30332520219907,58.60665040439814
48.614683952463075,97.22936790492615
33.2949485604855,66.589897120971
78.72229906801547,157.44459813603095
95.65142065854741,191.30284131709482
38.903674421624224,77.80734884324845
41.29309964613266,82.58619929226532
22.13889362222792,44.27778724445584
6.022055871885968,12.044111743771936
16.816490338616696,33.63298067723339
77.51791521754481,155.03583043508962
29.401864052058947,58.803728104117894
63.798389866889536,127.59677973377907
19.257018046106612,38.514036092213225
80.75721951433651,161.51443902867302
0.6274583335303063,1.2549166670606127
19.091833398233494,38.18366679646699
13.330115766983841,26.660231533967682
94.69367266739036,189.38734533478072
74.26602619665017,148.53205239330035
26.726801499307797,53.453602998615594
35.25536149599535,70.5107229919907
60.19754634946083,120.39509269892166
19.9283228529202,39.8566457058404
90.14039543423672,180.28079086847345
3.2845682255089437,6.569136451017887
97.93402736042813,195.86805472085626
76.16796430409676,152.3359286081935
95.3200798029443,190.6401596058886
92.19639887785793,184.39279775571586
20.65658580684948,41.31317161369896
8.982715670545794,17.965431341091588
25.674746055951047,51.349492111902094
12.603301138050005,25.20660227610001
68.04740622003939,136.09481244007878
56.764285786031074,113.52857157206215
89.75503787626899,179.51007575253797
22.97917736066407,45.95835472132814
98.18759320214863,196.37518640429727
85.97478896676928,171.94957793353856
5.283900594210689,10.567801188421377
69.96059049716995,139.9211809943399
80.65422657667628,161.30845315335256
18.347162891718817,36.694325783437634
6.253258195928435,12.50651639185687
77.58762640553967,155.17525281107933
35.3474008300619,70.6948016601238
62.86202135000032,125.72404270000064
50.890995448498245,101.78199089699649
74.09397145925224,148.1879429185045
3.501703697431202,7.003407394862404
42.85910006863911,85.71820013727822
16.00497797082753,32.00995594165506
27.9028298339126,55.8056596678252
60.40776390533693,120.81552781067386
73.58014207052322,147.16028414104645
25.405691874913128,50.811383749826255
19.060031245091015,38.12006249018203
8.540459512208054,17.080919024416108
41.628165420216504,83.25633084043301
62.19118077859489,124.38236155718978
89.99040263592066,179.98080527184132
35.90050067780302,71.80100135560603
7.875149464903197,15.750298929806394
9.419729656976505,18.83945931395301
11.898274075765558,23.796548151531116
13.180626551434948,26.361253102869895
47.62622073539695,95.2524414707939
56.02360764018988,112.04721528037976
77.506198338263,155.012396676526
29.98598971297125,59.9719794259425
91.08125835990911,182.16251671981823
9.712336286452238,19.424672572904477
65.77461899892228,131.54923799784456
67.41819704719268,134.83639409438535
56.46910231535033,112.93820463070065
7.813552962103854,15.627105924207708
54.2447234119195,108.489446823839
36.46422801103132,72.92845602206263
55.63735235000259,111.27470470000517
26.418390723788054,52.83678144757611
26.8399899634586,53.6799799269172
86.6696879191078,173.3393758382156
20.616262419210084,41.23252483842017
49.19028422897459,98.38056845794918
69.53916420294843,139.07832840589685
48.880852006240346,97.76170401248069
27.778318446734616,55.55663689346923
75.44961181057032,150.89922362114064
57.97069461318854,115.94138922637708
73.74121470678884,147.48242941357768
46.65537350633815,93.3107470126763
15.868396059809765,31.73679211961953
18.041125294691128,36.082250589382255
32.021540640560744,64.04308128112149
77.19107946954058,154.38215893908117
46.646397739488876,93.29279547897775
49.24729181495478,98.49458362990956
40.760500770582865,81.52100154116573
46.22434311248722,92.44868622497444
18.502632063944013,37.005264127888026
9.515491734108073,19.030983468216146
2.6963314825404705,5.392662965080941
80.86533428751275,161.7306685750255
96.67880858510833,193.35761717021666
99.07840190593335,198.1568038118667
81.65711515054387,163.31423030108775
21.10722463681555,42.2144492736311
28.554350324798396,57.10870064959679
29.896739286408046,59.79347857281609
71.782659862352,143.565319724704
48.75194778813835,97.5038955762767
32.07999244367603,64.15998488735207
41.802680995731414,83.60536199146283
8.704410362517823,17.408820725035646
5.233015185260815,10.46603037052163
6.422076520225739,12.844153040451477
47.14983875789394,94.29967751578788
28.927439940367695,57.85487988073539
95.0006897567085,190.001379513417
4.790740104284197,9.581480208568394
1.1779832944100233,2.3559665888200465
50.29429207067913,100.58858414135825
97.75886083835694,195.51772167671388
58.3913629848568,116.7827259697136
41.91608300707457,83.83216601414914
12.174873072484239,24.349746144968478
32.729511082482595,65.45902216496519
39.05628700479513,78.11257400959026
6.255573516910939,12.511147033821878
51.83083464632876,103.66166929265752
71.5025769679334,143.0051539358668
86.75379718199578,173.50759436399156
78.38056922882967,156.76113845765934
54.32885788677759,108.65771577355518
53.14345403329557,106.28690806659114
48.236509636879646,96.47301927375929
19.73894185797115,39.4778837159423
2.558319787994612,5.116639575989224
39.658913550263854,79.31782710052771
62.79583458785479,125.59166917570958
37.7812073438377,75.5624146876754
91.17943762006732,182.35887524013464
68.68680099702573,137.37360199405146
33.30258849757901,66.60517699515802
90.04699342385926,180.09398684771853
89.1291847311519,178.2583694623038
22.135557881031286,44.27111576206257
71.25840886318406,142.51681772636812
23.35992271904741,46.71984543809482
85.70808641167903,171.41617282335807
48.051138602630694,96.10227720526139
41.448246610826544,82.89649322165309
17.220675468484714,34.44135093696943
77.73858678658769,155.47717357317538
56.599914842101185,113.19982968420237
69.67739020042644,139.3547804008529
86.94278456980084,173.88556913960167
17.395831797992646,34.79166359598529
26.349021489103542,52.698042978207084
96.74690143523725,193.4938028704745
25.526844265684566,51.05368853136913
15.403636152041356,30.807272304082712
82.97599940682561,165.95199881365122
62.31032586931635,124.6206517386327
86.01008711265592,172.02017422531185
94.74176864353346,189.48353728706692
33.44984890906435,66.8996978181287
64.51883996680264,129.0376799336053
24.642645143080387,49.28529028616077
44.493248995809886,88.98649799161977
91.04320196620876,182.0864039324175
86.23851206769206,172.4770241353841
23.574867408698587,47.149734817397174
10.411489120296824,20.82297824059365
11.778753710150125,23.55750742030025
85.7708661850776,171.5417323701552
53.57139055591487,107.14278111182973
40.072784410069026,80.14556882013805
61.6962632221261,123.3925264442522
73.11681940657887,146.23363881315774
26.037060059664817,52.074120119329635
98.53109378425606,197.06218756851212
66.89182920545609,133.78365841091218
41.846400101977856,83.69280020395571
67.2396709333707,134.4793418667414
50.81966923462042,101.63933846924084
75.1606281116092,150.3212562232184
22.583912628962587,45.16782525792517
33.461033236908854,66.92206647381771
73.26402319865886,146.52804639731772
88.27028312942159,176.54056625884317
69.82199544473761,139.64399088947522
88.36626032408363,176.73252064816725
52.831718987048085,105.66343797409617
63.78801273050403,127.57602546100806
76.15551400396183,152.31102800792365
77.4208883892814,154.8417767785628
91.92785879029472,183.85571758058944
20.308838906763114,40.61767781352623
17.46224201270379,34.92448402540758
0.021793814031534353,0.043587628063068706
58.90005359738174,117.80010719476348
85.44255997069553,170.88511994139105
84.63312783990882,169.26625567981765
56.651256437737295,113.30251287547459
37.58917459454183,75.17834918908366
43.608981322800645,87.21796264560129
74.58104719630832,149.16209439261664
15.925146523866228,31.850293047732457
17.964438019681207,35.928876039362414
51.71705030500326,103.43410061000652
12.009250096829904,24.018500193659808
10.42316334769372,20.84632669538744
92.76747974162977,185.53495948325954
37.09241452933752,74.18482905867504
90.24637569817307,180.49275139634614
80.58825142794517,161.17650285589033
72.61194571242562,145.22389142485125
17.373472196223936,34.74694439244787
56.14352644476852,112.28705288953704
36.24863639601511,72.49727279203022
17.620385505243107,35.24077101048621
20.62701734015483,41.25403468030966
3.3442745458919343,6.688549091783869
60.87918486872501,121.75836973745002
44.31209061840662,88.62418123681324
73.85231449807587,147.70462899615174
97.1594654202597,194.3189308405194
19.901706924463337,39.803413848926674
35.26159872746453,70.52319745492906
3.8716552372548896,7.743310474509779
30.312437855138906,60.62487571027781
99.049222782564,198.098445565128
52.67299155181997,105.34598310363994
93.6891345207042,187.3782690414084
38.33937563701235,76.6787512740247
25.84888982249286,51.69777964498572
95.47587523682756,190.95175047365512
90.55158187684205,181.1031637536841
17.854579458101473,35.709158916202945
69.5521546436846,139.1043092873692
55.73335581145702,111.46671162291403
3.468166632889247,6.936333265778494
36.77190468951971,73.54380937903942
75.8978042042817,151.7956084085634
92.14554112729235,184.2910822545847
36.41131523869229,72.82263047738458
44.69137242697651,89.38274485395301
63.70683060314878,127.41366120629756
39.10737988912949,78.21475977825898
82.06432520523055,164.1286504104611
64.5842899609707,129.1685799219414
95.21329881415315,190.4265976283063
44.51123244509457,89.02246489018914
49.258527940801514,98.51705588160303
55.74957842844195,111.4991568568839
62.284755312478666,124.56951062495733
16.33358155298693,32.66716310597386
61.61389705415048,123.22779410830096
39.292045797333564,78.58409159466713
10.275108164469081,20.550216328938163
56.24445734883909,112.48891469767818
93.29958505425638,186.59917010851277
89.33057285155118,178.66114570310236
5.413856102884296,10.827712205768592
56.18546867745139,112.37093735490278
49.68481455250044,99.36962910500088
57.89969850608069,115.79939701216138
16.828331500597958,33.656663001195916
18.906954503211672,37.813909006423344
66.84776522122976,133.69553044245953
92.5585533597795,185.117106719559
52.733339232037935,105.46667846407587
28.934145755924213,57.868291511848426
21.042211311890966,42.08442262378193
43.976175869041064,87.95235173808213
76.68466078160208,153.36932156320415
98.8044411889909,197.6088823779818
45.66437615787148,91.32875231574296
14.453470428119841,28.906940856239682
29.842575669936334,59.68515133987267
9.833080568350816,19.666161136701632
60.06175587267608,120.12351174535216
97.72238450301832,195.44476900603664
71.98574494325368,143.97148988650736
0.33106535268877524,0.6621307053775505
45.81539229231893,91.63078458463787
25.405335918852103,50.810671837704206
83.88743846249004,167.77487692498008
39.116948130473375,78.23389626094675
30.831025082872486,61.66205016574497
97.21247281971672,194.42494563943345
23.861582356727283,47.723164713454565
90.42654288439029,180.85308576878057
34.243536058905036,68.48707211781007
15.679012345886246,31.358024691772492
95.942995383835,191.88599076767
66.9229480197013,133.8458960394026
33.960463668598884,67.92092733719777
31.074995162320228,62.149990324640456
27.00654010950654,54.01308021901308
48.806215307430975,97.61243061486195
20.648602675655457,41.297205351310915
4.335098572839091,8.670197145678182
51.920060043291905,103.84012008658381
55.04477124524807,110.08954249049614
81.79182984870945,163.5836596974189
63.91391088276509,127.82782176553017
27.590717953735478,55.181435907470956
78.20156687680121,156.40313375360242
38.94710587229484,77.89421174458968
75.91425286368482,151.82850572736965
66.24318308149826,132.48636616299652
48.71860519881527,97.43721039763054
20.265669559736523,40.531339119473046
13.485855606801401,26.971711213602802
97.44854000064164,194.89708000128329
70.52561878145406,141.0512375629081
92.6075306838475,185.215061367695
10.32487327049758,20.64974654099516
82.5978096798278,165.1956193596556
20.720043660480446,41.44008732096089
37.20598710921313,74.41197421842627
22.94066448140718,45.88132896281436
73.52423528676375,147.0484705735275
36.160243768707566,72.32048753741513
81.53143236712805,163.0628647342561
88.08332172139029,176.16664344278058
5.905050823648173,11.810101647296346
72.69748991512945,145.3949798302589
53.39452700350257,106.78905400700513
15.019572425325201,30.039144850650402
27.90693952071466,55.81387904142932
59.48374450979067,118.96748901958134
65.85500534488153,131.71001068976307
84.01319122354852,168.02638244709703
42.82632265674121,85.65264531348242
25.911097349250355,51.82219469850071
5.171830923015463,10.343661846030926
43.77356754126536,87.54713508253072
54.645545345354094,109.29109069070819
22.9783388312212,45.9566776624424
77.0394950842569,154.0789901685138
73.59490442143958,147.18980884287916
62.40196848684717,124.80393697369433
19.57634073866692,39.15268147733384
44.51653620625965,89.0330724125193
8.223754003758954,16.447508007517907
21.214172221106644,42.42834444221329
25.5628953891097,51.1257907782194
97.82601342751279,195.65202685502558
3.6324757440724054,7.264951488144811
91.43538577897087,182.87077155794174
76.25578659051705,152.5115731810341
0.16387188970451438,0.32774377940902877
43.84996038444059,87.69992076888119
44.85079243341061,89.70158486682122
67.8276639508396,135.6553279016792
31.128322697137424,62.25664539427485
72.51728708451375,145.0345741690275
15.771625028690107,31.543250057380213
40.84848689878927,81.69697379757854
5.480005830789114,10.960011661578228
51.803590003055,103.60718000611
0.41002501698103044,0.8200500339620609
92.90343679920919,185.80687359841838
6.672622218141644,13.345244436283288
96.18407082827393,192.36814165654786
36.167618194399374,72.33523638879875
27.338127415053393,54.676254830106785
28.736270037063406,57.47254007412681
10.522404513108308,21.044809026216615
58.82021692752425,117.6404338550485
6.799876824187711,13.599753648375422
12.38118324449684,24.76236648899368
30.277154828183384,60.55430965636677
17.20875539311143,34.41751078622286
28.0486563099159,56.0973126198318
13.861174577554113,27.722349155108226
31.507908455193757,63.015816910387514
65.49777130993243,130.99554261986486
37.62506808804699,75.25013617609397
70.63692652071684,141.27385304143368
36.1404615553506,72.2809231107012
33.86375070053591,67.72750140107182
78.28364899285143,156.56729798570285
76.64524352393668,153.29048704787337
61.73947851697341,123.47895703394683
18.878457961991614,37.75691592398323
75.54368986381286,151.08737972762572
32.65731413689148,65.31462827378296
76.32845639124665,152.6569127824933
12.138399654050025,24.27679930810005
84.86120867210505,169.7224173442101
43.859949292084956,87.71989858416991
20.527569265710376,41.05513853142075
53.654698044867445,107.30939608973489
52.126538398561365,104.25307679712273
65.57347673794666,131.14695347589333
72.86663364648112,145.73326729296224
19.13626527992015,38.2725305598403
36.39928262548383,72.79856525096766
40.6585381718046,81.3170763436092
58.00240886425636,116.00481772851272
56.27927958664334,112.55855917328668
12.214607838920443,24.429215677840887
66.60409745699502,133.20819491399004
71.23412378750646,142.46824757501292
76.20079196971531,152.40158393943062
4.585772878944838,9.171545757889676
65.70281507813205,131.4056301562641
13.582460507093796,27.16492101418759
63.85855154088528,127.71710308177056
17.370008350783085,34.74001670156617
47.50541641558035,95.0108328311607
49.787597727329555,99.57519545465911
94.32637326787817,188.65274653575634
10.441512853896818,20.883025707793635
86.48678019159233,172.97356038318466
60.28869112060538,120.57738224121076
75.42640809317447,150.85281618634895
93.9706342269438,187.9412684538876
37.27000624504087,74.54001249008174
73.32883730248811,146.65767460497622
22.128488978450434,44.25697795690087
47.26917528995133,94.53835057990266
79.88123764080507,159.76247528161014
74.98819285884244,149.97638571768488
41.965475556416834,83.93095111283367
63.31087407920724,126.62174815841448
54.54476444407575,109.0895288881515
31.01295407140724,62.02590814281448
61.3940584755609,122.7881169511218
80.42517810434505,160.8503562086901
86.4501621352437,172.9003242704874
48.9413301351442,97.8826602702884
96.53958768776089,193.07917537552177
57.66200797791262,115.32401595582525
24.11025933048967,48.22051866097934
60.348171020759224,120.69634204151845
4.665142860180794,9.330285720361587
40.80934077615021,81.61868155230042
95.33297621354151,190.66595242708303
7.557686740423398,15.115373480846795
83.97656970854361,167.95313941708721
47.59596323037655,95.1919264607531
65.08600958785664,130.17201917571327
64.54313303947451,129.08626607894902
25.807333174269953,51.614666348539906
1.560110839521378,3.120221679042756
78.99914090053187,157.99828180106374
57.98283905707352,115.96567811414704
52.29577822525789,104.59155645051578
10.75768925187852,21.51537850375704
59.14962644658603,118.29925289317207
8.945460552462814,17.890921104925628
11.62702063865295,23.2540412773059
97.79699752270142,195.59399504540283
90.75544979037183,181.51089958074365
89.25823790566339,178.51647581132679
89.94689105984118,179.89378211968236
40.59499011521922,81.18998023043844
43.91216793099273,87.82433586198546
89.01750685233421,178.03501370466842
55.79364590219561,111.58729180439121
49.790340525315344,99.58068105063069
62.3173383734632,124.6346767469264
84.70799654343926,169.41599308687853
95.12064460256533,190.24128920513067
33.367865990400134,66.73573198080027
17.008211622281866,34.01642324456373
73.37976051055145,146.7595210211029
10.495321978882421,20.990643957764842
29.768822803216455,59.53764560643291
50.5559607181724,101.1119214363448
10.209497965093227,20.418995930186455
87.41737186813116,174.8347437362623
83.19564174077446,166.39128348154892
75.6016111179339,151.2032222358678
8.571974112838133,17.143948225676265
96.34596749697889,192.69193499395777
2.4195579999196415,4.839115999839283
75.5250236524836,151.0500473049672
49.07149399141652,98.14298798283303
81.45637350973412,162.91274701946824
46.94517784697941,93.89035569395882
39.54470592483905,79.0894118496781
87.45463238726397,174.90926477452794
16.626066334008783,33.252132668017566
3.4711715393732856,6.942343078746571
45.45848607652797,90.91697215305594
76.80656640380444,153.61313280760888
45.338852986460466,90.67770597292093
77.15184501065251,154.30369002130502
20.611020318086016,41.22204063617203
7.703315564836077,15.406631129672155
23.41022121069115,46.8204424213823
59.15629871419227,118.31259742838454
26.713299777546105,53.42659955509221
40.74764570111067,81.49529140222134
51.914232852732454,103.82846570546491
33.41414017731361,66.82828035462722
0.6578328920930798,1.3156657841861596
25.68670230719643,51.37340461439286
16.698267440603885,33.39653488120777
55.72161031560881,111.44322063121761
2.582768723782236,5.165537447564472
30.97391137178421,61.94782274356842
42.317181256570294,84.63436251314059
32.164530343509355,64.32906068701871
59.35924607956438,118.71849215912876
31.846435723435473,63.692871446870946
89.95746078768934,179.91492157537868
5.602403972465442,11.204807944930884
14.014924391857718,28.029848783715437
89.03265282650506,178.0653056530101
70.07426125980949,140.14852251961898
87.17264348944781,174.34528697889561
93.57486822140577,187.14973644281153
26.364453224314122,52.728906448628244
56.06952513361308,112.13905026722615
27.766270965952188,55.532541931904376
90.5105672098297,181.0211344196594
75.93390400811208,151.86780801622416
32.99941798224935,65.9988359644987
52.003845497214506,104.00769099442901
68.09683783904227,136.19367567808453
42.00385288661618,84.00770577323236
21.646139351908378,43.292278703816756
44.82696516084638,89.65393032169276
4.993738567936401,9.987477135872801
51.242558390943316,102.48511678188663
8.528016938119098,17.056033876238196
4.878498603417658,9.756997206835315
57.37310779215628,114.74621558431257
79.02686486652944,158.05372973305887
11.526952809955349,23.053905619910697
3.087379500637988,6.174759001275976
13.01286833120493,26.02573666240986
46.27137831421668,92.54275662843337
11.240052603797036,22.48010520759407
86.08219206344381,172.16438412688763
99.5279932143975,199.055986428795
93.325162279685,186.65032455937
13.202175508631964,26.404351017263927
69.84719133454813,139.69438266909626
26.73354943587941,53.46709887175882
51.526524869880355,103.05304973976071
64.53900783774756,129.07801567549512
59.859121925872486,119.71824385174497
46.31223105252445,92.6244621050489
39.91286207569337,79.82572415138674
51.389134255482794,102.77826851096559
86.6236794645409,173.2473589290818
17.138617750217065,34.27723550043413
78.88149111501691,157.76298223003383
59.29172380178389,118.58344760356778
7.477496348436152,14.954992696872305
61.53476602118943,123.06953204237885
94.68515063533287,189.37030127066575
58.808998308990326,117.61799661798065
11.487017089674689,22.974034179349378
18.12747157679765,36.2549431535953
22.663789150459746,45.32757830091949
34.19319902610128,68.38639805220257
30.26215228159732,60.52430456319464
16.52769260654443,33.05538521308886
58.56565246541518,117.13130493083035
50.86956317708815,101.7391263541763
94.86365675538664,189.72731351077329
21.74718890618259,43.49437781236518
33.66958324022627,67.33916648045253
4.8999670392272705,9.799934078454541
49.09489735325996,98.18979470651992
16.056261637534718,32.112523275069435
19.003206477998436,38.00641295599687
43.98582511593797,87.97165023187594
12.540635670382727,25.081271340765454
45.02119364676768,90.04238729353536
37.144274895134544,74.28854979026909
46.24155102264612,92.48310204529224
94.47750288545339,188.95500577090678
85.45215474816537,170.90430949633074
94.1694627060915,188.338925412183
52.984171095066245,105.96834219013249
46.75667242381625,93.5133448476325
84.04533510821072,168.09067021642144
67.70740726500748,135.41481453001495
2.292106614746192,4.584213229492384
79.01351696788635,158.0270339357727
50.22364824934725,100.4472964986945
18.662440262454126,37.32488052490825
6.8356545813129,13.6713091626258
18.148514436239772,36.297028872479544
33.547249981002416,67.09449996200483
81.27842115707352,162.55684231414705
46.195722746771665,92.39144549354333
58.40474495786228,116.80948991572455
17.94563279187338,35.89126558374676
86.91054074163793,173.82108148327586
8.046295771679102,16.092591543358203
77.01461202008572,154.02922404017144
31.035880348524437,62.07176069704887
29.40608857789342,58.81217715578684
86.74377428032379,173.48754856064758
67.72847115871387,135.45694231742775
17.82367374246342,35.64734748492684
54.58913103999497,109.17826207998993
98.12615740646218,196.25231481292437
80.54413131464729,161.08826262929458
39.96077662992551,79.92155325985102
53.979903461921275,107.95980692384255
78.34629963558683,156.69259927117366
18.886140853144294,37.77228170628859
33.275856505745935,66.55171301149187
40.74443654013431,81.48887308026862
95.7271070892995,191.454214178599
27.433751648591276,54.86750329718255
3.629360286879768,7.258720573759536
65.33479557344624,130.6695911468925
95.38375685706811,190.76751371413621
64.60497259512343,129.20994519024686
92.03040789672197,184.06081579344394
62.27869518699287,124.55739037398574
4.73841314660598,9.47682629321196
25.27662402454225,50.5532480490845
76.32696343839585,152.6539268767917
80.44954010232381,160.89908020464762
55.29822257523903,110.59644515047806
10.95174208430234,21.90348416860468
98.59676201461983,197.19352402923965
31.70391623543427,63.40783247086854
73.55920245074832,147.11840490149663
17.59565895192341,35.19131790384682
57.874341275012306,115.74868255002461
49.97796734133523,99.95593468267046
61.22232799972889,122.44465599945778
1.675535169116582,3.351070338233164
42.441010407055465,84.88202081411093
36.06971402731736,72.13942805463472
70.58781631302455,141.1756326260491
87.63230530267896,175.26461060535792
17.323513728536653,34.64702745707331
78.28079911968136,156.56159823936272
71.24030771959845,142.4806154391969
72.8763282741933,145.7526565483866
69.28291332092051,138.56582664184103
67.97041321621249,135.94082643242498
64.26506690152695,128.5301338030539
47.71130964313603,95.42261928627207
99.33349143842071,198.66698287684142
96.01195676729041,192.02391353458083
16.051478046771283,32.102956093542566
72.24444406427405,144.4888881285481
74.93595093100987,149.87190186201974
29.566726792157418,59.133453584314836
64.90530985406038,129.81061970812075
54.94674110796831,109.89348221593661
34.66237936236961,69.32475872473923
20.720553816038045,41.44110763207609
90.33579446110254,180.67158892220507
63.311731295374216,126.62346259074843
26.794078240834917,53.588156481669834
0.729892143516131,1.459784287032262
37.922305463691785,75.84461092738357
93.93181850750462,187.86363701500923
83.89056615672463,167.78113231344926
11.64778991975134,23.29557983950268
89.80709802621134,179.61419605242267
81.47640760000068,162.95281520000137
52.81805074745858,105.63610149491716
22.84327936389251,45.68655872778502
81.46355560461456,162.9271112092291
25.833418434754474,51.66683686950895
7.525294238840896,15.050588477681792
86.09307523334485,172.1861504666897
59.52333827270674,119.04667654541348
93.03574203994955,186.0714840798991
82.68026982513089,165.36053965026179
90.0765440394817,180.1530880789634
74.95353187036649,149.90706374073298
75.87527209334837,151.75054418669674
17.27071538199365,34.5414307639873
31.319000366553485,62.63800073310697
48.36653520269775,96.7330704053955
6.938554750627213,13.877109501254425
99.58686877000785,199.1737375400157
30.005390938217978,60.010781876435956
73.58546604997261,147.17093209994522
68.2704679933171,136.5409359866342
86.65341925117998,173.30683850235997
83.21022389933177,166.42044779866353
5.898582390816253,11.797164781632507
68.04508499504087,136.09016999008173
98.96267229594841,197.92534459189682
79.71053585768115,159.4210717153623
66.71806980004695,133.4361396000939
12.023128386906068,24.046256773812136
9.236029568629622,18.472059137259244
39.31289904059565,78.6257980811913
14.070910247068957,28.141820494137914
75.21673358769489,150.43346717538978
84.63119757387031,169.26239514774062
78.18979508107066,156.3795901621413
55.573097786533786,111.14619557306757
45.30062995191917,90.60125990383834
88.63839796389445,177.2767959277889
43.7910550177564,87.5821100355128
63.97126973810479,127.94253947620957
87.92060393010522,175.84120786021043
25.984198674766635,51.96839734953327
66.49864779579106,132.99729559158212
46.39465946532558,92.78931893065116
90.10886466579552,180.21772933159104
49.20771049614168,98.41542099228336
31.525146992386656,63.05029398477331
59.96095010599512,119.92190021199023
30.131570396369543,60.26314079273909
99.35530637643552,198.71061275287104
69.78230637825807,139.56461275651614
18.837644048058156,37.67528809611631
15.9306102246764,31.8612204493528
96.49759089589797,192.99518179179594
25.531819068420713,51.063638136841426
90.52652164712902,181.05304329425803
84.55434200458576,169.10868400917153
17.042909799065953,34.085819598131906
55.53524634794762,111.07049269589524
40.58526637973665,81.1705327594733
67.84568871858781,135.69137743717562
88.05488167673806,176.10976335347613
54.08941574168791,108.17883148337582
85.18284346118111,170.36568692236222
8.955323662505155,17.91064732501031
9.474561108541813,18.949122217083627
45.357152401596004,90.71430480319201
43.51529531062781,87.03059062125563
98.79774064495211,197.59548128990423
84.248260934563,168.496521869126
45.536695289607664,91.07339057921533
80.83547697182055,161.6709539436411
46.61821079677277,93.23642159354554
63.04631897415507,126.09263794831014
29.910935931102,59.821871862204
19.91525003685505,39.8305000737101
60.48309631681188,120.96619263362376
78.51722143824495,157.0344428764899
17.968474171555492,35.936948343110984
14.305666272396579,28.611332544793157
74.38730707000948,148.77461414001897
36.7306002953857,73.4612005907714
58.05015316552824,116.10030633105649
49.264434519869425,98.52886903973885
4.835500450687946,9.671000901375892
32.00925090295006,64.01850180590012
1.9119639158689528,3.8239278317379055
42.710790033432474,85.42158006686495
56.619777693820915,113.23955538764183
18.07773537607209,36.15547075214418
90.8982489408903,181.7964978817806
72.54585466743693,145.09170933487385
73.53882666182658,147.07765332365315
11.469425623105401,22.938851246210803
52.20171847752911,104.40343695505823
60.16069524370668,120.32139048741335
16.9792102451644,33.9584204903288
91.95838576403031,183.91677152806062
23.271181359694737,46.54236271938947
50.9111994979747,101.8223989959494
31.745388987126244,63.49077797425249
3.163974312108764,6.327948624217528
71.41839843621695,142.8367968724339
52.75254816677312,105.50509633354623
91.25757892161064,182.5151578432213
23.407201113629018,46.814402227258036
80.51097226312025,161.0219445262405
32.1972174827045,64.394434965409
8.936562953610261,17.873125907220523
52.908750456101906,105.81750091220381
1.0397185881813265,2.079437176362653
77.4487912310424,154.8975824620848
90.43285055365381,180.86570110730761
68.04814253087294,136.09628506174587
81.18169129172611,162.36338258345222
58.18175775068607,116.36351550137213
47.434303168243744,94.86860633648749
81.95519815424358,163.91039630848715
23.0321732334566,46.0643464669132
36.5087245655646,73.0174491311292
60.7124409583351,121.4248819166702
58.90588219661487,117.81176439322974
94.0770094364778,188.1540188729556
42.55114185168869,85.10228370337738
26.909706759233533,53.819413518467066
36.96003994707034,73.92007989414068
4.7669306099959785,9.533861219991957
92.67700561158077,185.35401122316154
64.37467052655987,128.74934105311974
75.27616106087893,150.55232212175787
38.903167585793966,77.80633517158793
94.63114145252759,189.26228290505517
19.297250130220533,38.594500260441066
81.52004689058336,163.04009378116672
4.544688581805223,9.089377163610447
83.84900583173986,167.69801166347972
24.420568708872015,48.84113741774403
25.18745389169513,50.37490778339026
52.24379449966467,104.48758899932935
75.97629421497916,151.95258842995833
79.30325928204755,158.6065185640951
82.47302420881684,164.94604841763368
81.83848154009304,163.67696308018608
68.20118055081518,136.40236110163036
99.24138425062887,198.48276850125774
72.14281145219869,144.28562290439737
64.99699928641064,129.99399857282128
71.88635215236481,143.77270430472961
85.67102204730975,171.3420440946195
51.3450587347416,102.6901174694832
67.94170596998347,135.88341193996695
30.333677399578928,60.667354799157856
88.56442523629694,177.12885047259388
52.55186524485096,105.10373048970192
32.2499165799134,64.4998331598268
32.82688605689227,65.65377211378454
72.45307993404796,144.90615986809593
82.8253585639152,165.6507171278304
73.68911893514766,147.37823787029532
83.18841064463403,166.37682128926807
26.60491825824246,53.20983651648492
5.498926512968794,10.997853025937587
47.46319552221574,94.92639104443148
64.21369080265919,128.42738160531837
37.645556663733004,75.29111332746601
85.33647237514982,170.67294475029965
39.955138401278255,79.91027680255651
42.152975116389705,84.30595023277941
80.60096330337434,161.20192660674869
95.35286938531901,190.70573877063802
14.56327729922714,29.12655459845428
85.24544315489025,170.4908863097805
71.9821100399494,143.9642200798988
92.50128268518448,185.00256537036896
75.11983230824528,150.23966461649056
92.12745499469058,184.25490998938116
11.268333060472946,22.536666120945892
97.94003740827561,195.88007481655123
31.696148086916963,63.39229617383393
61.24388016431036,122.48776032862072
74.52840878996221,149.05681757992443
59.94905316328194,119.89810632656388
22.34296351644075,44.6859270328815
52.34137243490407,104.68274486980815
48.3250933831154,96.6501867662308
40.45207021384708,80.90414042769416
24.861784889634407,49.723569779268814
57.663438947953004,115.32687789590601
0.1677173751812311,0.3354347503624622
52.6210964027225,105.242192805445
64.3872584941197,128.7745169882394
18.40358801260158,36.80717602520316
11.059290164701475,22.11858032940295
11.006615899597971,22.013231799195943
65.37597584231212,130.75195168462423
88.23653755942235,176.4730751188447
10.317269973256183,20.634539946512366
0.20229904102092577,0.40459808204185155
82.64873925005028,165.29747850010057
62.71098870972215,125.4219774194443
46.30092527283958,92.60185054567916
39.266318971978485,78.53263794395697
79.84106463780404,159.68212927560808
34.127908837271804,68.25581767454361
95.54310651264258,191.08621302528516
54.51682746401095,109.0336549280219
24.663293008639997,49.32658601727999
32.869921405131905,65.73984281026381
48.67863178808609,97.35726357617219
9.326939035896176,18.653878071792352
68.53276594021087,137.06553188042173
96.28007296438706,192.56014592877412
90.6688980394664,181.3377960789328
14.187806336078667,28.375612672157335
0.10195775978881771,0.20391551957763543
82.27331185713442,164.54662371426883
15.364831598956973,30.729663197913947
95.14760614782072,190.29521229564145
82.87653617703349,165.75307235406697
2.6282231338507933,5.256446267701587
82.64150041449426,165.28300082898852
89.05666503962873,178.11333007925745
59.0821731164006,118.1643462328012
45.13122041858134,90.26244083716269
20.251033882480453,40.502067764960906
32.369455113524914,64.73891022704983
59.40044575402753,118.80089150805506
66.17424457012699,132.34848914025397
69.20326389370265,138.4065277874053
70.98142436391325,141.9628487278265
70.42191824693734,140.84383649387468
12.226387885066847,24.452775770133695
47.57911772814527,95.15823545629054
97.15415881799932,194.30831763599863
57.49588439486707,114.99176878973414
72.43484093171928,144.86968186343856
86.95840419476184,173.91680838952368
30.154389239110035,60.30877847822007
58.30640258332308,116.61280516664615
83.48525359538765,166.9705071907753
78.3299478780662,156.6598957561324
96.01211077575226,192.02422155150452
49.16646231912467,98.33292463824934
48.1611275781621,96.3222551563242
18.967767153876203,37.935534307752405
0.2315700125706921,0.4631400251413842
39.16199212413567,78.32398424827134
81.25584176481118,162.51168352962236
79.18632406364917,158.37264812729833
40.55185699038822,81.10371398077643
32.110455730977705,64.22091146195541
31.216479180007852,62.432958360015704
95.55732486905671,191.11464973811343
52.77803082397733,105.55606164795466
46.531969864175046,93.06393972835009
25.312500986398902,50.625001972797804
2.5176037721288513,5.035207544257703
75.0182358176639,150.0364716353278
14.217029225841237,28.434058451682475
80.80869750951038,161.61739501902076
88.84958927861014,177.69917855722028
40.20257702898496,80.40515405796992
27.775542989533577,55.55108597906715
89.68056864938015,179.3611372987603
98.00012008286284,196.00024016572567
23.845271609073325,47.69054321814665
98.48931018928177,196.97862037856353
10.920368408410619,21.840736816821238
6.38967134083388,12.77934268166776
17.063381082330974,34.12676216466195
58.62142631106009,117.24285262212018
19.31915269877571,38.63830539755142
98.29284171762886,196.58568343525772
40.327816323129106,80.65563264625821
72.42393720671977,144.84787441343954
68.29216561520994,136.58433123041988
24.506023253699148,49.012046507398296
6.909493932786582,13.818987865573163
25.68632769639503,51.37265539279006
58.83381130111833,117.66762260223666
1.5313158226658796,3.0626316453317592
77.5462105140466,155.0924210280932
25.318823252305013,50.637646504610025
43.41717932125114,86.83435864250228
73.05966287477634,146.11932574955267
95.57459586320785,191.1491917264157
63.740985773645406,127.48197154729081
59.54477166054435,119.0895433210887
3.725403776239389,7.450807552478778
38.35379654158817,76.70759308317633
15.06715457384522,30.13430914769044
53.5435796425765,107.087159285153
22.03359116540301,44.06718233080602
91.54574760101299,183.09149520202598
76.01301127919965,152.0260225583993
27.997117342207567,55.99423468441513
24.98350016672851,49.96700033345702
51.339778042171034,102.67955608434207
98.91352437825601,197.82704875651203
44.70064576249351,89.40129152498702
94.75149370877763,189.50298741755526
60.58377443681449,121.16754887362897
92.08892853108725,184.1778570621745
96.0092056307376,192.0184112614752
31.234624940162135,62.46924988032427
91.29687164326312,182.59374328652623
43.59212102512793,87.18424205025586
43.723145907214125,87.44629181442825
72.17551248935341,144.35102497870682
88.43927965554819,176.87855931109638
58.00218265720988,116.00436531441976
33.070896524982544,66.14179304996509
70.54287135628819,141.08574271257638
8.773345975995184,17.54669195199037
67.19595134149576,134.3919026829915
43.91239658310071,87.82479316620142
43.11777884605841,86.23555769211681
44.092437916859126,88.18487583371825
24.945683618559265,49.89136723711853
78.75576167200823,157.51152334401647
68.909845936439,137.819691872878
71.21756559223722,142.43513118447444
83.58703474422924,167.17406948845849
98.51739081195448,197.03478162390897
0.5623589131975804,1.1247178263951607
43.91892738737497,87.83785477474994
0.2834406095046371,0.5668812190092742
2.4927415365180505,4.985483073036101
73.52360083841923,147.04720167683845
77.57424283766517,155.14848567533033
66.2776992479832,132.5553984959664
79.57905875071101,159.15811750142203
39.661334804565726,79.32266960913145
46.599354757224006,93.19870951444801
71.03555867531641,142.07111735063282
88.56488139441075,177.1297627888215
82.77121062998353,165.54242125996706
25.641191286277532,51.282382572555065
35.24746098540542,70.49492197081084
98.38587450150763,196.77174900301526
55.12093299498802,110.24186598997603
97.10923537164562,194.21847074329125
18.48389047664124,36.96778095328248
75.1914975428443,150.3829950856886
60.62533893288599,121.25067786577198
34.42227144459482,68.84454288918964
74.115710975054,148.231421950108
85.76191181526124,171.5238236305225
1.1638130400540958,2.3276260801081916
35.738507645396155,71.47701529079231
59.30210272552121,118.60420545104242
78.65426960000711,157.30853920001422
21.32025716076852,42.64051432153704
97.03687319268631,194.07374638537263
30.20398161474627,60.40796322949254
3.6968645659507193,7.393729131901439
1.8637963961670612,3.7275927923341223
59.30888097369342,118.61776194738684
81.89808090278513,163.79616180557025
10.008411657211491,20.016823314422982
47.31163182595017,94.62326365190034
96.6464381524261,193.2928763048522
40.67015453928809,81.34030907857618
71.42665750198064,142.85331500396128
71.78844481802031,143.57688963604062
79.66520486482698,159.33040972965395
13.529161290065073,27.058322580130145
54.97560216654224,109.95120433308448
14.77734148021691,29.55468296043382
61.91635952035938,123.83271904071876
90.60201254917487,181.20402509834975
51.0725906453462,102.1451812906924
60.608488078056745,121.21697615611349
80.74735613669874,161.49471227339748
74.67457225768706,149.34914451537412
47.778050565130094,95.55610113026019
83.19687787184289,166.39375574368577
61.16243312257046,122.32486624514092
65.86245407461256,131.72490814922512
12.382073917597081,24.764147835194162
47.14910272696348,94.29820545392695
4.104387277096643,8.208774554193287
91.75454852625221,183.50909705250442
25.417533189659423,50.835066379318846
47.53764836668453,95.07529673336906
7.9035666447523685,15.807133289504737
1.798997003617142,3.597994007234284
9.523037990930783,19.046075981861566
58.41380613901771,116.82761227803542
71.84181525536509,143.68363051073018
92.0960395495522,184.1920790991044
72.17560444485204,144.35120888970408
22.026114981506595,44.05222996301319
96.9065987561809,193.8131975123618
58.47775025659099,116.95550051318197
99.33894322111989,198.67788644223978
20.27019227142095,40.5403845428419
32.340520226493595,64.68104045298719
97.40573071305046,194.81146142610092
73.14284860071588,146.28569720143176
76.82282933099354,153.64565866198708
21.988751186786203,43.977502373572406
43.65053465276816,87.30106930553632
49.31417824049632,98.62835648099264
74.89565260216989,149.79130520433978
47.00556611965698,94.01113223931397
76.31680304102993,152.63360608205986
46.80561694007769,93.61123388015538
37.84568162916051,75.69136325832102
42.65746172985357,85.31492345970715
0.19401015174500547,0.38802030349001093
75.31764633950249,150.63529267900498
94.52792859514282,189.05585719028565
96.30130917070906,192.60261834141812
8.01937163476647,16.03874326953294
67.89409032947334,135.7881806589467
97.25117588006376,194.5023517601275
28.313215312084406,56.62643062416881
99.40971714648983,198.81943429297965
5.269171311767673,10.538342623535346
20.200509808461586,40.40101961692317
28.370634130363648,56.741268260727296
49.90977410247274,99.81954820494548
79.00896984771116,158.0179396954223
1.5452705277615109,3.0905410555230217
98.82116706138203,197.64233412276405
24.19880881995704,48.39761763991408
45.955304051115476,91.91060810223095
23.278499456266687,46.55699891253337
4.406224536023795,8.81244907204759
2.1433187478876237,4.286637495775247
3.0739727625213042,6.1479455250426085
20.13334411236698,40.26668822473396
53.57177546760023,107.14355093520047
16.66940358795409,33.33880717590818
67.40846357659538,134.81692715319076
69.79745933489848,139.59491866979695
38.16685275812905,76.3337055162581
66.61919991205265,133.2383998241053
88.12890732315947,176.25781464631893
13.635034632373067,27.270069264746134
51.87832220957831,103.75664441915661
5.169833041955041,10.339666083910082
19.021356823091207,38.04271364618241
47.89155162441823,95.78310324883645
93.45174515823832,186.90349031647665
86.02040397618416,172.0408079523683
47.99593817040015,95.9918763408003
89.85118397140259,179.70236794280518
6.747305718323782,13.494611436647563
47.137345265084306,94.27469053016861
33.58964583109433,67.17929166218866
56.48447939401816,112.96895878803632
2.028745929600184,4.057491859200368
59.38462386250825,118.7692477250165
10.590361940764293,21.180723881528586
99.46309180326203,198.92618360652406
37.499281283123324,74.99856256624665
78.98155878193305,157.9631175638661
79.0136523817969,158.0273047635938
31.35032641449684,62.70065282899368
55.664889083571325,111.32977816714265
14.224069281185848,28.448138562371696
62.670540346879186,125.34108069375837
55.21925719745244,110.43851439490489
19.309058890064957,38.618117780129914
28.94153696626799,57.88307393253598
47.12578457517284,94.25156915034567
86.52398287806477,173.04796575612954
45.73966488637229,91.47932977274458
63.4359926122026,126.8719852244052
32.393868584414676,64.78773716882935
41.87965793150064,83.75931586300128
60.982990053575705,121.96598010715141
26.964966452924997,53.929932905849995
73.03043890471008,146.06087780942016
24.653047243348137,49.306094486696274
5.373620405735291,10.747240811470583
40.378701937886206,80.75740387577241
41.69520114359998,83.39040228719996
42.75936756121583,85.51873512243166
79.47791048425185,158.9558209685037
97.95374073404912,195.90748146809824
65.76269206435455,131.5253841287091
35.52610576114332,71.05221152228664
14.795847446793964,29.591694893587928
29.978279546285826,59.95655909257165
35.408897490575576,70.81779498115115
19.64487803168524,39.28975606337048
46.62159536453273,93.24319072906546
0.4870560116459255,0.974112023291851
27.334874110640005,54.66974822128001
91.53342157478274,183.06684314956547
84.9578227980438,169.9156455960876
17.956183122394254,35.91236624478851
72.04360995556468,144.08721991112935
89.1821325766951,178.3642651533902
26.47314362722968,52.94628725445936
77.90507828167527,155.81015656335055
96.92224001652181,193.84448003304362
63.6970538024352,127.3941076048704
21.621547078628232,43.243094157256465
15.234137916920776,30.468275833841552
89.66253372106485,179.3250674421297
95.3294308411121,190.6588616822242
81.11864903238272,162.23729806476544
32.84643992307284,65.69287984614569
19.48775709227001,38.97551418454002
65.61862660136555,131.2372532027311
62.02580336780037,124.05160673560074
9.448068888187855,18.89613777637571
6.975719428321792,13.951438856643584
60.63855721456676,121.27711442913352
43.031708398611855,86.06341679722371
38.35983061869817,76.71966123739634
70.58611165675097,141.17222331350195
17.40494193865113,34.80988387730226
48.56681846253914,97.13363692507828
19.734355023838013,39.468710047676026
57.11426976053998,114.22853952107997
85.13070420616101,170.26140841232203
60.567100419860154,121.13420083972031
13.288211079995794,26.576422159991587
5.177328034058181,10.354656068116363
79.054012352646,158.108024705292
69.01107616020006,138.02215232040012
68.1902702288331,136.3805404576662
93.09647274761322,186.19294549522644
98.19505416256476,196.39010832512952
56.12335394214825,112.2467078842965
51.41062472508793,102.82124945017586
70.16094492420861,140.32188984841721
38.71062485693217,77.42124971386434
98.4753300276278,196.9506600552556
38.05062142379835,76.1012428475967
61.11385398996101,122.22770797992202
65.05886835723234,130.11773671446468
64.57096369347872,129.14192738695743
62.66949242596125,125.3389848519225
38.00865856730884,76.01731713461768
64.39662144133428,128.79324288266855
29.274525671224637,58.549051342449275
11.310110671226948,22.620221342453895
2.9120947643571538,5.8241895287143075
18.386142845400688,36.772285690801375
2.613220157809293,5.226440315618586
12.33058763257332,24.66117526514664
42.54434338028966,85.08868676057932
66.26407217301954,132.52814434603908
69.61998150183685,139.2399630036737
74.81373297517452,149.62746595034903
87.73907048666075,175.4781409733215
77.86402932234773,155.72805864469547
35.21190874407644,70.42381748815288
50.01530861769159,100.03061723538318
10.292946878373044,20.58589375674609
63.1186308238004,126.2372616476008
84.77006316668651,169.54012633337302
60.00552840430987,120.01105680861974
35.50309404258291,71.00618808516582
91.06655098495352,182.13310196990705
11.685213324267885,23.37042664853577
78.74121528466604,157.48243056933208
70.18965830381497,140.37931660762993
27.223384457915444,54.44676891583089
9.651197505978038,19.302395011956076
38.48091623591393,76.96183247182786
77.67606365960933,155.35212731921865
46.543137348341666,93.08627469668333
90.12862330674444,180.2572466134889
77.1638700277763,154.3277400555526
59.74821063452035,119.4964212690407
27.216769523645013,54.433539047290026
32.113976064678376,64.22795212935675
58.12158941820732,116.24317883641464
62.33517321044455,124.6703464208891
24.334862975374804,48.66972595074961
47.81071565284785,95.6214313056957
97.40796431924844,194.81592863849687
17.65004436226485,35.3000887245297
87.72191316307791,175.44382632615583
2.3142179857619127,4.6284359715238255
94.8466535137762,189.6933070275524
48.7669959236557,97.5339918473114
28.836862157113707,57.673724314227414
82.5808432120136,165.1616864240272
35.70965473887383,71.41930947774766
25.427595852609187,50.855191705218374
72.24976748411791,144.49953496823582
72.18593173787765,144.3718634757553
98.73892802522874,197.4778560504575
20.481816997191903,40.963633994383805
7.363601690018184,14.727203380036368
60.05200554885543,120.10401109771087
53.120979937519266,106.24195987503853
67.38269402319801,134.76538804639603
76.8097621531605,153.619524306321
45.97817522793813,91.95635045587626
1.7189534300893206,3.437906860178641
51.81381702630804,103.62763405261607
80.42997332885503,160.85994665771005
63.481368811181596,126.96273762236319
57.52798922334462,115.05597844668924
69.53351904719185,139.0670380943837
44.703356625027105,89.40671325005421
95.30340837315886,190.60681674631772
26.255012627114393,52.510025254228786
70.29049222866627,140.58098445733253
99.00686653986418,198.01373307972835
68.60372093541008,137.20744187082016
41.98706132720558,83.97412265441116
27.307779832117173,54.61555966423435
44.1272705794521,88.2545411589042
36.61562403120785,73.2312480624157
23.0889521684697,46.1779043369394
11.977185117100952,23.954370234201903
70.81674603934441,141.63349207868882
55.33959173992628,110.67918347985255
63.87507293551858,127.75014587103716
20.808177070748712,41.616354141497425
41.09494753862965,82.1898950772593
93.0388823626815,186.077764725363
95.28269541530676,190.56539083061352
59.806414662936305,119.61282932587261
53.04095105238401,106.08190210476802
25.438462686590093,50.876925373180185
65.450348460401,130.900696920802
15.23496779905068,30.46993559810136
39.783384323311225,79.56676864662245
36.893654714727205,73.78730942945441
25.203854940633995,50.40770988126799
14.046882212788159,28.093764425576317
35.62978547014711,71.25957094029422
87.89078661053033,175.78157322106065
94.29371446607624,188.58742893215248
95.66503727783183,191.33007455566366
31.569345846433762,63.138691692867525
92.010897617771,184.021795235542
71.29781744480768,142.59563488961535
41.36222551859214,82.72445103718428
43.02252156743796,86.04504313487593
90.16066726607008,180.32133453214016
36.505965544548125,73.01193108909625
49.28436464746632,98.56872929493264
12.950164250892737,25.900328501785474
48.81770612873083,97.63541225746167
38.96954759050527,77.93909518101054
79.57566124309396,159.15132248618792
49.001612495846025,98.00322499169205
68.65609968852831,137.31219937705663
26.02612879115839,52.05225758231678
11.922789187710325,23.84557837542065
9.29601551969822,18.59203103939644
72.31496322094382,144.62992644188765
57.496362994387496,114.99272598877499
26.38185200566687,52.76370401133374
6.913779185468538,13.827558370937076
85.27312402858573,170.54624805717145
84.530118645425,169.06023729085
19.26693301199952,38.53386602399904
93.34229314534007,186.68458629068013
22.35730350587618,44.71460701175236
81.06974567576509,162.13949135153018
64.28803038446702,128.57606076893404
64.00970667751999,128.01941335503997
34.98738139282944,69.97476278565888
36.31218210232505,72.6243642046501
20.35966587104091,40.71933174208182
35.06986898994292,70.13973797988584
83.40554795972236,166.8110959194447
38.358041256169415,76.71608251233883
70.62379026211934,141.24758052423869
34.42555536856441,68.85111073712882
74.19432620355289,148.38865240710578
66.66851828805125,133.3370365761025
2.873184295483866,5.746368590967732
83.18695825871022,166.37391651742044
21.813203365263114,43.62640673052623
36.41596580313906,72.83193160627812
94.45957586615049,188.91915173230097
20.52245688855887,41.04491377711774
41.08211701926464,82.16423403852929
55.81431593253654,111.62863186507307
57.628128042483674,115.25625608496735
65.5518047748924,131.1036095497848
68.49643706008249,136.99287412016497
43.82948769895291,87.65897539790582
84.52145523477081,169.04291046954162
90.02772742302642,180.05545484605284
76.75668570633296,153.51337141266592
75.0321883080735,150.064376616147
50.076643251925866,100.15328650385173
7.81251384839341,15.62502769678682
14.876989888537818,29.753979777075635
50.615151908383396,101.23030381676679
61.95064423652394,123.90128847304788
13.158310337800394,26.316620675600788
16.04972891176615,32.0994578235323
16.47266175470623,32.94532350941246
84.89745744996284,169.7949148999257
40.656523595505746,81.31304719101149
96.41769852874128,192.83539705748257
98.9920022989493,197.9840045978986
79.26745484369582,158.53490968739163
33.72920665952983,67.45841331905966
82.78858134185042,165.57716268370083
41.2669392245332,82.5338784490664
73.81935604456432,147.63871208912863
25.74385802128768,51.48771604257536
4.994614986409552,9.989229972819103
45.01760745263875,90.0352149052775
52.29809194507329,104.59618389014658
82.06085338231539,164.12170676463077
61.147587293001884,122.29517458600377
11.761813917383645,23.52362783476729
49.0885655674403,98.1771311348806
37.52938996342525,75.0587799268505
25.031760387784587,50.063520775569174
51.40827723107161,102.81655446214322
16.801646090942967,33.603292181885934
65.02085512571647,130.04171025143293
76.35908121728957,152.71816243457914
13.418173870809602,26.836347741619203
9.14036813519129,18.28073627038258
75.69694095867662,151.39388191735324
70.55531569665004,141.11063139330008
3.04134077105892,6.08268154211784
95.72245729625021,191.44491459250042
72.83112487438824,145.66224974877647
86.18401349514541,172.36802699029082
46.78531359837448,93.57062719674896
62.91412730818199,125.82825461636398
5.19957681276233,10.39915362552466
16.7483156619622,33.4966313239244
78.70237258694006,157.40474517388012
99.44395280912748,198.88790561825496
94.97329362806914,189.9465872561383
45.830747144896655,91.66149428979331
